﻿Interne-ID;Function-Head;Funktion-Hit;Head;ID-Head;ID-NZZ;ID-Token;Meta-Kopf;sentence;Oberkategorie;Unterkategorie;Status;Kommentar;externe Funktion;prozess;pFREQ;AuW;pure;agent;method;degree;proposition;KONJ;FRAME;SADV;extern;KAUS;TEMP;FREQ;BU;LOC;intern;INST;KOM;SH;iLOC
1;VVIZU;ADJD;aufladen;18;NZZ_1998_01_03_a36_seg2_s39;17;Full|zu;Die Nachführung der Verfassung zum Anlass staatlicher oder gesellschaftlicher Neuorientierungen zu machen und sie auf Parlamentsebene politisch aufzuladen wäre töricht .;prozess;methodenorientiert;done;;frei;+;nd;+;nd;nd;+;nd;nd;nd;nd;nd;nd;nd;nd;nd;nd;nd;nd;nd;nd;nd;nd
2;VVINF;ADJD;bekennen;20;NZZ_1993_08_07_a12_seg8_s3;18;Full|-2;Danach dürfte die Koalition an ihrem Programm feilen , denn früher oder später wird die neue Regierung politisch Farbe bekennen müssen .;prozess;methodenorientiert;done;ambig F/M;frei;+;nd;+;nd;nd;+;nd;nd;nd;nd;nd;nd;nd;nd;nd;nd;nd;nd;nd;nd;nd;nd
3;VVIZU;ADJD;ausnutzen;27;NZZ_1994_12_23_a6_seg6_s8;26;Full|zu;Die wichtigste spanische Oppositionspartei , der konservative Partido Popular ( PP ) , hat den überraschend wieder aktuell gewordenen « Fall GAL » bisher nicht politisch auszunutzen versucht .;prozess;methodenorientiert;done;Stellung;frei;+;nd;+;nd;nd;+;nd;nd;nd;nd;nd;nd;nd;nd;nd;nd;nd;nd;nd;nd;nd;nd
4;VVPP;ADJD;kaltstellen;32;NZZ_1998_06_08_a178_seg5_s8;31;Full|Psp;In der Biographie wird auch erwähnt , dass Sarabhai , die Jawaharlal Nehru ein Leben lang tief verehrt hat , von ihm in den fünfziger Jahren unter Hausarrest und damit politisch kaltgestellt wurde , weil sie im Kaschmir-Konflikt die falsche , nämlich die muslimische Seite unterstützt hatte .;proposition;Frameadverbial;done;;frei;nd;nd;nd;nd;nd;nd;nd;+;nd;+;nd;nd;nd;nd;nd;nd;nd;nd;nd;nd;nd;nd
5;VVFIN;ADJD;fühlen;2;NZZ_1997_03_11_a65_seg2_s5;4;Full|3|Sg|Pres|Subj;Er fühle sich politisch unterdrückt , gab er laut dem Geschäftsführer der Fluglinie an .;proposition;Frameadverbial;done;ambig F/M;frei;nd;nd;nd;nd;nd;nd;nd;+;nd;+;nd;nd;nd;nd;nd;nd;nd;nd;nd;nd;nd;nd
6;VVFIN;ADJD;engagieren;5;NZZ_1999_10_19_a147_seg25_s2;4;Full|3|Pl|Pres|Ind;Warum sich Junge politisch engagieren .;prozess;methodenorientiert;done;;frei;+;nd;+;nd;nd;+;nd;nd;nd;nd;nd;nd;nd;nd;nd;nd;nd;nd;nd;nd;nd;nd
7;VVPP;ADJD;motivieren;24;NZZ_1998_11_28_a11_seg5_s2;23;Full|Psp;Nach dem Gespräch teilte Cook mit , er habe Insulza versichert , dass weder die Festnahme Pinochets noch die daraus erfolgten Entscheidungen politisch motiviert gewesen seien .;nd;nd;not of interest;ModPräd;;nd;nd;nd;nd;nd;nd;nd;nd;nd;nd;nd;nd;nd;nd;nd;nd;nd;nd;nd;nd;nd;nd
8;VVPP;ADJD;verpflichten;8;NZZ_1993_12_30_a48_seg8_s10;6;Full|Psp;Dazu hat sich die Landesregierung politisch bereits verpflichtet .;proposition;Frameadverbial;done;;frei;nd;nd;nd;nd;nd;nd;nd;+;nd;+;nd;nd;nd;nd;nd;nd;nd;nd;nd;nd;nd;nd
9;VVIZU;ADJD;einstehen;15;NZZ_1999_04_29_a181_seg8_s2;13;Full|zu;Fritschi ermunterte seine Fliegerkollegen , für die Sache der Leichtfliegerei , auch politisch , einzustehen und sich durch Anfechtungen nicht aus der Ruhe bringen zu lassen .;prozess;methodenorientiert;done;;frei;+;nd;+;nd;nd;+;nd;nd;nd;nd;nd;nd;nd;nd;nd;nd;nd;nd;nd;nd;nd;nd
10;VVFIN;ADJD;verhalten;2;NZZ_1998_05_09_a31_seg13_s34;8;Full|3|Pl|Past|Ind;Wie verhielten sich die palästinensischen Araber Israels politisch ?;proposition;Frameadverbial;done;;frei;nd;nd;nd;nd;nd;nd;nd;+;nd;+;nd;nd;nd;nd;nd;nd;nd;nd;nd;nd;nd;nd
11;VVFIN;ADJD;engagieren;4;NZZ_1999_02_10_a39_seg5_s14;8;Full|3|Sg|Pres|Ind;Die schweizerische Entwicklungsorganisation engagiert sich aber auch politisch , indem sie gegen die Patentierung von Pflanzen und Tieren , für Massnahmen gegen subventionierte Agrarimporte und wegen der globalen Klimagefahren für die Energie- und Umweltinitiativen eintritt .;prozess;methodenorientiert;done;;frei;+;nd;+;nd;nd;+;nd;nd;nd;nd;nd;nd;nd;nd;nd;nd;nd;nd;nd;nd;nd;nd
12;VVINF;ADJD;stellen;21;NZZ_1994_11_26_a9_seg8_s11;10;Full|-2;Die Grünen sprechen von einer Bauchlandung und wollen sich politisch an die Spitze des Widerstandes gegen den « Sozialabbau » stellen .;proposition;Frameadverbial;done;;frei;nd;nd;nd;nd;nd;nd;nd;+;nd;+;nd;nd;nd;nd;nd;nd;nd;nd;nd;nd;nd;nd
13;VMFIN;ADJD;können;30;NZZ_1995_04_28_a173_seg2_s28;27;Mod|-2;Die Meinungsführer hätten es jetzt in der Hand , deutlich zu zeigen , dass sie auf Grund ihrer Kenntnisse der internationalen Zusammenhänge das Abseitsstehen der Schweiz politisch nicht verantworten können .;proposition;Frameadverbial;done;Stellung;frei;nd;nd;nd;nd;nd;nd;nd;+;nd;+;nd;nd;nd;nd;nd;nd;nd;nd;nd;nd;nd;nd
14;VMFIN;ADJD;müssen;25;NZZ_1998_11_24_a47_seg5_s6;21;Mod|3|Sg|Pres|Ind;Stehen nun , wie dies in der Schweiz möglich ist und geschehen ist , auf Grund von Volksinitiativen ganze Forschungszweige politisch zur Disposition , muss diese Ausgangslage in einer Weise kommunikativ bewältigt werden , die sowohl das Funktionieren der direkten Demokratie als auch den Fortbestand der Forschung im Lande sichert .;proposition;Frameadverbial;done;;frei;nd;nd;nd;nd;nd;nd;nd;+;nd;+;nd;nd;nd;nd;nd;nd;nd;nd;nd;nd;nd;nd
15;VVINF;ADJD;anecken;7;NZZ_1996_08_20_a104_seg3_s18;6;Full|-2;Ausgesiebt scheint , wer eventuell politisch anecken könnte wie Ian Hamilton Finlay .;prozess;methodenorientiert;done;;frei;+;nd;+;nd;nd;+;nd;nd;nd;nd;nd;nd;nd;nd;nd;nd;nd;nd;nd;nd;nd;nd
16;VVPP;ADJD;verstehen;5;NZZ_1994_01_12_a35_seg3_s4;4;Full|Psp;Herkömmlicherweise wird es politisch verstanden .;prozess;methodenorientiert;done;;frei;+;nd;+;nd;nd;+;nd;nd;nd;nd;nd;nd;nd;nd;nd;nd;nd;nd;nd;nd;nd;nd
17;VVPP;ADJD;motivieren;7;NZZ_1998_12_12_a181_seg16_s6;6;Full|Psp;Die Aktion von Scherr ist politisch motiviert .;nd;nd;not of interest;ModPräd;;nd;nd;nd;nd;nd;nd;nd;nd;nd;nd;nd;nd;nd;nd;nd;nd;nd;nd;nd;nd;nd;nd
18;VVINF;ADJD;machen;18;NZZ_1998_03_17_a72_seg3_s13;15;Full|-2;Dafür wird es vielmehr jene eher seltene Gabe brauchen , das ökonomisch Nötige auch politisch möglich zu machen .;prozess;methodenorientiert;done;ambig F/M;;+;nd;+;nd;nd;+;nd;nd;nd;nd;nd;nd;nd;nd;nd;nd;nd;nd;nd;nd;nd;nd
19;VVFIN;ADJD;bewerten;3;NZZ_1999_04_06_a50_seg6_s11;9;Full|3|Sg|Past|Ind;Der Referent bewertete einen EU-Beitritt der Schweiz auch politisch als sinnvoll , denn die Möglichkeit , die Vorteile enger internationaler Zusammenarbeit über bilaterale Verträge auszunutzen , sei zunehmend ausgereizt .;proposition;Frameadverbial;done;;frei;nd;nd;nd;nd;nd;nd;nd;+;nd;+;nd;nd;nd;nd;nd;nd;nd;nd;nd;nd;nd;nd
20;VVPP;ADJD;motivieren;12;NZZ_1998_01_14_a5_seg6_s1;11;Full|Psp;Die türkische Regierung hält einen Hungerstreik von Gefangenen für rein politisch motiviert und will ihn deshalb ignorieren .;nd;nd;not of interest;ModPräd;;nd;nd;nd;nd;nd;nd;nd;nd;nd;nd;nd;nd;nd;nd;nd;nd;nd;nd;nd;nd;nd;nd
21;VVFIN;ADJD;gehören;13;NZZ_1996_05_04_a199_seg3_s2;14;Full|3|Sg|Pres|Ind;Die von 221 Stimmbürgern besuchte Gemeindeversammlung der Oberstufenschulgemeinde Niederhasli/Niederglatt/Hofstetten ( letztere Ortschaft gehört politisch zu Oberglatt ) hat sich nach kurzer Diskussion mit 134 gegen 75 Stimmen für die definitive Einführung der Fünftagewoche ab dem Schuljahr 1996/97 ausgesprochen .;proposition;Frameadverbial;done;;frei;nd;nd;nd;nd;nd;nd;nd;+;nd;+;nd;nd;nd;nd;nd;nd;nd;nd;nd;nd;nd;nd
22;VVFIN;ADJD;fühlen;2;NZZ_1997_06_18_a41_seg7_s8;4;Full|3|Sg|Pres|Ind;Sie fühlt sich politisch kaum verpflichtet , zum Gelingen beizutragen , obwohl gerade diese Partei die bilateralen Verhandlungen als Gegenstrategie zum EWR-Beitritt vertreten hatte .;prozess;methodenorientiert;done;ambig F/M;frei;+;nd;+;nd;nd;+;nd;nd;nd;nd;nd;nd;nd;nd;nd;nd;nd;nd;nd;nd;nd;nd
23;VVPP;ADJD;sichern;11;NZZ_1996_03_13_a73_seg8_s4;7;Full|Psp;Selbst der Abbau des Solidaritätszuschlages sei politisch alles andere als gesichert .;proposition;Frameadverbial;done;;frei;nd;nd;nd;nd;nd;nd;nd;+;nd;+;nd;nd;nd;nd;nd;nd;nd;nd;nd;nd;nd;nd
24;VVIZU;ADJD;einsetzen;28;NZZ_1995_07_05_a12_seg4_s1;27;Full|zu;dk. Wien , 4. Juli Auf Antrag der Freiheitlichen Jörg Haiders , der einmal mehr die Bedürfnisse und Ängste der Bevölkerung sofort erkennt und natürlich auch politisch einzusetzen versteht , wird sich der Nationalrat in Wien , kurz vor Beginn der Sommerpause , mit der Frage der inneren Sicherheit befassen .;prozess;methodenorientiert;done;;frei;+;nd;+;nd;nd;+;nd;nd;nd;nd;nd;nd;nd;nd;nd;nd;nd;nd;nd;nd;nd;nd
25;VVINF;ADJD;fassen;20;NZZ_1995_07_25_a19_seg6_s3;16;Full|-2;Gleichzeitig hofft Paris , dank Hassan auch im Nahen Osten und namentlich in der Palästina-Politik politisch wieder besser Fuss fassen zu können .;prozess;methodenorientiert;done;ambig F/M;frei;+;nd;+;nd;nd;+;nd;nd;nd;nd;nd;nd;nd;nd;nd;nd;nd;nd;nd;nd;nd;nd
26;VVPP;ADJD;lähmen;14;NZZ_1995_06_26_a1_seg5_s2;13;Full|Psp;"Kurz deshalb , weil Paris während gut zweier Monate durch die Präsidentenwahl politisch gelähmt war ; mager , weil nach sechs Monaten an konkreten Ergebnissen wenig vorliegt .";nd;nd;not of interest;ModPräd;;nd;nd;nd;nd;nd;nd;nd;nd;nd;nd;nd;nd;nd;nd;nd;nd;nd;nd;nd;nd;nd;nd
27;VVPP;ADJD;tragen;17;NZZ_1997_04_09_a26_seg8_s6;15;Full|Psp;Diese Kreise verlangen , dass den an der wirtschaftlichen Front erzielten Fortschritten nun auch politisch Rechnung getragen wird .;prozess;methodenorientiert;done;ambig F/M;frei;+;nd;+;nd;nd;+;nd;nd;nd;nd;nd;nd;nd;nd;nd;nd;nd;nd;nd;nd;nd;nd
28;VVFIN;ADJD;spielen;23;NZZ_1995_08_17_a21_seg10_s5;18;Full|3|Pl|Pres|Ind;Kroatien verwandelt sich also ebenfalls immer mehr in einen ethnisch reinen Nationalstaat , in dem die Minderheiten politisch kaum mehr eine Rolle spielen .;proposition;Frameadverbial;done;Stellung;frei;nd;nd;nd;nd;nd;nd;nd;+;nd;+;nd;nd;nd;nd;nd;nd;nd;nd;nd;nd;nd;nd
29;VVPP;ADJD;treten;9;NZZ_1999_05_20_a209_seg3_s1;5;Full|Psp;Dass André Odermatt bisher politisch wenig in Erscheinung getreten ist , hängt mit seiner « Blitzkarriere » zusammen .;prozess;methodenorientiert;done;ambig F/M;frei;+;nd;+;nd;nd;+;nd;nd;nd;nd;nd;nd;nd;nd;nd;nd;nd;nd;nd;nd;nd;nd
30;VVINF;ADJD;führen;33;NZZ_1995_11_20_a127_seg4_s5;23;Full|-2;An der Jahresbilanzkonferenz in Frankfurt deutete der ATP-Chairman , der Amerikaner Mark Miles , versteckt an , seine Organisation werde in Zukunft politisch eine autoritärere Regie im Hinblick auf einen schlankeren Circuit führen .;prozess;methodenorientiert;done;Stellung;frei;+;nd;+;nd;nd;+;nd;nd;nd;nd;nd;nd;nd;nd;nd;nd;nd;nd;nd;nd;nd;nd
31;VVFIN;ADJD;fassen;41;NZZ_1996_05_18_a123_seg3_s7;40;Full|3|Sg|Past|Ind;Über Walter Muschg und die schweizerische Germanistik der Kriegs- und Nachkriegszeit schreibt Karl Pestalozzi und macht - eher beiläufig - darauf aufmerksam , dass Emil Ermatinger mit seinen Arbeiten , in denen er die Eigenständigkeit der schweizerischen Literatur auch politisch fasste , « geistige Landesverteidigung » avant la lettre betrieb .;proposition;Frameadverbial;done;;frei;nd;nd;nd;nd;nd;nd;nd;+;nd;+;nd;nd;nd;nd;nd;nd;nd;nd;nd;nd;nd;nd
32;VVFIN;ADJD;stehen;5;NZZ_1999_05_15_a207_seg8_s1;16;Full|3|Sg|Pres|Ind;Von den beiden Initiativen steht die erste , die auf das kantonale Initiativrecht zielt , politisch im Vordergrund .;proposition;Frameadverbial;done;;frei;nd;nd;nd;nd;nd;nd;nd;+;nd;+;nd;nd;nd;nd;nd;nd;nd;nd;nd;nd;nd;nd
33;VVPP;ADJD;kontrollieren;32;NZZ_1999_07_17_a113_seg20_s3;31;Full|Psp;Sollte der Unterzeichnung von Menschenrechtsabkommen doch nicht ausgewichen werden können lassen sich internationale Verpflichtungen durch die spezifische Ausgestaltung und Interpretation nationaler Gesetze unterlaufen , zumal die nationale Judikative politisch kontrolliert wird .;prozess;methodenorientiert;done;ambig F/M;frei;+;nd;+;nd;nd;+;nd;nd;nd;nd;nd;nd;nd;nd;nd;nd;nd;nd;nd;nd;nd;nd
34;VMFIN;ADJD;dürfen;7;NZZ_1997_06_07_a237_seg5_s6;6;Mod|3|Sg|Past|Subj;Gerade auch ( wissenschafts ) politisch dürfte die Untersuchung ausschliesslich männlich besetzter Räume , Symbole , Institutionen und ihrer Selbsterhaltungsmechanismen « qua Geschlecht » äusserst aufschlussreich sein .;nd;nd;not of interest;ModPräd;;nd;nd;nd;nd;nd;nd;nd;nd;nd;nd;nd;nd;nd;nd;nd;nd;nd;nd;nd;nd;nd;nd
35;VVINF;ADJD;verlieren;22;NZZ_1997_05_26_a24_seg2_s5;18;Full|3|Pl|Pres|Ind;Eine Trendwende scheint nicht in Sicht , zumal grüne Themen wie der Umweltschutz in Zeiten wirtschaftlicher Schwierigkeiten politisch weiter an Terrain verlieren und bei der Wählerschaft längst nicht mehr jenen Stellenwert geniessen wie noch in den Boomzeiten der achtziger Jahre .;proposition;Frameadverbial;done;;frei;nd;nd;nd;nd;nd;nd;nd;+;nd;+;nd;nd;nd;nd;nd;nd;nd;nd;nd;nd;nd;nd
36;VVPP;ADJD;entmachten;12;NZZ_1994_01_03_a25_seg8_s10;11;Full|Psp;Kurz vor der geplanten Unterzeichnung wurde Eltschibei durch einen Putsch politisch entmachtet .;prozess;methodenorientiert;done;ambig F/M;frei;+;nd;+;nd;nd;+;nd;nd;nd;nd;nd;nd;nd;nd;nd;nd;nd;nd;nd;nd;nd;nd
37;VVFIN;ADJD;stehen;28;NZZ_1997_01_25_a24_seg13_s7;27;Full|3|Sg|Past|Ind;Hinzu kam als Katalysator des Sinneswandels im August der erfolgreiche Sturm der Separatisten auf Grosny , der überdeutlich machte , vor welchem Scherbenhaufen Moskau militärisch und politisch stand und heute noch steht : Der Status Tschetscheniens innerhalb der Russischen Föderation ist nach wie vor offen , die Republik ist weiterhin ein Brennpunkt der Kriminalität , der nach ganz Russland ausstrahlt .;proposition;Frameadverbial;done;;frei;nd;nd;nd;nd;nd;nd;nd;+;nd;+;nd;nd;nd;nd;nd;nd;nd;nd;nd;nd;nd;nd
38;VVPP;ADJD;führen;17;NZZ_1999_10_07_a232_seg5_s72;14;Full|Psp;Sie meinen , dass die Diskussion um die Strahlung von Mobilfunkmasten zurzeit mehr politisch als wissenschaftlich geführt wird ?;prozess;methodenorientiert;done;;frei;+;nd;+;nd;nd;+;nd;nd;nd;nd;nd;nd;nd;nd;nd;nd;nd;nd;nd;nd;nd;nd
39;VVFIN;ADJD;stehen;24;NZZ_1997_09_27_a30_seg1_s47;26;Full|3|Sg|Pres|Ind;Die massvolle und im Hinblick auf die Zukunft durchaus erwünschte Förderung der erneuerbaren Energien - seit der Annahme des Energieartikels ein Verfassungsauftrag - steht dabei politisch gegen mögliche Folgen der Marktöffnung und gegen die Notwendigkeit , in einem wirtschaftlich schwierig gewordenen Umfeld den energieintensiven Industriezweigen keine irreparablen Schäden zuzufügen .;prozess;methodenorientiert;done;;frei;+;nd;+;nd;nd;+;nd;nd;nd;nd;nd;nd;nd;nd;nd;nd;nd;nd;nd;nd;nd;nd
40;VVPP;ADJD;wahrnehmen;26;NZZ_1994_03_12_a129_seg11_s12;25;Full|Psp;Es sind die Toten , deren hier gedacht wird und die als Tote ihre Ideologisierung verhindern , wie auch immer sie kraft der Denkmalsbotschaft politisch wahrgenommen oder vereinnahmt werden sollten .;prozess;methodenorientiert;done;;frei;+;nd;+;nd;nd;+;nd;nd;nd;nd;nd;nd;nd;nd;nd;nd;nd;nd;nd;nd;nd;nd
41;VVINF;ADJD;sichern;17;NZZ_1995_09_05_a78_seg21_s4;15;Full|-2;Ehrlichkeit in Verbindung mit massvollen Anpassungshilfen dürften am ehesten helfen , die nötigen Standortverbesserungen politisch zu sichern .;prozess;methodenorientiert;done;;frei;+;nd;+;nd;nd;+;nd;nd;nd;nd;nd;nd;nd;nd;nd;nd;nd;nd;nd;nd;nd;nd
42;VVFIN;ADJD;bewegen;18;NZZ_1996_09_21_a17_seg1_s2;13;Full|3|Sg|Pres|Ind;Das geheimnisumwitterte Regime , das sich sowohl wirtschaftlich als auch sozial und politisch am Rande bedrohlicher Abgründe bewegt , liess sich in letzter Zeit verstärkt zu Drohgebärden hinreissen .;proposition;Frameadverbial;done;;frei;nd;nd;nd;nd;nd;nd;nd;+;nd;+;nd;nd;nd;nd;nd;nd;nd;nd;nd;nd;nd;nd
43;VVIZU;ADJD;zusammenarbeiten;24;NZZ_1996_06_08_a238_seg7_s1;23;Full|zu;Im Vertrag von Rapallo , wenige Jahre nach Beendigung des Ersten Weltkriegs abgeschlossen , vereinbarten die einstigen Gegner Russland und Deutschland , politisch zusammenzuarbeiten .;prozess;methodenorientiert;done;;frei;+;nd;+;nd;nd;+;nd;nd;nd;nd;nd;nd;nd;nd;nd;nd;nd;nd;nd;nd;nd;nd
44;VVINF;ADJD;machen;28;NZZ_1996_06_07_a45_seg9_s4;25;Full|-2;Im Verlauf des Morgens wurde über die verschiedenen vom Bundesrat skizzierten Aufgabengebiete referiert , und die Landesregierung nahm zur Kenntnis , wo der Nationalrat politisch besonders Druck machen möchte : bei der aussenpolitischen Aufklärung , bei der Förderung und Entlastung der kleinen und mittleren Unternehmen , bei der Beschäftigungspolitik , bei der interregionalen , interkantonalen und grenzüberschreitenden Zusammenarbeit , bei der Berufsbildung und bei der Finanzierung der AHV .;proposition;Frameadverbial;done;;frei;nd;nd;nd;nd;nd;nd;nd;+;nd;+;nd;nd;nd;nd;nd;nd;nd;nd;nd;nd;nd;nd
45;VVINF;ADJD;kommen;64;NZZ_1998_03_20_a232_seg2_s6;59;Full|-2;Statt dem Leser diese Hintergrundinformationen zu liefern , damit er sich inmitten des emotionalisierten Wahlkampfes in Deutschland ein fundiertes Sachurteil bilden kann , jubelt der Deutschlandkorrespondent darüber , dass nunmehr die Kohl-Regierung , die verantwortlich für die katastrophale Situation auf dem Arbeitsmarkt ist , durch diesen angeblich unsinnigen Beschluss der Grünen nach der Schlappe der Wahlen in Niedersachsen politisch wieder in die Offensive kommen könnte .;proposition;Frameadverbial;done;;frei;nd;nd;nd;nd;nd;nd;nd;+;nd;+;nd;nd;nd;nd;nd;nd;nd;nd;nd;nd;nd;nd
46;VVIZU;ADJD;ausnützen;14;NZZ_1998_09_25_a14_seg7_s8;13;Full|zu;Im Weissen Haus hat man sich umgehend daran gemacht , diese Haltung politisch auszunützen .;prozess;methodenorientiert;done;ambig F/M;frei;+;nd;+;nd;nd;+;nd;nd;nd;nd;nd;nd;nd;nd;nd;nd;nd;nd;nd;nd;nd;nd
47;VVINF;ADJD;engagieren;23;NZZ_1996_01_04_a32_seg3_s6;21;Full|-2;Die umstrittene Tessiner Grossrätin hatte im November bei der Eröffnung der Herbstsession des Grossen Rats ihre Absicht bekundet , sich politisch zu engagieren .;prozess;methodenorientiert;done;;frei;+;nd;+;nd;nd;+;nd;nd;nd;nd;nd;nd;nd;nd;nd;nd;nd;nd;nd;nd;nd;nd
48;VVINF;ADJD;abdriften;23;NZZ_1996_04_03_a17_seg5_s3;18;Full|-2;Befürchtungen der Opposition , das fast völlig von russischen Energielieferungen abhängige Bulgarien könnte unter den Sozialisten auch politisch immer mehr nach Osten abdriften , werden offiziell mit dem Hinweis zerstreut , es gehe Sofia in erster Linie darum , auf dem für Bulgarien wichtigen russischen Markt vermehrt Fuss zu fassen .;proposition;Frameadverbial;done;;frei;nd;nd;nd;nd;nd;nd;nd;+;nd;+;nd;nd;nd;nd;nd;nd;nd;nd;nd;nd;nd;nd
49;VVINF;ADJD;zusammenschließen;24;NZZ_1993_02_12_a51_seg8_s4;17;Full|-2;Die Nachbarn der Schweiz wollen sich nach mehr als 1100 Jahren Krieg wirtschaftlich und später einmal politisch für Frieden und Wohlstand in Europa zusammenschliessen .;proposition;Frameadverbial;done;;frei;nd;nd;nd;nd;nd;nd;nd;+;nd;+;nd;nd;nd;nd;nd;nd;nd;nd;nd;nd;nd;nd
50;VVFIN;ADJD;entspannen;11;NZZ_1998_03_18_a18_seg1_s9;10;Full|3|Sg|Pres|Subj;Dieser Wechsel beflügelt die Erwartungen , dass China sich politisch entspanne und wirtschaftlich weiter reformiere .;proposition;Frameadverbial;done;;frei;nd;nd;nd;nd;nd;nd;nd;+;nd;+;nd;nd;nd;nd;nd;nd;nd;nd;nd;nd;nd;nd
51;VVPP;ADJD;verankern;25;NZZ_1996_01_24_a42_seg6_s4;23;Full|Psp;Angesichts der heute häufigen Verkennung der Rolle der Volkszählung als « Strukturerhebung Schweiz » ist es jedoch unerlässlich , dass der Informationsauftrag politisch stärker verankert wird .;proposition;Frameadverbial;done;;frei;nd;nd;nd;nd;nd;nd;nd;+;nd;+;nd;nd;nd;nd;nd;nd;nd;nd;nd;nd;nd;nd
52;VVFIN;ADJD;handeln;9;NZZ_1998_08_22_a228_seg25_s26;11;Full|3|Sg|Pres|Ind;Robert gerät in die Geschichte , aber er handelt nie politisch , er wurstelt sich durch , weil er meist nicht versteht , in was er da geraten ist .;prozess;methodenorientiert;done;;frei;+;nd;+;nd;nd;+;nd;nd;nd;nd;nd;nd;nd;nd;nd;nd;nd;nd;nd;nd;nd;nd
53;VVFIN;ADJD;argumentieren;3;NZZ_1999_06_18_a23_seg29_s7;4;Full|3|Sg|Pres|Ind;Der Doktor argumentiert politisch und wirkt doch unpolitisch .;prozess;methodenorientiert;done;;frei;+;nd;+;nd;nd;+;nd;nd;nd;nd;nd;nd;nd;nd;nd;nd;nd;nd;nd;nd;nd;nd
54;VVIZU;ADJD;durchsetzen;7;NZZ_1998_01_24_a221_seg3_s12;4;Full|zu;Diese Forderung wird politisch allerdings kaum durchzusetzen sein , pochen die Trainer doch darauf , ihren Fahrerinnen jeweils mit spezieller Linienführung einen Vorteil zu verschaffen .;prozess;methodenorientiert;done;ambig F/M;frei;+;nd;+;nd;nd;+;nd;nd;nd;nd;nd;nd;nd;nd;nd;nd;nd;nd;nd;nd;nd;nd
55;VVINF;ADJD;erweisen;17;NZZ_1998_05_05_a41_seg5_s7;14;Full|-2;Ob das Bürgerforum von der Politik überhaupt wahrgenommen werden wird oder sich als politisch völlig wirkungslos erweisen wird - man denke an die Jugendsession - , wird sich weisen .;nd;nd;not of interest;Vergleich;;nd;nd;nd;nd;nd;nd;nd;nd;nd;nd;nd;nd;nd;nd;nd;nd;nd;nd;nd;nd;nd;nd
56;VVPP;ADJD;verfolgen;49;NZZ_1999_03_17_a68_seg3_s7;48;Full|Psp;Nach weiteren Befragungen stellte sich heraus , dass auch die schlechten wirtschaftlichen Verhältnisse in Ägypten einen Grund für den plötzlichen Umzug darstellten , und dann gaben die Stammesältesten - quasi als Zulage - noch an , dass Angehörige der Azazme-Familie in Ägypten wegen ihrer angeblichen Unterstützung Israels politisch verfolgt würden .;prozess;methodenorientiert;done;;frei;+;nd;+;nd;nd;+;nd;nd;nd;nd;nd;nd;nd;nd;nd;nd;nd;nd;nd;nd;nd;nd
57;VAFIN;ADJD;haben;29;NZZ_1998_08_05_a143_seg8_s6;27;Haben|3|Pl|Pres|Ind;Es bleibt im dunkeln , ebenso wie die Antwort auf die Frage , ob sich für dieses Potpourri an Angeboten für jene Interessengruppen , die sich politisch Gehör haben verschaffen können , jemals auch die Nutzer finden werden , die man in einem nationalen Monument erwarten darf .;prozess;methodenorientiert;done;ambig F/M;frei;+;nd;+;nd;nd;+;nd;nd;nd;nd;nd;nd;nd;nd;nd;nd;nd;nd;nd;nd;nd;nd
58;VVFIN;ADJD;stehen;38;NZZ_1995_05_09_a40_seg7_s4;39;Full|3|Sg|Past|Ind;All diese Gesetzeswerke hatten einen dreifachen Hintergrund : Einmal wollten sie den Boom der Landpreise stoppen , dann sollten sie der Überbauung unberührter Gelände vor allem in peripheren Erholungsgebieten Bremsen anlegen , und endlich - dieses Moment stand politisch im Vordergrund - hätte damit der übermässige Verkauf schweizerischer Grundstücke an Ausländer , der sogenannte « Ausverkauf der Heimat » , verhindert werden sollen .;proposition;Frameadverbial;done;;frei;nd;nd;nd;nd;nd;nd;nd;+;nd;+;nd;nd;nd;nd;nd;nd;nd;nd;nd;nd;nd;nd
59;VVINF;ADJD;absichern;29;NZZ_1999_02_09_a224_seg2_s3;28;Full|-2;Es stellt sich nämlich die Frage , warum in einer liberalen Wirtschaftsordnung , wie sie der Vorort immer propagiert , der Staat « nicht amortisierbare » Kraftwerke politisch absichern soll .;prozess;methodenorientiert;done;;frei;+;nd;+;nd;nd;+;nd;nd;nd;nd;nd;nd;nd;nd;nd;nd;nd;nd;nd;nd;nd;nd
60;VVINF;ADJD;umsetzen;19;NZZ_1998_03_02_a116_seg4_s9;17;Full|-2;Für mich wird es sicher interessant sein , nach vielen Jahren im Parlament in meiner Heimatstadt politisch etwas umsetzen zu können .;prozess;methodenorientiert;done;ambig F/M;frei;+;nd;+;nd;nd;+;nd;nd;nd;nd;nd;nd;nd;nd;nd;nd;nd;nd;nd;nd;nd;nd
61;VVIZU;ADJD;eindämmen;3;NZZ_1998_07_25_a34_seg13_s14;2;Full|zu;Sie politisch einzudämmen , sich zugleich jedoch auch militärisch gegen ihre Folgen zu schützen ist nur im Rahmen transatlantischer Zusammenarbeit möglich .;prozess;methodenorientiert;done;ambig F/M;frei;+;nd;+;nd;nd;+;nd;nd;nd;nd;nd;nd;nd;nd;nd;nd;nd;nd;nd;nd;nd;nd
62;VVFIN;ADJD;herrschen;5;NZZ_1995_06_12_a89_seg13_s12;6;Full|3|Sg|Past|Ind;In den siebziger Jahren herrschte politisch der « Als-ob-Status » in Namibia .;proposition;Frameadverbial;done;;frei;nd;nd;nd;nd;nd;nd;nd;+;nd;+;nd;nd;nd;nd;nd;nd;nd;nd;nd;nd;nd;nd
63;VAFIN;ADJD;haben;33;NZZ_1995_09_12_a7_seg8_s4;35;Haben|3|Pl|Pres|Ind;Der Aussenminister wies diese verzerrte Darstellung des äusserst heiklen Staatsbesuchs zurück , leugnete aber nicht , dass die Niederlande wirtschaftlich auf einigen Gebieten ein grösseres Gewicht in die internationale Waagschale zu werfen haben als politisch .;nd;nd;not of interest;Vergleich;;nd;nd;nd;nd;nd;nd;nd;nd;nd;nd;nd;nd;nd;nd;nd;nd;nd;nd;nd;nd;nd;nd
64;VVPP;ADJD;motivieren;6;NZZ_1996_11_28_a192_seg3_s14;5;Full|Psp;Die Transfers waren oft politisch motiviert .;nd;nd;not of interest;ModPräd;;nd;nd;nd;nd;nd;nd;nd;nd;nd;nd;nd;nd;nd;nd;nd;nd;nd;nd;nd;nd;nd;nd
65;VVINF;ADJD;rechtfertigen;19;NZZ_1999_04_24_a41_seg8_s10;17;Full|-2;Während für Maria Luisa Cesoni von der Universität Genf die Repression juristisch nicht begründbar und allein politisch zu rechtfertigen ist , würde nach Ansicht des Vizepräsidenten des Bezirksgerichts Zürich , Gustav Hug- Beeli , eine Konsumfreigabe die gesamte Drogenprävention torpedieren .;prozess;methodenorientiert;done;;frei;+;nd;+;nd;nd;+;nd;nd;nd;nd;nd;nd;nd;nd;nd;nd;nd;nd;nd;nd;nd;nd
66;VVPP;ADJD;spalten;29;NZZ_1996_10_18_a18_seg3_s1;26;Full|Psp;Am Ende des vierten Jahrs ihrer staatlichen Selbständigkeit erscheint die Slowakei als ein Land , das die wirtschaftlichen Herausforderungen bisher unerwartet gut gemeistert hat , politisch jedoch zutiefst gespalten ist .;nd;nd;not of interest;ModPräd;;nd;nd;nd;nd;nd;nd;nd;nd;nd;nd;nd;nd;nd;nd;nd;nd;nd;nd;nd;nd;nd;nd
67;VVFIN;ADJD;gehören|hören;26;NZZ_1998_10_01_a221_seg5_s28;25;Full|Psp;« Die Bewirtschaftung des landwirtschaftlichen Kulturlandes in Quinten ist heute nicht mehr gewährleistet » , stellte der Gemeinderat Quarten ( zu dessen Gebiet Quinten politisch gehört ) schon 1974 fest und erteilte den Auftrag zu einem Gutachten über die landwirtschaftliche Entwicklungsplanung in Quinten .;proposition;Frameadverbial;done;;frei;nd;nd;nd;nd;nd;nd;nd;+;nd;+;nd;nd;nd;nd;nd;nd;nd;nd;nd;nd;nd;nd
68;VVFIN;ADJD;engagieren;5;NZZ_1999_10_19_a146_seg11_s1;4;Full|-2;Warum sich Junge politisch engagieren Vor allem unter den Jungen gibt es einen grossen Anteil von Wahlverweigerern und Politikverdrossenen .;prozess;methodenorientiert;done;ambig F/M;frei;+;nd;+;nd;nd;+;nd;nd;nd;nd;nd;nd;nd;nd;nd;nd;nd;nd;nd;nd;nd;nd
69;VVINF;ADJD;blockieren;27;NZZ_1997_09_27_a61_seg2_s38;25;Full|-2;In einer eher politökonomischen Optik können Entschädigungen für Verlierer von Reformen durchaus sinnvoll sein , wenn die Geschädigten in der Lage sind , Veränderungen politisch zu blockieren , und wenn die Kompensation die einzige Methode ist , den Weg für Reformen freizumachen .;prozess;methodenorientiert;done;ambig F/M;frei;+;nd;+;nd;nd;+;nd;nd;nd;nd;nd;nd;nd;nd;nd;nd;nd;nd;nd;nd;nd;nd
70;VVINF;ADJD;geben;27;NZZ_1996_06_05_a19_seg2_s5;24;Full|-2;Das meiste , was die Aussenminister der Nato an ihrem Treffen in Berlin diskutierten , diente unverhohlen dem Zweck , dieser französischen Neuausrichtung politisch Rückendeckung zu geben und einer institutionellen Stärkung des europäischen Pfeilers in der Allianz die Reverenz zu erweisen .;prozess;methodenorientiert;done;ambig F/M;frei;+;nd;+;nd;nd;+;nd;nd;nd;nd;nd;nd;nd;nd;nd;nd;nd;nd;nd;nd;nd;nd
71;VVINF;ADJD;engagieren;11;NZZ_1997_04_04_a144_seg17_s3;10;Full|-2;Wie alle Künstler in totalitären Staaten musste er sich politisch engagieren , sich mit dem Widerstand gegen die Kommunistische Partei auseinanderzusetzen .;prozess;methodenorientiert;done;;frei;+;nd;+;nd;nd;+;nd;nd;nd;nd;nd;nd;nd;nd;nd;nd;nd;nd;nd;nd;nd;nd
72;VVFIN;ADJD;fordern;4;NZZ_1998_02_27_a81_seg2_s1;5;Full|3|Sg|Pres|Ind;« Wien » fordert politisch bedingte Transitabgaben;nd;nd;not of interest;ModADJ;frei;nd;nd;nd;nd;nd;nd;nd;nd;nd;nd;nd;nd;nd;nd;nd;nd;nd;nd;nd;nd;nd;nd
73;VVINF;ADJD;lesen;16;NZZ_1996_09_20_a136_seg3_s3;14;Full|-2;Denn wenn man überhaupt gewillt ist , das Supergau-Spektakel vom Untergang der Welt politisch zu lesen , dann gibt es nur eine Schlussfolgerung : Die kläglichen Restposten der Menschheit , die den Angriff der allerbösesten Aliens aller bösen Zeiten überleben , werden nur eine Chance haben , wenn sie sich nicht hinter ihren nationalen Bossis zwei- und mehrteilen , sondern hinter einem supranationalen Präsidenten vereinigen .;prozess;methodenorientiert;done;;frei;+;nd;+;nd;nd;+;nd;nd;nd;nd;nd;nd;nd;nd;nd;nd;nd;nd;nd;nd;nd;nd
74;VVIZU;ADJD;wahrnehmen;34;NZZ_1999_11_16_a66_seg1_s13;33;Full|zu;So muss damit gerechnet werden , dass es künftig im WTO-Gebälk noch mehr knirschen wird , zumal aller Voraussicht nach die Machthaber in Peking ihre Rolle im Schosse der WTO vor allem politisch wahrzunehmen gedenken .;prozess;methodenorientiert;done;;frei;+;nd;+;nd;nd;+;nd;nd;nd;nd;nd;nd;nd;nd;nd;nd;nd;nd;nd;nd;nd;nd
75;VVFIN;ADJD;gehören;16;NZZ_1999_04_28_a77_seg4_s3;13;Full|3|Sg|Pres|Ind;Astra und Aurora sind zwei Opernhäuser auf der Mittelmeerinsel Gozo , die politisch zu Malta gehört , 67 Quadratkilometer gross ist und 25 000 Einwohner zählt .;proposition;Frameadverbial;done;;frei;nd;nd;nd;nd;nd;nd;nd;+;nd;+;nd;nd;nd;nd;nd;nd;nd;nd;nd;nd;nd;nd
76;VVINF;ADJD;verankern;20;NZZ_1994_09_03_a20_seg11_s2;17;Full|-2;Hier eine traditionelle Monarchie , dort eine Volksrepublik , hier ein König , der sein Land politisch im Westen verankern will - ohne deswegen auf feudale Vorrechte zu verzichten - , dort Offiziere , die sich lange im Osten den Rückhalt und mit dem Erdöl das Geld verschafften , um als Führer der angeblich Blockfreien aufzutreten : tiefe Gräben , mehr zwischen zwei Regimen als zwei Ländern , die physisch am Mittelmeer nur der anderweitig unspektakuläre Oued Kiss trennt , weiter südlich endlose Wüste , in der bei Millionen von Steinen ungewiss ist , ob sie algerisch oder marokkanisch sind .;proposition;Frameadverbial;done;Stellung;frei;nd;nd;nd;nd;nd;nd;nd;+;nd;+;nd;nd;nd;nd;nd;nd;nd;nd;nd;nd;nd;nd
77;VVINF;ADJD;lösen;22;NZZ_1994_10_08_a16_seg3_s12;20;Full|-2;Die Regierungen der Schweiz und anderer europäischer Staaten werden aufgefordert , Druck auf die Türkei auszuüben , die Kurdenfrage politisch zu lösen .;prozess;methodenorientiert;done;;frei;+;nd;+;nd;nd;+;nd;nd;nd;nd;nd;nd;nd;nd;nd;nd;nd;nd;nd;nd;nd;nd
78;VVPP;ADJD;motivieren;13;NZZ_1999_06_11_a20_seg2_s8;12;Full|Psp;Nach Überzeugung von Angehörigen und Freunden war das Verfahren gegen Fang politisch motiviert .;nd;nd;not of interest;ModPräd;;nd;nd;nd;nd;nd;nd;nd;nd;nd;nd;nd;nd;nd;nd;nd;nd;nd;nd;nd;nd;nd;nd
79;VVINF;ADJD;unterstützen;19;NZZ_1995_06_07_a86_seg11_s6;18;Full|-2;Das Kapital kann bei einem breiteren Publikum gestreut werden , das durch seine Beteiligung die Privatisierung auch politisch unterstützen wird .;prozess;methodenorientiert;done;ambig F/M;frei;+;nd;+;nd;nd;+;nd;nd;nd;nd;nd;nd;nd;nd;nd;nd;nd;nd;nd;nd;nd;nd
80;VMFIN;ADJD;können;3;NZZ_1999_09_08_a41_seg11_s11;4;Mod|3|Sg|Past|Subj;Dem NFA könnte politisch keine gute Prognose gestellt werden .;proposition;Frameadverbial;done;;frei;nd;nd;nd;nd;nd;nd;nd;+;nd;+;nd;nd;nd;nd;nd;nd;nd;nd;nd;nd;nd;nd
81;VVIZU;ADJD;umsetzen;12;NZZ_1997_01_16_a26_seg5_s7;11;Full|zu;Hinweise auf Drohungen und die Möglichkeiten des WJC , diese politisch umzusetzen , fanden sich auch in den Depeschen der in den USA stationierten Schweizer Diplomaten .;proposition;Frameadverbial;done;;frei;nd;nd;nd;nd;nd;nd;nd;+;nd;+;nd;nd;nd;nd;nd;nd;nd;nd;nd;nd;nd;nd
82;VVINF;ADJD;ausschlachten;20;NZZ_1998_11_25_a198_seg7_s1;19;Full|-2;Die Partei , die 1999 in New South Wales an die Macht kommt , wird die Olympischen Spiele politisch ausschlachten .;proposition;Frameadverbial;done;;frei;nd;nd;nd;nd;nd;nd;nd;+;nd;+;nd;nd;nd;nd;nd;nd;nd;nd;nd;nd;nd;nd
83;VVPP;ADJD;binden;18;NZZ_1997_04_11_a77_seg3_s4;15;Full|Psp;Selbst wenn Clarke dieser Einschätzung folgen würde , wären ihm angesichts der bevorstehenden Parlamentswahlen politisch die Hände gebunden .;proposition;Frameadverbial;done;;frei;nd;nd;nd;nd;nd;nd;nd;+;nd;+;nd;nd;nd;nd;nd;nd;nd;nd;nd;nd;nd;nd
84;VVPP;ADJD;dominieren;22;NZZ_1994_12_27_a28_seg8_s9;21;Full|3|Sg|Pres|Ind;Dazu zählt etwa Hocine Aït-Ahmed , der exilierte Chef des Front des forces socialistes , der die Region der Kabylei politisch dominiert .;proposition;Frameadverbial;done;;frei;nd;nd;nd;nd;nd;nd;nd;+;nd;+;nd;nd;nd;nd;nd;nd;nd;nd;nd;nd;nd;nd
85;VVPP;ADJD;begründen;17;NZZ_1997_03_14_a15_seg6_s6;16;Full|Psp;Die Führung der « Solidarität » wies zur Stützung ihres Standpunkts , die Schliessung sei politisch begründet , darauf hin , dass die Regierung anderen Unternehmen in ähnlichen Schwierigkeiten weiterhin Hilfe zukommen lasse .;nd;nd;not of interest;ModPräd;frei;nd;nd;nd;nd;nd;nd;nd;nd;nd;nd;nd;nd;nd;nd;nd;nd;nd;nd;nd;nd;nd;nd
86;VVINF;ADJD;durchsetzen;8;NZZ_1996_08_16_a190_seg3_s9;7;Full|-2;Dass sich die kontrollierte Abgabe auch politisch durchsetzen lässt - noch vor zehn Jahren völlig undenkbar - , hat nichts mit Verharmlosung zu tun , sondern eher mit der Tatsache , dass es auch Politikern nicht verboten ist , mit zunehmendem Alter gescheiter zu werden , und die Fakten wohl auch eine klare Sprache sprechen .;proposition;Frameadverbial;done;;frei;nd;nd;nd;nd;nd;nd;nd;+;nd;+;nd;nd;nd;nd;nd;nd;nd;nd;nd;nd;nd;nd
87;VVINF;ADJD;machen;22;NZZ_1995_06_06_a107_seg5_s13;20;Full|-2;Kommt hinzu , dass die Herstellung einer zwischen den Kantonen einheitlichen Schiffssteuer kein Postulat ist , mit dem sich politisch Staat machen liesse .;prozess;methodenorientiert;done;;frei;+;nd;+;nd;nd;+;nd;nd;nd;nd;nd;nd;nd;nd;nd;nd;nd;nd;nd;nd;nd;nd
88;VVINF;ADJD;durchsetzen;21;NZZ_1994_10_08_a73_seg10_s9;20;Full|-2;In einer Intervention forderte Regierungsrat Siegrist , dass man Betroffenheit schaffen müsse , wenn man als richtig erkannte Ziele politisch durchsetzen wolle .;proposition;Frameadverbial;done;;frei;nd;nd;nd;nd;nd;nd;nd;+;nd;+;nd;nd;nd;nd;nd;nd;nd;nd;nd;nd;nd;nd
89;VVPP;ADJD;unterstützen;11;NZZ_1997_01_22_a16_seg8_s1;7;Full|Psp;Präsident Ulmanis , der Skele bisher politisch in jeder Weise unterstützt hat , ging nach dieser Rede etwas auf Distanz zum Premier .;proposition;Frameadverbial;done;;frei;nd;nd;nd;nd;nd;nd;nd;+;nd;+;nd;nd;nd;nd;nd;nd;nd;nd;nd;nd;nd;nd
90;VVINF;ADJD;ziehen;25;NZZ_1998_09_21_a2_seg4_s4;21;Full|-2;Er stellte die Vorwürfe kategorisch in Abrede und warf dem Regierungschef vor , ihn mit einer « Gestapo-ähnlichen Schmutzkampagne » politisch aus dem Verkehr ziehen zu wollen .;proposition;Frameadverbial;done;;frei;nd;nd;nd;nd;nd;nd;nd;+;nd;+;nd;nd;nd;nd;nd;nd;nd;nd;nd;nd;nd;nd
91;VVFIN;ADJD;unterstützen;7;NZZ_1997_01_31_a19_seg4_s4;9;Full|3|Sg|Pres|Subj;Präsident Rafsanjani erklärte , sein Land unterstütze Khartum politisch und moralisch in dessen Kampf gegen die Aufständischen .;proposition;Frameadverbial;done;;frei;nd;nd;nd;nd;nd;nd;nd;+;nd;+;nd;nd;nd;nd;nd;nd;nd;nd;nd;nd;nd;nd
92;VVPP;ADJD;zugetrauen|zutrauen;28;NZZ_1998_03_09_a25_seg6_s6;26;Full|Psp;Abdurrahman Wahid , der der Muslimorganisation Nahdlatul Ulama ( NU ) vorsteht und der bis vor kurzem ebenfalls zu jenen Bürgern gehört hat , denen politisch einiges zugetraut wird , hat aus gesundheitlichen Gründen einen Rückschlag in Kauf nehmen müssen .;proposition;Frameadverbial;done;;frei;nd;nd;nd;nd;nd;nd;nd;+;nd;+;nd;nd;nd;nd;nd;nd;nd;nd;nd;nd;nd;nd
93;VVPP;ADJD;verfolgen;32;NZZ_1997_03_05_a127_seg17_s5;31;Full|Psp;Als überzeugter Kommunist wurde Eisler von den deutschen Nationalsozialisten , dann später im Jahre 1948 in den USA vom Ausschuss für « Unamerican Activities » und schliesslich in der DDR politisch verfolgt und angefeindet .;prozess;methodenorientiert;done;;frei;+;nd;+;nd;nd;+;nd;nd;nd;nd;nd;nd;nd;nd;nd;nd;nd;nd;nd;nd;nd;nd
94;VVINF;ADJD;aushandeln;5;NZZ_1999_01_28_a261_seg4_s95;3;Full|-2;Wir müssen politisch neu aushandeln , welche Nachteile wir aus solchen Situationen zu akzeptieren gewillt sind .;proposition;Frameadverbial;done;;frei;nd;nd;nd;nd;nd;nd;nd;+;nd;+;nd;nd;nd;nd;nd;nd;nd;nd;nd;nd;nd;nd
95;VVPP;ADJD;engagieren;16;NZZ_1995_02_09_a215_seg3_s9;15;Full|Psp;Die Bamberger Dissertation von Annette Schleinzer bringt die Einsätze dieser Frau , die stärker politisch engagiert war , als man bisher annahm , in einer Weise zur Darstellung , die den Lebensvollzügen ihrer Persönlichkeit und ihrem Schrifttum gerecht wird und , eher ungewöhnlich für eine Dissertation , sich auch noch durch Lesbarkeit auszeichnet .;nd;nd;not of interest;ModPräd;;nd;nd;nd;nd;nd;nd;nd;nd;nd;nd;nd;nd;nd;nd;nd;nd;nd;nd;nd;nd;nd;nd
96;VVPP;ADJD;führen;22;NZZ_1998_06_08_a37_seg8_s10;20;Full|Psp;Der Souverän habe klar gemacht , dass er eine präventive Polizei für nötig halte und befürworte , sofern diese politisch straff geführt und kontrolliert werde .;nd;nd;done;;frei;nd;nd;nd;nd;nd;nd;nd;nd;nd;nd;nd;nd;nd;nd;nd;nd;nd;nd;nd;nd;nd;nd
97;VVINF;ADJD;näherbringen;17;NZZ_1998_11_14_a35_seg6_s9;15;Full|-2;Autobahnen dürften aber nicht bloss Mobilität fördern , sondern sie sollten die Schweizer auch politisch einander näherbringen .;proposition;Frameadverbial;done;Stellung;frei;nd;nd;nd;nd;nd;nd;nd;+;nd;+;nd;nd;nd;nd;nd;nd;nd;nd;nd;nd;nd;nd
98;VVINF;ADJD;passen;3;NZZ_1995_12_01_a34_seg2_s2;4;Full|1|Pl|Pres|Subj;« Wir passen politisch nicht zusammen » , erklärte Nationalrat Jürg Scherrer am Donnerstag nach dem einstimmigen Fraktionsbeschluss .;proposition;Frameadverbial;done;Stellung;frei;nd;nd;nd;nd;nd;nd;nd;+;nd;+;nd;nd;nd;nd;nd;nd;nd;nd;nd;nd;nd;nd
99;VVINF;ADJD;entscheiden;10;NZZ_1995_03_23_a48_seg11_s12;9;Full|-2;entgegnet , es werde rechtlich argumentiert , um politisch entscheiden zu können .;prozess;methodenorientiert;done;;frei;+;nd;+;nd;nd;+;nd;nd;nd;nd;nd;nd;nd;nd;nd;nd;nd;nd;nd;nd;nd;nd
100;VVINF;ADJD;erklären;23;NZZ_1999_10_16_a46_seg12_s17;22;Full|-2;Hier , sur place , sei das kaum einem Kollegen zu vermitteln , und die Sache lasse sich ja auch nur politisch erklären .;prozess;methodenorientiert;done;;frei;+;nd;+;nd;nd;+;nd;nd;nd;nd;nd;nd;nd;nd;nd;nd;nd;nd;nd;nd;nd;nd
101;VVPP;ADJD;sehen;8;NZZ_1996_10_01_a82_seg3_s3;7;Full|Psp;"Zunächst soll das Betriebsanlagerecht , das politisch gesehen eher einen Nebenschauplatz der Gewerberechtsreform darstellt und nicht auf denselben Widerstand stossen dürfte wie etwa die Handwerksordnung , möglichst schnell vereinfacht werden ; ein entsprechender Entwurf wurde vom Wirtschaftsminister vorgestellt und geht noch diese Woche in die Vernehmlassung .";prozess;rein;done;;notwendig;+;nd;+;+;nd;nd;nd;nd;nd;nd;nd;nd;nd;nd;nd;nd;nd;nd;nd;nd;nd;nd
102;VVPP;ADJD;motivieren;40;NZZ_1999_06_12_a66_seg12_s1;39;Full|Psp;Die Revisionisten pauschal als « Rechtsextreme » zu diffamieren , hat weder mit einer sachlichen Bewertung ihrer Arbeit noch mit einer notwendigen und kritischen Auseinandersetzung innerhalb der Wissenschaft und Forschung zu tun , sondern ist meines Erachtens ausschliesslich politisch motiviert .;nd;nd;not of interest;ModPräd;;nd;nd;nd;nd;nd;nd;nd;nd;nd;nd;nd;nd;nd;nd;nd;nd;nd;nd;nd;nd;nd;nd
103;VVINF;ADJD;lösen;15;NZZ_1999_11_04_a7_seg7_s3;13;Full|-2;Nach Angaben der USA drängte Clinton Putin , den Konflikt um Tschetschenien politisch zu lösen .;prozess;methodenorientiert;done;;frei;+;nd;+;nd;nd;+;nd;nd;nd;nd;nd;nd;nd;nd;nd;nd;nd;nd;nd;nd;nd;nd
104;VVPP;ADJD;motivieren;16;NZZ_1994_07_07_a6_seg6_s11;15;Full|Psp;Klar befürwortet Blair die Währungsunion , unterstreicht jedoch , dass sie wirtschaftlich und nicht politisch motiviert sein müsse .;nd;nd;not of interest;ModPräd;;nd;nd;nd;nd;nd;nd;nd;nd;nd;nd;nd;nd;nd;nd;nd;nd;nd;nd;nd;nd;nd;nd
105;VVPP;ADJD;isolieren;11;NZZ_1999_08_25_a19_seg4_s1;10;Full|Psp;C. Sr. Serbien ist nach der Intervention der Nato politisch isoliert , stigmatisiert und ohne einen Machtwechsel von der westlichen Wiederaufbauhilfe ausgeschlossen .;nd;nd;not of interest;ModPräd;;nd;nd;nd;nd;nd;nd;nd;nd;nd;nd;nd;nd;nd;nd;nd;nd;nd;nd;nd;nd;nd;nd
106;VVINF;ADJD;festhalten;26;NZZ_1999_10_04_a181_seg11_s14;25;Full|-2;Suchte man früher in Situationen rasanter Veränderung Bindungen in der Religion , so wollen sich heute manche an der Nation oder an der Region politisch festhalten . );prozess;methodenorientiert;done;;frei;+;nd;+;nd;nd;+;nd;nd;nd;nd;nd;nd;nd;nd;nd;nd;nd;nd;nd;nd;nd;nd
107;VVPP;ADJD;steuern;21;NZZ_1994_11_11_a94_seg11_s14;20;Full|Psp;Gleichzeitig hat diese Gruppe Varianten zu entwickeln , mit welchen Massnahmen der interkantonale Finanz- und Ressourcenausgleich auf einfache Weise politisch gesteuert werden könnte .;prozess;methodenorientiert;done;;frei;+;nd;+;nd;nd;+;nd;nd;nd;nd;nd;nd;nd;nd;nd;nd;nd;nd;nd;nd;nd;nd
108;VVFIN;ADJD;setzen;26;NZZ_1994_12_10_a133_seg5_s12;27;Full|3|Sg|Pres|Ind;Dieser sehr lange Weg zur Anerkennung der Unschuld und Wiederherstellung der Ehre des jüdischen Hauptmanns bildet den eigentlichen Inhalt der « Affäre Dreyfus » und setzt politisch , als eine Art « Révolution Dreyfusienne » ( Georges Sorel ) , die Wendemarke im Machtkampf zwischen den traditionalistisch-konservativen und den modern-liberalen Kräften des Landes .;prozess;methodenorientiert;done;ambig F/M;frei;+;nd;+;nd;nd;+;nd;nd;nd;nd;nd;nd;nd;nd;nd;nd;nd;nd;nd;nd;nd;nd
109;VVFIN;ADJD;beziehen;24;NZZ_1996_04_03_a1_seg10_s1;22;Full|3|Sg|Pres|Subj;Mit grosser Spannung wartete die Nation drei Wochen vor dem Wahltag darauf , dass der frühere Mailänder Staatsanwalt Antonio Di Pietro politisch Stellung beziehe .;prozess;methodenorientiert;done;;frei;+;nd;+;nd;nd;+;nd;nd;nd;nd;nd;nd;nd;nd;nd;nd;nd;nd;nd;nd;nd;nd
110;VVFIN;ADJD;korrespondieren;13;NZZ_1996_10_19_a200_seg7_s9;15;Full|3|Sg|Pres|Ind;Im Zeitalter des Historismus ist dies zunächst nicht verwunderlich , und es korrespondiert überdies politisch mit der Bildung von Nationalstaaten in Europa , die überall , in Frankreich so gut wie in Deutschland , Italien , Polen , Ungarn oder der Tschechei , voranschritt und im Musiktheater einen historisierenden « nationalen Ton » verlangte .;prozess;methodenorientiert;done;;frei;+;nd;+;nd;nd;+;nd;nd;nd;nd;nd;nd;nd;nd;nd;nd;nd;nd;nd;nd;nd;nd
111;VVPP;ADJD;durchleuchten;13;NZZ_1994_09_03_a140_seg5_s1;12;Full|Psp;Die Zürcher Beizenbestechungsaffäre um den ehemaligen Chefbeamten Raphael Huber soll doch politisch durchleuchtet werden .;proposition;Frameadverbial;done;;frei;nd;nd;nd;nd;nd;nd;nd;+;nd;+;nd;nd;nd;nd;nd;nd;nd;nd;nd;nd;nd;nd
112;VVINF;ADJD;geschehen;38;NZZ_1995_07_07_a21_seg8_s12;36;Full|-2;Auch wenn nun der Verfassungsschutz den extremistischen Gruppen in der PDS genaue Aufmerksamkeit zu widmen gedenkt , wies Kanther jeden Gedanken an ein Verbot dieser Partei mit dem Hinweis von sich , die Auseinandersetzung habe politisch zu geschehen und es dürften keine Märtyrer geschaffen werden .;prozess;methodenorientiert;done;;frei;+;nd;+;nd;nd;+;nd;nd;nd;nd;nd;nd;nd;nd;nd;nd;nd;nd;nd;nd;nd;nd
113;VVPP;ADJD;ausschlachten;26;NZZ_1998_10_12_a71_seg3_s2;25;Full|Psp;Während sich die republikanische Kongressführung und das Weisse Haus über eine Vielzahl von Ausgabenpositionen nicht einigen können , wird vor allem das Thema Erziehung politisch ausgeschlachtet .;prozess;methodenorientiert;done;ambig F/M;frei;+;nd;+;nd;nd;+;nd;nd;nd;nd;nd;nd;nd;nd;nd;nd;nd;nd;nd;nd;nd;nd
114;VVINF;ADJD;retten;13;NZZ_1993_02_20_a158_seg2_s29;12;Full|-2;Es war der Anspruch der Holländer , ihr längst verlorengegangenes Kolonialreich politisch retten zu wollen .;prozess;methodenorientiert;done;ambig F/M;frei;+;nd;+;nd;nd;+;nd;nd;nd;nd;nd;nd;nd;nd;nd;nd;nd;nd;nd;nd;nd;nd
115;VVPP;ADJD;zusammenarbeiten;33;NZZ_1997_02_27_a152_seg3_s8;32;Full|Psp;Sie , Christine Goll , sei deshalb in Bern stets einsam gewesen und habe mit « kompetenten Fachfrauen » der SP , der Grünen und vereinzelt der CVP und der FDP politisch zusammengearbeitet .;proposition;Frameadverbial;done;;frei;nd;nd;nd;nd;nd;nd;nd;+;nd;+;nd;nd;nd;nd;nd;nd;nd;nd;nd;nd;nd;nd
116;VVFIN;ADJD;auszahlen;30;NZZ_1998_02_18_a50_seg6_s8;29;Full|3|Sg|Pres|Ind;Erst nach diesem Treffen wird sich erweisen , ob die bewusst eng geknüpfte Verbindung eines bilateralen Abkommens zwischen der Schweiz und der Europäischen Union mit der LSVA sich politisch auszahlt .;proposition;Frameadverbial;done;;frei;nd;nd;nd;nd;nd;nd;nd;+;nd;+;nd;nd;nd;nd;nd;nd;nd;nd;nd;nd;nd;nd
117;VVPP;ADJD;unterstreichen;21;NZZ_1995_05_29_a92_seg3_s10;20;Full|Psp;Dies ist keine Frage der Ästhetik mehr : mit seinem Engagement in Sarajewo hat Goytisolo seinen Widerspruch unlängst auch politisch unterstrichen .;prozess;methodenorientiert;done;ambig F/M;frei;+;nd;+;nd;nd;+;nd;nd;nd;nd;nd;nd;nd;nd;nd;nd;nd;nd;nd;nd;nd;nd
118;VVPP;ADJD;isolieren;20;NZZ_1995_12_28_a101_seg5_s9;19;Full|Psp;Zwar vermag er seinen Kopf zu retten , doch findet er sich später , von Thérèse verlassen und politisch isoliert , auf dem Weg nach ganz unten wieder .;nd;nd;not of interest;ModADV;;nd;nd;nd;nd;nd;nd;nd;nd;nd;nd;nd;nd;nd;nd;nd;nd;nd;nd;nd;nd;nd;nd
119;VVINF;ADJD;auftreten;28;NZZ_1997_01_25_a124_seg8_s3;26;Full|-2;Dass « der Staat » auch im Zeitalter seiner weltanschaulichen Unparteilichkeit religiös anlehnungsbedürftig werden und dass « die Kirche » im Zeitalter ihrer politischen Enthaltsamkeit politisch machtbeflissen auftreten kann : der bayrische Ministerpräsident , ein katholischer Kardinal und der evangelische Landesbischof haben es vor sechzehn Monaten sinnfällig bewiesen - durch das gemeinsame und öffentliche Singen der bayrischen Landeshymne .;nd;nd;not of interest;ModADV;;nd;nd;nd;nd;nd;nd;nd;nd;nd;nd;nd;nd;nd;nd;nd;nd;nd;nd;nd;nd;nd;nd
120;VVFIN;ADJD;machen;13;NZZ_1994_08_26_a71_seg4_s7;15;Full|3|Sg|Pres|Ind;"Sie operiert zwar unabhängig von St. Gallen ; aber sie machte und macht es politisch undenkbar , dass sich der Kanton Thurgau an einer breit abgestützten Regionallösung für das Herzzentrum am St. Galler Zentrumsspital beteiligen würde .";proposition;Frameadverbial;done;;frei;nd;nd;nd;nd;nd;nd;nd;+;nd;+;nd;nd;nd;nd;nd;nd;nd;nd;nd;nd;nd;nd
121;VVPP;ADJD;vertreten;31;NZZ_1995_08_12_a33_seg3_s6;23;Full|Psp;Der Widerstand gegen die von den Bundesbehörden vorgeschlagene Änderung ist insofern nicht erstaunlich , als die Wirtschaftszweige , die Saisonniers beschäftigen , politisch zu einem wesentlichen Teil von der SVP vertreten werden .;proposition;Frameadverbial;done;;frei;nd;nd;nd;nd;nd;nd;nd;+;nd;+;nd;nd;nd;nd;nd;nd;nd;nd;nd;nd;nd;nd
122;VVPP;ADJD;motivieren;8;NZZ_1994_04_25_a28_seg2_s7;7;Full|Psp;Der Anschlag sei jedoch offenbar nicht politisch motiviert gewesen , sondern auf eine Fehde zwischen verfeindeten Clans zurückzuführen .;nd;nd;not of interest;ModPräd;;nd;nd;nd;nd;nd;nd;nd;nd;nd;nd;nd;nd;nd;nd;nd;nd;nd;nd;nd;nd;nd;nd
123;VVINF;ADJD;beruhigen;30;NZZ_1997_09_22_a19_seg4_s2;29;Full|-2;San José , Anfang September Die letztes Jahr noch berechtigten Hoffnungen , das ärmste Land der westlichen Hemisphäre werde sich ein Jahrzehnt nach dem Sturz der Duvalier-Diktatur endlich politisch beruhigen und auf die Bekämpfung des Massenelends und die Einleitung einer wirtschaftlichen Erholung konzentrieren können , sind in den ersten acht Monaten 1997 verflogen .;proposition;Frameadverbial;done;;frei;nd;nd;nd;nd;nd;nd;nd;+;nd;+;nd;nd;nd;nd;nd;nd;nd;nd;nd;nd;nd;nd
124;VMFIN;ADJD;können;10;NZZ_1995_11_18_a77_seg3_s8;11;Mod|3|Sg|Past|Subj;Dies wäre für den EU-Binnenmarkt « verkraftbar » und könnte politisch laut dem Maastricht-Vertrag auch noch 1997 beschlossen werden .;proposition;Frameadverbial;done;;frei;nd;nd;nd;nd;nd;nd;nd;+;nd;+;nd;nd;nd;nd;nd;nd;nd;nd;nd;nd;nd;nd
125;VVPP;ADJD;überschreiten;32;NZZ_1998_10_06_a307_seg8_s4;31;Full|Psp;Auch darin , dass er ein Dilemma nicht unterschätzt : Die Grenzen des Nationalstaats müssen , auf dass den transnationalen ökonomischen Prozessen eine demokratische Willensbildung « nachwachse » , auch politisch überschritten werden .;proposition;Frameadverbial;done;;frei;nd;nd;nd;nd;nd;nd;nd;+;nd;+;nd;nd;nd;nd;nd;nd;nd;nd;nd;nd;nd;nd
126;VVFIN;ADJD;fallen|fällen;2;NZZ_1995_03_16_a43_seg8_s7;8;Full|3|Sg|Pres|Ind;Das fällt militärisch weniger ins Gewicht als politisch .;nd;nd;not of interest;Vergleich;;nd;nd;nd;nd;nd;nd;nd;nd;nd;nd;nd;nd;nd;nd;nd;nd;nd;nd;nd;nd;nd;nd
127;VVINF;ADJD;lösen;32;NZZ_1994_07_12_a2_seg11_s11;25;Full|-2;Für Russland sind die Siege Kutschmas und Lukaschenkos willkommener Beleg dafür , dass jeder Versuch , sich wirtschaftlich ( und in letzter Konsequenz auch politisch ) aus dem Bannkreis Moskaus zu lösen , zum Scheitern verurteilt ist .;proposition;Frameadverbial;done;;frei;nd;nd;nd;nd;nd;nd;nd;+;nd;+;nd;nd;nd;nd;nd;nd;nd;nd;nd;nd;nd;nd
128;VMFIN;ADJD;können;44;NZZ_1994_10_14_a100_seg9_s10;41;Mod|3|Sg|Pres|Ind;Und zum Verhältnis von Politik und Sexualität hatte er - in einer Diskussion mit Mishima - provozierend bemerkt : « In meinen Werken lassen sich zwei Stufen erkennen : Die erste besteht darin , dass ein Mensch , der sich politisch nicht betätigen kann , das mit Sexualität zu kompensieren versucht , und wenn sich dies als unmöglich erweist , erreicht er die zweite Stufe , auf der er sich der menschlichen Wahrheit nähert . »;proposition;Frameadverbial;done;Stellung;frei;nd;nd;nd;nd;nd;nd;nd;+;nd;+;nd;nd;nd;nd;nd;nd;nd;nd;nd;nd;nd;nd
129;VVPP;ADJD;verfolgen;25;NZZ_1994_05_24_a11_seg3_s21;24;Full|Psp;"Craxi , der in Italien seinen Pass zurückgeben sollte , wurde in seiner Villa in Tunesien aufgestöbert ; er behauptet , er werde politisch verfolgt .";prozess;methodenorientiert;done;;frei;+;nd;+;nd;nd;+;nd;nd;nd;nd;nd;nd;nd;nd;nd;nd;nd;nd;nd;nd;nd;nd
130;VVINF;ADJD;bringen;26;NZZ_1999_11_04_a22_seg3_s10;17;Full|-2;Wie aus deutschen Delegationskreisen zu erfahren war , ist der sozialdemokratische Kanzler indessen gewillt , das politisch stets heikle Thema der Menschenrechte aufs Tapet zu bringen .;nd;nd;not of interest;ModADJ;;nd;nd;nd;nd;nd;nd;nd;nd;nd;nd;nd;nd;nd;nd;nd;nd;nd;nd;nd;nd;nd;nd
131;VVPP;ADJD;motivieren;33;NZZ_1999_03_30_a207_seg2_s6;32;Full|Psp;Im Gegensatz zu Politikern und Bischöfen , die heute die Schweiz beschuldigen , das Apartheidregime unterstützt zu haben , und die dafür Entschädigungen fordern , war die Reaktion des Pfarrers nicht politisch motiviert , sondern getragen von der Sorge um das leibliche und seelische Wohlergehen seiner Gemeindemitglieder .;nd;nd;not of interest;ModPräd;;nd;nd;nd;nd;nd;nd;nd;nd;nd;nd;nd;nd;nd;nd;nd;nd;nd;nd;nd;nd;nd;nd
132;VVFIN;ADJD;bringen;18;NZZ_1996_10_29_a109_seg8_s10;15;Full|3|Sg|Pres|Ind;Wie de Man das literarische Lesen gegen die totalitäre « Ästhetisierung der Politik » politisch in Stellung bringt , lässt sich aber erst dann angemessen verstehen , wenn man auch die andere kulturelle Erschütterung betrachtet , aus der seine Theorie des Lesens sich begründet : die theoretische Einsicht in die innere Widersprüchlichkeit der modernen Begründungsfigur des Selbstbewusstseins .;prozess;methodenorientiert;done;;frei;+;nd;+;nd;nd;+;nd;nd;nd;nd;nd;nd;nd;nd;nd;nd;nd;nd;nd;nd;nd;nd
133;VVFIN;ADJD;mitwirken;21;NZZ_1999_01_16_a22_seg7_s3;20;Full|3|Pl|Pres|Ind;Die USA setzen auf Konsolidierung nach der Aufnahme Polens , Ungarns und Tschechiens , die in der Nato schon politisch mitwirken , die aber militärisch noch während mehrerer Jahre integriert werden müssen .;prozess;methodenorientiert;done;Stellung;frei;+;nd;+;nd;nd;+;nd;nd;nd;nd;nd;nd;nd;nd;nd;nd;nd;nd;nd;nd;nd;nd
134;VVPP;ADJD;einbringen;12;NZZ_1995_04_08_a72_seg3_s15;10;Full|Psp;Da ihm seine eigenen Konsolidierungserfolge der beiden ersten Amtsjahre politisch nichts eingebracht haben , überlässt Clinton weitere Anstrengungen lieber den Republikanern .;proposition;Frameadverbial;done;;frei;nd;nd;nd;nd;nd;nd;nd;+;nd;+;nd;nd;nd;nd;nd;nd;nd;nd;nd;nd;nd;nd
135;VVFIN;ADJD;verschaffen;26;NZZ_1998_04_03_a2_seg3_s1;24;Full|Psp;Das Urteil einer amerikanischen Bundesrichterin in Little Rock , die Klage Paula Jones ' nicht an ein Geschworenengericht weiterzuleiten , hat Präsident Clinton politisch Erleichterung verschafft .;proposition;Frameadverbial;done;;frei;nd;nd;nd;nd;nd;nd;nd;+;nd;+;nd;nd;nd;nd;nd;nd;nd;nd;nd;nd;nd;nd
136;VVFIN;ADJD;infizieren;4;NZZ_1996_05_23_a72_seg2_s1;3;Full|3|Sg|Past|Ind;Vom BSE-Erreger politisch infizierte EU;nd;nd;not of interest;"ModADJ; title";;nd;nd;nd;nd;nd;nd;nd;nd;nd;nd;nd;nd;nd;nd;nd;nd;nd;nd;nd;nd;nd;nd
137;VVINF;ADJD;abdriften;14;NZZ_1995_09_05_a184_seg2_s12;13;Full|3|Pl|Pres|Ind;Es besteht aber die grosse Gefahr , dass unsere Staatskirchen noch weiter politisch abdriften .;proposition;Frameadverbial;done;;frei;nd;nd;nd;nd;nd;nd;nd;+;nd;+;nd;nd;nd;nd;nd;nd;nd;nd;nd;nd;nd;nd
138;VVPP;ADJD;entscheiden;5;NZZ_1995_03_11_a93_seg6_s10;4;Full|Psp;Diese würden aber politisch entschieden und nicht nach wissenschaftlichen Kriterien , wird auf Anfrage bei der FAO moniert .;prozess;methodenorientiert;done;;frei;+;nd;+;nd;nd;+;nd;nd;nd;nd;nd;nd;nd;nd;nd;nd;nd;nd;nd;nd;nd;nd
139;VVINF;ADJD;lesen;5;NZZ_1994_11_04_a152_seg3_s8;4;Full|-2;"- Wer das politisch lesen mag , kann das ; das kindliche Verständnis ist revolutionär und das Ende das Signal zum Sturm auf die Manege .";prozess;methodenorientiert;done;;frei;+;nd;+;nd;nd;+;nd;nd;nd;nd;nd;nd;nd;nd;nd;nd;nd;nd;nd;nd;nd;nd
140;VVPP;ADJD;betätigen;16;NZZ_1995_09_16_a16_seg16_s3;15;Full|Psp;Die Generäle scheinen bequem damit leben zu können , dass sich Suu Kyi wieder politisch betätigt .;proposition;Frameadverbial;done;;frei;nd;nd;nd;nd;nd;nd;nd;+;nd;+;nd;nd;nd;nd;nd;nd;nd;nd;nd;nd;nd;nd
141;VMFIN;ADJD;können;4;NZZ_1995_10_06_a48_seg15_s5;5;Mod|3|Sg|Pres|Ind;Nur die Bundesversammlung kann politisch über die Gültigkeit von Volksinitiativen entscheiden .;proposition;Frameadverbial;done;;frei;nd;nd;nd;nd;nd;nd;nd;+;nd;+;nd;nd;nd;nd;nd;nd;nd;nd;nd;nd;nd;nd
142;VVPP;ADJD;betätigen;21;NZZ_1998_02_21_a5_seg3_s4;20;Full|Psp;Wie in zwei anderen Fällen in diesem Monat begründete die Regierung die Ausweisung damit , dass sich der Mann politisch betätigt habe , obwohl er nur ein Touristenvisum besitze .;prozess;methodenorientiert;done;ambig F/M;frei;+;nd;+;nd;nd;+;nd;nd;nd;nd;nd;nd;nd;nd;nd;nd;nd;nd;nd;nd;nd;nd
143;VVINF;ADJD;erreichen;29;NZZ_1993_08_18_a45_seg15_s5;27;Full|-2;Zumindest in der westlichen Welt ist ein Energiekonsens in der antagonistisch aufgespaltenen und ideologisch verhärteten Welt zwischen Sonnen- und Kernenergie weder heute noch auf absehbare Zeit politisch zu erreichen .;prozess;methodenorientiert;done;ambig F/M;frei;+;nd;+;nd;nd;+;nd;nd;nd;nd;nd;nd;nd;nd;nd;nd;nd;nd;nd;nd;nd;nd
144;VVPP;ADJD;spielen;25;NZZ_1999_08_20_a3_seg10_s7;8;Full|Psp;Im Poker zwischen den beiden seit Jahren politisch , wirtschaftlich , aber auch sicherheitsmässig immer ungleicher werdenden Nachbarn hat Lee stets mit hohem Einsatz gespielt und , den häufigen Vorwürfen der Tollkühnheit zum Trotz , bis anhin recht behalten .;nd;nd;not of interest;ModADV;;nd;nd;nd;nd;nd;nd;nd;nd;nd;nd;nd;nd;nd;nd;nd;nd;nd;nd;nd;nd;nd;nd
145;VVPP;ADJD;belasten;31;NZZ_1994_09_17_a122_seg5_s22;29;Full|Psp;Diese Subordination , dieses Auslöschen ihrer Persönlichkeit angesichts des « Giganten » Orff , dieses Tabuisieren der Orffschen Vergangenheit , von der sie doch annahm , dass sie politisch schwer belastet war , berühren unangenehm .;proposition;Frameadverbial;done;Stellung;frei;nd;nd;nd;nd;nd;nd;nd;+;nd;+;nd;nd;nd;nd;nd;nd;nd;nd;nd;nd;nd;nd
146;VVPP;ADJD;aufladen;14;NZZ_1995_11_17_a23_seg6_s9;13;Full|Psp;Klare Stellungnahmen könnten überdies dazu führen , dass gewisse Themen schon jetzt politisch aufgeladen und damit für die Regierungsvertreter zu einer weiteren Bürde werden .;prozess;methodenorientiert;done;;frei;+;nd;+;nd;nd;+;nd;nd;nd;nd;nd;nd;nd;nd;nd;nd;nd;nd;nd;nd;nd;nd
147;VVPP;ADJD;motivieren;20;NZZ_1997_12_09_a28_seg2_s11;19;Full|Psp;Diese sind allerdings gehalten , ein volles Geständnis abzulegen und darzulegen , dass ihre Tat unter der Rassentrennungspolitik politisch motiviert war .;nd;nd;not of interest;ModPräd;;nd;nd;nd;nd;nd;nd;nd;nd;nd;nd;nd;nd;nd;nd;nd;nd;nd;nd;nd;nd;nd;nd
148;VVFIN;ADJD;bevorstehen;17;NZZ_1994_10_27_a14_seg8_s6;12;Full|-2;Was auch immer geschehen wird , feststehen dürfte , dass Thailand politisch wieder einmal turbulente Zeiten bevorstehen .;proposition;Frameadverbial;done;Stellung;frei;nd;nd;nd;nd;nd;nd;nd;+;nd;+;nd;nd;nd;nd;nd;nd;nd;nd;nd;nd;nd;nd
149;VVPP;ADJD;rehabilitieren;20;NZZ_1994_08_30_a64_seg3_s1;19;Full|Psp;Der 1939 entlassene Kommandant der St. Galler Kantonspolizei wurde von der St. Galler Regierung und dem Bundesrat postum politisch rehabilitiert .;prozess;methodenorientiert;done;ambig F/M;frei;+;nd;+;nd;nd;+;nd;nd;nd;nd;nd;nd;nd;nd;nd;nd;nd;nd;nd;nd;nd;nd
150;VVPP;ADJD;einlegen;15;NZZ_1994_06_22_a112_seg4_s23;12;Full|Psp;Siegmann hat sich dann aus persönlichen Gründen vom Landesring getrennt , politisch eine Pause eingelegt , und 1959 ist er als Vertreter der SVP in den Nationalrat gewählt worden .;proposition;Frameadverbial;done;;frei;nd;nd;nd;nd;nd;nd;nd;+;nd;+;nd;nd;nd;nd;nd;nd;nd;nd;nd;nd;nd;nd
151;VVINF;ADJD;greifen;27;NZZ_1998_06_29_a19_seg2_s10;23;Full|-2;Oder wollten die chinesischen Machthaber bloss ihrem wegen der Empfangszeremonie auf dem Tiananmen-Platz im westlichen Ausland stark unter Beschuss geratenen amerikanischen Staatsgast politisch unter die Arme greifen ?;prozess;methodenorientiert;done;;frei;+;nd;+;nd;nd;+;nd;nd;nd;nd;nd;nd;nd;nd;nd;nd;nd;nd;nd;nd;nd;nd
152;VVPP;ADJD;schaden;17;NZZ_1999_05_27_a18_seg8_s9;14;Full|Psp;Beobachter in Bratislava sind der Meinung , dass der Fall Meciar im Augenblick politisch noch wenig geschadet hat .;proposition;Frameadverbial;done;;frei;nd;nd;nd;nd;nd;nd;nd;+;nd;+;nd;nd;nd;nd;nd;nd;nd;nd;nd;nd;nd;nd
153;VVINF;ADJD;punkten;30;NZZ_1996_11_02_a27_seg13_s5;28;Full|-2;Die Republikaner , deren Politiker erfahrungsgemäss auch nicht tugendhafter sind , haben damit weniger Probleme - sie schlachten die Freude Clintons am Seitensprung in der Hoffnung , politisch zu punkten , genüsslich aus .;proposition;Frameadverbial;done;;frei;nd;nd;nd;nd;nd;nd;nd;+;nd;+;nd;nd;nd;nd;nd;nd;nd;nd;nd;nd;nd;nd
154;VVPP;ADJD;involvieren;13;NZZ_1996_03_02_a197_seg14_s12;8;Full|Psp;Zur Zeit des Burenkrieges 1900/01 war Deutschland politisch nicht mehr in Südafrika involviert .;proposition;Frameadverbial;done;Stellung;frei;nd;nd;nd;nd;nd;nd;nd;+;nd;+;nd;nd;nd;nd;nd;nd;nd;nd;nd;nd;nd;nd
155;VVINF;ADJD;isolieren;14;NZZ_1998_07_13_a23_seg3_s5;12;Full|-2;Die demokratischen Parteien schworen damals , die extremistische nationalistische Koalition HB politisch zu isolieren .;prozess;methodenorientiert;done;ambig F/M;frei;+;nd;+;nd;nd;+;nd;nd;nd;nd;nd;nd;nd;nd;nd;nd;nd;nd;nd;nd;nd;nd
156;VVPP;ADJD;anerkennen;18;NZZ_1994_04_15_a31_seg12_s13;17;Full|Psp;Das regionale Profilierungsbedürfnis , so ist man versucht zu pointieren , will die nationale Identität nicht politisch anerkannt sehen , sondern für sie werben .;nd;nd;not of interest;ModADV;;nd;nd;nd;nd;nd;nd;nd;nd;nd;nd;nd;nd;nd;nd;nd;nd;nd;nd;nd;nd;nd;nd
157;VVFIN;ADJD;analysieren;5;NZZ_1996_02_19_a102_seg14_s2;4;Full|3|Sg|Pres|Ind;Wer die Initiative politisch analysiert , erkennt sehr bald , dass sie nicht mehr als eine leere Hülse ist .;prozess;methodenorientiert;done;;frei;+;nd;+;nd;nd;+;nd;nd;nd;nd;nd;nd;nd;nd;nd;nd;nd;nd;nd;nd;nd;nd
158;VVPP;ADJD;treten;27;NZZ_1996_03_12_a23_seg4_s2;24;Full|Psp;Khartum , 11. März Zur sudanesischen Präsidentenwahl stellen sich 41 Kandidaten , von denen ausser dem bisherigen Staatschef Omar al-Bashir allerdings keiner bisher politisch in Erscheinung getreten ist .;proposition;Frameadverbial;done;;frei;nd;nd;nd;nd;nd;nd;nd;+;nd;+;nd;nd;nd;nd;nd;nd;nd;nd;nd;nd;nd;nd
159;VVFIN;ADJD;setzen;4;NZZ_1997_06_25_a42_seg4_s3;19;Full|3|Sg|Past|Ind;Bis Ende 1995 setzte er als Vorsitzender des Umweltausschusses der FDP Schweiz sein Wissen über nachhaltige Entwicklungen auch politisch um .;prozess;methodenorientiert;done;ambig F/M;frei;+;nd;+;nd;nd;+;nd;nd;nd;nd;nd;nd;nd;nd;nd;nd;nd;nd;nd;nd;nd;nd
160;VVINF;ADJD;propagieren;15;NZZ_1997_04_08_a27_seg9_s3;8;Full|-2;Tatsächlich ist es unsinnig , beim Gütertransport politisch die grosse Trendwende zur Schiene zu propagieren , ohne gleichzeitig die Eckdaten der Branche einzubeziehen .;proposition;Frameadverbial;done;;frei;nd;nd;nd;nd;nd;nd;nd;+;nd;+;nd;nd;nd;nd;nd;nd;nd;nd;nd;nd;nd;nd
161;VVPP;ADJD;verändern;67;NZZ_1995_11_16_a20_seg4_s2;65;Full|Psp;"Rangun , Mitte November Es sind jetzt bereits gut vier Monate her , seit die Militärmachthaber aus den Reihen des herrschenden State Law and Order Restoration Council ( Slorc ) die Hausarrestorder gegen die Friedensnobelpreisträgerin und Oppositionspolitikerin Aung San Suu Kyi aufgehoben haben ; doch bis heute sind keine Anzeichen dafür auszumachen , dass sich in Burma im Schatten der Militärdiktatur durch diese Geste politisch etwas verändert hätte .";proposition;Frameadverbial;done;;frei;nd;nd;nd;nd;nd;nd;nd;+;nd;+;nd;nd;nd;nd;nd;nd;nd;nd;nd;nd;nd;nd
162;VVINF;ADJD;schaffen;8;NZZ_1994_05_28_a127_seg13_s9;6;Full|-2;Denn während der Staat einerseits politisch Rahmenbedingungen schaffen muss , der ihn für den allgemeinen Globalisierungsprozess öffnet und ihn « fit » macht für die internationale Vernetzung , verlagert er andererseits alles , was mit nationaler Selbstvergewisserung und kollektiver Identität zu hat , in den im weitesten Sinne kulturellen Bereich .;proposition;Frameadverbial;done;;frei;nd;nd;nd;nd;nd;nd;nd;+;nd;+;nd;nd;nd;nd;nd;nd;nd;nd;nd;nd;nd;nd
163;VVINF;ADJD;halten;28;NZZ_1995_09_04_a10_seg6_s9;24;Full|-2;Die Anti-Separatisten taten sich schliesslich auch noch mit jener starken Fraktion innerhalb der Sozialdemokratie zusammen , die daran interessiert war , die Kirche politisch unter Kontrolle zu halten .;proposition;Frameadverbial;done;;frei;nd;nd;nd;nd;nd;nd;nd;+;nd;+;nd;nd;nd;nd;nd;nd;nd;nd;nd;nd;nd;nd
164;VVFIN;ADJD;fühlen;5;NZZ_1996_12_07_a3_seg1_s46;12;Full|3|Sg|Pres|Ind;Auch das kleine Montenegro fühlt sich seit langem vom übermächtigen Serbien politisch an die Wand gedrückt , und ein Teil der Opposition verlangt denn auch eine Trennung von Belgrad .;proposition;Frameadverbial;done;;frei;nd;nd;nd;nd;nd;nd;nd;+;nd;+;nd;nd;nd;nd;nd;nd;nd;nd;nd;nd;nd;nd
165;VVPP;ADJD;gängeln;53;NZZ_1999_02_13_a26_seg8_s6;52;Full|Psp;Obwohl gerade die Bevölkerung von Karachi unter der politischen Kriminalität leidet - bis Ende September wurden 861 Morde registriert - , weiss sie auch , dass Polizei und Paramilitärs , welche die Untersuchungen durchführen und die Verdächtigen vor diese Gerichte schleppen , selber ein Teil des Problems sind - korrupt , politisch gegängelt und sogar mit der Kriminalität verflochten .;nd;nd;not of interest;ModSekPräd;;nd;nd;nd;nd;nd;nd;nd;nd;nd;nd;nd;nd;nd;nd;nd;nd;nd;nd;nd;nd;nd;nd
166;VVPP;ADJD;begründen;11;NZZ_1999_01_30_a25_seg9_s17;10;Full|Psp;Für Chenoy ist die Agitation im Gliedstaat Gujarat daher politisch begründet .;prozess;methodenorientiert;done;;frei;+;nd;+;nd;nd;+;nd;nd;nd;nd;nd;nd;nd;nd;nd;nd;nd;nd;nd;nd;nd;nd
167;VVPP;ADJD;treiben;14;NZZ_1997_10_15_a91_seg3_s2;10;Full|Psp;Von der sozialistischen Regierung und den ihr nahestehenden Gewerkschaften politisch in die Enge getrieben , war Gandois am Sozialgipfel vom letzten Freitag zwischen Stuhl und Bank geraten .;prozess;methodenorientiert;done;;frei;+;nd;+;nd;nd;+;nd;nd;nd;nd;nd;nd;nd;nd;nd;nd;nd;nd;nd;nd;nd;nd
168;VVINF;ADJD;gewinnen;14;NZZ_1995_10_31_a12_seg3_s8;9;Full|-2;Mit diesen neuen Tönen versucht der Hizbullah , politisch wieder an Boden zu gewinnen .;proposition;Frameadverbial;done;;frei;nd;nd;nd;nd;nd;nd;nd;+;nd;+;nd;nd;nd;nd;nd;nd;nd;nd;nd;nd;nd;nd
169;VVPP;ADJD;motivieren;25;NZZ_1995_03_01_a83_seg5_s9;24;Full|Psp;Tabu ist schliesslich auch das Thema Politik : Obschon man in den Foyers des Bolschoi hört , dass der Machtkampf der Verantwortlichen primär politisch motiviert sei , will Kokonin über Politik nicht sprechen : « Im Okzident glaubt man immer , die Russen interessierten sich nur für Politik . »;nd;nd;not of interest;ModPräd;;nd;nd;nd;nd;nd;nd;nd;nd;nd;nd;nd;nd;nd;nd;nd;nd;nd;nd;nd;nd;nd;nd
170;VVFIN;ADJD;erachten;2;NZZ_1999_06_08_a35_seg13_s4;11;Full|3|Sg|Pres|Ind;Offensichtlich erachtet der Bundesrat das Ergebnis der bisherigen technisch-wissenschaftlichen Diskussion politisch als noch zu wenig tragfähig .;proposition;Frameadverbial;done;;frei;nd;nd;nd;nd;nd;nd;nd;+;nd;+;nd;nd;nd;nd;nd;nd;nd;nd;nd;nd;nd;nd
171;VVIZU;ADJD;durchsetzen;8;NZZ_1995_10_30_a86_seg7_s11;7;Full|zu;Ein Minister hat sich nicht nur politisch durchzusetzen , sondern vor allem gegen die ENA in seiner eigenen Ministerialbürokratie .;proposition;Frameadverbial;done;ambig F/M;frei;nd;nd;nd;nd;nd;nd;nd;+;nd;+;nd;nd;nd;nd;nd;nd;nd;nd;nd;nd;nd;nd
172;VVIZU;ADJD;voranbringen;38;NZZ_1999_10_14_a16_seg1_s24;37;Full|zu;Er hat seine Machtfülle , ebenso wie Benazir Bhutto vor ihm , nicht dazu benützt , das instabile Land , das sich am Rande des Staatsbankrotts bewegt und ohne ausländische Finanzhilfe zusammenbrechen würde , wirtschaftlich und politisch voranzubringen .;proposition;Frameadverbial;done;;frei;nd;nd;nd;nd;nd;nd;nd;+;nd;+;nd;nd;nd;nd;nd;nd;nd;nd;nd;nd;nd;nd
173;VVPP;ADJD;fixieren;5;NZZ_1994_06_30_a28_seg6_s13;4;Full|Psp;Das Ziel wird politisch fixiert , Wege , Mittel und Zeitpunkt für die Realisierung bleiben offen - ein typischer EU-Kompromiss also .;prozess;methodenorientiert;done;;frei;+;nd;+;nd;nd;+;nd;nd;nd;nd;nd;nd;nd;nd;nd;nd;nd;nd;nd;nd;nd;nd
174;VVPP;ADJD;fördern;17;NZZ_1995_02_11_a88_seg14_s21;16;Full|Psp;Privatisierung werde in Österreich erlitten , wenn es nicht mehr anders gehe , aber nicht politisch gefördert .;prozess;methodenorientiert;done;ambig agensorientiert;frei;+;nd;+;nd;nd;+;nd;nd;nd;nd;nd;nd;nd;nd;nd;nd;nd;nd;nd;nd;nd;nd
175;VVPP;ADJD;austragen;15;NZZ_1995_01_28_a187_seg8_s14;14;Full|Psp;Damit ist der Theaterskandal ein politischer Skandal und wird von nun an auch politisch ausgetragen .;prozess;methodenorientiert;done;;frei;+;nd;+;nd;nd;+;nd;nd;nd;nd;nd;nd;nd;nd;nd;nd;nd;nd;nd;nd;nd;nd
176;VVPP;ADJD;begrüßen;15;NZZ_1995_04_01_a229_seg17_s7;7;Full|Psp;16 Ganze sind geographisch , doch politisch haben bestimmt nicht alle Zweiten die Erste begrüsst .;proposition;Frameadverbial;done;;frei;nd;nd;nd;nd;nd;nd;nd;+;nd;+;nd;nd;nd;nd;nd;nd;nd;nd;nd;nd;nd;nd
177;VVINF;ADJD;machen;17;NZZ_1996_10_29_a13_seg2_s5;14;Full|-2;In einem Interview warnte Korschakow die russische Führungsspitze abermals vor Versuchen , ihn politisch mundtot zu machen : « Wir sollen völlig in Vergessenheit geraten .;proposition;Frameadverbial;done;;frei;nd;nd;nd;nd;nd;nd;nd;+;nd;+;nd;nd;nd;nd;nd;nd;nd;nd;nd;nd;nd;nd
178;VVINF;ADJD;kosten;10;NZZ_1997_10_24_a5_seg4_s4;7;Full|-2;Die Klage , die der Oppositionsführerin politisch das Genick kosten könnte , betrifft unter anderem mögliche Kommissionszahlungen , darunter jene der Firma Cotecna , einer Tochtergesellschaft der Genfer Inspektionsfirma Société Générale de Surveillance ( SGS ) .;proposition;Frameadverbial;done;;frei;nd;nd;nd;nd;nd;nd;nd;+;nd;+;nd;nd;nd;nd;nd;nd;nd;nd;nd;nd;nd;nd
179;VVFIN;ADJD;geraten;5;NZZ_1993_02_08_a22_seg2_s4;7;Full|3|Sg|Pres|Ind;Der afghanische Präsident Rabbani gerät auch politisch immer mehr unter Druck , während er sich militärisch dem Klammergriff seines Gegners Hekmatyar nicht entwinden kann .;proposition;Frameadverbial;done;;frei;nd;nd;nd;nd;nd;nd;nd;+;nd;+;nd;nd;nd;nd;nd;nd;nd;nd;nd;nd;nd;nd
180;VVINF;ADJD;korrigieren;36;NZZ_1998_12_05_a132_seg3_s5;34;Full|-2;"Wie schon Brecht ( und danach Grass ) hat er das Stück , zusammen mit dem Dramatiker und Übersetzer Normand Chaurette , umgeschrieben ; doch im Unterschied zu Brecht nicht , um es politisch zu korrigieren .";prozess;methodenorientiert;done;ambig F/M;frei;+;nd;+;nd;nd;+;nd;nd;nd;nd;nd;nd;nd;nd;nd;nd;nd;nd;nd;nd;nd;nd
181;VVFIN;ADJD;meinen;13;NZZ_1997_06_27_a208_seg2_s2;18;Full|3|Sg|Pres|Ind;Die Staaten des östlichen Mitteleuropas sind « über den Berg » , meint man , mit Bestimmtheit politisch , in den Grundzügen auch wirtschaftlich .;prozess;methodenorientiert;done;;frei;+;nd;+;nd;nd;+;nd;nd;nd;nd;nd;nd;nd;nd;nd;nd;nd;nd;nd;nd;nd;nd
182;VVINF;ADJD;betätigen;16;NZZ_1996_08_06_a5_seg8_s5;14;Full|-2;Und gemäss einem israelischen Gesetz kann einem Bürger nicht verboten werden , sich politisch zu betätigen .;prozess;methodenorientiert;done;;frei;+;nd;+;nd;nd;+;nd;nd;nd;nd;nd;nd;nd;nd;nd;nd;nd;nd;nd;nd;nd;nd
183;VVINF;ADJD;prüfen;17;NZZ_1995_01_24_a41_seg12_s10;15;Full|-2;In einem Wahljahr kommen wir allerdings nicht darum herum , die beantragte Benzinpreiserhöhung auch politisch zu prüfen .;prozess;methodenorientiert;done;;frei;+;nd;+;nd;nd;+;nd;nd;nd;nd;nd;nd;nd;nd;nd;nd;nd;nd;nd;nd;nd;nd
184;VVFIN;ADJD;instrumentalisieren;10;NZZ_1999_05_05_a261_seg9_s3;9;Full|1|Sg|Pres|Ind;Wenn er schreibt , dass Israel den Holocaust politisch instrumentalisiere , muss man fragen , welche Politiker welcher Länder sich erpressen liessen .;prozess;methodenorientiert;done;ambig F/M;frei;+;nd;+;nd;nd;+;nd;nd;nd;nd;nd;nd;nd;nd;nd;nd;nd;nd;nd;nd;nd;nd
185;VVPP;ADJD;motivieren;7;NZZ_1995_01_04_a6_seg12_s3;6;Full|Psp;Etwa jeder sechste Mord ist politisch motiviert .;nd;nd;not of interest;ModPräd;;nd;nd;nd;nd;nd;nd;nd;nd;nd;nd;nd;nd;nd;nd;nd;nd;nd;nd;nd;nd;nd;nd
186;VVPP;ADJD;motivieren;5;NZZ_1999_09_18_a74_seg5_s2;4;Full|Psp;Sie dürfte teilweise politisch motiviert sein , scheint doch der republikanische Präsidentschaftsanwärter Bush im Silicon Valley starken Rückhalt zu geniessen .;nd;nd;not of interest;ModPräd;;nd;nd;nd;nd;nd;nd;nd;nd;nd;nd;nd;nd;nd;nd;nd;nd;nd;nd;nd;nd;nd;nd
187;VVINF;ADJD;vorbeikommen;36;NZZ_1996_11_26_a44_seg18_s12;29;Full|-2;Da die Finanzen das bremsende Kriterium sind , so wäre seines Erachtens sicher dem Lötschberg der Vorzug zu geben , wobei ihm durchaus bewusst ist , dass man politisch auf die Dauer am Gotthard nicht vorbeikommen wird .;proposition;Frameadverbial;done;;frei;nd;nd;nd;nd;nd;nd;nd;+;nd;+;nd;nd;nd;nd;nd;nd;nd;nd;nd;nd;nd;nd
188;VVINF;ADJD;engagieren;14;NZZ_1996_11_12_a144_seg4_s23;13;Full|-2;Die Frage , ob , wann und wie stark sich die Kirchen politisch engagieren sollen und dürfen , wird , so steht nach dieser Debatte erneut und sicherer denn je fest , die Fronten immer teilen und nie abschliessend beantwortet werden , wenigstens so lange nicht , bis eine absolute Trennung von Staat und Kirche vollzogen wäre .;prozess;methodenorientiert;done;;frei;+;nd;+;nd;nd;+;nd;nd;nd;nd;nd;nd;nd;nd;nd;nd;nd;nd;nd;nd;nd;nd
189;VVINF;ADJD;vereinen;16;NZZ_1997_02_19_a6_seg8_s5;14;Full|-2;Schüssel sieht ein goldenes Dreieck , in dem Budgetkonsolidierung , Wachstum und Beschäftigung politisch zu vereinen seien .;proposition;Frameadverbial;done;;frei;nd;nd;nd;nd;nd;nd;nd;+;nd;+;nd;nd;nd;nd;nd;nd;nd;nd;nd;nd;nd;nd
190;VVPP;ADJD;betätigen;11;NZZ_1994_08_26_a120_seg3_s16;10;Full|Psp;Er habe bei den Befragungen versichert , sich nie politisch betätigt zu haben .;prozess;methodenorientiert;done;;frei;+;nd;+;nd;nd;+;nd;nd;nd;nd;nd;nd;nd;nd;nd;nd;nd;nd;nd;nd;nd;nd
191;VVPP;ADJD;begründen;45;NZZ_1993_04_02_a20_seg6_s12;44;Full|Psp;So registrierte die Überwachungskommission der Organisation amerikanischer Staaten ( OAS ) , die die Wiedereingliederung der 22 000 ehemaligen antisandinistischen Widerstandskämpfer ins Zivilleben leitet , seit dem Amtsantritt der Regierung Chamorro insgesamt 183 Morde an demobilisierten Contras , von denen knapp drei Viertel politisch begründet waren .;nd;nd;not of interest;ModPräd;;nd;nd;nd;nd;nd;nd;nd;nd;nd;nd;nd;nd;nd;nd;nd;nd;nd;nd;nd;nd;nd;nd
192;VVFIN;ADJD;profitieren;2;NZZ_1993_04_03_a11_seg6_s8;4;Full|3|Pl|Pres|Ind;Zudem profitieren sie politisch vom Verfall der russischen Wirtschaft und wünschen sich nur schon aus diesem Grund keinen weiteren Sukkurs .;proposition;Frameadverbial;done;;frei;nd;nd;nd;nd;nd;nd;nd;+;nd;+;nd;nd;nd;nd;nd;nd;nd;nd;nd;nd;nd;nd
193;VVINF;ADJD;ausschalten;17;NZZ_1993_04_03_a168_seg6_s11;16;Full|-2;Und das wiederum heisst , dass Jelzin die Freunde der « Industrialisten » im Parlament politisch ausschalten muss .;prozess;methodenorientiert;done;;;+;nd;+;nd;nd;+;nd;nd;nd;nd;nd;nd;nd;nd;nd;nd;nd;nd;nd;nd;nd;nd
194;VVINF;ADJD;beurteilen;10;NZZ_1993_04_06_a61_seg6_s11;8;Full|-2;Hier galt es nun , die Angelegenheit politisch zu beurteilen .;prozess;methodenorientiert;done;;;+;nd;+;nd;nd;+;nd;nd;nd;nd;nd;nd;nd;nd;nd;nd;nd;nd;nd;nd;nd;nd
195;VVINF;ADJD;halten;34;NZZ_1993_04_07_a9_seg8_s3;32;Full|-2;Ähnliches gilt für Handels- und Industrieminister Heseltine , dessen eigenmächtiges und instinktloses Vorgehen beim Beschluss zur Schliessung von Kohlenminen - ein symbol- und geschichtsträchtiger und damit sehr heikler Bereich - sich politisch nicht halten liess und die Regierung zu einer peinlichen Kehrtwendung mit einem äusserst diskutablen Kompromiss zwang .;proposition;Frameadverbial;done;;frei;nd;nd;nd;nd;nd;nd;nd;+;nd;+;nd;nd;nd;nd;nd;nd;nd;nd;nd;nd;nd;nd
196;VVINF;ADJD;fallen;67;NZZ_1993_04_07_a15_seg6_s6;63;Full|-2;"Dann allerdings gibt es auch jene Intellektuellen , für die das Jahr 1989 vor allem einmal die Befreiung von der allgegenwärtigen Angst , die Freiheit des Gedankens und des Worts gebracht und Perspektiven eröffnet hat ; diese Bürger , die für demokratische Werte die wirtschaftliche Not selbst einer langen Übergangszeit gern in Kauf nehmen , sind indessen nicht zahlreich genug , um politisch ins Gewicht zu fallen .";proposition;Frameadverbial;done;;frei;nd;nd;nd;nd;nd;nd;nd;+;nd;+;nd;nd;nd;nd;nd;nd;nd;nd;nd;nd;nd;nd
197;VVINF;ADJD;angehen;25;NZZ_1993_04_08_a31_seg10_s3;24;Full|-2;Der Sikh Gill teilt die Überzeugung des Chefministers , die Khalistan-Bewegung müsse kompromisslos zerschlagen werden , bevor man die berechtigten Anliegen der Sikhs politisch angehen könne .;prozess;methodenorientiert;done;;;+;nd;+;nd;nd;+;nd;nd;nd;nd;nd;nd;nd;nd;nd;nd;nd;nd;nd;nd;nd;nd
198;VVFIN;ADJD;stehen;3;NZZ_1993_04_10_a84_seg8_s4;5;Full|3|Pl|Pres|Ind;Die Kandidaten stehen sich politisch nahe , und in den Parteien scheinen die Animositäten , die vor vier Jahren das Klima belasteten , zu einem guten Teil verflogen , so dass die Bürgerlichen diesmal geschlossener auftreten .;prozess;methodenorientiert;done;;;+;nd;+;nd;nd;+;nd;nd;nd;nd;nd;nd;nd;nd;nd;nd;nd;nd;nd;nd;nd;nd
199;VVFIN;ADJD;bauen;2;NZZ_1993_04_10_a91_seg7_s12;7;Full|3|Sg|Past|Ind;Jefferson baute zeit seines Lebens : politisch an den Vereinigten Staaten , architektonisch an vielen verschiedenen Bauwerken .;proposition;Frameadverbial;done;;frei;nd;nd;nd;nd;nd;nd;nd;+;nd;+;nd;nd;nd;nd;nd;nd;nd;nd;nd;nd;nd;nd
200;VVPP;ADJD;begründen;3;NZZ_1993_04_10_a144_seg3_s16;2;Full|Psp;Und politisch begründet sind auch die Sorgen , die sich der jüngste Oppermann , Martins siebzehnjähriger Sohn Barthold , Unterprimaner eines Berliner Gymnasiums , in jüngster Zeit machen muss .;nd;nd;not of interest;ModPräd;;nd;nd;nd;nd;nd;nd;nd;nd;nd;nd;nd;nd;nd;nd;nd;nd;nd;nd;nd;nd;nd;nd
