﻿Interne-ID;Function-Head;Funktion-Hit;Head;ID-Head;ID-NZZ;ID-Token;Meta-Kopf;sentence;Oberkategorie;Unterkategorie;Status;Kommentar;externe Funktion;prozess;pFREQ;AuW;pure;agent;method;degree;proposition;KONJ;FRAME;SADV;extern;KAUS;TEMP;FREQ;BU;LOC;intern;INST;KOM;SH;iLOC
1;VVFIN;ADJD;taugen;52;NZZ_1993_02_25_a56_seg3_s4;54;Full|3|Sg|Pres|Subj;"Lenkungsabgaben - so die Quintessenz der BHK - vertragen sich nicht mit fiskalischen Zielsetzungen ; entweder bringe eine Abgabe ökologische Erfolge ( also die Reduktion der Emissionen und damit des Steuersubstrates ) , dann nütze sie fiskalisch ( als Einnahmequelle ) wenig ; oder eine Umweltabgabe sei fiskalisch motiviert , dann tauge sie ökologisch nichts .";proposition;Frameadverbial;done;;frei;nd;nd;nd;nd;nd;nd;nd;+;nd;+;nd;nd;nd;nd;nd;nd;nd;nd;nd;nd;nd;nd
2;VVINF;ADJD;verbrämen;12;NZZ_1995_01_28_a70_seg6_s6;10;Full|-2;Einige Politiker suchten eine solche fiskalisch motivierte Abgabe gar ökologisch zu verbrämen und dem Publikum als umweltpolitische Massnahme oder zumindest als Vorstufe dazu beliebt zu machen , so etwa auch die neue Umweltministerin Angela Merkel .;prozess;methodenorientiert;done;;frei;+;nd;+;nd;nd;+;nd;nd;nd;nd;nd;nd;nd;nd;nd;nd;nd;nd;nd;nd;nd;nd
3;VVPP;ADJD;gewinnen;19;NZZ_1993_03_31_a173_seg6_s6;11;Full|Psp;Sägesser dagegen begründete sein Nein zur Initiative damit , dass ökologisch mit einem Moratorium für den Flughafen nichts gewonnen sei und man damit das Gegenteil von dem täte , was in dieser wirtschaftlich schwierigen Zeit unter dem Stichwort « Revitalisierung » gefordert wird .;proposition;Frameadverbial;done;;frei;nd;nd;nd;nd;nd;nd;nd;+;nd;+;nd;nd;nd;nd;nd;nd;nd;nd;nd;nd;nd;nd
4;VVIMP;ADJD;umfassen;21;NZZ_1997_10_15_a169_seg16_s10;22;Full|2|Pl;China , in dem sich die agrarische Nahrungsproduktion etwa zur gleichen Zeit wie im Nahen Osten autochthon entwickelt hatte , umfasst ökologisch weniger anfällige und daher auch heute noch von intensiver Landwirtschaft genutzte Gebiete .;nd;nd;not of interest;ModADJ;;nd;nd;nd;nd;nd;nd;nd;nd;nd;nd;nd;nd;nd;nd;nd;nd;nd;nd;nd;nd;nd;nd
5;VVIZU;ADJD;aufbessern;10;NZZ_1993_12_02_a37_seg14_s5;9;Full|zu;Immerhin hat die Kommission versucht , diesen etwas ökologisch aufzubessern , allerdings auch äusserst problematische Bestimmungen aufgenommen , etwa bezüglich Aufweichung des bäuerlichen Bodenrechts .;prozess;methodenorientiert;done;;frei;+;nd;+;nd;nd;+;nd;nd;nd;nd;nd;nd;nd;nd;nd;nd;nd;nd;nd;nd;nd;nd
6;VVPP;ADJD;meinen;19;NZZ_1995_11_09_a206_seg4_s36;18;Full|Psp;» ( Schätzen , um zu schützen ) lautet die Kurzformel dieses Programms , die nicht nur ökologisch gemeint ist .;prozess;rein;done;;notwendig;+;nd;+;+;nd;nd;nd;nd;nd;nd;nd;nd;nd;nd;nd;nd;nd;nd;nd;nd;nd;nd
7;VVPP;ADJD;motivieren;6;NZZ_1998_11_04_a41_seg2_s1;5;Full|Psp;Ja zur LSVA war ökologisch motiviert;nd;nd;not of interest;ModPräd;;nd;nd;nd;nd;nd;nd;nd;nd;nd;nd;nd;nd;nd;nd;nd;nd;nd;nd;nd;nd;nd;nd
8;VVPP;ADJD;ausrichten;24;NZZ_1996_09_18_a26_seg5_s10;23;Full|Psp;- Für Ruedi Baumann bestraft der Bundesrat mit den vorgeschlagenen Massnahmen die Falschen , nämlich jene Bauern , die ihre Fleischproduktion bereits ökologisch ausgerichtet hätten .;prozess;methodenorientiert;done;;frei;+;nd;+;nd;nd;+;nd;nd;nd;nd;nd;nd;nd;nd;nd;nd;nd;nd;nd;nd;nd;nd
9;VVPP;ADJD;sehen;3;NZZ_1998_09_15_a157_seg1_s1;2;Full|Psp;Opfikon ökologisch gesehen;nd;nd;not of interest;unvollständiger Satz;;nd;nd;nd;nd;nd;nd;nd;nd;nd;nd;nd;nd;nd;nd;nd;nd;nd;nd;nd;nd;nd;nd
10;VVPP;ADJD;verstehen;5;NZZ_1996_07_03_a47_seg5_s1;4;Full|Psp;Autarkie kann auch ökologisch verstanden werden : Die Verringerung weiträumiger Abhängigkeit durch Regionalisierung begünstigt kurze und geschlossene Stoffkreisläufe und eine unterschiedlichen natürlichen Rahmenbedingungen angepasste kulturelle Vielfalt .;prozess;methodenorientiert;done;;frei;+;nd;+;nd;nd;+;nd;nd;nd;nd;nd;nd;nd;nd;nd;nd;nd;nd;nd;nd;nd;nd
11;VVFIN;ADJD;gehen;12;NZZ_1998_11_23_a104_seg10_s14;11;Full|3|Sg|Pres|Ind;Doch nicht nur die Geldfrage ist sauber geregelt , auch ökologisch geht alles mit ungeheuer rechten Dingen zu .;proposition;Frameadverbial;done;;frei;nd;nd;nd;nd;nd;nd;nd;+;nd;+;nd;nd;nd;nd;nd;nd;nd;nd;nd;nd;nd;nd
12;VVFIN;ADJD;legen;24;NZZ_1997_07_23_a28_seg3_s1;25;Full|3|Sg|Pres|Ind;Ein von der Betreiberin und vom Kanton Solothurn unterzeichnetes Sanierungsprogramm stellt die Einhaltung der Umweltschutzgesetzgebung durch das Stahl- und Walzwerk Gerlafingen sicher und legt ökologisch sinnvolle und wirtschaftlich tragbare Teilschritte fest .;nd;nd;not of interest;ModADJ;;nd;nd;nd;nd;nd;nd;nd;nd;nd;nd;nd;nd;nd;nd;nd;nd;nd;nd;nd;nd;nd;nd
13;VVFIN;ADJD;sehen;3;NZZ_1995_10_02_a43_seg6_s4;19;Full|3|Sg|Pres|Ind;Das CIPRA-Thesenpapier sieht den Alpenraum in einer Vorreiterrolle in Europa : « Durch ein frühzeitiges und konsequentes Unterlassen ökologisch nicht verträglichen Handelns kann der Alpenraum eine beispielhafte Vorreiterrolle in Europa einnehmen und dadurch gewisse Standortnachteile gegenüber der Ebene ausgleichen . »;nd;nd;not of interest;ModADJ;;nd;nd;nd;nd;nd;nd;nd;nd;nd;nd;nd;nd;nd;nd;nd;nd;nd;nd;nd;nd;nd;nd
14;VVFIN;ADJD;fallen;19;NZZ_1999_09_03_a32_seg3_s6;16;Full|3|Sg|Pres|Subj;De facto verhindere dieser Entscheid aber eher die Diskriminierung der EU-Transporteure , als dass er ökologisch ins Gewicht falle .;proposition;Frameadverbial;done;;frei;nd;nd;nd;nd;nd;nd;nd;+;nd;+;nd;nd;nd;nd;nd;nd;nd;nd;nd;nd;nd;nd
15;VVPP;ADJD;ausführen;52;NZZ_1999_02_08_a130_seg4_s9;43;Full|Psp;"Man erhält den zweiten Preis für den Wettbewerbsentwurf der Pariser Bibliothèque nationale ; und im Londoner Vorort Islington entsteht zwischen Patrizierbauten ein Glashaus als Villa , welche die wesentlichen Axiome von Future Systems klar formuliert : fern der kontinentalen Holzeuphorie wird hier ökologisch durchdachte Architektur in Stahl , Aluminium und Glas ausgeführt , möglichst nach dem Prinzip der Präfabrikation .";nd;nd;not of interest;ModADJ;;nd;nd;nd;nd;nd;nd;nd;nd;nd;nd;nd;nd;nd;nd;nd;nd;nd;nd;nd;nd;nd;nd
16;VVFIN;ADJD;gehen;13;NZZ_1994_03_01_a86_seg4_s7;15;Full|1|Pl|Pres|Ind;Die Antwort ist klar : Falls wir nach Europa gehen sollten , gehen wir ökologisch , demokratisch und föderalistisch , das heisst , wir wollen , dass dieses Europa den objektiven Notwendigkeiten der einzelnen Länder Rechnung trägt .;prozess;methodenorientiert;done;;frei;+;nd;+;nd;nd;+;nd;nd;nd;nd;nd;nd;nd;nd;nd;nd;nd;nd;nd;nd;nd;nd
17;VVFIN;ADJD;befinden;29;NZZ_1999_08_26_a171_seg4_s8;32;Full|3|Sg|Pres|Ind;In seiner Antwort hält der Stadtrat gezwungenermassen vor allem das fest , was eigentlich auch den beiden Fragestellern bereits bekannt sein müsste : Das Abfuhrwesen der Stadt Zürich befindet sich zwar ökologisch auf hohem Niveau , aber die wirtschaftliche Situation ist nach wie vor unbefriedigend .;proposition;Frameadverbial;done;;frei;nd;nd;nd;nd;nd;nd;nd;+;nd;+;nd;nd;nd;nd;nd;nd;nd;nd;nd;nd;nd;nd
18;VVPP;ADJD;aufwerten;15;NZZ_1994_03_01_a125_seg2_s12;14;Full|Psp;Nach dem Willen des Verfassers soll das Areal mit dem Bau des Golfplatzes ökologisch aufgewertet werden .;prozess;methodenorientiert;done;ambig M/F;frei;+;nd;+;nd;nd;+;nd;nd;nd;nd;nd;nd;nd;nd;nd;nd;nd;nd;nd;nd;nd;nd
19;VVPP;ADJD;erwarten;7;NZZ_1994_03_05_a52_seg9_s1;5;Full|Psp;vom Mercedes-Swatch-Projekt allerdings auch ökologisch Wegweisendes erwartet hatte , dürfte zumindest teilweise enttäuscht sein , denn beiden Partnern geht es nicht in erster Linie um die Substitution konventioneller Automobile , sondern um die Lancierung einer neuen Fahrzeugklasse .;proposition;Frameadverbial;done;unvollständiger Satz;frei;nd;nd;nd;nd;nd;nd;nd;+;nd;+;nd;nd;nd;nd;nd;nd;nd;nd;nd;nd;nd;nd
20;VVPP;ADJD;betrachten;10;NZZ_1997_06_25_a42_seg7_s7;9;Full|Psp;Hätte er gleich hohe Aufschläge auf den - ökologisch betrachtet - ohnehin unverantwortlich tiefen Treibstoffpreisen zu bezahlen wie die übrigen Verkehrsträger , so würde er in der Schweiz jährlich mit gegen einer Milliarde Franken zusätzlich belastet .;prozess;methodenorientiert;done;Parenthese;frei;+;nd;+;nd;nd;+;nd;nd;nd;nd;nd;nd;nd;nd;nd;nd;nd;nd;nd;nd;nd;nd
21;VVFIN;ADJD;stehen;2;NZZ_1998_01_23_a42_seg10_s6;4;Full|3|Pl|Past|Ind;Immer standen dabei ökologisch ausgerichtete Parteien im Vordergrund , nie ernsthaft die SP .;nd;nd;not of interest;ModADJ;;nd;nd;nd;nd;nd;nd;nd;nd;nd;nd;nd;nd;nd;nd;nd;nd;nd;nd;nd;nd;nd;nd
22;VVPP;ADJD;betrachten;5;NZZ_1995_08_17_a43_seg15_s21;4;Full|Psp;Er ist , ökologisch betrachtet , eine verletzliche Monokultur , die langfristig in dieser Form nicht bestehen kann .;prozess;methodenorientiert;done;Parenthese;frei;+;nd;+;nd;nd;+;nd;nd;nd;nd;nd;nd;nd;nd;nd;nd;nd;nd;nd;nd;nd;nd
23;VVFIN;ADJD;bringen;38;NZZ_1994_02_01_a111_seg2_s15;36;Full|3|Sg|Pres|Ind;Die Neat-Befürworter aber staunen : Jetzt wird die Alpeninitiative , die allein dazu verhelfen wird , dass der Güterverkehr tatsächlich von der Strasse auf die Schiene gebracht werden kann , dass die Neat nicht nur ökologisch etwas bringt , sondern auch ökonomisch rentiert , als « überholt » , gar als « Groteske » abgetan .;proposition;Frameadverbial;done;;frei;nd;nd;nd;nd;nd;nd;nd;+;nd;+;nd;nd;nd;nd;nd;nd;nd;nd;nd;nd;nd;nd
24;VVPP;ADJD;begründen;17;NZZ_1996_11_23_a63_seg1_s40;16;Full|Psp;Entscheidend ist letztlich die allerdings nur sehr schwer zu beantwortende Frage , ob Handelsbeschränkungen wirklich ökologisch begründet und ob sie verhältnismässig sind oder ob sie nur der Abwehr unliebsamer Konkurrenz aus dem Ausland dienen .;nd;nd;not of interest;ModPräd;;nd;nd;nd;nd;nd;nd;nd;nd;nd;nd;nd;nd;nd;nd;nd;nd;nd;nd;nd;nd;nd;nd
25;VVPP;ADJD;ausrichten;40;NZZ_1997_01_25_a74_seg4_s5;39;Full|Psp;Lafontaine kritisierte im wesentlichen , dass die Steuerentlastung erst 1999 und nicht bereits 1998 in Kraft treten soll , dass die Lohnnebenkosten durch die vorgeschlagene Reform nicht gesenkt würden oder dass die Ansätze der Regierung in keiner Weise ökologisch ausgerichtet seien .;nd;nd;not of interest;ModPräd;;nd;nd;nd;nd;nd;nd;nd;nd;nd;nd;nd;nd;nd;nd;nd;nd;nd;nd;nd;nd;nd;nd
26;VVPP;ADJD;sehen;25;NZZ_1999_05_21_a212_seg6_s4;24;Full|Psp;In andern Regionen verlieren die Schildkröten vor allem ihren Lebensraum , zum Beispiel durch Bauprojekte , wobei in den USA auch grosse , ökologisch gesehen aber nur punktuelle Rettungsaktionen wie die Umsiedlung ganzer Populationen stattfinden .;prozess;rein;done;;notwendig;+;nd;+;+;nd;+;nd;nd;nd;nd;nd;nd;nd;nd;nd;nd;nd;nd;nd;nd;nd;nd
27;VVINF;ADJD;begründen;7;NZZ_1997_05_07_a35_seg7_s4;6;Full|-2;Es lässt sich inzwischen auch ökologisch begründen , dass in Naturschutzgebieten eingezäunte Arten als « Inselpopulationen » ein erhöhtes Aussterberisiko haben , wenn der Kontakt mit Nachbargesellschaften durch ein lebensfeindliches Umfeld unterbrochen ist .;prozess;methodenorientiert;done;;frei;+;nd;+;nd;nd;+;nd;nd;nd;nd;nd;nd;nd;nd;nd;nd;nd;nd;nd;nd;nd;nd
28;VVPP;ADJD;aufwerten;34;NZZ_1998_11_18_a229_seg7_s16;33;Full|Psp;In den meisten Fällen ist eine Förderung nur dann erfolgreich , wenn die ganze Lebensgemeinschaft , die ganze Landschaft oder , bei migrierenden Arten , auch Gebiete in anderen Kontinenten geschützt und ökologisch aufgewertet werden .;prozess;methodenorientiert;done;ambig M/F;frei;+;nd;+;nd;nd;+;nd;nd;nd;nd;nd;nd;nd;nd;nd;nd;nd;nd;nd;nd;nd;nd
29;VVFIN;ADJD;bringen;16;NZZ_1997_06_16_a147_seg4_s2;17;Full|3|Sg|Past|Ind;Dass schwere Güter über lange Strecken neu von Zügen statt von Pferden transportiert wurden , brachte ökologisch praktisch nur Nachteile .;proposition;Frameadverbial;done;;frei;nd;nd;nd;nd;nd;nd;nd;+;nd;+;nd;nd;nd;nd;nd;nd;nd;nd;nd;nd;nd;nd
30;VVFIN;ADJD;erfüllen;36;NZZ_1998_09_25_a44_seg3_s2;33;Full|3|Pl|Past|Ind;Mit ihrer Werbung erweckten die beiden Unternehmen den Eindruck , dass M-Sano-Produkte beziehungsweise « natürliche » Produkte aus biologischem Landbau stammten , obwohl sie die geschützten Kriterien « biologisch » oder « ökologisch » nicht erfüllten , sagte SKS-Geschäftsführerin Simonetta Sommaruga an einer Pressekonferenz in Bern .;proposition;Frameadverbial;done;;frei;nd;nd;nd;nd;nd;nd;nd;+;nd;+;nd;nd;nd;nd;nd;nd;nd;nd;nd;nd;nd;nd
31;VVIZU;ADJD;einstufen;34;NZZ_1995_09_29_a41_seg5_s4;30;Full|zu;Es ist offensichtlich , dass diese Zurückhaltung der Umweltorganisationen von einer gewissen Vorsicht geprägt ist , weil damit der Zwang entfällt , Kandidaten zu unterstützen , die zwar als ökologisch « richtig » einzustufen wären , in andern Fragen ( z. B. beim Asylproblem ) jedoch höchst umstrittene Positionen einnehmen könnten .;nd;nd;not of interest;Vergleich;;nd;nd;nd;nd;nd;nd;nd;nd;nd;nd;nd;nd;nd;nd;nd;nd;nd;nd;nd;nd;nd;nd
32;VVINF;ADJD;voranbringen;16;NZZ_1999_08_02_a39_seg4_s5;15;Full|-2;Die GP wolle unter dem Titel « zukunftsfähig mit einer Umweltoffensive » die Schweiz ökologisch voranbringen .;prozess;methodenorientiert;done;ambig M/F;frei;+;nd;+;nd;nd;+;nd;nd;nd;nd;nd;nd;nd;nd;nd;nd;nd;nd;nd;nd;nd;nd
33;VVPP;ADJD;ausbeuten;14;NZZ_1996_01_09_a70_seg7_s1;9;Full|Psp;Die meisten Ströme der Erde werden heute auf ökologisch nicht mehr vertretbare Weise ausgebeutet .;nd;nd;not of interest;ModNP;;nd;nd;nd;nd;nd;nd;nd;nd;nd;nd;nd;nd;nd;nd;nd;nd;nd;nd;nd;nd;nd;nd
34;VVFIN;ADJD;machen;2;NZZ_1999_03_11_a258_seg7_s2;4;Full|3|Sg|Pres|Ind;Das macht jedoch ökologisch nur Sinn , wenn der Strom zur Elektrolyse des Wassers aus regenerativen Primärenergieträgern gewonnen wird .;proposition;Frameadverbial;done;;frei;nd;nd;nd;nd;nd;nd;nd;+;nd;+;nd;nd;nd;nd;nd;nd;nd;nd;nd;nd;nd;nd
35;VVFIN;ADJD;zusammenhängen;11;NZZ_1996_04_24_a175_seg11_s10;10;Full|3|Sg|Pres|Ind;Umfasst die Geländekontamination dagegen eine ganze Region , die ökologisch zusammenhängt und eine politische Einheit bildet - zum Beispiel ein Bezirk von hundert und mehr Quadratkilometern - , so ist die Lage bereits viel gravierender .;prozess;rein;done;;frei;+;nd;+;+;nd;nd;nd;nd;nd;nd;nd;nd;nd;nd;nd;nd;nd;nd;nd;nd;nd;nd
36;VVFIN;ADJD;sehen;6;NZZ_1999_08_20_a51_seg7_s1;8;Full|3|Pl|Pres|Ind;In diesem « Schollenriet » lösen sich ökologisch gesehen gegenwärtig zwei Zeitalter ab .;prozess;rein;done;;notwendig;+;nd;+;+;nd;+;nd;nd;nd;nd;nd;nd;nd;nd;nd;nd;nd;nd;nd;nd;nd;nd
37;VVPP;ADJD;verdienen;17;NZZ_1993_08_06_a43_seg2_s10;15;Full|3|Sg|Pres|Ind;Sollte ein solches Vorhaben später dennoch in einer Weise , die das Prädikat « ökologisch » verdient , realisiert werden können , so würde die heute gewählte Form der Wässermattenstiftung keinen Hinderungsgrund bilden , im Gegenteil , dank ihr werden Wässermatten im Langetental dann überhaupt noch existieren !;nd;nd;not of interest;Objektsprache;;nd;nd;nd;nd;nd;nd;nd;nd;nd;nd;nd;nd;nd;nd;nd;nd;nd;nd;nd;nd;nd;nd
38;VVPP;ADJD;zerstören;51;NZZ_1999_07_08_a50_seg27_s2;50;Full|Psp;Ein argentinischer Unternehmer , Juan Moravek , Präsident der patagonischen Handelskammer , hatte sich gesagt : Patagonien ist ein reiches Land , es hat Öl und Minen , eine Vielfalt an Landschaften , eine einzigartige Fauna , einen Mythos - es ist ein Erbe der Menschheit , das aber ökologisch zerstört zu werden droht .;prozess;methodenorientiert;done;;frei;+;nd;+;nd;nd;+;nd;nd;nd;nd;nd;nd;nd;nd;nd;nd;nd;nd;nd;nd;nd;nd
39;VVPP;ADJD;qualifizieren;12;NZZ_1999_11_17_a70_seg9_s8;11;Full|Psp;"Die bisherigen Neuerungen bei der Energiebesteuerung werden dagegen kaum als ökologisch qualifiziert , weil sie sich nicht nach umweltpolitischen Kriterien ausrichten ; inkonsequenterweise werden darin ausserdem Fiskalpolitik und der Wunsch nach der Senkung der Lohnnebenkosten über Transferzahlungen ( Ertrag aus der « Öko-Steuer » fliesst vorwiegend als staatlicher Sozialbeitrag in die Rentenkasse ) systemfremd miteinander verbunden .";nd;nd;not of interest;Vergleich;;nd;nd;nd;nd;nd;nd;nd;nd;nd;nd;nd;nd;nd;nd;nd;nd;nd;nd;nd;nd;nd;nd
40;VVINF;ADJD;verantworten;12;NZZ_1998_08_10_a27_seg4_s14;9;Full|-2;Für Mountain Wilderness wäre dieser Ausbau nicht nur ökologisch nicht zu verantworten , sondern auch ökonomisch höchst fragwürdig .;nd;nd;not of interest;ModPräd;;nd;nd;nd;nd;nd;nd;nd;nd;nd;nd;nd;nd;nd;nd;nd;nd;nd;nd;nd;nd;nd;nd
41;VVFIN;ADJD;produzieren;33;NZZ_1996_09_28_a87_seg6_s8;32;Full|3|Pl|Pres|Ind;Einiges spricht dafür , dass die Grünen nicht an der Freiheit der Konsumenten , ihre Stromversorger selbst auszuwählen , interessiert sind , sondern an einer Privilegierung von Unternehmen , die Strom ökologisch produzieren .;prozess;methodenorientiert;done;;frei;+;nd;+;nd;nd;+;nd;nd;nd;nd;nd;nd;nd;nd;nd;nd;nd;nd;nd;nd;nd;nd
42;VVPP;ADJD;vertreten;46;NZZ_1999_05_07_a179_seg6_s3;45;Full|-2;Zwar gehe der Bund zu Recht davon aus , dass die Mobilitätsbedürfnisse und damit die Nachfrage nach Lufttransportleistungen weiter zunehmen werden , doch enthalte der Entwurf die Aussage , dass sich ein zur Nachfrage paralleler Ausbau der Infrastruktur für die Luftfahrt weder ökonomisch noch ökologisch vertreten lasse .;proposition;Frameadverbial;done;;frei;nd;nd;nd;nd;nd;nd;nd;+;nd;+;nd;nd;nd;nd;nd;nd;nd;nd;nd;nd;nd;nd
43;VMFIN;ADJD;müssen;12;NZZ_1996_11_04_a38_seg3_s5;10;Mod|3|Pl|Pres|Ind;Produkte mit Bezeichnungen wie « biologisch » oder « ökologisch » müssen künftig strengen Anforderungen genügen .;nd;nd;not of interest;Objektsprache;;nd;nd;nd;nd;nd;nd;nd;nd;nd;nd;nd;nd;nd;nd;nd;nd;nd;nd;nd;nd;nd;nd
44;VVFIN;ADJD;lassen;4;NZZ_1994_09_03_a64_seg20_s8;9;Full|3|Pl|Pres|Ind;Unter diesen Umständen lassen sich Bedürfnisse und Wünsche ökologisch kaum sinnvoll lenken .;proposition;Frameadverbial;done;;frei;nd;nd;nd;nd;nd;nd;nd;+;nd;+;nd;nd;nd;nd;nd;nd;nd;nd;nd;nd;nd;nd
45;VVPP;ADJD;sehen;10;NZZ_1998_04_30_a45_seg9_s7;9;Full|Psp;Das Verhältnis dieser Pfeiler untereinander dürfe nicht nur ökologisch gesehen werden , sondern müsse auch gesamtwirtschaftlich Sinn machen .;prozess;rein;done;;notwendig;+;nd;+;+;nd;+;nd;nd;nd;nd;nd;nd;nd;nd;nd;nd;nd;nd;nd;nd;nd;nd
46;VVPP;ADJD;abfedern;18;NZZ_1998_08_31_a33_seg8_s22;16;Full|Psp;Die Grünen , entgegnete Wirz , hätten 1992 den EWR abgelehnt , weil jene Integration ökologisch nicht abgefedert gewesen sei .;proposition;Frameadverbial;done;;frei;nd;nd;nd;nd;nd;nd;nd;+;nd;+;nd;nd;nd;nd;nd;nd;nd;nd;nd;nd;nd;nd
47;VVPP;ADJD;sehen;23;NZZ_1996_06_25_a172_seg8_s1;22;Full|Psp;Für Luftfracht gilt , was auch für den Transport von Gütern mittels anderer Verkehrsträger zutrifft : Wie sinnvoll ist es , ökologisch gesehen , wenn das Glas einer Philips-Autolampe auf dem Seeweg aus den USA nach Aachen spediert , dort montiert , anschliessend auf dem Luftweg nach Japan transportiert und in den PKW eingesetzt wird , um im fertigen Produkt über den Pazifik am Ende wieder zurück nach Amerika zu gelangen ?;prozess;rein;done;Parenthese;notwendig;+;nd;+;+;nd;+;nd;nd;nd;nd;nd;nd;nd;nd;nd;nd;nd;nd;nd;nd;nd;nd
48;VVFIN;ADJD;aufwerten;32;NZZ_1995_11_22_a123_seg8_s1;31;Full|3|Sg|Pres|Ind;Das Projekt verfolgt mehrere Ziele : Die bei Hochwasser regelmässig überflutete Zone lässt eine Weichholzaue mit Weiden , Grauerlen und Pappeln erwarten , welche zusammen mit der Rohbodenflora diesen Limmatbereich ökologisch aufwertet .;prozess;methodenorientiert;done;ambig M/F;frei;+;nd;+;nd;nd;+;nd;nd;nd;nd;nd;nd;nd;nd;nd;nd;nd;nd;nd;nd;nd;nd
49;VVPP;ADJD;sehen;4;NZZ_1994_05_10_a82_seg11_s10;3;Full|Psp;Leidtragende dieses ökologisch gesehen völlig peripheren Verteilungskonflikts bleibt dann die Umwelt , weil man sich nie auf die « richtige » Staatsquote wird einigen können .;prozess;rein;done;;notwendig;+;nd;+;+;nd;+;nd;nd;nd;nd;nd;nd;nd;nd;nd;nd;nd;nd;nd;nd;nd;nd
50;VVPP;ADJD;nutzen;32;NZZ_1994_09_05_a82_seg12_s5;29;Full|Psp;Die Parkgebührenerhöhung wird als eine Art Lenkungsabgabe dargestellt , die dazu beitragen solle , dass das « rare Gut Parkplatz » ökonomisch ( und wohl vor allem auch ökologisch ) sinnvoll genutzt wird .;nd;nd;not of interest;ModADV;;nd;nd;nd;nd;nd;nd;nd;nd;nd;nd;nd;nd;nd;nd;nd;nd;nd;nd;nd;nd;nd;nd
51;VVINF;ADJD;bewältigen;16;NZZ_1995_09_11_a30_seg4_s12;14;Full|-2;Nur so seien wirtschaftliche Zuwachsraten von bis zu 10 Prozent jährlich in China ökologisch zu bewältigen , ebenso wie anderseits die in einigen Ländern Europas grassierende Jugendarbeitslosigkeit ( Frankreich 20 Prozent , Italien 40 Prozent ) .;prozess;methodenorientiert;done;ambig M/F;frei;+;nd;+;nd;nd;+;nd;nd;nd;nd;nd;nd;nd;nd;nd;nd;nd;nd;nd;nd;nd;nd
52;VVPP;ADJD;kritisieren;16;NZZ_1995_12_12_a20_seg3_s3;15;Full|Psp;Die Grünen haben das Programm von Romano Prodi sofort nach Bekanntgabe als zu wenig ökologisch kritisiert und bis Mitte Januar Verbesserungen verlangt .;nd;nd;not of interest;Vergleich;;nd;nd;nd;nd;nd;nd;nd;nd;nd;nd;nd;nd;nd;nd;nd;nd;nd;nd;nd;nd;nd;nd
53;VVPP;ADJD;leben;15;NZZ_1999_01_14_a159_seg4_s21;14;Full|Psp;Soziale Durchmischung , Solidarität , Integration und Mitbestimmung sind Schlagworte , nach denen ökologisch gelebt werden soll .;prozess;methodenorientiert;done;;frei;+;nd;+;nd;nd;+;nd;nd;nd;nd;nd;nd;nd;nd;nd;nd;nd;nd;nd;nd;nd;nd
54;VVFIN;ADJD;schädigen;23;NZZ_1997_08_27_a36_seg9_s4;22;Full|3|Sg|Pres|Ind;Jedenfalls nicht als Art , die schätzungsweise in 300 000 bis 600 000 freilebenden Exemplaren auf 37 Länder verteilt den Kontinent ökologisch schädigt oder bereichert .;proposition;Frameadverbial;done;;frei;nd;nd;nd;nd;nd;nd;nd;+;nd;+;nd;nd;nd;nd;nd;nd;nd;nd;nd;nd;nd;nd
55;VVFIN;ADJD;erweisen;20;NZZ_1995_07_21_a46_seg4_s3;26;Full|3|Pl|Past|Ind;In der ersten Öko-Bilanz für Bier- und Milchverpackungen , die Bundesumweltministerin Angela Merkel am Mittwoch in Bonn vorstellte , erwiesen sich Schlauchbeutel für Milch als ökologisch ebenbürtig .;nd;nd;not of interest;Vergleich;;nd;nd;nd;nd;nd;nd;nd;nd;nd;nd;nd;nd;nd;nd;nd;nd;nd;nd;nd;nd;nd;nd
56;VVFIN;ADJD;verhalten;3;NZZ_1995_10_20_a102_seg3_s11;7;Full|3|Pl|Pres|Ind;Die DPP-Pigmente verhalten sich nicht nur ökologisch vorteilhaft , sondern zeichnen sich auch durch ihre Leuchtkraft , Wetterbeständigkeit und lange Lebensdauer aus .;nd;nd;not of interest;ModADV;;nd;nd;nd;nd;nd;nd;nd;nd;nd;nd;nd;nd;nd;nd;nd;nd;nd;nd;nd;nd;nd;nd
57;VVIZU;ADJD;aufwerten;24;NZZ_1998_08_25_a156_seg4_s9;23;Full|zu;Inventare und Schutzverordnungen aller Stufen sowie ein kommunales Landschaftsentwicklungskonzept sind darauf ausgerichtet , insbesondere die landschaftstypischen Elemente zu erhalten , bestehende Lebensräume ökologisch aufzuwerten und die naturnahen Flächen zu vernetzen .;prozess;methodenorientiert;done;ambig M/F;frei;+;nd;+;nd;nd;+;nd;nd;nd;nd;nd;nd;nd;nd;nd;nd;nd;nd;nd;nd;nd;nd
58;VVFIN;ADJD;bergen;10;NZZ_1996_04_16_a27_seg6_s12;16;Full|3|Sg|Pres|Ind;Was für die Wirtschaftsbehörde eine ökonomische Notwendigkeit ist , birgt aus der Sicht von Umweltschützern ökologisch unkalkulierbare Risiken .;nd;nd;not of interest;ModADJ;;nd;nd;nd;nd;nd;nd;nd;nd;nd;nd;nd;nd;nd;nd;nd;nd;nd;nd;nd;nd;nd;nd
59;VVINF;ADJD;umbauen;19;NZZ_1999_07_14_a41_seg12_s9;18;Full|-2;Mit einer ökologischen Steuerreform und der Förderung « innovativer Wirtschaftszweige » will die SP zudem die Wirtschaft ökologisch umbauen .;prozess;methodenorientiert;done;;frei;+;nd;+;nd;nd;+;nd;nd;nd;nd;nd;nd;nd;nd;nd;nd;nd;nd;nd;nd;nd;nd
60;VVPP;ADJD;aufbessern;22;NZZ_1997_11_07_a177_seg4_s8;21;Full|Psp;Bauetappe von Alten bis Andelfingen wird der Hochwasserschutz auf eine Abflussmenge von 1450 Kubikmetern pro Sekunde ausgebaut und der Flusslauf ökologisch aufgebessert .;prozess;methodenorientiert;done;;frei;+;nd;+;nd;nd;+;nd;nd;nd;nd;nd;nd;nd;nd;nd;nd;nd;nd;nd;nd;nd;nd
61;VVPP;ADJD;verbessern;27;NZZ_1996_10_04_a32_seg2_s4;26;Full|Psp;Konkurrenz komme offenbar von chlorfrei gebleichten Papieren , da für die Kundschaft zuwenig klar sei , dass die Chlorfrei-Bleiche nur einen Teil der ganzen Produkteherstellung ökologisch verbessert habe .;prozess;methodenorientiert;done;;frei;+;nd;+;nd;nd;+;nd;nd;nd;nd;nd;nd;nd;nd;nd;nd;nd;nd;nd;nd;nd;nd
62;VVINF;ADJD;bewirtschaften;5;NZZ_1996_09_14_a222_seg4_s58;4;Full|-2;Ich will ihn ökologisch bewirtschaften .;prozess;methodenorientiert;done;;frei;+;nd;+;nd;nd;+;nd;nd;nd;nd;nd;nd;nd;nd;nd;nd;nd;nd;nd;nd;nd;nd
63;VVPP;ADJD;nehmen;31;NZZ_1996_09_21_a32_seg8_s3;13;Full|Psp;So habe der im Januar 1996 publizierte Bericht der Umweltorganisationen über die ökologisch auf zu grossem Fuss lebende Schweiz keinerlei Rücksicht auf die wirtschaftlichen und sozialen Folgen der publizierten Forderungen genommen und damit der Nachhaltigkeit keinen Dienst erwiesen .;proposition;Frameadverbial;done;;frei;nd;nd;nd;nd;nd;nd;nd;+;nd;+;nd;nd;nd;nd;nd;nd;nd;nd;nd;nd;nd;nd
64;VVFIN;ADJD;verbinden;29;NZZ_1995_05_31_a188_seg7_s6;22;Full|-2;Im harten Verdrängungswettbewerb haben die Unternehmen gute Chancen , die vermehrt ganzheitliche Lösungen anbieten , die den Produktelebenszyklus berücksichtigen und das ökologisch Machbare mit dem ökonomisch Sinnvollen geschickt verbinden .;nd;nd;not of interest;ModNP;;nd;nd;nd;nd;nd;nd;nd;nd;nd;nd;nd;nd;nd;nd;nd;nd;nd;nd;nd;nd;nd;nd
65;VVINF;ADJD;ausrichten;11;NZZ_1995_01_13_a48_seg5_s1;10;Full|-2;Ein Verfassungsartikel will festschreiben , dass sich die Landwirtschaft ökologisch ausrichten , wettbewerbsorientierter am Markt auftreten und den siedlungs- und landschaftsschützerischen Aufgaben gerecht werden soll .;prozess;rein;done;;notwendig;+;nd;+;+;nd;nd;nd;nd;nd;nd;nd;nd;nd;nd;nd;nd;nd;nd;nd;nd;nd;nd
66;VVFIN;ADJD;produzieren;25;;24;Full|-2; , Bern ) angeführte Minderheit nicht ein , weshalb nicht auch sogenannte Verwalterbetriebe in den Genuss von Zahlungen kommen sollten , wenn sie ökologisch produzieren .;prozess;methodenorientiert;done;unvollständiger Satz;frei;+;nd;+;nd;nd;+;nd;nd;nd;nd;nd;nd;nd;nd;nd;nd;nd;nd;nd;nd;nd;nd
67;VVPP;ADJD;aufwerten;18;NZZ_1997_04_19_a171_seg8_s11;17;Full|Psp;Während einige ausschliesslich technischen Zwecken , nämlich der Bewässerung der Spielbahnen , dienen , wurden andere ökologisch aufgewertet .;prozess;methodenorientiert;done;;frei;+;nd;+;nd;nd;+;nd;nd;nd;nd;nd;nd;nd;nd;nd;nd;nd;nd;nd;nd;nd;nd
68;VVINF;ADJD;bewirtschaften;14;NZZ_1998_09_08_a39_seg4_s16;13;Full|3|Pl|Pres|Ind;Davon würden von Bauernfamilien selbständig bewirtschaftete Betriebe profitieren , die das Land ökologisch bewirtschaften , welche die Tiere artgerecht halten und auf genmanipulierte Tiere und Antibiotika verzichten .;prozess;methodenorientiert;done;;frei;+;nd;+;nd;nd;+;nd;nd;nd;nd;nd;nd;nd;nd;nd;nd;nd;nd;nd;nd;nd;nd
69;VVFIN;ADJD;gehen;3;NZZ_1995_05_31_a188_seg7_s3;6;Full|3|Sg|Pres|Ind;Der Trend geht eindeutig zu ökologisch sinnvolleren Verpackungsarten , zu Monomaterialien , Gewichts- und Volumenreduktion sowie Mehrfachnutzung .;nd;nd;not of interest;ModADJ;;nd;nd;nd;nd;nd;nd;nd;nd;nd;nd;nd;nd;nd;nd;nd;nd;nd;nd;nd;nd;nd;nd
70;VVPP;ADJD;begleiten;41;NZZ_1997_07_02_a29_seg5_s4;40;Full|Psp;Es wird nur in den trockenen Sommermonaten ( Ende Mai bis Ende September ) und bei günstigen Witterungs- und Bodenverhältnissen gearbeitet , die Unternehmer erhalten Auflagen bei der Wahl geeigneter Baumaschinen ( Raupenfahrzeuge ) , und der Bau wird ökologisch begleitet .;prozess;methodenorientiert;done;;frei;+;nd;+;nd;nd;+;nd;nd;nd;nd;nd;nd;nd;nd;nd;nd;nd;nd;nd;nd;nd;nd
71;VVINF;ADJD;produzieren;20;NZZ_1996_01_12_a36_seg5_s4;19;Full|-2;Gute Voraussetzungen für die Umstellung haben nach Darstellung der Studienverfasserin Bettina Billmann Betriebe , die bereits andere Kulturen ökologisch produzieren oder die schon umfassende Kenntnisse über die geplanten Zierpflanzenkulturen haben .;prozess;methodenorientiert;done;;frei;+;nd;+;nd;nd;+;nd;nd;nd;nd;nd;nd;nd;nd;nd;nd;nd;nd;nd;nd;nd;nd
72;VVINF;ADJD;beurteilen;4;NZZ_1998_09_14_a85_seg9_s5;3;Full|-2;Wer Unternehmen ökologisch beurteilen will , bedient sich daher vorzugsweise eines Modells , das direkt auf die Analogie zum Stoff- und Energiehaushalt der Natur zurückgreift .;prozess;methodenorientiert;done;;frei;+;nd;+;nd;nd;+;nd;nd;nd;nd;nd;nd;nd;nd;nd;nd;nd;nd;nd;nd;nd;nd
73;VVFIN;ADJD;abgehen;25;NZZ_1996_01_26_a153_seg8_s9;20;Full|3|Sg|Pres|Ind;Und dessen Vorhersagen sind vielfältig , jedenfalls in guter prophetischer Tradition , und verleihen endzeitliche Gewissheit , die dem ökologisch wie kosmisch zerfallenden Weltbild abgeht .;nd;nd;not of interest;ModADJ;;nd;nd;nd;nd;nd;nd;nd;nd;nd;nd;nd;nd;nd;nd;nd;nd;nd;nd;nd;nd;nd;nd
74;VVFIN;ADJD;sprechen;18;NZZ_1999_06_08_a226_seg12_s1;17;Full|3|Pl|Pres|Ind;Nicht nur aus der Sicht der papierproduzierenden und -verbrauchenden Branchen ist das Recycling erwünscht , auch ökologisch sprechen gewichtige Gründe dafür .;proposition;Frameadverbial;done;;frei;nd;nd;nd;nd;nd;nd;nd;+;nd;+;nd;nd;nd;nd;nd;nd;nd;nd;nd;nd;nd;nd
75;VVFIN;ADJD;arbeiten;20;NZZ_1999_02_06_a39_seg5_s2;19;Full|3|Pl|Pres|Ind;« Selbstverständlich sind wir als Chemieunternehmen mit unserer Naturliebe nur glaubwürdig , wenn wir auch in der Produktion ökologisch arbeiten . »;prozess;methodenorientiert;done;;frei;+;nd;+;nd;nd;+;nd;nd;nd;nd;nd;nd;nd;nd;nd;nd;nd;nd;nd;nd;nd;nd
76;VMFIN;ADJD;wollen;3;NZZ_1995_12_22_a132_seg10_s9;5;Mod|1|Pl|Pres|Ind;Auch hier wollen wir ökologisch eine Pionierleistung erbringen .;prozess;methodenorientiert;done;;frei;+;nd;+;nd;nd;+;nd;nd;nd;nd;nd;nd;nd;nd;nd;nd;nd;nd;nd;nd;nd;nd
77;VVPP;ADJD;ermöglichen;12;NZZ_1993_08_18_a45_seg11_s2;10;Full|Psp;Damit wird ein aufrechterhaltbares Wirtschaftswachstum ( sustainable growth ) ökologisch erst ermöglicht .;proposition;Frameadverbial;done;;frei;nd;nd;nd;nd;nd;nd;nd;+;nd;+;nd;nd;nd;nd;nd;nd;nd;nd;nd;nd;nd;nd
78;VVINF;ADJD;wirtschaften;12;NZZ_1998_08_25_a46_seg6_s32;10;Full|-2;Mittlere und grössere Betriebe verlören den Anreiz , besonders ökologisch zu wirtschaften .;prozess;methodenorientiert;done;;frei;+;nd;+;nd;nd;+;nd;nd;nd;nd;nd;nd;nd;nd;nd;nd;nd;nd;nd;nd;nd;nd
79;VVFIN;ADJD;lassen;12;NZZ_1994_01_18_a71_seg3_s2;14;Full|3|Sg|Pres|Subj;Die Vorlage liege im nationalen Interesse , bringe mehr Effizienz , lasse sich ökologisch verantworten und schmälere die demokratischen Rechte in keiner Weise , hiess es am Montag an einer Pressekonferenz in Bern .;proposition;Frameadverbial;done;;frei;nd;nd;nd;nd;nd;nd;nd;+;nd;+;nd;nd;nd;nd;nd;nd;nd;nd;nd;nd;nd;nd
80;VVPP;ADJD;begründen;13;NZZ_1995_01_25_a53_seg32_s2;12;Full|Psp;Die Aufhebung hat keinen Einfluss auf den Verbrauch und kann nicht ökologisch begründet werden .;prozess;methodenorientiert;done;;frei;+;nd;+;nd;nd;+;nd;nd;nd;nd;nd;nd;nd;nd;nd;nd;nd;nd;nd;nd;nd;nd
81;VVINF;ADJD;vernetzen;46;NZZ_1999_02_06_a39_seg9_s12;44;Full|-2;Ausgehend vom bereits realisierten Naturpark auf dem Gelände des Gaswerks in Schlieren , versucht die Stiftung nun im Grenzgebiet der Kantone Aargau und Zürich eine ganze Reihe von Firmen für eine Renaturierung ihrer Areale zu gewinnen und so schliesslich grössere Teile des Limmattals ökologisch zu vernetzen .;prozess;methodenorientiert;done;;frei;+;nd;+;nd;nd;+;nd;nd;nd;nd;nd;nd;nd;nd;nd;nd;nd;nd;nd;nd;nd;nd
82;VVPP;ADJD;ausrichten;3;NZZ_1997_10_08_a114_seg8_s7;2;Full|Psp;Mehr ökologisch ausgerichtet sind der geplante Windpark beim denkmalgeschützten Fragment des einst weltgrössten Braunkohlekraftwerks Zschornewitz und transitorische Gärten in Tagebaurestlöchern , Gestaltungsexperimente zur Wiederbelebung der als verbraucht geltenden Landschaft .;prozess;rein;done;;notwendig;+;nd;+;+;nd;nd;nd;nd;nd;nd;nd;nd;nd;nd;nd;nd;nd;nd;nd;nd;nd;nd
83;VVFIN;ADJD;fließen;7;NZZ_1995_06_02_a71_seg11_s6;10;Full|3|Pl|Pres|Ind;Durch entsprechende Abschreibungen auf die Rohstoffbestände fliessen also automatisch ökologisch korrekte Werte auch in eine konventionell ausgestaltete VGR .;nd;nd;not of interest;ModADJ;;nd;nd;nd;nd;nd;nd;nd;nd;nd;nd;nd;nd;nd;nd;nd;nd;nd;nd;nd;nd;nd;nd
84;VVPP;ADJD;aufwerten;19;NZZ_1999_07_20_a177_seg5_s4;18;Full|Psp;Zudem sollen Feld und Flur durch die Umstellung auf biologisch-dynamischen Landbau mit naturgerechter Pflege und schonenden Anbaumethoden ökologisch aufgewertet werden .;prozess;methodenorientiert;done;;frei;+;nd;+;nd;nd;+;nd;nd;nd;nd;nd;nd;nd;nd;nd;nd;nd;nd;nd;nd;nd;nd
85;VVFIN;ADJD;bewerten;8;NZZ_1997_11_06_a45_seg3_s11;7;Full|Psp;"Die verschiedenen Materialien sind nach Punkten ökologisch bewertet : Brettschichtholz ist zum Beispiel « besser » als Spanplatten ; Kork , Naturfaserbeläge , aber auch Linoleum sind besser als synthetische Bodenbeläge usw.";prozess;methodenorientiert;done;;frei;+;nd;+;nd;nd;+;nd;nd;nd;nd;nd;nd;nd;nd;nd;nd;nd;nd;nd;nd;nd;nd
86;VVFIN;ADJD;plädieren;3;NZZ_1997_04_19_a45_seg4_s5;20;Full|3|Sg|Past|Ind;Die Regierung plädierte vergeblich für die Thermoselect-Anlage , die Umwelt- und Baudirektor Marco Borradori ( Lega ) als « ökologisch und ökonomisch beste Lösung » verteidigte .;nd;nd;not of interest;Vergleich;;nd;nd;nd;nd;nd;nd;nd;nd;nd;nd;nd;nd;nd;nd;nd;nd;nd;nd;nd;nd;nd;nd
87;VVFIN;ADJD;denken;30;NZZ_1994_01_08_a77_seg6_s4;40;Full|3|Sg|Pres|Subj;« Überbevölkerung » sei kaum ein sinnvoller Begriff , weder in wirtschaftlicher Hinsicht , wenn man etwa an die hohe Siedlungsdichte in den Niederlanden und die geringe in Brasilien denke ( 407 bzw. 18 Personen/km 2 ) , noch ökologisch , da die im « Norden » lebenden 22 Prozent der Menschheit 60 Prozent aller Nahrungsmittel und 70 Prozent der Energie verbrauchten .;proposition;Frameadverbial;done;;frei;nd;nd;nd;nd;nd;nd;nd;+;nd;+;nd;nd;nd;nd;nd;nd;nd;nd;nd;nd;nd;nd
88;VVFIN;ADJD;bauen;3;NZZ_1996_02_02_a220_seg4_s37;4;Full|3|Sg|Pres|Ind;Und drittens baut ökologisch , wer bis ins Detail mit hoher Qualität plant .;prozess;methodenorientiert;done;;frei;+;nd;+;nd;nd;+;nd;nd;nd;nd;nd;nd;nd;nd;nd;nd;nd;nd;nd;nd;nd;nd
89;VVFIN;ADJD;basieren;3;NZZ_1995_11_30_a184_seg6_s1;51;Full|3|Pl|Past|Ind;Minschs Ausführungen basierten auf der Feststellung , es sei davon auszugehen , dass mit steigendem Wohlstand die Bedeutung der Tourismusbranche zunehmen werde ( « zunehmende Einkommen gepaart mit zunehmender Freizeit drängen den Menschen geradezu in den Tourismus » ) , eine Globalisierung des zentraleuropäischen und des nordamerikanischen Freizeit- und Tourismusverhaltens ökologisch aber nicht tragbar sei .;nd;nd;not of interest;ModPräd;;nd;nd;nd;nd;nd;nd;nd;nd;nd;nd;nd;nd;nd;nd;nd;nd;nd;nd;nd;nd;nd;nd
90;VAFIN;ADJD;haben;49;NZZ_1998_08_14_a11_seg3_s3;44;Haben|3|Sg|Pres|Ind;Diese Meinung wurde am Mittwoch von Zoltan Illes , dem Vorsitzenden des parlamentarischen Ausschusses für Umweltschutz , wiederholt bei einem Besuch im Szigetköz , dem von Nebenarmen der Donau durchzogenen Gebiet am Südufer , das infolge der Umleitung des Flusses durch die Slowakei ökologisch am stärksten zu leiden hat .;proposition;Frameadverbial;done;;frei;nd;nd;nd;nd;nd;nd;nd;+;nd;+;nd;nd;nd;nd;nd;nd;nd;nd;nd;nd;nd;nd
91;VVPP;ADJD;überwachen;20;NZZ_1996_01_11_a61_seg10_s6;19;Full|Psp;"Die britische Regierung hat vor einem Jahr zugegeben , dass das Munitions- und Giftmüllager um den Beaufort-Graben nie ökologisch überwacht wurde ; es gibt also keine Basisdaten .";prozess;methodenorientiert;done;;frei;+;nd;+;nd;nd;+;nd;nd;nd;nd;nd;nd;nd;nd;nd;nd;nd;nd;nd;nd;nd;nd
92;VVFIN;ADJD;aufgehen;50;NZZ_1996_04_06_a45_seg7_s5;49;Full|3|Sg|Pres|Subj;Die von Mühleberg produzierten Überschüsse müssten von den Kunden subventioniert werden , und was auf den ersten Blick als bestechende Idee erscheine - die Umwandlung der « unrentablen sommerlichen Atomstromüberschüsse in lukrativen Winterstrom » durch Grimsel West - , münde in eine Rechnung , die weder ökonomisch noch ökologisch aufgehe .;prozess;methodenorientiert;done;;frei;+;nd;+;nd;nd;+;nd;nd;nd;nd;nd;nd;nd;nd;nd;nd;nd;nd;nd;nd;nd;nd
93;VVFIN;ADJD;erweisen;23;NZZ_1996_05_08_a42_seg5_s4;27;Full|3|Sg|Past|Ind;Die den Bauern zugedachten Subventionen mussten immer mehr für eine volkswirtschaftlich unsinnige Überschussverwertung eingesetzt werden , und die vom Bund begünstigte Intensivbewirtschaftung erwies sich auch als ökologisch fragwürdig .;nd;nd;not of interest;Vergleich;;nd;nd;nd;nd;nd;nd;nd;nd;nd;nd;nd;nd;nd;nd;nd;nd;nd;nd;nd;nd;nd;nd
94;VVFIN;ADJD;stattfinden;34;NZZ_1997_03_05_a26_seg10_s2;29;Full|3|Sg|Pres|Ind;"Die Grünen stehen zwar seit einiger Zeit im Schatten der SP ; gerade die Wahlen im Aargau und in Solothurn weisen klar darauf hin , dass ein Rücklauf ökologisch Bewegter ins sozialdemokratische Lager stattfindet .";nd;nd;not of interest;ModNP;;nd;nd;nd;nd;nd;nd;nd;nd;nd;nd;nd;nd;nd;nd;nd;nd;nd;nd;nd;nd;nd;nd
95;VVINF;ADJD;definieren;31;NZZ_1995_02_25_a220_seg9_s17;22;Full|-2;Ja , die deutsche Einheit ist wohl nur ein Fait divers einer viel umfassenderen Wende , einer Revolution , die man ökologisch , demographisch , kulturell , technologisch , verteilungspolitisch definieren kann , womit bekanntlich nicht viel gewonnen wäre .;prozess;methodenorientiert;done;;frei;+;nd;+;nd;nd;+;nd;nd;nd;nd;nd;nd;nd;nd;nd;nd;nd;nd;nd;nd;nd;nd
96;VVPP;ADJD;passieren;7;NZZ_1996_03_30_a222_seg10_s7;2;Full|3|Sg|Pres|Ind;Bevor ökologisch zum Beispiel wirklich etwas passiert , müssen erst einmal sämtliche Gross- und Kleinversuche abgewartet werden .;proposition;Frameadverbial;done;;frei;nd;nd;nd;nd;nd;nd;nd;+;nd;+;nd;nd;nd;nd;nd;nd;nd;nd;nd;nd;nd;nd
97;VVINF;ADJD;deklarieren;31;NZZ_1997_05_15_a147_seg13_s3;30;Full|-2;Die in der EU übliche Gleichsetzung von biologisch und ökologisch ist jedoch umstritten : Schweizer Bauern , die auf integrierte Produktion setzten , wollen ihre Produkte auch weiterhin als ökologisch deklarieren können .;nd;nd;not of interest;Vergleich;;nd;nd;nd;nd;nd;nd;nd;nd;nd;nd;nd;nd;nd;nd;nd;nd;nd;nd;nd;nd;nd;nd
98;VVIZU;ADJD;aufwerten;36;NZZ_1997_07_11_a138_seg3_s4;35;Full|zu;Eine für die Zukunft der Landwirtschaft in der Schweiz mustergültig breite Trägerschaft hat sich hier auf Initiative des WWF Zürich zum Projekt « Natur vom Puur im Rafzerfeld » zusammengetan , um die Region ökologisch aufzuwerten .;prozess;methodenorientiert;done;;frei;+;nd;+;nd;nd;+;nd;nd;nd;nd;nd;nd;nd;nd;nd;nd;nd;nd;nd;nd;nd;nd
99;VVPP;ADJD;absterben;23;NZZ_1995_12_19_a49_seg3_s2;22;Full|Psp;Der Fluss Zenn in Mittelfranken ist nach einem Grossbrand in einer Lagerhalle in Langenzenn auf einer Länge von fast 25 Kilometern ökologisch abgestorben .;proposition;Frameadverbial;done;;frei;nd;nd;nd;nd;nd;nd;nd;+;nd;+;nd;nd;nd;nd;nd;nd;nd;nd;nd;nd;nd;nd
100;VVINF;ADJD;bauen;3;NZZ_1996_02_02_a220_seg4_s35;2;Full|-2;Wer ökologisch bauen will , baut schlanker und verbaut weniger Masse .;prozess;methodenorientiert;done;;frei;+;nd;+;nd;nd;+;nd;nd;nd;nd;nd;nd;nd;nd;nd;nd;nd;nd;nd;nd;nd;nd
101;VVINF;ADJD;wirtschaften;45;NZZ_1994_08_20_a12_seg6_s5;43;Full|-2;In griffig formulierten Kapitelüberschriften setzt sie sich dafür ein , die Staatsquote zu senken , statt Leistung zu bestrafen , Deutschland zu modernisieren , statt die Zukunft zu blockieren , die Verwaltung zu straffen , statt die Bürokratie zu vermehren , und ökologisch zu wirtschaften , statt die Wirtschaft zu strangulieren .;prozess;methodenorientiert;done;;frei;+;nd;+;nd;nd;+;nd;nd;nd;nd;nd;nd;nd;nd;nd;nd;nd;nd;nd;nd;nd;nd
102;VVINF;ADJD;leisten;36;NZZ_1993_08_02_a154_seg3_s4;35;Full|-2;Auf die heutige , wegen der grossen Arbeitslosigkeit für viele schwierige Zeit eingehend , meinte der Polizei- und Militärdirektor des Kantons Zürich , wir müssten uns überlegen , welchen Lebensstandard wir uns in Zukunft ökologisch leisten könnten und ökonomisch leisten wollten und wieviel wir persönlich bereit seien , dafür beizutragen .;proposition;Frameadverbial;done;;frei;nd;nd;nd;nd;nd;nd;nd;+;nd;+;nd;nd;nd;nd;nd;nd;nd;nd;nd;nd;nd;nd
103;VVINF;ADJD;überzeugen;17;NZZ_1997_04_03_a53_seg14_s3;15;Full|-2;Um sich eine Marktposition im Energiesektor zu sichern , genügt es nicht , nur ökologisch zu überzeugen , auch die wirtschaftliche Konkurrenzfähigkeit muss gewährleistet sein .;prozess;methodenorientiert;done;;frei;+;nd;+;nd;nd;+;nd;nd;nd;nd;nd;nd;nd;nd;nd;nd;nd;nd;nd;nd;nd;nd
104;VVINF;ADJD;nutzen;17;NZZ_1995_12_21_a162_seg4_s16;14;Full|-2;Die Fernwärme biete indes die Möglichkeit , die in der Kehrichtverbrennung erzeugte Wärme ökologisch sinnvoll zu nutzen , indem einige tausend Ölheizungen eingespart werden könnten , betonte der Grüne Christoph Hug .;nd;nd;not of interest;ModADV;;nd;nd;nd;nd;nd;nd;nd;nd;nd;nd;nd;nd;nd;nd;nd;nd;nd;nd;nd;nd;nd;nd
105;VVINF;ADJD;produzieren;18;NZZ_1994_12_19_a49_seg6_s4;17;Full|3|Pl|Pres|Ind;Gefragt sei deshalb eine neue Agrarpolitik , die Hämmerle allerdings nur mit Schlagworten , wie « ökologisch produzieren » , « mehr Markt oder marktnäher » , und den Forderungen nach tieferen Konsumentenpreisen und reellen Überlebenschancen zu umreissen vermochte .;prozess;methodenorientiert;done;Quotation;frei;+;nd;+;nd;nd;+;nd;nd;nd;nd;nd;nd;nd;nd;nd;nd;nd;nd;nd;nd;nd;nd
106;VVFIN;ADJD;fischen;13;NZZ_1995_01_24_a41_seg12_s11;10;Full|3|Pl|Pres|Ind;Es wäre verfehlt , ausgerechnet jenen Parteien , die ökologisch im trüben fischen , einen fetten Hasen in die Wahlpfanne zu jagen .;proposition;Frameadverbial;done;;frei;nd;nd;nd;nd;nd;nd;nd;+;nd;+;nd;nd;nd;nd;nd;nd;nd;nd;nd;nd;nd;nd
107;VMFIN;ADJD;können;3;NZZ_1994_02_15_a75_seg2_s2;28;Mod|3|Sg|Pres|Ind;"Solches Tun kann man nicht anders als groben Unfug bezeichnen , der allen ökonomischen und ökologischen Prinzipien zuwiderläuft : ökonomisch , weil sinnlos Werte vernichtet werden ; ökologisch , weil mit den Abfällen die Umwelt belastet und graue Energie vernichtet wird .";nd;nd;not of interest;ModNP;;nd;nd;nd;nd;nd;nd;nd;nd;nd;nd;nd;nd;nd;nd;nd;nd;nd;nd;nd;nd;nd;nd
108;VVPP;ADJD;anzeigen;11;NZZ_1995_05_03_a40_seg7_s4;10;Full|Psp;Die jetzige Subventionierung ist , obwohl finanziell kostspielig , ökologisch angezeigt .;prozess;methodenorientiert;done;;frei;+;nd;+;nd;nd;+;nd;nd;nd;nd;nd;nd;nd;nd;nd;nd;nd;nd;nd;nd;nd;nd
109;VMFIN;ADJD;sollen;9;NZZ_1996_03_20_a40_seg34_s2;11;Mod|3|Sg|Past|Ind;Man kann zwar nachwachsende Rohstoffe fördern , doch sollte dies ökologisch geschehen : Der Energieinput sollte nicht grösser sein als der Energieoutput .;prozess;methodenorientiert;done;;frei;+;nd;+;nd;nd;+;nd;nd;nd;nd;nd;nd;nd;nd;nd;nd;nd;nd;nd;nd;nd;nd
110;VVINF;ADJD;rechtfertigen;8;NZZ_1998_06_10_a85_seg10_s2;6;Full|-2;Sie seien weder finanzwissenschaftlich noch ökologisch zu rechtfertigen , betont er .;prozess;methodenorientiert;done;ambig M/F;frei;+;nd;+;nd;nd;+;nd;nd;nd;nd;nd;nd;nd;nd;nd;nd;nd;nd;nd;nd;nd;nd
111;VVPP;ADJD;aufwerten;16;NZZ_1997_02_10_a38_seg3_s10;15;Full|Psp;Mit den Plänen wird aufgezeigt , wo und mit welchen Massnahmen die Landschaft wieder ökologisch aufgewertet werden kann .;prozess;methodenorientiert;done;;frei;+;nd;+;nd;nd;+;nd;nd;nd;nd;nd;nd;nd;nd;nd;nd;nd;nd;nd;nd;nd;nd
112;VVFIN;ADJD;versehen;13;NZZ_1995_06_28_a221_seg2_s15;18;Full|Psp;Aus Biopol bestehen zum Beispiel Shampoo- Flaschen oder Gehäuse von Wegwerfrasierzeug : versehen mit dem Gütesiegel « ökologisch abbaubar » , weil Kompostbakterien den Kunststoff verdauen können .;nd;nd;not of interest;ModPräd;;nd;nd;nd;nd;nd;nd;nd;nd;nd;nd;nd;nd;nd;nd;nd;nd;nd;nd;nd;nd;nd;nd
113;VVPP;ADJD;aufwerten;34;NZZ_1999_09_22_a202_seg14_s5;33;Full|Psp;Im Kanton Bern gibt es bereits in 60 von 300 Gemeinden solche LEK - etwa im Gürbetal , wo die ausgedehnten Ackerbauflächen alle 300 Meter durch Streifen mit Buntbrache unterbrochen und damit ökologisch aufgewertet werden sollen .;prozess;methodenorientiert;done;;frei;+;nd;+;nd;nd;+;nd;nd;nd;nd;nd;nd;nd;nd;nd;nd;nd;nd;nd;nd;nd;nd
114;VVFIN;ADJD;nennen;7;NZZ_1998_01_16_a211_seg2_s1;9;Full|3|Sg|Pres|Ind;Der Bundesrat plant eine Steuerreform und nennt sie ökologisch .;prozess;rein;done;;notwendig;+;nd;+;+;nd;nd;nd;nd;nd;nd;nd;nd;nd;nd;nd;nd;nd;nd;nd;nd;nd;nd
115;VVPP;ADJD;kippen;17;NZZ_1995_05_22_a64_seg4_s1;15;Full|Psp;T. K. Rom , im Mai Verschwinden noch mehr Fische , ist das Mittelmeer ökologisch bereits gekippt , stirbt es langsam ab ?;proposition;Frameadverbial;done;;frei;nd;nd;nd;nd;nd;nd;nd;+;nd;+;nd;nd;nd;nd;nd;nd;nd;nd;nd;nd;nd;nd
116;VVIZU;ADJD;aufwerten;18;NZZ_1999_03_12_a43_seg6_s2;17;Full|zu;Zwar hat sich die Stiftung « Natur & Wirtschaft » zum Ziel gesetzt , 1000 Firmenareale ökologisch aufzuwerten und dadurch schätzungsweise rund 25 Quadratkilometer als wertvollen Lebensraum zurückzugewinnen .;prozess;methodenorientiert;done;;frei;+;nd;+;nd;nd;+;nd;nd;nd;nd;nd;nd;nd;nd;nd;nd;nd;nd;nd;nd;nd;nd
117;VVFIN;ADJD;optimieren;13;NZZ_1999_07_06_a46_seg6_s6;12;Full|3|Pl|Pres|Ind;Mittels dieser Abgabe würden diejenigen finanziell belohnt , welche ihre Anlagen ökologisch optimieren , was heute nicht der Fall ist .;prozess;methodenorientiert;done;;frei;+;nd;+;nd;nd;+;nd;nd;nd;nd;nd;nd;nd;nd;nd;nd;nd;nd;nd;nd;nd;nd
118;VVINF;ADJD;zufließen;12;NZZ_1998_02_03_a185_seg9_s17;9;Full|-2;Gebühren müssen kostendeckend sein , Subventionen dürfen nur ökologisch unschädlichen Aktivitäten zufliessen .;nd;nd;not of interest;ModADJ;;nd;nd;nd;nd;nd;nd;nd;nd;nd;nd;nd;nd;nd;nd;nd;nd;nd;nd;nd;nd;nd;nd
119;VVPP;ADJD;optimieren;26;NZZ_1998_09_19_a118_seg25_s9;25;Full|Psp;So könnte eine Energiewende eingeleitet werden , die keine unnötigen Kosten verursacht und daher ohne Marktaufspaltung auskommt und trotzdem - oder gerade deswegen - ökologisch optimiert ist , d. h. das Gesamtziel der Nachhaltigkeit im Auge hat .;nd;nd;not of interest;ModPräd;;nd;nd;nd;nd;nd;nd;nd;nd;nd;nd;nd;nd;nd;nd;nd;nd;nd;nd;nd;nd;nd;nd
120;VVPP;ADJD;gleichstellen;7;NZZ_1997_08_18_a25_seg10_s3;6;Full|Psp;Mehrwegpackungen und rezyklierte Einwegpackungen müssten ökologisch gleichgestellt werden .;prozess;methodenorientiert;done;;frei;+;nd;+;nd;nd;+;nd;nd;nd;nd;nd;nd;nd;nd;nd;nd;nd;nd;nd;nd;nd;nd
121;VVPP;ADJD;begründen;17;NZZ_1995_12_04_a39_seg9_s1;16;Full|Psp;Das Begehren der Gaswirtschaft , Erdgas zu motorischen Zwecken steuerlich zu privilegieren , wird zwar ökologisch begründet , hat aber in erster Linie ökonomische Hintergründe .;nd;nd;not of interest;ModADV;;nd;nd;nd;nd;nd;nd;nd;nd;nd;nd;nd;nd;nd;nd;nd;nd;nd;nd;nd;nd;nd;nd
122;VVPP;ADJD;aufwerten;19;NZZ_1997_04_19_a171_seg8_s5;18;Full|Psp;In einer zweiten Phase untersuchte man , teilweise unter Beizug von Spezialisten , wie Lebensräume erhalten und ökologisch aufgewertet werden können .;prozess;methodenorientiert;done;;frei;+;nd;+;nd;nd;+;nd;nd;nd;nd;nd;nd;nd;nd;nd;nd;nd;nd;nd;nd;nd;nd
123;VVFIN;ADJD;sehen;3;NZZ_1994_03_18_a78_seg3_s11;2;Full|3|Sg|Pres|Ind;Auch ökologisch sieht die Bilanz nicht so schlecht aus : Die überzähligen Marken werden nicht etwa « vernichtet » , sondern der Wiederverwertung ( Altpapier ) zugeführt .;proposition;Frameadverbial;done;;frei;nd;nd;nd;nd;nd;nd;nd;+;nd;+;nd;nd;nd;nd;nd;nd;nd;nd;nd;nd;nd;nd
124;VVFIN;ADJD;schneiden;3;NZZ_1998_03_05_a256_seg2_s12;2;Full|3|Sg|Pres|Ind;Rein ökologisch schneidet das Transportmittel Auto , wie ein Artikel in dieser Beilage überzeugend nachweist , bei vergleichbarer Auslastung gegenüber der Eisenbahn nämlich durchaus nicht so schlecht ab , wie immer wieder suggeriert wird .;proposition;Frameadverbial;done;;frei;nd;nd;nd;nd;nd;nd;nd;+;nd;+;nd;nd;nd;nd;nd;nd;nd;nd;nd;nd;nd;nd
125;VVPP;ADJD;erzeugen;11;NZZ_1995_09_01_a144_seg13_s2;10;Full|Psp;« Bidone » führt italienische Spezialitäten , die grösstenteils ökologisch erzeugt werden , so zum Beispiel der Marke « Tre Mulini » .;prozess;methodenorientiert;done;;frei;+;nd;+;nd;nd;+;nd;nd;nd;nd;nd;nd;nd;nd;nd;nd;nd;nd;nd;nd;nd;nd
126;VVFIN;ADJD;handeln;37;NZZ_1997_02_04_a78_seg12_s13;35;Full|3|Pl|Pres|Ind;So , wie heute Regierungen , denen es nicht gelingt , makroökonomische Stabilität und Standortattraktivität zu realisieren , auf ihre Staatsschuld höhere Zinsen zahlen müssen , werden möglicherweise in Zukunft Regierungen , die nicht ökologisch effizient handeln , mit höheren Risikoprämien auf den Kapitalmärkten rechnen müssen .;nd;nd;not of interest;ModADV;;nd;nd;nd;nd;nd;nd;nd;nd;nd;nd;nd;nd;nd;nd;nd;nd;nd;nd;nd;nd;nd;nd
127;VVPP;ADJD;produzieren;15;NZZ_1994_06_14_a143_seg40_s21;14;Full|Psp;@ 168 a des Landwirtschaftsgesetzes berechtigt zum Bezug von Subventionen , wer besonders ökologisch produziert .;prozess;methodenorientiert;done;;frei;+;nd;+;nd;nd;+;nd;nd;nd;nd;nd;nd;nd;nd;nd;nd;nd;nd;nd;nd;nd;nd
128;VVPP;ADJD;gefährden;15;NZZ_1998_11_20_a155_seg3_s2;13;Full|Psp;Die internationale Bodensee-Konferenz wurde 1972 gegründet , als der zweitgrösste Binnensee Europas ökologisch akut gefährdet war .;nd;nd;not of interest;ModPräd;;nd;nd;nd;nd;nd;nd;nd;nd;nd;nd;nd;nd;nd;nd;nd;nd;nd;nd;nd;nd;nd;nd
129;VVINF;ADJD;aufrüsten;25;NZZ_1999_08_20_a169_seg12_s7;24;Full|-2;So will zum Beispiel die Credit Suisse , deren Dachwildnis auf dem Üetlihof seinerzeit noch fast provokativ wirkte , künftig alle Filialen « ökologisch aufrüsten » .;prozess;methodenorientiert;done;;frei;+;nd;+;nd;nd;+;nd;nd;nd;nd;nd;nd;nd;nd;nd;nd;nd;nd;nd;nd;nd;nd
130;VVFIN;ADJD;funktionieren;6;NZZ_1995_04_07_a213_seg3_s23;7;Full|3|Sg|Pres|Ind;Dieser innere , massive Kern funktioniert ökologisch sinnvoll auch als Wärmespeichermasse .;nd;nd;not of interest;ModADV;;nd;nd;nd;nd;nd;nd;nd;nd;nd;nd;nd;nd;nd;nd;nd;nd;nd;nd;nd;nd;nd;nd
131;VVFIN;ADJD;liegen;2;NZZ_1996_12_12_a158_seg33_s9;12;Full|3|Sg|Pres|Ind;Es liegt ein in jeder Beziehung gutes Projekt vor - auch ökologisch .;proposition;Frameadverbial;done;;frei;nd;nd;nd;nd;nd;nd;nd;+;nd;+;nd;nd;nd;nd;nd;nd;nd;nd;nd;nd;nd;nd
132;VVINF;ADJD;wirtschaften;31;NZZ_1996_01_27_a111_seg1_s22;26;Full|-2;Vielmehr täten die in die Diskussion involvierten Kreise gut daran , unvoreingenommen nach Rahmenbedingungen zu suchen , die auch die Landwirte dazu anhalten , sowohl ökologisch als auch ökonomisch zu wirtschaften - wie man es heute von jedem anderen Unternehmer erwarten darf .;prozess;methodenorientiert;done;;frei;+;nd;+;nd;nd;+;nd;nd;nd;nd;nd;nd;nd;nd;nd;nd;nd;nd;nd;nd;nd;nd
133;VVIZU;ADJD;aufwerten;13;NZZ_1994_01_12_a24_seg5_s6;12;Full|zu;In beiden Fällen wird aber vom Bauherrn verlangt , die Ausleitungsstrecke ökologisch aufzuwerten und zu revitalisieren .;prozess;methodenorientiert;done;;frei;+;nd;+;nd;nd;+;nd;nd;nd;nd;nd;nd;nd;nd;nd;nd;nd;nd;nd;nd;nd;nd
134;VVINF;ADJD;ausrichten;17;NZZ_1995_02_10_a43_seg3_s1;16;Full|-2;Der am 12. März zur Abstimmung gelangende Agrarverfassungsartikel will festschreiben , dass die Landwirtschaft sich ökologisch ausrichten , wettbewerbsorientierter am Markt auftreten und den siedlungs- und landschaftsschützerischen Herausforderungen gerecht werden soll .;prozess;rein;done;;notwendig;+;nd;+;+;nd;nd;nd;nd;nd;nd;nd;nd;nd;nd;nd;nd;nd;nd;nd;nd;nd;nd
135;VVFIN;ADJD;denken;35;NZZ_1999_01_27_a200_seg4_s5;34;Full|3|Pl|Pres|Ind;Mit den Slogans « Muff raus , Freude rein » und « Wir lieben das Leben » wollen die Grünen neue Wählerschichten ansprechen , vor allem belesene Menschen und junge Familien , die ökologisch denken , aber nicht oft an die Urne gehen .;prozess;methodenorientiert;done;;frei;+;nd;+;nd;nd;+;nd;nd;nd;nd;nd;nd;nd;nd;nd;nd;nd;nd;nd;nd;nd;nd
136;VVPP;ADJD;geraten|raten;10;NZZ_1995_07_06_a121_seg3_s7;7;Full|Psp;Das Kaspische Meer , auch es ökologisch in Unordnung geraten , steigt aus nicht geklärten Gründen mehr und mehr an und holt sich das Delta des Stroms , wo es einst von Stören wimmelte , zurück .;proposition;Frameadverbial;done;;frei;nd;nd;nd;nd;nd;nd;nd;+;nd;+;nd;nd;nd;nd;nd;nd;nd;nd;nd;nd;nd;nd
137;VVFIN;ADJD;gelten;2;NZZ_1999_10_30_a245_seg21_s2;7;Full|3|Sg|Pres|Ind;Dies gilt selbst für scheinbar rein ökologisch begründete Massnahmen wie das eingangs erwähnte Embargo der USA gegen mexikanischen Thunfisch ( vgl. Textkasten ) .;nd;nd;not of interest;ModADJ;;nd;nd;nd;nd;nd;nd;nd;nd;nd;nd;nd;nd;nd;nd;nd;nd;nd;nd;nd;nd;nd;nd
138;VVIZU;ADJD;aufwerten;16;NZZ_1996_03_23_a178_seg3_s6;15;Full|zu;"Zwar sei es möglich , landwirtschaftlich intensiv genutzte Gebiete mit dem Bau eines Golfplatzes ökologisch aufzuwerten ; von einem Naturschutzgebiet könne aber gleichwohl nie gesprochen werden .";prozess;methodenorientiert;done;;frei;+;nd;+;nd;nd;+;nd;nd;nd;nd;nd;nd;nd;nd;nd;nd;nd;nd;nd;nd;nd;nd
139;VVFIN;ADJD;schädigen;13;NZZ_1995_11_11_a52_seg18_s3;12;Full|3|Sg|Pres|Ind;Auf fremdes Territorium greift aber auch über , wer seine Nachbarn ökologisch schädigt - oder gefährdet .;prozess;methodenorientiert;done;;frei;+;nd;+;nd;nd;+;nd;nd;nd;nd;nd;nd;nd;nd;nd;nd;nd;nd;nd;nd;nd;nd
140;VVFIN;ADJD;sehen;9;NZZ_1995_01_04_a30_seg6_s1;10;Full|3|Pl|Pres|Ind;Den bisher wichtigsten umweltpolitischen Beitrag der Administration Clinton sehen ökologisch engagierte Amerikaner in der Wiederaufnahme der Zahlungen an den Uno-Bevölkerungsfonds und an die International Planned Parenthood Federation , die unter Reagan mit Rücksicht auf religiös-konservative Wählerschichten ausgesetzt worden waren .;nd;nd;not of interest;ModADJ;;nd;nd;nd;nd;nd;nd;nd;nd;nd;nd;nd;nd;nd;nd;nd;nd;nd;nd;nd;nd;nd;nd
141;VVFIN;ADJD;wirtschaften;3;NZZ_1998_02_11_a158_seg2_s1;5;Full|3|Pl|Pres|Ind;Zürcher Bauern wirtschaften heute ökologisch;prozess;methodenorientiert;done;;frei;+;nd;+;nd;nd;+;nd;nd;nd;nd;nd;nd;nd;nd;nd;nd;nd;nd;nd;nd;nd;nd
142;VVPP;ADJD;aufwerten;12;NZZ_1996_03_16_a159_seg2_s5;11;Full|Psp;Des weiteren müssten die Schutzgebiete am Rande des Geländes rasch ökologisch aufgewertet werden , das heisst , Naturschutzgebiete sollen vernetzt und Glattalläufe revitalisiert werden .;prozess;methodenorientiert;done;;frei;+;nd;+;nd;nd;+;nd;nd;nd;nd;nd;nd;nd;nd;nd;nd;nd;nd;nd;nd;nd;nd
143;VVFIN;ADJD;entwerfen;6;NZZ_1998_05_14_a136_seg3_s1;7;Full|3|Sg|Pres|Ind;Das britisch-tschechische Architekturbüro Future Systems entwirft ökologisch ausgetüftelte Architektur : In den letzten Jahren entwickelten die Architekten eine Reihe von Vorschlägen für Energie- autarke Bürokomplexe .;nd;nd;not of interest;ModADJ;;nd;nd;nd;nd;nd;nd;nd;nd;nd;nd;nd;nd;nd;nd;nd;nd;nd;nd;nd;nd;nd;nd
144;VVFIN;ADJD;verhalten;3;NZZ_1999_03_11_a181_seg7_s1;2;Full|3|Pl|Pres|Ind;Wie ökologisch verhalten sich Christen ?;prozess;methodenorientiert;done;;frei;+;nd;+;nd;nd;+;nd;nd;nd;nd;nd;nd;nd;nd;nd;nd;nd;nd;nd;nd;nd;nd
145;VVFIN;ADJD;warnen;5;NZZ_1995_11_30_a184_seg6_s5;17;Full|3|Sg|Past|Ind;Diese Situation , so warnte Minsch , lasse sich längerfristig nicht aufrechterhalten , weder ökonomisch noch ökologisch .;proposition;Frameadverbial;done;;frei;nd;nd;nd;nd;nd;nd;nd;+;nd;+;nd;nd;nd;nd;nd;nd;nd;nd;nd;nd;nd;nd
146;VVFIN;ADJD;kommen;7;NZZ_1994_02_24_a27_seg7_s1;29;Full|3|Sg|Past|Ind;In der Debatte über das Grundsatzprogramm kam es zu einer überraschend hitzigen Diskussion über die Frage der Erweiterung des klassischen Begriffes der sozialen Marktwirtschaft durch das zusätzliche Beiwort ökologisch .;nd;nd;not of interest;Objektsprache;;nd;nd;nd;nd;nd;nd;nd;nd;nd;nd;nd;nd;nd;nd;nd;nd;nd;nd;nd;nd;nd;nd
147;VVFIN;ADJD;erhalten;6;NZZ_1999_01_28_a123_seg3_s3;7;Full|3|Pl|Pres|Ind;Durch die Einrichtung der Börsen erhalten ökologisch ausgerichtete Konsumenten die Möglichkeit , zu einem erhöhten Preis von den lokalen Elektrizitätswerken Strom zu beziehen , der durch Photovoltaik-Anlagen produziert worden ist .;nd;nd;not of interest;ModADJ;;nd;nd;nd;nd;nd;nd;nd;nd;nd;nd;nd;nd;nd;nd;nd;nd;nd;nd;nd;nd;nd;nd
148;VVPP;ADJD;aufwerten;18;NZZ_1999_08_21_a198_seg7_s2;17;Full|Psp;Erhalten bleiben wird lediglich die Weiher-Landschaft , die dafür , in Zusammenarbeit mit einem Biologen , ökologisch aufgewertet werden soll .;prozess;methodenorientiert;done;;frei;+;nd;+;nd;nd;+;nd;nd;nd;nd;nd;nd;nd;nd;nd;nd;nd;nd;nd;nd;nd;nd
149;VVPP;ADJD;vernetzen;25;NZZ_1997_12_13_a131_seg2_s2;21;Full|Psp;"Es heisse von der Welt , dass sie ein global village geworden sei ; medial , technologisch , ökonomisch und ökologisch durch vielfältige Interdependenzen vernetzt .";proposition;Frameadverbial;done;;frei;nd;nd;nd;nd;nd;nd;nd;+;nd;+;nd;nd;nd;nd;nd;nd;nd;nd;nd;nd;nd;nd
150;VVPP;ADJD;vermarkten;18;NZZ_1997_09_23_a25_seg3_s1;16;Full|Psp;Produkte aus kontrolliertem biologischem Landbau können unter der geschützten Bezeichnung « biologisch » oder « ökologisch » vermarktet werden .;nd;nd;not of interest;Objektsprache;;nd;nd;nd;nd;nd;nd;nd;nd;nd;nd;nd;nd;nd;nd;nd;nd;nd;nd;nd;nd;nd;nd
151;VVPP;ADJD;gefährden;25;NZZ_1996_02_22_a133_seg1_s3;23;Full|Psp;Saro-Wiwa hatte sich für den Erhalt der Lebensgrundlagen seines Volkes , der südnigerianischen Ogoni , eingesetzt , deren Stammesgebiet durch die Erdölförderung ökologisch massiv gefährdet ist .;proposition;Frameadverbial;done;;frei;nd;nd;nd;nd;nd;nd;nd;+;nd;+;nd;nd;nd;nd;nd;nd;nd;nd;nd;nd;nd;nd
152;VVPP;ADJD;motivieren;15;NZZ_1995_10_05_a86_seg10_s1;14;Full|Psp;Die Entwicklung neuer Stoffe und neuer Gemische für Verbrennungsmotoren ist heute praktisch ausschliesslich ökologisch motiviert .;nd;nd;not of interest;ModPräd;;nd;nd;nd;nd;nd;nd;nd;nd;nd;nd;nd;nd;nd;nd;nd;nd;nd;nd;nd;nd;nd;nd
153;VVPP;ADJD;nutzen;14;NZZ_1996_03_09_a173_seg3_s12;13;Full|Psp;Der Bülacher Wald ( 613 ha ) liefert genügend Energieholz , das ökologisch genutzt werden kann .;prozess;methodenorientiert;done;;frei;+;nd;+;nd;nd;+;nd;nd;nd;nd;nd;nd;nd;nd;nd;nd;nd;nd;nd;nd;nd;nd
154;VMFIN;ADJD;können;3;NZZ_1997_12_06_a230_seg3_s8;5;Mod|3|Sg|Pres|Ind;Goldschmidts Leidenschaft kann sich ökologisch legitimieren : Wie hoch war die Belastbarkeit des Ökosystems in diesem See bei zunehmender Ausbeutung und grossangelegter , mit europäischer Technik ausgestatteter Fischerei ?;prozess;methodenorientiert;done;;frei;+;nd;+;nd;nd;+;nd;nd;nd;nd;nd;nd;nd;nd;nd;nd;nd;nd;nd;nd;nd;nd
155;VMFIN;ADJD;wollen;7;NZZ_1996_04_03_a34_seg6_s3;10;Mod|3|Sg|Past|Ind;"Der Wirtschaftsteil weiss : « Calida wollte den Schweizern ökologisch an die Unterwäsche ; das ging in die Hosen . »";proposition;Frameadverbial;done;;frei;nd;nd;nd;nd;nd;nd;nd;+;nd;+;nd;nd;nd;nd;nd;nd;nd;nd;nd;nd;nd;nd
156;VVFIN;ADJD;liegen;9;NZZ_1998_09_05_a33_seg1_s25;11;Full|3|Sg|Pres|Ind;Die EU will nun die 28-Tonnen-Limite knacken und liegt damit ökologisch gar nicht so falsch .;proposition;Frameadverbial;done;;frei;nd;nd;nd;nd;nd;nd;nd;+;nd;+;nd;nd;nd;nd;nd;nd;nd;nd;nd;nd;nd;nd
157;VVINF;ADJD;säubern;16;NZZ_1993_02_01_a48_seg6_s4;10;Full|-2;Das heisst , es lohnt sich weder finanziell noch ökologisch , einzelne Abfallfraktionen weiter zu säubern , wenn für die dabei anfallenden Materialien trotz ihrer Reinheit kein Absatzmarkt besteht und sie letztlich doch auf eine Deponie verbracht werden müssen .;proposition;Frameadverbial;done;;frei;nd;nd;nd;nd;nd;nd;nd;+;nd;+;nd;nd;nd;nd;nd;nd;nd;nd;nd;nd;nd;nd
158;VVPP;ADJD;verkaufen;11;NZZ_1999_09_23_a184_seg3_s5;10;Full|Psp;Ein Bauer konterte , wenn das Projekt heute als ökologisch verkauft werde , sei das eine Schande .;nd;nd;not of interest;Vergleich;;nd;nd;nd;nd;nd;nd;nd;nd;nd;nd;nd;nd;nd;nd;nd;nd;nd;nd;nd;nd;nd;nd
159;VVPP;ADJD;sehen;8;NZZ_1996_05_29_a199_seg16_s6;7;Full|Psp;Die Wärmeabgabe aus Kraftwerken ist auch ökologisch gesehen eine sinnvolle Massnahme .;prozess;rein;done;;notwendig;+;nd;+;+;nd;+;nd;nd;nd;nd;nd;nd;nd;nd;nd;nd;nd;nd;nd;nd;nd;nd
160;VVINF;ADJD;sensibilisieren;30;NZZ_1999_07_31_a137_seg7_s19;29;Full|3|Pl|Pres|Ind;Oder in Sidi Kaouki , südlich von Essaouira , wo ENDA Maghreb mit der Anlage dreier Arganien- , Öl- und Mandelbaumschulen ein Modellprojekt lanciert , das die Schüler ökologisch sensibilisieren und die Eltern als kompetente Ansprechpartner mit einbeziehen soll .;proposition;Frameadverbial;done;;frei;nd;nd;nd;nd;nd;nd;nd;+;nd;+;nd;nd;nd;nd;nd;nd;nd;nd;nd;nd;nd;nd
161;VVIZU;ADJD;aufwerten;27;NZZ_1995_03_20_a25_seg8_s3;26;Full|zu;Hauptanliegen des Massnahmenplans ist es , die landwirtschaftlich intensiv genutzte Gegend , die erst nach dem letzten Weltkrieg durch Meliorationen vollständig urbar gemacht wurde , ökologisch aufzuwerten und ehemalige Lebensräume neu zu vernetzen .;prozess;methodenorientiert;done;;frei;+;nd;+;nd;nd;+;nd;nd;nd;nd;nd;nd;nd;nd;nd;nd;nd;nd;nd;nd;nd;nd
162;VVFIN;ADJD;produzieren;8;NZZ_1995_08_10_a82_seg16_s6;7;Full|3|Pl|Pres|Ind;Jedenfalls ist allgemein bekannt , dass ökologisch produzieren nicht eine Frage der Betriebsgrösse ist , wohl aber kostengünstig produzieren .;prozess;methodenorientiert;done;;frei;+;nd;+;nd;nd;+;nd;nd;nd;nd;nd;nd;nd;nd;nd;nd;nd;nd;nd;nd;nd;nd
163;VVINF;ADJD;nennen;13;NZZ_1999_12_02_a81_seg5_s5;11;Full|-2;Eine Energiebesteuerung , die nicht emissionsorientiert sei , sei kaum ökologisch zu nennen , und von der zu erwartenden Senkung der Lohnnebenkosten gingen höchstens geringe positive Beschäftigungswirkungen aus .;prozess;methodenorientiert;done;;frei;+;nd;+;nd;nd;+;nd;nd;nd;nd;nd;nd;nd;nd;nd;nd;nd;nd;nd;nd;nd;nd
164;VVFIN;ADJD;verbrämen;23;NZZ_1998_11_28_a75_seg19_s3;22;Full|3|Sg|Past|Ind;Fast ebenso lang ist aber auch die Liste neuer Raubzüge auf unsere Geldbeutel , darunter gleich fünf ökologisch motivierte ( oder ökologisch verbrämte ? );nd;nd;not of interest;ModADJ;;nd;nd;nd;nd;nd;nd;nd;nd;nd;nd;nd;nd;nd;nd;nd;nd;nd;nd;nd;nd;nd;nd
165;VVPP;ADJD;konfrontieren;28;NZZ_1994_09_28_a94_seg4_s10;24;Full|Psp;Trotz der verwirrenden Vielfalt der europäischen Landwirtschaft von Sizilien bis an den Polarkreis herrscht kein Zweifel , dass alle Länder heute ökonomisch und ökologisch mit einer Agrarkrise konfrontiert sind .;proposition;Frameadverbial;done;;frei;nd;nd;nd;nd;nd;nd;nd;+;nd;+;nd;nd;nd;nd;nd;nd;nd;nd;nd;nd;nd;nd
166;VVPP;ADJD;prüfen;20;NZZ_1996_02_24_a46_seg10_s3;19;Full|Psp;Die Produkte wurden unter Beizug von Fachleuten verbessert , den Design- und Qualitätsansprüchen des hiesigen Marktes angepasst und ökologisch geprüft .;prozess;methodenorientiert;done;;frei;+;nd;+;nd;nd;+;nd;nd;nd;nd;nd;nd;nd;nd;nd;nd;nd;nd;nd;nd;nd;nd
167;VVFIN;ADJD;geben;2;NZZ_1998_10_23_a82_seg2_s13;8;Full|3|Sg|Pres|Ind;Es gibt in Form von veritablen Lenkungsabgaben ökologisch und ökonomisch effizientere Lösungen , die sehr wohl politisch konsensfähig sein könnten .;nd;nd;not of interest;ModADJ;;nd;nd;nd;nd;nd;nd;nd;nd;nd;nd;nd;nd;nd;nd;nd;nd;nd;nd;nd;nd;nd;nd
168;VVPP;ADJD;gewinnen;19;NZZ_1993_03_31_a173_seg6_s6;11;Full|Psp;Sägesser dagegen begründete sein Nein zur Initiative damit , dass ökologisch mit einem Moratorium für den Flughafen nichts gewonnen sei und man damit das Gegenteil von dem täte , was in dieser wirtschaftlich schwierigen Zeit unter dem Stichwort « Revitalisierung » gefordert wird .;proposition;Frameadverbial;done;;;nd;nd;nd;nd;nd;nd;nd;+;nd;+;nd;nd;nd;nd;nd;nd;nd;nd;nd;nd;nd;nd
169;VVINF;ADJD;leisten;36;NZZ_1993_08_02_a154_seg3_s4;35;Full|-2;Auf die heutige , wegen der grossen Arbeitslosigkeit für viele schwierige Zeit eingehend , meinte der Polizei- und Militärdirektor des Kantons Zürich , wir müssten uns überlegen , welchen Lebensstandard wir uns in Zukunft ökologisch leisten könnten und ökonomisch leisten wollten und wieviel wir persönlich bereit seien , dafür beizutragen .;proposition;Frameadverbial;done;;;nd;nd;nd;nd;nd;nd;nd;+;nd;+;nd;nd;nd;nd;nd;nd;nd;nd;nd;nd;nd;nd
170;VVPP;ADJD;verdienen;17;NZZ_1993_08_06_a43_seg2_s10;15;Full|3|Sg|Pres|Ind;Sollte ein solches Vorhaben später dennoch in einer Weise , die das Prädikat « ökologisch » verdient , realisiert werden können , so würde die heute gewählte Form der Wässermattenstiftung keinen Hinderungsgrund bilden , im Gegenteil , dank ihr werden Wässermatten im Langetental dann überhaupt noch existieren !;nd;nd;not of interest;Objektsprache;;nd;nd;nd;nd;nd;nd;nd;nd;nd;nd;nd;nd;nd;nd;nd;nd;nd;nd;nd;nd;nd;nd
171;VVPP;ADJD;ermöglichen;12;NZZ_1993_08_18_a45_seg11_s2;10;Full|Psp;Damit wird ein aufrechterhaltbares Wirtschaftswachstum ( sustainable growth ) ökologisch erst ermöglicht .;nd;nd;not of interest;ModPräd;;nd;nd;nd;nd;nd;nd;nd;nd;nd;nd;nd;nd;nd;nd;nd;nd;nd;nd;nd;nd;nd;nd
172;VVIZU;ADJD;aufbessern;10;NZZ_1993_12_02_a37_seg14_s5;9;Full|zu;Immerhin hat die Kommission versucht , diesen etwas ökologisch aufzubessern , allerdings auch äusserst problematische Bestimmungen aufgenommen , etwa bezüglich Aufweichung des bäuerlichen Bodenrechts .;prozess;methodenorientiert;done;;frei;+;nd;+;nd;nd;+;nd;nd;nd;nd;nd;nd;nd;nd;nd;nd;nd;nd;nd;nd;nd;nd
173;VVINF;ADJD;säubern;16;NZZ_1993_02_01_a48_seg6_s4;10;Full|-2;Das heisst , es lohnt sich weder finanziell noch ökologisch , einzelne Abfallfraktionen weiter zu säubern , wenn für die dabei anfallenden Materialien trotz ihrer Reinheit kein Absatzmarkt besteht und sie letztlich doch auf eine Deponie verbracht werden müssen .;proposition;Frameadverbial;done;;frei;nd;nd;nd;nd;nd;nd;nd;+;nd;+;nd;nd;nd;nd;nd;nd;nd;nd;nd;nd;nd;nd
174;VVFIN;ADJD;taugen;52;NZZ_1993_02_25_a56_seg3_s4;54;Full|3|Sg|Pres|Subj;"Lenkungsabgaben - so die Quintessenz der BHK - vertragen sich nicht mit fiskalischen Zielsetzungen ; entweder bringe eine Abgabe ökologische Erfolge ( also die Reduktion der Emissionen und damit des Steuersubstrates ) , dann nütze sie fiskalisch ( als Einnahmequelle ) wenig ; oder eine Umweltabgabe sei fiskalisch motiviert , dann tauge sie ökologisch nichts .";proposition;Frameadverbial;done;;frei;nd;nd;nd;nd;nd;nd;nd;+;nd;+;nd;nd;nd;nd;nd;nd;nd;nd;nd;nd;nd;nd
175;VVINF;ADJD;wirtschaften;45;NZZ_1994_08_20_a12_seg6_s5;43;Full|-2;In griffig formulierten Kapitelüberschriften setzt sie sich dafür ein , die Staatsquote zu senken , statt Leistung zu bestrafen , Deutschland zu modernisieren , statt die Zukunft zu blockieren , die Verwaltung zu straffen , statt die Bürokratie zu vermehren , und ökologisch zu wirtschaften , statt die Wirtschaft zu strangulieren .;prozess;methodenorientiert;done;;frei;+;nd;+;nd;nd;+;nd;nd;nd;nd;nd;nd;nd;nd;nd;nd;nd;nd;nd;nd;nd;nd
176;VVINF;ADJD;produzieren;18;NZZ_1994_12_19_a49_seg6_s4;17;Full|3|Pl|Pres|Ind;Gefragt sei deshalb eine neue Agrarpolitik , die Hämmerle allerdings nur mit Schlagworten , wie « ökologisch produzieren » , « mehr Markt oder marktnäher » , und den Forderungen nach tieferen Konsumentenpreisen und reellen Überlebenschancen zu umreissen vermochte .;prozess;methodenorientiert;done;;frei;+;nd;+;nd;nd;+;nd;nd;nd;nd;nd;nd;nd;nd;nd;nd;nd;nd;nd;nd;nd;nd
177;VVFIN;ADJD;bringen;38;NZZ_1994_02_01_a111_seg2_s15;36;Full|3|Sg|Pres|Ind;Die Neat-Befürworter aber staunen : Jetzt wird die Alpeninitiative , die allein dazu verhelfen wird , dass der Güterverkehr tatsächlich von der Strasse auf die Schiene gebracht werden kann , dass die Neat nicht nur ökologisch etwas bringt , sondern auch ökonomisch rentiert , als « überholt » , gar als « Groteske » abgetan .;proposition;Frameadverbial;done;;frei;nd;nd;nd;nd;nd;nd;nd;+;nd;+;nd;nd;nd;nd;nd;nd;nd;nd;nd;nd;nd;nd
178;VMFIN;ADJD;können;3;NZZ_1994_02_15_a75_seg2_s2;28;Mod|3|Sg|Pres|Ind;"Solches Tun kann man nicht anders als groben Unfug bezeichnen , der allen ökonomischen und ökologischen Prinzipien zuwiderläuft : ökonomisch , weil sinnlos Werte vernichtet werden ; ökologisch , weil mit den Abfällen die Umwelt belastet und graue Energie vernichtet wird .";proposition;Frameadverbial;done;;frei;nd;nd;nd;nd;nd;nd;nd;+;nd;+;nd;nd;nd;nd;nd;nd;nd;nd;nd;nd;nd;nd
179;VVFIN;ADJD;kommen;7;NZZ_1994_02_24_a27_seg7_s1;29;Full|3|Sg|Past|Ind;In der Debatte über das Grundsatzprogramm kam es zu einer überraschend hitzigen Diskussion über die Frage der Erweiterung des klassischen Begriffes der sozialen Marktwirtschaft durch das zusätzliche Beiwort ökologisch .;nd;nd;not of interest;Objektsprache;;nd;nd;nd;nd;nd;nd;nd;nd;nd;nd;nd;nd;nd;nd;nd;nd;nd;nd;nd;nd;nd;nd
180;VVFIN;ADJD;denken;30;NZZ_1994_01_08_a77_seg6_s4;40;Full|3|Sg|Pres|Subj;« Überbevölkerung » sei kaum ein sinnvoller Begriff , weder in wirtschaftlicher Hinsicht , wenn man etwa an die hohe Siedlungsdichte in den Niederlanden und die geringe in Brasilien denke ( 407 bzw. 18 Personen/km 2 ) , noch ökologisch , da die im « Norden » lebenden 22 Prozent der Menschheit 60 Prozent aller Nahrungsmittel und 70 Prozent der Energie verbrauchten .;proposition;Frameadverbial;done;;frei;nd;nd;nd;nd;nd;nd;nd;+;nd;+;nd;nd;nd;nd;nd;nd;nd;nd;nd;nd;nd;nd
181;VVIZU;ADJD;aufwerten;13;NZZ_1994_01_12_a24_seg5_s6;12;Full|zu;In beiden Fällen wird aber vom Bauherrn verlangt , die Ausleitungsstrecke ökologisch aufzuwerten und zu revitalisieren .;prozess;methodenorientiert;done;;frei;+;nd;+;nd;nd;+;nd;nd;nd;nd;nd;nd;nd;nd;nd;nd;nd;nd;nd;nd;nd;nd
182;VVFIN;ADJD;lassen;12;NZZ_1994_01_18_a71_seg3_s2;14;Full|3|Sg|Pres|Subj;Die Vorlage liege im nationalen Interesse , bringe mehr Effizienz , lasse sich ökologisch verantworten und schmälere die demokratischen Rechte in keiner Weise , hiess es am Montag an einer Pressekonferenz in Bern .;prozess;methodenorientiert;done;;frei;+;nd;+;nd;nd;+;nd;nd;nd;nd;nd;nd;nd;nd;nd;nd;nd;nd;nd;nd;nd;nd
183;VVPP;ADJD;produzieren;15;NZZ_1994_06_14_a143_seg40_s21;14;Full|Psp;@ 168 a des Landwirtschaftsgesetzes berechtigt zum Bezug von Subventionen , wer besonders ökologisch produziert .;prozess;methodenorientiert;done;;frei;+;nd;+;nd;nd;+;nd;nd;nd;nd;nd;nd;nd;nd;nd;nd;nd;nd;nd;nd;nd;nd
184;VVPP;ADJD;sehen;4;NZZ_1994_05_10_a82_seg11_s10;3;Full|Psp;Leidtragende dieses ökologisch gesehen völlig peripheren Verteilungskonflikts bleibt dann die Umwelt , weil man sich nie auf die « richtige » Staatsquote wird einigen können .;nd;nd;not of interest;ModADJ;;nd;nd;nd;nd;nd;nd;nd;nd;nd;nd;nd;nd;nd;nd;nd;nd;nd;nd;nd;nd;nd;nd
185;VVFIN;ADJD;gehen;13;NZZ_1994_03_01_a86_seg4_s7;15;Full|1|Pl|Pres|Ind;Die Antwort ist klar : Falls wir nach Europa gehen sollten , gehen wir ökologisch , demokratisch und föderalistisch , das heisst , wir wollen , dass dieses Europa den objektiven Notwendigkeiten der einzelnen Länder Rechnung trägt .;prozess;methodenorientiert;done;;frei;+;nd;+;nd;nd;+;nd;nd;nd;nd;nd;nd;nd;nd;nd;nd;nd;nd;nd;nd;nd;nd
186;VVPP;ADJD;aufwerten;15;NZZ_1994_03_01_a125_seg2_s12;14;Full|Psp;Nach dem Willen des Verfassers soll das Areal mit dem Bau des Golfplatzes ökologisch aufgewertet werden .;prozess;methodenorientiert;done;;frei;+;nd;+;nd;nd;+;nd;nd;nd;nd;nd;nd;nd;nd;nd;nd;nd;nd;nd;nd;nd;nd
187;VVPP;ADJD;erwarten;7;NZZ_1994_03_05_a52_seg9_s1;5;Full|Psp;vom Mercedes-Swatch-Projekt allerdings auch ökologisch Wegweisendes erwartet hatte , dürfte zumindest teilweise enttäuscht sein , denn beiden Partnern geht es nicht in erster Linie um die Substitution konventioneller Automobile , sondern um die Lancierung einer neuen Fahrzeugklasse .;nd;nd;not of interest;ModADJ;;nd;nd;nd;nd;nd;nd;nd;nd;nd;nd;nd;nd;nd;nd;nd;nd;nd;nd;nd;nd;nd;nd
188;VVFIN;ADJD;sehen;3;NZZ_1994_03_18_a78_seg3_s11;2;Full|3|Sg|Pres|Ind;Auch ökologisch sieht die Bilanz nicht so schlecht aus : Die überzähligen Marken werden nicht etwa « vernichtet » , sondern der Wiederverwertung ( Altpapier ) zugeführt .;proposition;Frameadverbial;done;;frei;nd;nd;nd;nd;nd;nd;nd;+;nd;+;nd;nd;nd;nd;nd;nd;nd;nd;nd;nd;nd;nd
189;VVFIN;ADJD;lassen;4;NZZ_1994_09_03_a64_seg20_s8;9;Full|3|Pl|Pres|Ind;Unter diesen Umständen lassen sich Bedürfnisse und Wünsche ökologisch kaum sinnvoll lenken .;nd;nd;not of interest;ModADV;;nd;nd;nd;nd;nd;nd;nd;nd;nd;nd;nd;nd;nd;nd;nd;nd;nd;nd;nd;nd;nd;nd
190;VVPP;ADJD;nutzen;32;NZZ_1994_09_05_a82_seg12_s5;29;Full|Psp;Die Parkgebührenerhöhung wird als eine Art Lenkungsabgabe dargestellt , die dazu beitragen solle , dass das « rare Gut Parkplatz » ökonomisch ( und wohl vor allem auch ökologisch ) sinnvoll genutzt wird .;nd;nd;not of interest;ModADV;;nd;nd;nd;nd;nd;nd;nd;nd;nd;nd;nd;nd;nd;nd;nd;nd;nd;nd;nd;nd;nd;nd
191;VVPP;ADJD;konfrontieren;28;NZZ_1994_09_28_a94_seg4_s10;24;Full|Psp;Trotz der verwirrenden Vielfalt der europäischen Landwirtschaft von Sizilien bis an den Polarkreis herrscht kein Zweifel , dass alle Länder heute ökonomisch und ökologisch mit einer Agrarkrise konfrontiert sind .;proposition;Frameadverbial;done;;frei;nd;nd;nd;nd;nd;nd;nd;+;nd;+;nd;nd;nd;nd;nd;nd;nd;nd;nd;nd;nd;nd
192;VVFIN;ADJD;funktionieren;6;NZZ_1995_04_07_a213_seg3_s23;7;Full|3|Sg|Pres|Ind;Dieser innere , massive Kern funktioniert ökologisch sinnvoll auch als Wärmespeichermasse .;nd;nd;not of interest;ModADV;;nd;nd;nd;nd;nd;nd;nd;nd;nd;nd;nd;nd;nd;nd;nd;nd;nd;nd;nd;nd;nd;nd
193;VVFIN;ADJD;produzieren;8;NZZ_1995_08_10_a82_seg16_s6;7;Full|3|Pl|Pres|Ind;Jedenfalls ist allgemein bekannt , dass ökologisch produzieren nicht eine Frage der Betriebsgrösse ist , wohl aber kostengünstig produzieren .;prozess;methodenorientiert;done;;frei;+;nd;+;nd;nd;+;nd;nd;nd;nd;nd;nd;nd;nd;nd;nd;nd;nd;nd;nd;nd;nd
194;VVPP;ADJD;betrachten;5;NZZ_1995_08_17_a43_seg15_s21;4;Full|Psp;Er ist , ökologisch betrachtet , eine verletzliche Monokultur , die langfristig in dieser Form nicht bestehen kann .;prozess;rein;done;;notwendig;+;nd;+;+;nd;+;nd;nd;nd;nd;nd;nd;nd;nd;nd;nd;nd;nd;nd;nd;nd;nd
195;VVPP;ADJD;begründen;17;NZZ_1995_12_04_a39_seg9_s1;16;Full|Psp;Das Begehren der Gaswirtschaft , Erdgas zu motorischen Zwecken steuerlich zu privilegieren , wird zwar ökologisch begründet , hat aber in erster Linie ökonomische Hintergründe .;prozess;methodenorientiert;done;;frei;+;nd;+;nd;nd;+;nd;nd;nd;nd;nd;nd;nd;nd;nd;nd;nd;nd;nd;nd;nd;nd
196;VVPP;ADJD;kritisieren;16;NZZ_1995_12_12_a20_seg3_s3;15;Full|Psp;Die Grünen haben das Programm von Romano Prodi sofort nach Bekanntgabe als zu wenig ökologisch kritisiert und bis Mitte Januar Verbesserungen verlangt .;nd;nd;not of interest;Vergleich;;nd;nd;nd;nd;nd;nd;nd;nd;nd;nd;nd;nd;nd;nd;nd;nd;nd;nd;nd;nd;nd;nd
197;VVPP;ADJD;absterben;23;NZZ_1995_12_19_a49_seg3_s2;22;Full|Psp;Der Fluss Zenn in Mittelfranken ist nach einem Grossbrand in einer Lagerhalle in Langenzenn auf einer Länge von fast 25 Kilometern ökologisch abgestorben .;proposition;Frameadverbial;done;;frei;nd;nd;nd;nd;nd;nd;nd;+;nd;+;nd;nd;nd;nd;nd;nd;nd;nd;nd;nd;nd;nd
198;VVINF;ADJD;nutzen;17;NZZ_1995_12_21_a162_seg4_s16;14;Full|-2;Die Fernwärme biete indes die Möglichkeit , die in der Kehrichtverbrennung erzeugte Wärme ökologisch sinnvoll zu nutzen , indem einige tausend Ölheizungen eingespart werden könnten , betonte der Grüne Christoph Hug .;nd;nd;not of interest;ModADV;;nd;nd;nd;nd;nd;nd;nd;nd;nd;nd;nd;nd;nd;nd;nd;nd;nd;nd;nd;nd;nd;nd
199;VMFIN;ADJD;wollen;3;NZZ_1995_12_22_a132_seg10_s9;5;Mod|1|Pl|Pres|Ind;Auch hier wollen wir ökologisch eine Pionierleistung erbringen .;prozess;methodenorientiert;done;;frei;+;nd;+;nd;nd;+;nd;nd;nd;nd;nd;nd;nd;nd;nd;nd;nd;nd;nd;nd;nd;nd
200;VVFIN;ADJD;basieren;3;NZZ_1995_11_30_a184_seg6_s1;51;Full|3|Pl|Past|Ind;Minschs Ausführungen basierten auf der Feststellung , es sei davon auszugehen , dass mit steigendem Wohlstand die Bedeutung der Tourismusbranche zunehmen werde ( « zunehmende Einkommen gepaart mit zunehmender Freizeit drängen den Menschen geradezu in den Tourismus » ) , eine Globalisierung des zentraleuropäischen und des nordamerikanischen Freizeit- und Tourismusverhaltens ökologisch aber nicht tragbar sei .;nd;nd;not of interest;ModPräd;;nd;nd;nd;nd;nd;nd;nd;nd;nd;nd;nd;nd;nd;nd;nd;nd;nd;nd;nd;nd;nd;nd
