﻿Interne-ID;Function-Head;Funktion-Hit;Head;ID-Head;ID-NZZ;ID-Token;Meta-Kopf;sentence;Oberkategorie;Unterkategorie;Status;Kommentar;externe Funktion;prozess;pFREQ;AuW;pure;agent;method;degree;proposition;KONJ;FRAME;SADV;extern;KAUS;TEMP;FREQ;BU;LOC;intern;INST;KOM;SH;iLOC
1;VVFIN;ADJD;säuseln;6;NZZ_1995_08_15_a142_seg3_s14;10;Full|3|Sg|Pres|Ind;Nach dem Druck aufs Knöpfchen säuselt der gebläsegekühlte Einzylinder-Viertaktmotor leise vor sich hin .;prozess;rein;done;;frei;+;nd;+;+;nd;nd;nd;nd;nd;nd;nd;nd;nd;nd;nd;nd;nd;nd;nd;nd;nd;nd
2;VVFIN;ADJD;lachen;14;NZZ_1993_02_20_a152_seg2_s57;15;Full|3|Sg|Pres|Ind;Wie ein Kind, murmelt er, der Hüter ihres Schlafs, und lacht leise .;prozess;rein;done;;frei;+;nd;+;+;nd;nd;nd;nd;nd;nd;nd;nd;nd;nd;nd;nd;nd;nd;nd;nd;nd;nd
3;VVFIN;ADJD;sprechen;3;NZZ_1999_07_13_a193_seg3_s11;4;Full|3|Sg|Pres|Ind;Der Gefragte spricht leise und in knappen Sätzchen .;prozess;rein;done;;frei;+;nd;+;+;nd;nd;nd;nd;nd;nd;nd;nd;nd;nd;nd;nd;nd;nd;nd;nd;nd;nd
13;VVFIN;ADJD;ausfallen;7;NZZ_1994_09_06_a131_seg4_s16;9;Full|3|Sg|Past|Ind;Der Zwischenruf eines Journalisten im Hintergrund fiel derart leise aus, dass er kaum vernommen wurde : « Wenn einzelne Mitglieder des Zürcher Stadtrates weniger prozessierten und mehr politisierten, dann bliebe sogar noch Zeit für Bern . »;prozess;rein;done;;notwendig;+;nd;+;+;nd;nd;nd;nd;nd;nd;nd;nd;nd;nd;nd;nd;nd;nd;nd;nd;nd;nd
5;VVFIN;ADJD;reden;2;NZZ_1995_04_01_a214_seg3_s135;4;Full|3|Pl|Pres|Ind;Sie reden so leise miteinander, dass der Mann nichts verstehen kann .;prozess;rein;done;;frei;+;nd;+;+;nd;nd;nd;nd;nd;nd;nd;nd;nd;nd;nd;nd;nd;nd;nd;nd;nd;nd
6;VVINF;ADJD;singen;7;NZZ_1998_11_26_a138_seg3_s1;6;Full|-2;ch. h. Jewel kann sehr leise singen .;prozess;rein;done;;frei;+;nd;+;+;nd;nd;nd;nd;nd;nd;nd;nd;nd;nd;nd;nd;nd;nd;nd;nd;nd;nd
7;VVFIN;ADJD;diskutieren;12;NZZ_1999_11_27_a268_seg10_s17;13;Full|3|Pl|Past|Ind;[ ... ] Gelegentlich zogen sie sich wie Richter zurück und diskutierten leise .;prozess;rein;done;;frei;+;nd;+;+;nd;nd;nd;nd;nd;nd;nd;nd;nd;nd;nd;nd;nd;nd;nd;nd;nd;nd
8;VVFIN;ADJD;rieseln;4;NZZ_1995_12_09_a163_seg3_s5;3;Full|3|Sg|Pres|Ind;Ob er leise rieselt oder stumm, dort, hat niemand je gehört, weitab von den Häusern und den Warenhäusern .;prozess;rein;done;;frei;+;nd;+;+;nd;nd;nd;nd;nd;nd;nd;nd;nd;nd;nd;nd;nd;nd;nd;nd;nd;nd
9;VVFIN;ADJD;bewegen;38;NZZ_1994_07_12_a9_seg6_s11;35;Full|3|Sg|Past|Ind;Vielen « Alt-Belgiern » dürfte es am Sonntag einen Stich ins Herz gegeben haben, als er an der Seite des aktivistischen flämischen Ministerpräsidenten beim Absingen der Hymne an den « flämischen Löwen » leise die Lippen mitbewegte .;prozess;rein;done;;frei;+;nd;+;+;nd;nd;nd;nd;nd;nd;nd;nd;nd;nd;nd;nd;nd;nd;nd;nd;nd;nd
10;VVFIN;ADJD;klappern;4;NZZ_1993_04_17_a137_seg2_s50;5;Full|3|Sg|Past|Ind;Sein weisser Beinring klapperte leise an den Maschendraht, so nah war er getrippelt .;prozess;rein;done;;frei;+;nd;+;+;nd;nd;nd;nd;nd;nd;nd;nd;nd;nd;nd;nd;nd;nd;nd;nd;nd;nd
115;VVPP;ADJD;aussprechen;30;NZZ_1999_02_04_a192_seg3_s7;29;Full|Psp;Nicht ganz zufriedenstellend - aber das ist an der Generalversammlung, die von Stadtrat Thomas Wagner in Vertretung des erkrankten Präsidenten Peter Stüber geleitet worden ist, nur leise ausgesprochen worden - war auch der Publikumszuspruch .;prozess;rein;done;;frei;+;nd;+;+;nd;nd;nd;nd;nd;nd;nd;nd;nd;nd;nd;nd;nd;nd;nd;nd;nd;nd
12;VVFIN;ADJD;sprechen;2;NZZ_1994_06_29_a18_seg5_s1;3;Full|3|Sg|Pres|Ind;Ljubijankic spricht leise und in gebrochenem Englisch .;prozess;rein;done;;frei;+;nd;+;+;nd;nd;nd;nd;nd;nd;nd;nd;nd;nd;nd;nd;nd;nd;nd;nd;nd;nd
4;VVFIN;ADJD;gehen;15;NZZ_1998_11_14_a197_seg3_s3;17;Full|3|Sg|Past|Ind;Diese habe der junge Luc Bondy übersetzt, « aber niemals laut - es ging sehr leise zu und her » .;prozess;rein;done;;notwendig;+;nd;+;+;nd;nd;nd;nd;nd;nd;nd;nd;nd;nd;nd;nd;nd;nd;nd;nd;nd;nd
14;VVPP;ADJD;anschwemmen;53;NZZ_1995_06_19_a107_seg4_s9;49;Full|Psp;Bizarr, weil eben viele Londoner sich immer noch nicht von einer anderen Illusion zu trennen vermögen : vom längst Erinnerung gewordenen Nebel am Fluss, vom unheimlichen Tuten der Schiffssirenen aus den Docks, vom Bösen, das - Cholera, Typhus oder was auch immer - leise auf dem Wasser angeschwemmt wurde, kurz : von den dunklen Geheimnissen der Themse, wie sie in Dickens ' Büchern weiterleben .;prozess;rein;done;;frei;+;nd;+;+;nd;nd;nd;nd;nd;nd;nd;nd;nd;nd;nd;nd;nd;nd;nd;nd;nd;nd
15;VVFIN;ADJD;unterhalten;20;NZZ_1998_02_07_a170_seg13_s2;22;Full|3|Pl|Pres|Ind;Regie : Amido Hoffmann Zwei Flüchtlinge, ein Arbeiter und ein Intellektueller, sitzen im Bahnhofsrestaurant von Helsinki und unterhalten sich leise .;prozess;rein;done;;frei;+;nd;+;+;nd;nd;nd;nd;nd;nd;nd;nd;nd;nd;nd;nd;nd;nd;nd;nd;nd;nd
16;VVFIN;ADJD;bewegen;39;NZZ_1999_11_17_a139_seg3_s1;38;Full|Psp;Als die hitzespendende Sonne / in ihrem Lauf über glitzernde Felsen / noch sichtbar war an den Flanken Merus, / da strahlte das Abendrot, / Rubinenstaub unter den Hufen der Sonnenpferde, / vom Wind leise bewegt .;prozess;rein;done;;frei;+;nd;+;+;nd;nd;nd;nd;nd;nd;nd;nd;nd;nd;nd;nd;nd;nd;nd;nd;nd;nd
17;VVFIN;ADJD;klingen;18;NZZ_1997_10_27_a87_seg3_s24;19;Full|3|Sg|Pres|Ind;In den Erinnerungen Anna Pouzarovás, die einige Wochen später Nachfolgerin der Adressatin dieser Zeilen wurde, klingt leise an, dass in ihrem Fall wohl « spinnenfädenfeine » Bande zwischen ihr und dem « jungen Herrn » bestanden haben .;prozess;rein;done;;frei;+;nd;+;+;nd;nd;nd;nd;nd;nd;nd;nd;nd;nd;nd;nd;nd;nd;nd;nd;nd;nd
18;VVFIN;ADJD;bewegen;13;NZZ_1998_12_24_a184_seg4_s4;12;Full|Psp;Die Häuser wirken nie erstarrt, sondern von einem inneren Dialog leise bewegt .;nd;nd;not of interest;ModPräd;;nd;nd;nd;nd;nd;nd;nd;nd;nd;nd;nd;nd;nd;nd;nd;nd;nd;nd;nd;nd;nd;nd
19;VVFIN;ADJD;kommen;14;NZZ_1995_08_29_a109_seg3_s25;16;Full|3|Sg|Past|Ind;Als schlecht erwies sich aber die Klangregie : der etwas sehr mollige Klavierton kam so leise über den Äther, dass man den Lautstärkenregler ungewöhnlich kräftig aufdrehen musste .;prozess;rein;done;;frei;+;nd;+;+;nd;nd;nd;nd;nd;nd;nd;nd;nd;nd;nd;nd;nd;nd;nd;nd;nd;nd
20;VVPP;ADJD;verabschieden;15;NZZ_1997_03_01_a189_seg7_s5;14;Full|Psp;Schon im Vorjahr hatten sich der Kanadier und der Klub in den Viertelfinals leise verabschiedet .;prozess;rein;done;;frei;+;nd;+;+;nd;nd;nd;nd;nd;nd;nd;nd;nd;nd;nd;nd;nd;nd;nd;nd;nd;nd
21;VVFIN;ADJD;aufkommen;14;NZZ_1998_07_22_a29_seg5_s22;3;Full|3|Sg|Pres|Ind;Wenn dabei leise der Gedanke an den Patron und seine « Familie » aufkommt, so wird man darin an anderer Stelle noch bestärkt, wenn Hartz etwa von der « Volkswagen-Welt », von der « Grossfamilie eines Grossunternehmens » oder der « Volkswagen-Familie » spricht .;prozess;Gradadverbial;done;;frei;+;nd;+;nd;nd;nd;+;nd;nd;nd;nd;nd;nd;nd;nd;nd;nd;nd;nd;nd;nd;nd
22;VVINF;ADJD;hören;31;NZZ_1999_10_09_a232_seg7_s2;29;Full|-2;Gegenstimmen gegen diese Standardwünsche gibt es wenige, geäussert von den fast Unübersetzbaren, die also auch im grossen « Ungarn » -Spektakel an der Frankfurter Buchmesse höchstens leise zu hören sein werden .;prozess;rein;done;;frei;+;nd;+;+;nd;nd;nd;nd;nd;nd;nd;nd;nd;nd;nd;nd;nd;nd;nd;nd;nd;nd
23;VVFIN;ADJA;verstehen;17;NZZ_1994_03_10_a201_seg12_s4;15;Full|3|Sg|Pres|Ind;Im ersten Schritt muss durch intensive Befragung geklärt werden, was er unter « leise » versteht : Die absolute Lautstärke ?;nd;nd;not of interest;;;nd;nd;nd;nd;nd;nd;nd;nd;nd;nd;nd;nd;nd;nd;nd;nd;nd;nd;nd;nd;nd;nd
24;VVFIN;ADJD;quäken;10;NZZ_1995_11_07_a96_seg3_s13;9;Full|3|Sg|Past|Ind;Auch das Baby, das manchmal im Zuschauerraum leise quäkte, störte nicht : Es vervollständigte das Konzert der unverständlichen Stimmen .;prozess;rein;done;;frei;+;nd;+;+;nd;nd;nd;nd;nd;nd;nd;nd;nd;nd;nd;nd;nd;nd;nd;nd;nd;nd
25;VVFIN;ADJD;meinen;8;NZZ_1998_07_23_a156_seg3_s7;10;Full|3|Sg|Pres|Ind;Ein wenig nervös sei er schon, meint er leise .;prozess;rein;done;;frei;+;nd;+;+;nd;nd;nd;nd;nd;nd;nd;nd;nd;nd;nd;nd;nd;nd;nd;nd;nd;nd
26;VVFIN;ADJD;spielen;4;NZZ_1997_10_25_a227_seg3_s6;2;Full|3|Sg|Pres|Ind;So leise er spielt, mich nervt er doch .;prozess;rein;done;;frei;+;nd;+;+;nd;nd;nd;nd;nd;nd;nd;nd;nd;nd;nd;nd;nd;nd;nd;nd;nd;nd
27;VVINF;ADJD;wachsen;3;NZZ_1996_12_13_a93_seg1_s1;4;Full|3|Pl|Pres|Ind;Deutsche Firmen wachsen leise ins Ausland;prozess;rein;done;;frei;+;nd;+;+;nd;nd;nd;nd;nd;nd;nd;nd;nd;nd;nd;nd;nd;nd;nd;nd;nd;nd
28;VVFIN;ADJD;klingen;15;NZZ_1997_09_24_a125_seg13_s3;19;Full|3|Sg|Pres|Ind;Seine Musik ist eruptiv und kann doch auch singen, sie ist entfesselt und klingt doch manchmal ganz leise .;prozess;rein;done;;möglich;+;nd;+;+;nd;nd;nd;nd;nd;nd;nd;nd;nd;nd;nd;nd;nd;nd;nd;nd;nd;nd
29;VVFIN;ADJD;knirschen;11;NZZ_1995_08_26_a191_seg3_s69;12;Full|3|Pl|Past|Ind;Die Räder des Wagens, der den Sarg trug, knirschten leise .;prozess;rein;done;;frei;+;nd;+;+;nd;nd;nd;nd;nd;nd;nd;nd;nd;nd;nd;nd;nd;nd;nd;nd;nd;nd
30;VVPP;ADJD;andeuten;35;NZZ_1996_12_17_a121_seg5_s6;32;Full|Psp;Die politische Lage, der Vietnamkrieg und dessen Folgen, die weissen Strände - alles, was Vietnam-Touristen vordergründig an dem Land interessiert - werden von ihr nicht benannt, sondern leise in Nebensätzen angedeutet, als weigere sie sich bewusst, eine klare soziale Bestandesaufnahme vorzunehmen .;prozess;rein;done;;frei;+;nd;+;+;nd;nd;nd;nd;nd;nd;nd;nd;nd;nd;nd;nd;nd;nd;nd;nd;nd;nd
31;VVFIN;ADJD;singen;4;NZZ_1996_12_23_a89_seg3_s13;5;Full|3|Pl|Pres|Ind;« Die Sterne singen leise ihm zu Häupten, und die Nachtvögel schnarren, das ist die beste Musik für einen, der kein Gehör und kein Gefühl mehr hat . »;prozess;rein;done;;frei;+;nd;+;+;nd;nd;nd;nd;nd;nd;nd;nd;nd;nd;nd;nd;nd;nd;nd;nd;nd;nd
32;VVINF;ADJD;abbrechen;19;NZZ_1996_12_28_a3_seg1_s24;22;Full|-2;Der Seufzer der Erleichterung war laut, die Forderung aber, die Nato möge nun ihre Zelte ganz abbrechen, auffallend leise .;nd;nd;not of interest;prädikativ;;nd;nd;nd;nd;nd;nd;nd;nd;nd;nd;nd;nd;nd;nd;nd;nd;nd;nd;nd;nd;nd;nd
33;VVINF;ADJD;protestieren;23;NZZ_1999_10_07_a129_seg3_s14;22;Full|-2;"- Die Gemeinsamkeiten fallen dort am meisten auf, wo die unterdrückten Verschiedenheiten sie anfechten ; wenn man Eliot zum Beispiel leise protestieren hört : er sei doch kein « angry young man » gewesen .";prozess;rein;done;;frei;+;nd;+;+;nd;nd;nd;nd;nd;nd;nd;nd;nd;nd;nd;nd;nd;nd;nd;nd;nd;nd
34;VVFIN;ADJD;sprechen;2;NZZ_1998_04_28_a174_seg6_s7;4;Full|3|Pl|Pres|Ind;Beide sprechen sehr leise .;prozess;rein;done;;frei;+;nd;+;+;nd;nd;nd;nd;nd;nd;nd;nd;nd;nd;nd;nd;nd;nd;nd;nd;nd;nd
35;VVFIN;ADJD;vernehmen;18;NZZ_1998_03_31_a213_seg6_s18;21;Full|1|Sg|Past|Ind;Natürlich merkten auch sie sofort, dass ich aus der Schweiz komme, ein « Sorry » vernahm ich ganz leise und ging weiter .;prozess;rein;done;;frei;+;nd;+;+;nd;nd;nd;nd;nd;nd;nd;nd;nd;nd;nd;nd;nd;nd;nd;nd;nd;nd
36;VVFIN;ADJD;arbeiten;10;NZZ_1998_01_20_a23_seg8_s15;12;Full|3|Sg|Pres|Ind;Die Bewegung der Nurcus um den Geistlichen Fethullah Gülen arbeitet dagegen leise im Hintergrund und ist politisch insbesondere in der türkischen Elite einflussreich .;prozess;rein;done;;frei;+;nd;+;+;nd;nd;nd;nd;nd;nd;nd;nd;nd;nd;nd;nd;nd;nd;nd;nd;nd;nd
37;VVFIN;ADJD;erzählen;9;NZZ_1999_12_02_a228_seg2_s1;5;Full|3|Sg|Pres|Ind;Wo die Martinique noch leise ihre wahren Geschichten erzählt;prozess;rein;done;;frei;+;nd;+;+;nd;nd;nd;nd;nd;nd;nd;nd;nd;nd;nd;nd;nd;nd;nd;nd;nd;nd
38;VMFIN;ADJD;können;24;NZZ_1997_02_14_a180_seg3_s12;15;Mod|3|Pl|Pres|Ind;Das Englisch des Norwegers Lasse Kjus versteht jedenfalls selbst der Brite kaum, die leise ins Leere gehauchten Worte von Michael von Grünigen können von einem Schweizer Ohr oft nur mit Mühe vollumfänglich eingefangen werden .;nd;nd;not of interest;ModSekPräd;;nd;nd;nd;nd;nd;nd;nd;nd;nd;nd;nd;nd;nd;nd;nd;nd;nd;nd;nd;nd;nd;nd
39;VVFIN;ADJD;spielen;32;NZZ_1996_08_20_a112_seg5_s9;29;Full|3|Sg|Pres|Ind;Hatte nicht D. H. Lawrence erklärt, « wenn es nach mir ginge, würde ich eine Todeskammer so gross wie den Crystal Palace bauen, in der leise eine Militärkapelle spielt, [ ... ] dann würde ich [ ... ] sie alle hereinholen, all die Kranken, die Lahmen und die Krüppel » ?;prozess;rein;done;;frei;+;nd;+;+;nd;nd;nd;nd;nd;nd;nd;nd;nd;nd;nd;nd;nd;nd;nd;nd;nd;nd
40;VVFIN;ADJD;kündigen;22;NZZ_1995_11_28_a97_seg5_s6;30;Full|3|Sg|Past|Ind;Der unaufhaltsame Aufstieg des Architekten in die Welt der Stars, lange den strahlendsten Exponenten von Film und Theater vorbehalten, kündigte sich schon bei Bottas Übervater Le Corbusier leise an : In Architektenkreisen war der Meister aus La Chaux-de-Fonds bereits ein Gott, als er 1933 zusammen mit illustren Vertretern seiner Zunft auf der legendären CIAM-Kreuzfahrt nach Athen das Gesicht der Stadt umkrempeln wollte .;prozess;rein;done;;frei;+;nd;+;+;nd;nd;nd;nd;nd;nd;nd;nd;nd;nd;nd;nd;nd;nd;nd;nd;nd;nd
41;VVFIN;ADJD;singen;30;NZZ_1999_02_20_a217_seg8_s7;34;Full|3|Sg|Pres|Subj;Entsprechend sei die erste Arie der Donna Anna, die von Vergeltung und Gewalt handelt, im Piano notiert, was eine besondere vokale Herausforderung bilde : denn wie singe man so etwas leise ?;prozess;rein;done;;;+;nd;+;+;nd;nd;nd;nd;nd;nd;nd;nd;nd;nd;nd;nd;nd;nd;nd;nd;nd;nd
42;VVFIN;ADJA;machen;5;NZZ_1994_02_26_a182_seg6_s2;10;Full|3|Sg|Past|Ind;Trotz zwei Medaillen Aamodts machte sich im Land bereits leise Enttäuschung breit, verfügte man doch nach eigener Einschätzung in jeder Disziplin über eine ganze Mannschaft von potentiellen Siegern .;prozess;rein;done;syntaktisch ambig;frei;+;nd;+;+;nd;nd;nd;nd;nd;nd;nd;nd;nd;nd;nd;nd;nd;nd;nd;nd;nd;nd
43;VVFIN;ADJD;versinken;13;NZZ_1999_02_20_a68_seg3_s1;10;Full|3|Sg|Pres|Ind;phi. St. Moritz, 19. Februar Während St. Moritz leise im Schnee versinkt, tummelt sich die Wintersport-Schickeria in den grossen Hallen der Luxushotels Kulm und Palace .;prozess;rein;done;;frei;+;nd;+;+;nd;nd;nd;nd;nd;nd;nd;nd;nd;nd;nd;nd;nd;nd;nd;nd;nd;nd
44;VVFIN;ADJD;sagen;4;NZZ_1996_11_26_a172_seg3_s22;5;Full|3|Sg|Past|Ind;Und von Grünigen sagte leise : gut für Strobl .;prozess;rein;done;;frei;+;nd;+;+;nd;nd;nd;nd;nd;nd;nd;nd;nd;nd;nd;nd;nd;nd;nd;nd;nd;nd
45;VVINF;ADJD;hoffen;10;NZZ_1998_01_19_a156_seg3_s6;6;Full|-2;Van Roost durfte nur einmal leise auf eine Wende hoffen, als sie nach 0 : 5 drei Games nacheinander gewann .;prozess;rein;done;;frei;+;nd;+;+;nd;nd;nd;nd;nd;nd;nd;nd;nd;nd;nd;nd;nd;nd;nd;nd;nd;nd
46;VVFIN;ADJD;drehen;3;NZZ_1999_12_18_a208_seg3_s16;6;Full|3|Pl|Pres|Ind;Die einen drehen sich also leise Haupt an Haupt und die anderen - nicht ohne einen Anflug von Ironie - zum Reissgeräusch des Gürtels um ihre Körpermitten .;prozess;rein;done;;frei;+;nd;+;+;nd;nd;nd;nd;nd;nd;nd;nd;nd;nd;nd;nd;nd;nd;nd;nd;nd;nd
47;VVFIN;ADJD;bewegen;3;NZZ_1997_12_01_a96_seg9_s23;18;Full|3|Sg|Pres|Ind;Und doch bewegt sich das Tragische bei jenen und das Komische bei diesen als zweideutige Schattenfigur anhänglich leise mit .;prozess;rein;done;;frei;+;nd;+;+;nd;nd;nd;nd;nd;nd;nd;nd;nd;nd;nd;nd;nd;nd;nd;nd;nd;nd
48;VVFIN;ADJD;ausstoßen;40;NZZ_1998_03_03_a148_seg4_s12;36;Full|1|Sg|Past|Ind;Als er die Augen aufschlug, sah er direkt in das Lächeln der Frau, sie hatte den Kopf in den Nacken gelegt, und ihre Lippen formten ein kleines o, aus dem sie leise ein wenig Luft ausstiess .;prozess;rein;done;;frei;+;nd;+;+;nd;nd;nd;nd;nd;nd;nd;nd;nd;nd;nd;nd;nd;nd;nd;nd;nd;nd
49;VVPP;ADJD;rücken;12;NZZ_1998_06_04_a197_seg6_s14;8;Full|Psp;Doch nun ist der Giro-Sieger von 1996 leise in die Favoritenposition gerückt .;prozess;rein;done;;frei;+;nd;+;+;nd;nd;nd;nd;nd;nd;nd;nd;nd;nd;nd;nd;nd;nd;nd;nd;nd;nd
50;VVIMP;ADJD;schmunzeln;10;NZZ_1995_04_13_a120_seg3_s14;11;Full|3|Sg|Pres|Ind;Und der Grosse, der noch wach ist, schmunzelt leise : « I love you right up to the moon - and back . »;prozess;rein;done;;frei;+;nd;+;+;nd;nd;nd;nd;nd;nd;nd;nd;nd;nd;nd;nd;nd;nd;nd;nd;nd;nd
51;VVPP;ADJD;hineinsprechen;48;NZZ_1996_01_05_a174_seg2_s4;43;Full|Psp;Seit ihrem Début mit « jagdlied » ( 1985 ), gefolgt von « kommt zeit » ( 1988 ) und « wintergrün » ( 1991 ), hat die Autorin, die ihr Tun « goldwäscherarbeit » nennt, stilsicher und leise in die zeitgenössische Lyrik hineingesprochen .;prozess;rein;done;;frei;+;nd;+;+;nd;nd;nd;nd;nd;nd;nd;nd;nd;nd;nd;nd;nd;nd;nd;nd;nd;nd
52;VVFIN;ADJD;tönen;3;NZZ_1995_11_02_a150_seg4_s12;2;Full|3|Sg|Past|Ind;Eher leise tönte es aus der sozialdemokratisch-grünen Ecke, dass man dann einen sozialen Leistungsabbau unter dem Titel Soziokultur nicht wünsche .;prozess;rein;done;;frei;+;nd;+;+;nd;nd;nd;nd;nd;nd;nd;nd;nd;nd;nd;nd;nd;nd;nd;nd;nd;nd
53;VVINF;ADJD;wenden;27;NZZ_1998_04_20_a90_seg3_s10;23;Full|-2;Der Infant brauchte einen Vorwand, um auf São Vicente sitzen und den Karavellen seinen Blick nachsenden zu können, die Bilder leise ins Sinnieren zu wenden, ins Schaukeln der Assoziationen zu wiegen und im Sieb der Zeit zerrinnen zu lassen .;prozess;rein;done;;frei;+;nd;+;+;nd;nd;nd;nd;nd;nd;nd;nd;nd;nd;nd;nd;nd;nd;nd;nd;nd;nd
54;VVFIN;ADJD;schleichen;5;NZZ_1997_10_25_a118_seg2_s8;11;Full|3|Sg|Pres|Ind;Und dann und wann schleicht in pastellfarbenen Tableaus das Unbehagen leise um die Ecke : das Leben ist ein störrisches Kunstwerk und der Balanceakt mit Schaukelstuhl und Glas auf unbequem verschlungenen Beinen enorm .;prozess;rein;done;;frei;+;nd;+;+;nd;nd;nd;nd;nd;nd;nd;nd;nd;nd;nd;nd;nd;nd;nd;nd;nd;nd
55;VVFIN;ADJD;rauschen;3;NZZ_1997_08_04_a117_seg4_s11;4;Full|3|Sg|Pres|Ind;Die Stadt rauscht leise vor sich hin, selten unterbrochen durch Fahrzeuge, einen einsamen Motorradfahrer .;prozess;rein;done;;frei;+;nd;+;+;nd;nd;nd;nd;nd;nd;nd;nd;nd;nd;nd;nd;nd;nd;nd;nd;nd;nd
56;VVFIN;ADJD;morden;4;NZZ_1996_09_11_a125_seg23_s22;5;Full|3|Sg|Pres|Ind;0.00 Eine Witwe mordet leise ( What Ever Happened to Aunt Alice ) .;prozess;rein;done;title;frei;+;nd;+;+;nd;nd;nd;nd;nd;nd;nd;nd;nd;nd;nd;nd;nd;nd;nd;nd;nd;nd
57;VVFIN;ADJD;beteuern;7;NZZ_1999_03_16_a173_seg5_s29;9;Full|3|Sg|Past|Ind;Sie habe doch nicht zugestochen, beteuerte sie leise .;prozess;rein;done;;frei;+;nd;+;+;nd;nd;nd;nd;nd;nd;nd;nd;nd;nd;nd;nd;nd;nd;nd;nd;nd;nd
58;VVFIN;ADJD;bewegen;17;NZZ_1999_12_11_a294_seg3_s5;16;Full|3|Sg|Pres|Ind;Achten Sie darauf, dass das Wasser zu keinem Zeitpunkt kocht, sondern sich nur leise bewegt .;prozess;rein;done;;frei;+;nd;+;+;nd;nd;nd;nd;nd;nd;nd;nd;nd;nd;nd;nd;nd;nd;nd;nd;nd;nd
59;VVFIN;ADJD;marschieren;4;NZZ_1998_07_27_a106_seg9_s6;6;Full|3|Pl|Pres|Ind;Auf dem Platz marschieren gespenstisch leise die Füsse von tausend Indios, die in Wollsocken und Sandalen stecken .;prozess;rein;done;;frei;+;nd;+;+;nd;nd;nd;nd;nd;nd;nd;nd;nd;nd;nd;nd;nd;nd;nd;nd;nd;nd
60;VVPP;ADJD;sprechen;22;NZZ_1999_08_04_a130_seg50_s9;21;Full|Psp;Mit Wehmut erinnert sich der Toningenieur an die Zeiten mit Herbert von Karajan, der, so Herrmanns, bewusst leise gesprochen habe, um sich so das Zuhören einfacher zu machen ...;prozess;rein;done;;frei;+;nd;+;+;nd;nd;nd;nd;nd;nd;nd;nd;nd;nd;nd;nd;nd;nd;nd;nd;nd;nd
61;VVFIN;ADJD;sagen;10;NZZ_1995_06_10_a212_seg4_s51;12;Full|3|Sg|Past|Ind;"« ( Sie klagen die ) &lt;Juden an&gt;, sagte er leise Stephan ins Ohr, &lt;sie wären schuld am Ruin .";prozess;rein;done;;frei;+;nd;+;+;nd;nd;nd;nd;nd;nd;nd;nd;nd;nd;nd;nd;nd;nd;nd;nd;nd;nd
62;VVFIN;ADJD;zweifeln;33;NZZ_1996_02_10_a124_seg3_s11;32;Full|3|Pl|Past|Ind;Zusammen mit einer soeben erschienenen Monographie verdeutlicht diese Schau die Genese eines Bauwerks, das sich in zwei Wettbewerben gegen nahezu hundert Konkurrenten zu behaupten hatte, an dessen Gelingen viele leise zweifelten und das nun nicht nur weitherum respektiert, sondern mit seinen Gässchen, Nischen und Verstecken sogar von den Schülern geliebt wird .;prozess;rein;done;;frei;+;nd;+;+;nd;nd;nd;nd;nd;nd;nd;nd;nd;nd;nd;nd;nd;nd;nd;nd;nd;nd
63;VVFIN;ADJD;sacken;9;NZZ_1994_06_11_a232_seg3_s147;10;Full|3|Pl|Pres|Ind;Sie liegt glattgestrichen da, die kurzen Wellen sacken leise in sich zusammen .;prozess;rein;done;;frei;+;nd;+;+;nd;nd;nd;nd;nd;nd;nd;nd;nd;nd;nd;nd;nd;nd;nd;nd;nd;nd
64;VVINF;ADJD;vernehmen;36;NZZ_1999_01_22_a13_seg3_s15;32;Full|-2;Diverse republikanische Kongressabgeordnete geben offen zu, dass der Versuch, Clinton zu stürzen, höchstwahrscheinlich zum Scheitern verurteilt ist, und da und dort sind - wenn auch vorläufig noch leise - Stimmen zu vernehmen, die von einem weiteren Insistieren abraten .;prozess;rein;done;Parenthese;frei;+;nd;+;+;nd;nd;nd;nd;nd;nd;nd;nd;nd;nd;nd;nd;nd;nd;nd;nd;nd;nd
65;VVINF;ADJD;abklingen;29;NZZ_1998_08_31_a142_seg3_s14;28;Full|-2;Die Klänge der Instrumente des Baladi musical ensemble und der Stimme der Sängerin Ruh el-Fouad sind es, die die Bewegungen auszulösen scheinen, sie steigern und leise abklingen lassen .;prozess;rein;done;;frei;+;nd;+;+;nd;nd;nd;nd;nd;nd;nd;nd;nd;nd;nd;nd;nd;nd;nd;nd;nd;nd
66;VVINF;ADJD;singen;9;NZZ_1999_02_02_a149_seg3_s36;7;Full|-2;Einer der Jäger begann plötzlich, leise zu singen .;prozess;rein;done;;frei;+;nd;+;+;nd;nd;nd;nd;nd;nd;nd;nd;nd;nd;nd;nd;nd;nd;nd;nd;nd;nd
67;VVFIN;ADJD;antönen;6;NZZ_1995_12_22_a102_seg11_s5;13;Reg|Nom|Sg|Neut;Tönt da nicht Eichendorffs « Schläft ein Lied in allen Dingen » leise an ?;prozess;rein;done;;frei;+;nd;+;+;nd;nd;nd;nd;nd;nd;nd;nd;nd;nd;nd;nd;nd;nd;nd;nd;nd;nd
68;VVFIN;ADJD;geben;20;NZZ_1998_01_19_a123_seg3_s10;19;Full|3|Sg|Pres|Ind;Dort dominieren vom Text her die Frauenrolle, die Barbara Maey kühl und leidend, aber etwas zu leise gibt, und der rachsüchtige Ehemann, der anfänglich verhalten-linkisch auftretende Arzt von Andreas Richard .;prozess;rein;done;;frei;+;nd;+;+;nd;nd;nd;nd;nd;nd;nd;nd;nd;nd;nd;nd;nd;nd;nd;nd;nd;nd
69;VVINF;ADJD;tun;21;NZZ_1997_11_01_a91_seg1_s4;19;Full|-2;Der Nationalbank waren durch die Währungsverfassung die Hände gebunden, solches ebenfalls so frühzeitig und ebenso still und leise zu tun .;prozess;rein;done;;frei;+;nd;+;+;nd;nd;nd;nd;nd;nd;nd;nd;nd;nd;nd;nd;nd;nd;nd;nd;nd;nd
70;VVFIN;ADJD;summen;3;NZZ_1994_08_06_a90_seg7_s17;4;Full|3|Sg|Pres|Ind;Die Klimaanlage summt leise .;prozess;rein;done;;frei;+;nd;+;+;nd;nd;nd;nd;nd;nd;nd;nd;nd;nd;nd;nd;nd;nd;nd;nd;nd;nd
71;VVPP;ADJD;wehren;11;NZZ_1995_07_24_a110_seg6_s12;10;Full|Psp;Als er zudringlich wurde, habe sie sich höchstens leise gewehrt, weil sie eben unter keinen Umständen jemanden habe aufwecken wollen .;prozess;rein;done;;frei;+;nd;+;+;nd;nd;nd;nd;nd;nd;nd;nd;nd;nd;nd;nd;nd;nd;nd;nd;nd;nd
72;VVPP;ADJD;fordern;21;NZZ_1995_07_01_a104_seg17_s21;18;Full|Psp;Eine Lockerung der Hartwährungspolitik, die zwar nicht offen, aber doch von einigen Branchenvertretern als Allheilmittel leise immer wieder gefordert wird, steht derzeit zumindest nicht zur Diskussion .;prozess;rein;done;;frei;+;nd;+;+;nd;nd;nd;nd;nd;nd;nd;nd;nd;nd;nd;nd;nd;nd;nd;nd;nd;nd
73;VVFIN;ADJD;dampfen;4;NZZ_1995_10_12_a176_seg4_s6;8;Full|3|Sg|Pres|Ind;Auf der Feuerstelle dampft ein bauchiger Tonkessel leise vor sich hin .;prozess;rein;done;;frei;+;nd;+;+;nd;nd;nd;nd;nd;nd;nd;nd;nd;nd;nd;nd;nd;nd;nd;nd;nd;nd
74;VVPP;ADJD;munkeln;6;NZZ_1999_09_23_a21_seg14_s8;5;Full|Psp;Was seit langem nur leise gemunkelt wurde, wird heute immer lauter geäussert .;prozess;rein;done;;frei;+;nd;+;+;nd;nd;nd;nd;nd;nd;nd;nd;nd;nd;nd;nd;nd;nd;nd;nd;nd;nd
75;VVINF;ADJD;lassen;60;NZZ_1997_06_21_a216_seg5_s17;53;Full|-2;"Das ging so : Wenn ein Schüler dabei ertappt wurde, dass er die einheimische Wolof-Sprache im Munde führte, bekam er ein Holzstück um den Hals gehängt, das er so lange tragen musste, bis er seinerseits einen Kameraden beim sprachlichen Frevel ertappte ; dem durfte er dann das Schandmal leise von hinten über den Kopf gleiten lassen .";prozess;rein;done;;frei;+;nd;+;+;nd;nd;nd;nd;nd;nd;nd;nd;nd;nd;nd;nd;nd;nd;nd;nd;nd;nd
76;VVFIN;ADJD;trommeln;8;NZZ_1996_09_03_a117_seg3_s2;3;Full|3|Sg|Past|Ind;Wenn man leise mit dem Finger darauf trommelte, durchzuckte die Leere dahinter den Körper .;prozess;rein;done;;frei;+;nd;+;+;nd;nd;nd;nd;nd;nd;nd;nd;nd;nd;nd;nd;nd;nd;nd;nd;nd;nd
77;VVFIN;ADJD;hinausweisen;52;NZZ_1996_11_16_a216_seg6_s3;51;Full|3|Sg|Pres|Ind;« Wandlung » meint demnach hier nicht die Transsubstantiation von Brot und Wein, sondern die Menschwerdung des « süssen Gottes », dessen Süsse - mag das auch ein in der Mystik mögliches Christus-Attribut sein -, verbunden mit dem unbiblischen Lächeln des Herrn, aus dem Christentum doch leise hinausweist .;prozess;rein;done;;frei;+;nd;+;+;nd;nd;nd;nd;nd;nd;nd;nd;nd;nd;nd;nd;nd;nd;nd;nd;nd;nd
78;VVFIN;ADJD;erzählen;15;NZZ_1999_12_02_a228_seg3_s4;11;Full|3|Sg|Pres|Ind;Am schönsten ist die Martinique aber dort, wo sie leise ihre wahren Geschichten erzählt, dort, wo die Menschen leben und mit ihrem fröhlichen, lachenden Wesen die Gäste anstecken - man muss sich aber anstecken lassen wollen .;prozess;rein;done;;frei;+;nd;+;+;nd;nd;nd;nd;nd;nd;nd;nd;nd;nd;nd;nd;nd;nd;nd;nd;nd;nd
79;VVFIN;ADJD;geben;4;NZZ_1994_02_19_a231_seg17_s6;7;Full|3|Sg|Pres|Ind;17 Den Caban gibt man hier leise an .;prozess;rein;done;;frei;+;nd;+;+;nd;nd;nd;nd;nd;nd;nd;nd;nd;nd;nd;nd;nd;nd;nd;nd;nd;nd
80;VVPP;ADJD;kritisieren;27;NZZ_1998_08_10_a76_seg7_s5;26;Full|Psp;Dass die neue Sicht den Spielraum um etwa 1 Mrd. DM erweitert hat, ruft unter anderem in Erinnerung, dass noch vor Tagen Marktbeobachter leise kritisiert hatten, die mit 4 Mrd. DM in Aussicht gestellten Synergien bedeuteten gegenüber der damaligen Einschätzung vom Frühjahr ja überhaupt keine Verbesserung .;prozess;rein;done;;frei;+;nd;+;+;nd;nd;nd;nd;nd;nd;nd;nd;nd;nd;nd;nd;nd;nd;nd;nd;nd;nd
81;VVFIN;ADJD;verbinden;45;NZZ_1997_12_03_a133_seg3_s3;39;Full|3|Sg|Pres|Ind;"Die alte dreizeilige Strophenform, keine der ganz üblichen, und doch auch in der deutschen Literatur variantenreich gestaltet von Goethe bis Hofmannsthal ; eine Form, deren Reim die Beengung der knappen Strophe unterläuft, indem er leise die eine mit der anderen verbindet, ins Unbegrenzte führt - was soll diese Form heute und hier ?";prozess;rein;done;;frei;+;nd;+;+;nd;nd;nd;nd;nd;nd;nd;nd;nd;nd;nd;nd;nd;nd;nd;nd;nd;nd
82;VVFIN;ADJD;klappern;25;NZZ_1994_06_25_a134_seg9_s10;22;Full|3|Sg|Pres|Ind;Inzwischen ist die Aussicht auf die Taifun-bewegten Büsche im Garten verstellt : Tanikawa hat das Schiebefenster wieder geschlossen, das jetzt leise im Holzrahmen klappert .;prozess;rein;done;;frei;+;nd;+;+;nd;nd;nd;nd;nd;nd;nd;nd;nd;nd;nd;nd;nd;nd;nd;nd;nd;nd
83;VVFIN;ADJD;jammern;2;NZZ_1998_10_03_a127_seg8_s8;3;Full|3|Sg|Pres|Ind;So jammert leise das Täfelchen unter den strahlenden Vorbildern der Abteilung Schönheit : « Was aber ist mit denjenigen, die nicht diesen Idealen entsprechen ? »;prozess;rein;done;;frei;+;nd;+;+;nd;nd;nd;nd;nd;nd;nd;nd;nd;nd;nd;nd;nd;nd;nd;nd;nd;nd
84;VVFIN;ADJD;schleichen;2;NZZ_1999_01_21_a203_seg5_s10;12;Full|3|Pl|Past|Ind;"Dann kamen die anderen, die schleichen sich während der Probe leise rein und hoffen, dass sie nicht gesehen und gehört werden ; was unmöglich ist, denn der Boden knarrt, und die Tür muss man richtig zuschlagen .";prozess;rein;done;;frei;+;nd;+;+;nd;nd;nd;nd;nd;nd;nd;nd;nd;nd;nd;nd;nd;nd;nd;nd;nd;nd
85;VVFIN;ADJD;wehklagen;12;NZZ_1995_05_20_a197_seg13_s5;11;Full|3|Pl|Pres|Ind;Er fühlt, wie die Säfte und Kräfte in ihm leise wehklagen .;prozess;rein;done;;frei;+;nd;+;+;nd;nd;nd;nd;nd;nd;nd;nd;nd;nd;nd;nd;nd;nd;nd;nd;nd;nd
86;VVINF;ADJD;sagen;29;NZZ_1997_02_06_a135_seg7_s4;28;Full|-2;Das Gedicht « Leise sagen » etwa wurde 1910 in der « Rheinisch-Westfälischen Zeitung » mit der redaktionellen Nachbemerkung « vollständige Gehirnerweichung, hören wir den Leser leise sagen » abgedruckt .;prozess;rein;done;title;frei;+;nd;+;+;nd;nd;nd;nd;nd;nd;nd;nd;nd;nd;nd;nd;nd;nd;nd;nd;nd;nd
87;VVPP;ADJD;arbeiten;19;NZZ_1996_05_30_a189_seg4_s7;18;Full|Psp;Dieses offenbart sich, wenn man eine der Türen öffnet, hinter denen emsig, aber eben leise gearbeitet wird : Carol Meyer und Ivan Wolfe vom Pool studieren mit ihren Tänzerinnen und Tänzern neue Stücke ein, während oben unter dem Dach ein Tanzprojekt des Jugendkulturhauses Dynamo erarbeitet wird .;prozess;rein;done;;frei;+;nd;+;+;nd;nd;nd;nd;nd;nd;nd;nd;nd;nd;nd;nd;nd;nd;nd;nd;nd;nd
88;VVFIN;ADJD;sirren;8;NZZ_1997_03_15_a217_seg4_s13;9;Full|2|Pl;Gleichzeitig ruht sie in sich selber, sirrt leise oder scheppert wie die sich drehende Aluminiumdose .;prozess;rein;done;;frei;+;nd;+;+;nd;nd;nd;nd;nd;nd;nd;nd;nd;nd;nd;nd;nd;nd;nd;nd;nd;nd
89;VVFIN;ADJD;kommen;3;NZZ_1994_11_26_a226_seg18_s32;6;Full|3|Sg|Pres|Ind;54 Hier kommt er ganz leise zu Schuberts Mädchen .;prozess;rein;done;;frei;+;nd;+;+;nd;nd;nd;nd;nd;nd;nd;nd;nd;nd;nd;nd;nd;nd;nd;nd;nd;nd
90;VVFIN;ADJD;erinnern;15;NZZ_1995_11_29_a132_seg9_s7;10;Full|3|Sg|Pres|Ind;Dieser Garten ist mit einem Portikus umgeben, der leise an einen klösterlichen Kreuzgang erinnert .;prozess;Gradadverbial;done;;frei;+;nd;+;nd;nd;nd;+;nd;nd;nd;nd;nd;nd;nd;nd;nd;nd;nd;nd;nd;nd;nd
91;VVFIN;ADJD;sagen;17;NZZ_1996_12_07_a46_seg9_s1;16;Full|3|Sg|Past|Ind;Ähnlich, doch fast wie ein Geständnis hatte es geklungen, als einer der Vereina-Projektleiter leise sagte : « Untertagarbeit macht süchtig . »;prozess;rein;done;;frei;+;nd;+;+;nd;nd;nd;nd;nd;nd;nd;nd;nd;nd;nd;nd;nd;nd;nd;nd;nd;nd
92;VVFIN;ADJD;klingen;4;NZZ_1994_12_24_a88_seg6_s4;7;Full|3|Sg|Pres|Ind;Und im Postbüro klingt aus Lautsprechern leise der « Drummer Boy », ein Weihnachtslied, das in Südafrika im Dezember in allen musikberieselten öffentlichen Einrichtungen zu hören ist .;prozess;rein;done;;frei;+;nd;+;+;nd;nd;nd;nd;nd;nd;nd;nd;nd;nd;nd;nd;nd;nd;nd;nd;nd;nd
93;VVINF;ADJD;rufen;11;NZZ_1995_02_10_a170_seg3_s25;9;Full|-2;Und das Schicksal braucht Jahre später nur ganz leise zu rufen, da folgt sie ihm nach Italien ohne Rücksicht auf einen ihr anverlobten Orthopäden .;prozess;rein;done;;frei;+;nd;+;+;nd;nd;nd;nd;nd;nd;nd;nd;nd;nd;nd;nd;nd;nd;nd;nd;nd;nd
94;VVINF;ADJD;davonstehlen;7;NZZ_1999_07_27_a192_seg4_s4;6;Full|-2;Derweil können sich die Verantwortlichen leise davonstehlen .;prozess;rein;done;;frei;+;nd;+;+;nd;nd;nd;nd;nd;nd;nd;nd;nd;nd;nd;nd;nd;nd;nd;nd;nd;nd
95;VVPP;ADJD;bekunden;8;NZZ_1999_06_05_a246_seg3_s16;7;Full|Psp;Woraufhin diese erschrickt und zur Verteidigung leise bekundet, es störe sie einfach, im Tram zu sitzen und so viele Fusseln zu sehen - ausgerechnet am Pullover und Rock der eigenen Tochter .;prozess;rein;done;;frei;+;nd;+;+;nd;nd;nd;nd;nd;nd;nd;nd;nd;nd;nd;nd;nd;nd;nd;nd;nd;nd
96;VVFIN;ADJD;kommen;41;NZZ_1998_09_09_a129_seg6_s7;46;Full|3|Sg|Pres|Ind;Von der « Farbe Nichts » ist in den « Glühenden Rätseln » nach Nelly Sachs ( 1964 ) die Rede, und zu diesem scharfen « s », das die hervorragende Altistin Cornelia Kallisch sehr betont hat, kommt aus dem Instrumentalensemble ganz leise das zischende Geräusch eines tiefen Tamtams, dessen Rand durch einen Metallstab berührt wird .;prozess;rein;done;;frei;+;nd;+;+;nd;nd;nd;nd;nd;nd;nd;nd;nd;nd;nd;nd;nd;nd;nd;nd;nd;nd
97;VVFIN;ADJD;bitten;29;NZZ_1998_05_23_a248_seg7_s30;31;Full|3|Pl|Pres|Ind;Die Möglichkeit wird täglich von zahlreichen Jugendlichen genutzt : nach vier Uhr tauchen sie auf, setzen sich an die Tische, versenken sich in die Aufgaben, bitten zuweilen leise die Lehrer um Rat .;prozess;rein;done;;frei;+;nd;+;+;nd;nd;nd;nd;nd;nd;nd;nd;nd;nd;nd;nd;nd;nd;nd;nd;nd;nd
98;VVINF;ADJD;anklingen;21;NZZ_1994_07_14_a100_seg4_s25;20;Full|-2;Man erinnert sich auch der alten Gleichung von « Herz » und « Uhr », die Malkowski nur leise anklingen lässt, um gerade dadurch den Versen einen tremolofreien empfindsamen Unterton zu geben : « Ich dachte : wenn ich sie jeden Tag aufziehe, / wird er nicht sterben .;prozess;rein;done;;frei;+;nd;+;+;nd;nd;nd;nd;nd;nd;nd;nd;nd;nd;nd;nd;nd;nd;nd;nd;nd;nd
99;VVFIN;ADJD;bewegen;32;NZZ_1998_07_06_a129_seg3_s6;29;Full|3|Sg|Past|Ind;So zum Beispiel mit der Installation « Jenseits » von Eve Bhend, die, auf eine graue Wand projiziert, eine schwarz-weisse Blumenwiese zeigte, die sich leise im Wind bewegte und im Dachstock der Edengarage wie ein Fenster in eine andere Welt wirkte .;prozess;rein;done;;frei;+;nd;+;+;nd;nd;nd;nd;nd;nd;nd;nd;nd;nd;nd;nd;nd;nd;nd;nd;nd;nd
100;VVFIN;ADJD;kommen;2;NZZ_1999_09_01_a15_seg6_s14;5;Full|3|Sg|Past|Ind;Jetzt kam es nur leise zu Protesten verbitterter Betroffener .;prozess;rein;done;;frei;+;nd;+;+;nd;nd;nd;nd;nd;nd;nd;nd;nd;nd;nd;nd;nd;nd;nd;nd;nd;nd
101;VVFIN;ADJD;folgen;4;NZZ_1994_11_12_a209_seg17_s5;6;Full|3|Sg|Pres|Ind;14 Verunfallter Retter folgt oft leise .;prozess;rein;done;;frei;+;nd;+;+;nd;nd;nd;nd;nd;nd;nd;nd;nd;nd;nd;nd;nd;nd;nd;nd;nd;nd
102;VVPP;ADJD;halten;28;NZZ_1997_04_22_a100_seg7_s7;27;Full|Psp;Natürlich gibt es Spitzen der Kraftentfaltung, aber sie fahren einem nicht mit Wucht ins Mark, sie wirken laut, weil die Umgebung so unendlich leise gehalten ist .;nd;nd;not of interest;ModPräd;;nd;nd;nd;nd;nd;nd;nd;nd;nd;nd;nd;nd;nd;nd;nd;nd;nd;nd;nd;nd;nd;nd
103;VVFIN;ADJD;klingen;58;NZZ_1997_05_09_a176_seg5_s29;57;Full|3|Pl|Pres|Ind;Aus einer zufälligen Begegnung auf der Strasse entwickelt sich eine Amour fou - und ein vertrackter Ménage à trois : Mit « Tot Ziens », der in Locarno den Bronzenen Leoparden erhalten hat, erzählt die niederländische Regisseurin Heddy Honigmann eine leichtfüssige Beziehungsgeschichte, die den Gefühlen nachforscht, welche in dem einen Wort Liebe leise mitklingen .;prozess;rein;done;;frei;+;nd;+;+;nd;nd;nd;nd;nd;nd;nd;nd;nd;nd;nd;nd;nd;nd;nd;nd;nd;nd
104;VVFIN;ADJD;untermalen;36;NZZ_1994_05_26_a132_seg2_s10;35;Full|Psp;Selbst hat sie vier Titel beigesteuert, z. B. « Cool, Clear Water », eine Liebesgeschichte mit ausgesuchter Wasser-Metaphorik, « Circle Dance », eine Ballade über eine unglückliche Beziehung, leise untermalt von Bentmont Tench an der Hammond-Orgel .;nd;nd;not of interest;ModSekPräd;;nd;nd;nd;nd;nd;nd;nd;nd;nd;nd;nd;nd;nd;nd;nd;nd;nd;nd;nd;nd;nd;nd
105;VVFIN;ADJD;machen;12;NZZ_1994_03_11_a130_seg3_s24;15;Full|3|Pl|Pres|Ind;Wenn der Polizist sie schliesslich als « Waschlappen » apostrophiert, machen sie sich leise quakend lustig über ihn .;nd;nd;not of interest;ModSekPräd;;nd;nd;nd;nd;nd;nd;nd;nd;nd;nd;nd;nd;nd;nd;nd;nd;nd;nd;nd;nd;nd;nd
106;VVIMP;ADJD;seufzen;28;NZZ_1995_07_08_a195_seg4_s8;30;Full|3|Sg|Pres|Ind;"Der Kellner hebt den Blick von der Schlagzeile im « Piccolo » ; er, der sonst mit einem Lied auf den Lippen den Schauplatz beherrscht, seufzt jetzt leise .";prozess;rein;done;;frei;+;nd;+;+;nd;nd;nd;nd;nd;nd;nd;nd;nd;nd;nd;nd;nd;nd;nd;nd;nd;nd
107;VVINF;ADJD;sprechen;60;NZZ_1997_05_09_a16_seg8_s3;59;Full|-2;Zum einen will man in Europa nicht recht verstehen, weshalb Washington über die Kriterien « Menschenrechte » und « Demokratie », die in bezug auf Kuba angeblich so wichtig sind, im Falle von China - einem Land, das keine Opposition zulässt und Tausende von Häftlingen, auch politische, umbringt - nur schamhaft und leise sprechen will .;prozess;rein;done;;frei;+;nd;+;+;nd;nd;nd;nd;nd;nd;nd;nd;nd;nd;nd;nd;nd;nd;nd;nd;nd;nd
108;VVFIN;ADJD;protestieren;19;NZZ_1994_08_27_a149_seg4_s32;9;Full|3|Sg|Past|Ind;Beispielsweise, als sie im letzten Herbst gar leise gegen die missratene « Messerstecher » -Kampagne der SVP protestierte, und auch bei Sachfragen im Parlament macht sie manchmal den Eindruck, als ziehe sie Stimmenthaltung oder Schweigen vor, wo ihr ein Nein zu SVP-Vorstössen weit besser anstehen würde und vielleicht auch aufrichtiger wäre .;prozess;rein;done;;frei;+;nd;+;+;nd;nd;nd;nd;nd;nd;nd;nd;nd;nd;nd;nd;nd;nd;nd;nd;nd;nd
109;VVFIN;ADJD;nennen;3;NZZ_1994_01_22_a144_seg5_s16;4;Full|3|Sg|Pres|Ind;Oba Minako nennt leise ein paar Stichworte zur Genese dieser Melancholie : ihre Geburt, am 11. November 1930 in Tokio, fällt in das Jahr nach der Weltwirtschaftskrise .;prozess;rein;done;;frei;+;nd;+;+;nd;nd;nd;nd;nd;nd;nd;nd;nd;nd;nd;nd;nd;nd;nd;nd;nd;nd
110;VVFIN;ADJD;hören;58;NZZ_1996_07_02_a119_seg3_s18;60;Full|3|Sg|Past|Ind;"« Typisch schweizerisch » waren demnach auch die Verständigungstexte von Sonja Röder und Peter Henning aus Deutschland und die Ostberliner Hinterhausepik von Andreas Mand sowie - beide Schweiz - die knäbische Tagebuchprosa von Alex Muggler und Jürg Beelers regressionsschwangeres Hohelied auf den weiblichen Bauch ; selbst in den Experimentalanordnungen der beiden Österreicher Hansjörg Zauner und Sissi Tax hörte man leise die Kuhglocken läuten .";prozess;rein;done;;frei;+;nd;+;+;nd;nd;nd;nd;nd;nd;nd;nd;nd;nd;nd;nd;nd;nd;nd;nd;nd;nd
111;VVPP;ADJD;schreiben;6;NZZ_1997_11_06_a162_seg3_s11;5;Full|Psp;Nur ist sie so leise geschrieben, dass man sie nicht laut lesen kann .;prozess;rein;done;;frei;+;nd;+;+;nd;nd;nd;nd;nd;nd;nd;nd;nd;nd;nd;nd;nd;nd;nd;nd;nd;nd
112;VVINF;ADJD;hoffen;26;NZZ_1993_04_26_a210_seg3_s6;25;Full|-2;Gewinnt dagegen die Mannschaft von Otto Rehhagel, kann sich nicht nur der Europacup-Sieger wieder Titelchancen ausrechnen, auch weitere Teams dürfen dann wieder leise hoffen, allen voran Dortmund .;prozess;rein;done;;frei;+;nd;+;+;nd;nd;nd;nd;nd;nd;nd;nd;nd;nd;nd;nd;nd;nd;nd;nd;nd;nd
113;VVFIN;ADJD;plätschern;17;NZZ_1999_03_04_a213_seg3_s22;13;Full|3|Pl|Pres|Ind;Märchenhaft wird es, wenn lautlos die Schneeflocken tanzen und die Wellen leise an den Schiffsrumpf plätschern .;prozess;rein;done;;frei;+;nd;+;+;nd;nd;nd;nd;nd;nd;nd;nd;nd;nd;nd;nd;nd;nd;nd;nd;nd;nd
114;VVPP;ADJD;verändern;26;NZZ_1996_02_24_a67_seg4_s3;15;Full|Psp;Ein Blick auf die Börsenumsätze in den SBG-Valoren macht eines deutlich : Schnell und leise haben sich die Stimmverhältnisse bei der Bankgesellschaft seit Jahresbeginn drastisch verändert .;prozess;rein;done;;frei;+;nd;+;+;nd;nd;nd;nd;nd;nd;nd;nd;nd;nd;nd;nd;nd;nd;nd;nd;nd;nd
11;VVFIN;ADJD;kommen;8;NZZ_1999_07_07_a146_seg53_s8;7;Full|3|Sg|Pres|Ind;Auch den Kaiserwalzer gibt es : leise kommt die Einleitung daher, sorgfältig werden Farben abgemischt, da und dort Nebenstimmen herausgeholt, unendlich zart schliesslich der Übergang in den Walzer - und plötzlich ist er da, der Dreivierteltakt mit seinen kleinen, flexiblen Verschiebungen .;prozess;rein;done;;notwendig;+;nd;+;+;nd;nd;nd;nd;nd;nd;nd;nd;nd;nd;nd;nd;nd;nd;nd;nd;nd;nd
116;VVFIN;ADJD;sprechen;6;NZZ_1993_02_04_a188_seg2_s26;5;Full|3|Sg|Pres|Ind;Ein Abend, der leise spricht und darin Reichtum ungeahnten Ausmasses findet .;prozess;rein;done;;frei;+;nd;+;+;nd;nd;nd;nd;nd;nd;nd;nd;nd;nd;nd;nd;nd;nd;nd;nd;nd;nd
117;VVFIN;ADJD;beginnen;13;NZZ_1997_02_13_a184_seg4_s13;16;Full|3|Sg|Pres|Ind;« Meine Ruh ist hin, mein Herz ist schwer ... » beginnt es da leise zu singen .;prozess;rein;done;;frei;+;nd;+;+;nd;nd;nd;nd;nd;nd;nd;nd;nd;nd;nd;nd;nd;nd;nd;nd;nd;nd
118;VVPP;ADJD;mitsingen;22;NZZ_1994_02_12_a188_seg24_s6;21;Full|Psp;"Der Irre, ein Alter mit Bart, wimmert immer wieder dasselbe Volkslied ; der Kellner hat bei einer Strophe leise mitgesungen, und jetzt hört der Irre gar nicht mehr auf ; immer weiter, weiter, weiter dieses Lied, das wie alle hier nach trauriger Liebe klingt .";prozess;rein;done;;frei;+;nd;+;+;nd;nd;nd;nd;nd;nd;nd;nd;nd;nd;nd;nd;nd;nd;nd;nd;nd;nd
119;VVINF;ADJD;spielen;26;NZZ_1999_09_10_a144_seg10_s6;24;Full|-2;Ich spiele daher oft den schottischen Dudelsack, übe meist zehn Minuten in voller Lautstärke und nehme dann den Sack ab, um leise zu spielen . »;prozess;rein;done;;frei;+;nd;+;+;nd;nd;nd;nd;nd;nd;nd;nd;nd;nd;nd;nd;nd;nd;nd;nd;nd;nd
120;VVIMP;ADJD;zischen;9;NZZ_1997_03_06_a185_seg10_s10;11;Full|3|Sg|Pres|Ind;Die Kobra steigt den einfachen Tonfolgen entgegen und zischt dabei leise .;prozess;rein;done;;frei;+;nd;+;+;nd;nd;nd;nd;nd;nd;nd;nd;nd;nd;nd;nd;nd;nd;nd;nd;nd;nd
121;VVINF;ADJD;köcheln;32;NZZ_1999_10_02_a254_seg3_s3;31;Full|-2;Pro Person 2 frische Feigen kurz unter kaltem Wasser abspülen, mit einer Nadel mehrmals einstechen, in den weinseligen Fond setzen und während etwa 20 Minuten bei kleinster Hitze leise köcheln lassen .;prozess;rein;done;;frei;+;nd;+;+;nd;nd;nd;nd;nd;nd;nd;nd;nd;nd;nd;nd;nd;nd;nd;nd;nd;nd
122;VVFIN;ADJD;gleiten;58;NZZ_1996_09_24_a138_seg3_s1;53;Full|3|Sg|Past|Ind;Der Mann, schon alt, ist Witwer, hat ein künstliches Gebiss und liest Liebesromane von der Art : « Paul küsste sie mit brennender Leidenschaft, während der Gondoliere, Komplize der Abenteuer seines Freundes, in eine andere Richtung zu blicken vorgab und die mit weichen Kissen ausgelegte Gondel leise durch die venezianischen Kanäle glitt . »;prozess;rein;done;;frei;+;nd;+;+;nd;nd;nd;nd;nd;nd;nd;nd;nd;nd;nd;nd;nd;nd;nd;nd;nd;nd
123;VVFIN;ADJD;bröckeln;3;NZZ_1996_05_04_a224_seg3_s2;9;Full|3|Sg|Pres|Ind;Seit Jahren bröckelt das Genfer Stade des Charmilles leise vor sich hin, ein scheinbar unaufhaltsamer Prozess, wenn man die Ausgangslage betrachtet : Besitzerin des Stadions sowie des nahe gelegenen Trainingszentrums Balexert ist die Stiftung Hippomène, die jedoch bei ihrer Gründung nicht mit den notwendigen Mitteln für den Unterhalt ausgestattet wurde .;prozess;rein;done;;frei;+;nd;+;+;nd;nd;nd;nd;nd;nd;nd;nd;nd;nd;nd;nd;nd;nd;nd;nd;nd;nd
124;VVFIN;ADJD;schwenken;3;NZZ_1997_10_21_a154_seg2_s2;4;Full|1|Sg|Past|Subj;« Es schwenkte leise seinen Hut / und ging ... », der Klang vielleicht des Schlagzeugs, der Violine, der Stimme in Jürg Freys « Und ging » ( 1996/97 ) auf einen Text von Robert Walser .;prozess;rein;done;;frei;+;nd;+;+;nd;nd;nd;nd;nd;nd;nd;nd;nd;nd;nd;nd;nd;nd;nd;nd;nd;nd
125;VVFIN;ADJA;tauchen;2;NZZ_1997_09_06_a103_seg3_s8;6;Full|3|Sg|Past|Ind;Mitunter tauchte in dem Votum leise Kritik an den Verantwortlichen der EU auf, die sich bis anhin kaum zu diesen eher technischen Aspekten geäussert haben .;prozess;rein;done;syntaktisch ambig;frei;+;nd;+;+;nd;nd;nd;nd;nd;nd;nd;nd;nd;nd;nd;nd;nd;nd;nd;nd;nd;nd
126;VVINF;ADJD;wiegen;19;NZZ_1999_03_27_a236_seg2_s2;16;Full|-2;In wunderbar warmes Licht getaucht, streben Arme und Beine in die Höhe, beginnen leise sich zu wiegen, lassen alle menschliche Leibesschwere am Boden liegen und werden zu Ähren im Wind .;prozess;rein;done;;frei;+;nd;+;+;nd;nd;nd;nd;nd;nd;nd;nd;nd;nd;nd;nd;nd;nd;nd;nd;nd;nd
127;VVFIN;ADJD;verbinden;3;NZZ_1995_09_16_a190_seg3_s32;5;Full|3|Pl|Past|Ind;Mit ihnen verbanden mich leise parodistische Bande, sie taten, wenn auch auf ganz andere Weise, dasselbe wie ich .;nd;nd;not of interest;ModADJ;;nd;nd;nd;nd;nd;nd;nd;nd;nd;nd;nd;nd;nd;nd;nd;nd;nd;nd;nd;nd;nd;nd
128;VVINF;ADJD;unterhalten;14;NZZ_1999_11_19_a26_seg21_s19;11;Full|Psp;Auch lange nach dem Krieg habe sie sich nur ganz leise auf deutsch unterhalten .;prozess;rein;done;;frei;+;nd;+;+;nd;nd;nd;nd;nd;nd;nd;nd;nd;nd;nd;nd;nd;nd;nd;nd;nd;nd
129;VVFIN;ADJD;sprechen;19;NZZ_1995_10_14_a195_seg7_s24;25;Full|3|Sg|Pres|Ind;Er blickt sich um, als ob Brenan im nächsten Augenblick durch die Türe hereinkommen könnte, dann spricht er neben seiner vorgehaltenen Hand leise über den Bartisch, obwohl wir die einzigen Gäste sind : « Also dieser Brenan war ein Señor no muy correcto, wenn Sie verstehen, was ich meine .;prozess;rein;done;;frei;+;nd;+;+;nd;nd;nd;nd;nd;nd;nd;nd;nd;nd;nd;nd;nd;nd;nd;nd;nd;nd
130;VVFIN;ADJD;zuziehen;13;NZZ_1996_02_01_a190_seg10_s6;10;Full|3|Pl|Pres|Ind;Es ist schon dunkel, als wir die Haustüre leise hinter uns zuziehen .;prozess;rein;done;;frei;+;nd;+;+;nd;nd;nd;nd;nd;nd;nd;nd;nd;nd;nd;nd;nd;nd;nd;nd;nd;nd
131;VVINF;ADJD;lachen;92;NZZ_1997_02_05_a119_seg4_s1;91;Full|-2;« ... und ich weiss, um wieviel schöner es zu jener Zeit gewesen sein muss, als das Denken nur im Gedächtnis geschrieben stand, hätte damals einer Bücher pressen wollen, er hätte Menschenköpfe pressen müssen, aber auch das hätte nichts genützt, denn die wahren Gedanken kommen von auswärts, sind ausserhalb und dann innerhalb des Menschen wie Nudeln in einem Nudeltopf, die Inquisitoren auf der ganzen Welt verbrennen die Bücher vergebens, und wenn die Bücher Gültiges enthalten, hört man sie im Feuer leise lachen, denn jedes ordentliche Buch zeigt immer woandershin und über sich selbst hinaus . »;prozess;rein;done;;frei;+;nd;+;+;nd;nd;nd;nd;nd;nd;nd;nd;nd;nd;nd;nd;nd;nd;nd;nd;nd;nd
132;VVIMP;ADJD;knistern;6;NZZ_1997_06_05_a191_seg4_s7;8;Full|2|Pl|Pres|Ind;In den Gläsern wispert und knistert es leise : Die grönländische Vergangenheit spricht zu uns, der Schnee von Zehntausenden von Jahren, Schicht um Schicht zu Eis zusammengepresst, unter enormem Druck, der auch winzige Luftbläschen konservierte .;prozess;rein;done;;frei;+;nd;+;+;nd;nd;nd;nd;nd;nd;nd;nd;nd;nd;nd;nd;nd;nd;nd;nd;nd;nd
133;VVFIN;ADJD;bewegen;5;NZZ_1998_02_18_a154_seg46_s14;9;Full|3|Sg|Pres|Ind;Die oft textlose Singstimme bewegt sich fast ausschliesslich leise und mit nur wenig Vibrato in der oberen Hälfte der zweigestrichenen Oktave .;prozess;rein;done;;frei;+;nd;+;+;nd;nd;nd;nd;nd;nd;nd;nd;nd;nd;nd;nd;nd;nd;nd;nd;nd;nd
134;VVINF;ADJD;erstaunen;6;NZZ_1995_11_02_a100_seg4_s17;5;Full|-2;Von da her mag leise erstaunen, dass er nun seinerseits eine Autobiographie geschrieben hat .;prozess;rein;done;;frei;+;nd;+;+;nd;nd;nd;nd;nd;nd;nd;nd;nd;nd;nd;nd;nd;nd;nd;nd;nd;nd
135;VVFIN;ADJD;spielen;8;NZZ_1995_03_21_a116_seg2_s1;9;Full|3|Sg|Past|Ind;Valerie, über die Gitarre gebeugt, spielte leise .;prozess;rein;done;;frei;+;nd;+;+;nd;nd;nd;nd;nd;nd;nd;nd;nd;nd;nd;nd;nd;nd;nd;nd;nd;nd
136;VVPP;ADJD;bezweifeln;5;NZZ_1998_03_04_a163_seg8_s4;4;Full|Psp;Schliesslich wird auch leise bezweifelt, ob sich die Strasse im Rahmen des anbegehrten Kredites verwirklichen lässt .;prozess;rein;done;;frei;+;nd;+;+;nd;nd;nd;nd;nd;nd;nd;nd;nd;nd;nd;nd;nd;nd;nd;nd;nd;nd
137;VVFIN;ADJD;unterhalten;6;NZZ_1996_05_04_a238_seg11_s31;8;Full|3|Pl|Pres|Ind;Die Frauen arbeiten gemächlich und unterhalten sich leise über Fatimas Streit .;prozess;rein;done;;frei;+;nd;+;+;nd;nd;nd;nd;nd;nd;nd;nd;nd;nd;nd;nd;nd;nd;nd;nd;nd;nd
138;VVINF;ADJD;fragen;9;NZZ_1996_01_25_a136_seg4_s30;8;Full|-2;Und da mag man sich zuweilen doch leise fragen, ob der Film, der wissenschaftliche Diskurse tunlichst vermeidet, nicht einer andern modischen Strömung huldige : der gewaltsamen Mystifizierung des Natürlichen, die es notorischen Gegnern der Naturheilkunde immer wieder gar zu leicht macht, alles Alternative in den gleichen Hexenküchentopf zu werfen .;prozess;rein;done;;frei;+;nd;+;+;nd;nd;nd;nd;nd;nd;nd;nd;nd;nd;nd;nd;nd;nd;nd;nd;nd;nd
139;VVPP;ADJD;hoffen;13;NZZ_1994_09_05_a83_seg3_s6;4;Full|Psp;Wer auch nur leise auf eine Fortsetzung der linken Erfolgswelle von 1990 gehofft hatte, war am Wahlabend enttäuscht, ja schockiert .;prozess;rein;done;;frei;+;nd;+;+;nd;nd;+;nd;nd;nd;nd;nd;nd;nd;nd;nd;nd;nd;nd;nd;nd;nd
140;VVFIN;ADJD;machen;6;NZZ_1999_11_19_a140_seg5_s1;11;Full|3|Sg|Past|Ind;Seit Mitte der achtziger Jahre machte sich dann allerdings ganz leise ein Umdenken bemerkbar : Fosters Hongkonger Bankenturm, das Londoner Lloyd ' s Building von Rogers oder Johnsons New Yorker Lipstick bewiesen, dass Himmelsstürmer auch sexy sein konnten .;prozess;rein;done;;frei;+;nd;+;+;nd;nd;nd;nd;nd;nd;nd;nd;nd;nd;nd;nd;nd;nd;nd;nd;nd;nd
141;VVFIN;ADJD;darstellen;28;NZZ_1995_04_15_a200_seg8_s7;12;Full|3|Sg|Pres|Ind;Mehr noch, es muss doch zu denken geben, wie leise die Stimme des Hintergrunds sich im Vergleich zur lauten Stimme der « herkulischen Aufgaben » darstellt .;prozess;rein;done;;frei;+;nd;+;+;nd;nd;nd;nd;nd;nd;nd;nd;nd;nd;nd;nd;nd;nd;nd;nd;nd;nd
142;VVFIN;ADJD;reden;43;NZZ_1994_01_26_a196_seg6_s5;39;Full|3|Sg|Pres|Ind;Eine vor kurzem mit Positronen- Emissions-Tomographie ( PET ) durchgeführte Untersuchung bei gesunden Menschen hatte gezeigt, dass die Broca-Region nicht nur beim Sprechen, sondern auch bei der « inneren Sprache » angeregt ist, wenn man leise mit sich selber redet .;prozess;rein;done;;frei;+;nd;+;+;nd;nd;nd;nd;nd;nd;nd;nd;nd;nd;nd;nd;nd;nd;nd;nd;nd;nd
143;VVFIN;ADJD;aufsteigen;7;NZZ_1999_06_23_a129_seg3_s33;4;Full|3|Sg|Pres|Ind;Und wenn manchmal leise der Wunsch aufsteigt, dass der so uneitel souveräne Interpret da und dort etwas mehr riskiere, etwas mehr von sich gebe, zu sagen ist doch : in den Préludes von Rachmaninow brachte er vor Ohren, wie selbst diese Musik sich vom Steinway zu befreien vermag .;prozess;rein;done;;frei;+;nd;+;+;nd;nd;nd;nd;nd;nd;nd;nd;nd;nd;nd;nd;nd;nd;nd;nd;nd;nd
182;VMFIN;ADJD;können;3;NZZ_1999_07_23_a196_seg3_s12;6;Mod|3|Pl|Pres|Ind;Die Stomper können aber auch leise .;prozess;rein;done;;notwendig;+;nd;+;+;nd;nd;nd;nd;nd;nd;nd;nd;nd;nd;nd;nd;nd;nd;nd;nd;nd;nd
145;VVFIN;ADJD;stöhnen;12;NZZ_1998_07_10_a173_seg3_s10;13;Full|3|Sg|Pres|Ind;« Vielleicht hockt im fertigen Fussball noch immer ein Schneiderlein und stöhnt leise bei jedem Bombenschuss », versuche ich das Problem von der lockeren Seite zu nehmen .;prozess;rein;done;;frei;+;nd;+;+;nd;nd;nd;nd;nd;nd;nd;nd;nd;nd;nd;nd;nd;nd;nd;nd;nd;nd
146;VVFIN;ADJD;knacken;17;NZZ_1995_07_21_a26_seg6_s5;19;Full|3|Sg|Pres|Ind;Nur das Summen einer Wespe am offenen Wagenfenster ist zu hören, und dann und wann knackt es leise im Fahrwerk .;prozess;rein;done;;frei;+;nd;+;+;nd;nd;nd;nd;nd;nd;nd;nd;nd;nd;nd;nd;nd;nd;nd;nd;nd;nd
147;VVFIN;ADJD;summen;17;NZZ_1997_07_11_a217_seg2_s11;19;Full|3|Sg|Past|Ind;Auf meinem Platz, abwechselnd meinen Gegner und die Stellung inspizierend, sass Don Miguel und summte ganz leise ein mir unbekanntes Lied .;prozess;rein;done;;frei;+;nd;+;+;nd;nd;nd;nd;nd;nd;nd;nd;nd;nd;nd;nd;nd;nd;nd;nd;nd;nd
148;VVPP;ADJD;führen;11;NZZ_1994_10_19_a170_seg3_s8;10;Full|Psp;Das liegt einerseits daran, dass die Reformdebatte bewusst leise geführt wird, andererseits ist sie aber auch zu wenig spektakulär, um auf die Titelseiten zu kommen .;prozess;rein;done;;frei;+;nd;+;+;nd;nd;nd;nd;nd;nd;nd;nd;nd;nd;nd;nd;nd;nd;nd;nd;nd;nd
149;VVINF;ADJD;ziehen;17;NZZ_1995_11_18_a166_seg2_s13;13;Full|-2;Etwas von jener Kunst, Spannung zu schaffen, die Zuhörer so leise an sich zu ziehen, möchte ich mir auch aneignen . »;prozess;rein;done;;frei;+;nd;+;+;nd;nd;nd;nd;nd;nd;nd;nd;nd;nd;nd;nd;nd;nd;nd;nd;nd;nd
150;VVINF;ADJD;sagen;29;NZZ_1997_03_01_a198_seg6_s80;28;Full|3|Pl|Pres|Ind;Der Ramphis kommt musikalisch herein wie Butter, ich finde das ganz besonders beängstigend - so wie grausame Lehrer in den Schulen, die ganz Gefährliches sehr leise sagen und damit besonderen Schrecken auslösen .;prozess;rein;done;;frei;+;nd;+;+;nd;nd;nd;nd;nd;nd;nd;nd;nd;nd;nd;nd;nd;nd;nd;nd;nd;nd
151;VVFIN;ADJD;--;20;NZZ_1999_02_04_a224_seg4_s14;19;Full|3|Sg|Pres|Ind;Seine oftmals deftigen Witze und vorlauten Sprüche stehen im Kontrast zum introvertierten Kjus, der sich immer nur leise äussert und auf der Piste durch enorme Balance und filigrane Technik überzeugt .;prozess;rein;done;;frei;+;nd;+;+;nd;nd;nd;nd;nd;nd;nd;nd;nd;nd;nd;nd;nd;nd;nd;nd;nd;nd
152;VVFIN;ADJD;ziehen;3;NZZ_1995_07_01_a176_seg3_s23;5;Full|3|Pl|Pres|Ind;Die Tänzerinnen ziehen sich leise zurück, während Eve Trachsel dem Publikum einen Spiegel vorsetzt, auf dass es sich noch einmal sehen kann im Theater Westend .;prozess;rein;done;;frei;+;nd;+;+;nd;nd;nd;nd;nd;nd;nd;nd;nd;nd;nd;nd;nd;nd;nd;nd;nd;nd
153;VVFIN;ADJD;brummeln;19;NZZ_1994_10_11_a152_seg5_s2;20;Full|3|Sg|Pres|Ind;Nach kurzer Warmlaufphase kann er zurückgeschoben werden, und der luftgekühlte, im 30-Grad-Winkel nach vorne geneigte Vierzylindermotor brummelt leise vor sich hin .;prozess;rein;done;;frei;+;nd;+;+;nd;nd;nd;nd;nd;nd;nd;nd;nd;nd;nd;nd;nd;nd;nd;nd;nd;nd
154;VVFIN;ADJD;reden;30;NZZ_1998_05_16_a267_seg4_s12;31;Full|3|Sg|Pres|Ind;Der Grossvater mit dem kleinen Mädchen, taucht plötzlich auf, den Kopf gesenkt, klopft mit dem Regenschirm auf die gelben Steine, tocktocktock durch alle Höfe, redet leise mit der Kleinen, verschwindet .;prozess;rein;done;;frei;+;nd;+;+;nd;nd;nd;nd;nd;nd;nd;nd;nd;nd;nd;nd;nd;nd;nd;nd;nd;nd
155;VVFIN;ADJD;sagen;17;NZZ_1996_05_11_a232_seg8_s3;18;Full|3|Sg|Pres|Ind;Sie sieht ihn nur an - mit leicht hochgezogenen Brauen, aber durchaus liebevoll - und sagt leise : « Und ?;prozess;rein;done;;frei;+;nd;+;+;nd;nd;nd;nd;nd;nd;nd;nd;nd;nd;nd;nd;nd;nd;nd;nd;nd;nd
156;VVINF;ADJD;romantisieren;24;NZZ_1997_05_31_a227_seg3_s8;23;Full|-2;Hinzu kommt, dass die deutschen Übersetzungen den oftmals nonchalanten Umgangston « verbessern », die stilistischen Spitzen brechen und die Texte leise romantisieren oder mythisieren .;prozess;rein;done;;frei;+;nd;+;+;nd;nd;nd;nd;nd;nd;nd;nd;nd;nd;nd;nd;nd;nd;nd;nd;nd;nd
157;VVFIN;ADJD;schlängeln;26;NZZ_1996_10_30_a109_seg4_s8;21;Full|3|Sg|Pres|Ind;Wie selbstverständlich verbindet sich dabei die strenge Vertikale des gotischen Münsters mit der Stromlinienform des futuristischen Trams, das sich leise durch die historische Altstadt schlängelt .;prozess;rein;done;;frei;+;nd;+;+;nd;nd;nd;nd;nd;nd;nd;nd;nd;nd;nd;nd;nd;nd;nd;nd;nd;nd
158;VVFIN;ADJD;kichern;16;NZZ_1995_10_12_a102_seg4_s14;17;Full|3|Sg|Past|Ind;Durch einen Spass über die furzenden Rösser brachte er sie zum Lachen, « sie kicherte leise in ihr Rotz- und Tränentüchlein » .;prozess;rein;done;;frei;+;nd;+;+;nd;nd;nd;nd;nd;nd;nd;nd;nd;nd;nd;nd;nd;nd;nd;nd;nd;nd
159;VVFIN;ADJD;gehen;8;NZZ_1993_12_11_a40_seg3_s12;9;Full|3|Sg|Past|Ind;Seine letzte Eintragung lautet : « Er ging leise aus dem Leben fort, wie einer, der eine langweilige Filmvorführung verlässt, vorsichtig, um die andern nicht zu stören . »;prozess;rein;done;;frei;+;nd;+;+;nd;nd;nd;nd;nd;nd;nd;nd;nd;nd;nd;nd;nd;nd;nd;nd;nd;nd
160;VVFIN;ADJD;schütteln;16;NZZ_1997_07_05_a230_seg3_s2;18;Full|3|Sg|Pres|Ind;Ob er ihm vielleicht helfen könne, fragt ein herbeigeeilter Passant, aber der Dichter schüttelt nur leise lächelnd den Kopf .;nd;nd;not of interest;ModSekPräd;;nd;nd;nd;nd;nd;nd;nd;nd;nd;nd;nd;nd;nd;nd;nd;nd;nd;nd;nd;nd;nd;nd
161;VVPP;ADJD;aushauchen;8;NZZ_1999_12_11_a144_seg3_s1;4;Full|Psp;Das Pferd hat leise einen weissen Luftstrauch ausgehaucht, einen echten milchig weissen Kieselstein mit Adern, das Ächzen einer Tür hing lange in der reinen Luft, in den Wäldern schlief das Wild .;prozess;rein;done;;frei;+;nd;+;+;nd;nd;nd;nd;nd;nd;nd;nd;nd;nd;nd;nd;nd;nd;nd;nd;nd;nd
162;VVINF;ADJD;hoffen;34;NZZ_1999_10_02_a43_seg6_s6;26;Full|-2;Der Chefredaktor der « Tribune » wollte am Mittwoch die klinisch tote Expo von den Schläuchen abkuppeln, nachdem die Inlandchefin zwei Tage zuvor noch leise auf eine deutliche Willenskundgebung der Schweizer zu hoffen gewagt hatte .;prozess;rein;done;;frei;+;nd;+;+;nd;nd;nd;nd;nd;nd;nd;nd;nd;nd;nd;nd;nd;nd;nd;nd;nd;nd
163;VVINF;ADJD;kochen;46;NZZ_1999_01_09_a183_seg3_s15;45;Full|-2;"Zum Beispiel : 250 Gramm fein geschnittenen Wirz in etwas Öl dämpfen ; 2 Esslöffel Mehl darüberstreuen und unter Rühren kurz mitdämpfen ; 1 Liter Wasser beigeben ; mit Salz, Paprika und - je nach Belieben - Bouillon würzen ; rund 30 Minuten leise kochen lassen ; pürieren .";prozess;rein;done;;frei;+;nd;+;+;nd;nd;nd;nd;nd;nd;nd;nd;nd;nd;nd;nd;nd;nd;nd;nd;nd;nd
164;VVPP;ADJD;spielen;24;NZZ_1993_02_02_a41_seg2_s11;23;Full|Psp;Später, im zweiten Satz, bemerkte man mit Überraschung, wie nahtlos eine Bewegung in der Pauke, wird sie wirklich leise gespielt, von der Harfe übernommen werden kann .;prozess;rein;done;;frei;+;nd;+;+;nd;nd;nd;nd;nd;nd;nd;nd;nd;nd;nd;nd;nd;nd;nd;nd;nd;nd
165;VVINF;ADJD;irritieren;19;NZZ_1996_11_07_a158_seg4_s41;17;Full|-2;Auch seine Rebellion als Lehrer in den Vierzigern, Fünfzigern scheint ihn selbst in der Rückschau leise zu irritieren : statt Frontal- Gruppenunterricht, statt Koedukation ( heimlich ) getrenntes Unterrichten von Mädchen und Knaben in den Fächern Chemie und Physik, das Schulzimmer geschmückt mit Pflanzen, Bildern, Büchern .;prozess;rein;done;;frei;+;nd;+;+;nd;nd;+;nd;nd;nd;nd;nd;nd;nd;nd;nd;nd;nd;nd;nd;nd;nd
166;VVFIN;ADJD;sagen;7;NZZ_1996_04_02_a125_seg3_s33;9;Full|1|Pl|Past|Ind;Du musst kommen, Trübe, sagten wir leise .;prozess;rein;done;;frei;+;nd;+;+;nd;nd;nd;nd;nd;nd;nd;nd;nd;nd;nd;nd;nd;nd;nd;nd;nd;nd
167;VVFIN;ADJD;sprechen;30;NZZ_1994_09_13_a127_seg6_s3;31;Full|3|Sg|Past|Ind;Umringt von seiner Familie nahm er die vielen Gratulationen scheu entgegen, liess sich in allen möglichen Posen photographieren, beantwortete geduldig die immer gleichen Fragen der Journalisten, sprach leise in die Mikrophone und blickte etwas verlegen in die Fernsehkameras .;prozess;rein;done;;frei;+;nd;+;+;nd;nd;nd;nd;nd;nd;nd;nd;nd;nd;nd;nd;nd;nd;nd;nd;nd;nd
168;VVINF;ADJD;wiegen;33;NZZ_1994_11_01_a107_seg2_s21;32;Full|3|Pl|Past|Ind;Beim Durcheilen der Bankreihen böte sich eine surreale Szenerie : Die feinen akustischen Nadelstiche würden in einem geheimnisvollen weissen Rauschen verschmelzen, während die Köpfe sich je in ihrem eigenen Takt leise wiegten .;prozess;rein;done;;frei;+;nd;+;+;nd;nd;nd;nd;nd;nd;nd;nd;nd;nd;nd;nd;nd;nd;nd;nd;nd;nd
169;VVFIN;ADJD;unterhalten;30;NZZ_1994_02_26_a21_seg4_s3;32;Full|3|Pl|Pres|Ind;Vierzehn einheitlich dunkel gekleidete Mafiosi quetschen ihre massigen Körper in die fragilen Sitzgelegenheiten der Imbissstube im vierten Stock des Hotels Astoria in St. Petersburg, saugen an Limonaden, unterhalten sich leise und schauen dabei wachsam in die Gegend .;prozess;rein;done;;frei;+;nd;+;+;nd;nd;nd;nd;nd;nd;nd;nd;nd;nd;nd;nd;nd;nd;nd;nd;nd;nd
170;VVFIN;ADJD;unterhalten;14;NZZ_1999_07_23_a89_seg6_s4;16;Full|3|Sg|Pres|Ind;Man wartet auf Kundschaft, raucht eine der süsslich duftenden indonesischen Zigaretten, unterhält sich leise mit dem Nachbarn .;prozess;rein;done;;frei;+;nd;+;+;nd;nd;nd;nd;nd;nd;nd;nd;nd;nd;nd;nd;nd;nd;nd;nd;nd;nd
171;VVFIN;ADJD;rascheln;6;NZZ_1994_02_03_a211_seg8_s6;7;Full|3|Sg|Pres|Ind;Der menschenhohe, dunkelgrüne Mais raschelt leise in der Stille .;prozess;rein;done;;frei;+;nd;+;+;nd;nd;nd;nd;nd;nd;nd;nd;nd;nd;nd;nd;nd;nd;nd;nd;nd;nd
172;VVPP;ADJD;laufen;16;NZZ_1998_07_04_a255_seg9_s4;15;Full|Psp;Der Motor machte plötzlich und völlig unerwartet laute Nebengeräusche - zuvor war er absolut leise gelaufen - und Nancarrow quittierte dies mit der freundlichen Bemerkung : « Oh, it ' s noisy . »;prozess;rein;done;;frei;+;nd;+;+;nd;nd;nd;nd;nd;nd;nd;nd;nd;nd;nd;nd;nd;nd;nd;nd;nd;nd
173;VVINF;ADJD;nachhallen;13;NZZ_1995_06_02_a220_seg2_s13;12;Full|-2;Der geplante Grollo-Tower - in welchem Ideen von Foster und Pei leise nachhallen - darf als Quintessenz seines bisherigen Schaffens bezeichnet werden .;prozess;rein;done;;frei;+;nd;+;+;nd;nd;nd;nd;nd;nd;nd;nd;nd;nd;nd;nd;nd;nd;nd;nd;nd;nd
174;VVINF;ADJD;lachen;27;NZZ_1994_03_28_a87_seg8_s13;26;Full|-2;"Doch « die Inquisitoren auf der ganzen Welt verbrennen die Bücher vergebens, und wenn die Bücher Gültiges enthalten, hört man sie im Feuer leise lachen ... » - Hrabal selber arbeitete in den fünfziger Jahren in der Altpapiersammelstelle an der Spalená in Prag ; seine eigenen Bücher wurden 1970 eingestampft .";prozess;rein;done;;frei;+;nd;+;+;nd;nd;nd;nd;nd;nd;nd;nd;nd;nd;nd;nd;nd;nd;nd;nd;nd;nd
175;VVFIN;ADJD;rieseln;8;NZZ_1996_11_14_a201_seg3_s13;4;Full|3|Sg|Pres|Ind;Wenn der Schnee leise vom wolkenschweren Himmel herabrieselt, der Pulverschnee wie Puderzucker unter den leichtgewichtigen Riesenschuhen zerstäubt, ist das Glück der « Schneeschühler » erst richtig perfekt .;prozess;rein;done;;frei;+;nd;+;+;nd;nd;nd;nd;nd;nd;nd;nd;nd;nd;nd;nd;nd;nd;nd;nd;nd;nd
176;VVFIN;ADJD;verschieben;2;NZZ_1995_06_29_a193_seg12_s2;6;Full|1|Pl|Pres|Ind;Erst verschieben wir uns möglichst leise in den günstigen Wind .;prozess;rein;done;;frei;+;nd;+;+;nd;nd;nd;nd;nd;nd;nd;nd;nd;nd;nd;nd;nd;nd;nd;nd;nd;nd
177;VVFIN;ADJD;abwandern;46;NZZ_1997_12_04_a203_seg5_s12;43;Full|-2;Auch das Management erkennt, dass der Verzicht auf einen üblen Passagier in jeder Hinsicht vorteilhafter ist als der Verlust guter Kunden, die sich normal verhalten, aber die Belästigungen durch Streithähne, Betrunkene und Gewalttäter nicht aushalten und still und leise zur Konkurrenz abwandern .;nd;nd;not of interest;idiom;;nd;nd;nd;nd;nd;nd;nd;nd;nd;nd;nd;nd;nd;nd;nd;nd;nd;nd;nd;nd;nd;nd
178;VVFIN;ADJD;treten;24;NZZ_1999_10_12_a209_seg7_s9;26;Full|1|Sg|Past|Ind;« Ein fahlweisses Licht stand im Raum, verwischte die Umrisse der Möbel, die Lampe war noch nicht eingeschaltet worden, ich trat ganz leise ans Fenster .;prozess;rein;done;;frei;+;nd;+;+;nd;nd;nd;nd;nd;nd;nd;nd;nd;nd;nd;nd;nd;nd;nd;nd;nd;nd
179;VVINF;ADJD;mokieren;32;NZZ_1999_09_08_a195_seg2_s5;27;Full|-2;Ein grosser Teil der erheiternden Ausstellung zeigt Fredy Sigg als Maler, der es verstand, sich auch in Ölbildern, Aquarellen, Tusch- und Kohlezeichnungen leise über seine Umgebung zu mokieren .;prozess;rein;done;;frei;+;nd;+;+;nd;nd;nd;nd;nd;nd;nd;nd;nd;nd;nd;nd;nd;nd;nd;nd;nd;nd
180;VVIMP;ADJD;verästeln;19;NZZ_1998_04_27_a138_seg3_s1;21;Full|3|Sg|Pres|Ind;"P. Mü. Ein Sechstonfarbklang von sechs Streichern, in die Höhe gesetzt, tönt sich vielfach um, verästelt sich leise ins siebte Instrument, tastet glissandierend weiter ; in der Tiefe finden sich sodann andere Töne, sie mischen das Klangspektrum neu, bereiten der Sologeige den Boden ; eigengetönt geht sie nach kurzer Klangrast, in Schwebungen versetzt, weiter .";prozess;rein;done;;frei;+;nd;+;+;nd;nd;nd;nd;nd;nd;nd;nd;nd;nd;nd;nd;nd;nd;nd;nd;nd;nd
181;VVFIN;ADJD;nennen;2;NZZ_1994_06_25_a134_seg5_s10;3;Full|3|Sg|Pres|Ind;Er nennt leise seinen Namen : « Tanikawa » - was soviel heisst wie Bergbach oder reines Wasser .;prozess;rein;done;;frei;+;nd;+;+;nd;nd;nd;nd;nd;nd;nd;nd;nd;nd;nd;nd;nd;nd;nd;nd;nd;nd
144;VVFIN;ADJD;treten;2;NZZ_1997_08_18_a18_seg11_s10;8;Full|3|Pl|Pres|Ind;Zwar treten die Befürworter der Initiative heute leise auf und erklären beispielsweise, Methadonprogramme wären auch bei Annahme des Begehrens selbstverständlich noch möglich .;prozess;rein;done;;möglich;+;nd;+;+;nd;nd;nd;nd;nd;nd;nd;nd;nd;nd;nd;nd;nd;nd;nd;nd;nd;nd
183;VVFIN;ADJD;schaukeln;18;NZZ_1999_10_21_a164_seg21_s4;17;Full|3|Sg|Pres|Ind;Elisabeth Brun del Re wird jeden Tag massiert, und sie hat ein Bett, das leise schaukelt .;prozess;rein;done;;frei;+;nd;+;+;nd;nd;nd;nd;nd;nd;nd;nd;nd;nd;nd;nd;nd;nd;nd;nd;nd;nd
184;VVFIN;ADJD;stöhnen;16;NZZ_1999_08_31_a186_seg2_s1;18;Full|3|Sg|Past|Ind;Als Martin Laciga seinen Rucksack geschultert hatte und sich vom Sandplatz Richtung Spielerzelt bewegte, stöhnte er leise vor sich hin : « Mann, ist das brutal . »;prozess;rein;done;;frei;+;nd;+;+;nd;nd;nd;nd;nd;nd;nd;nd;nd;nd;nd;nd;nd;nd;nd;nd;nd;nd
185;VVFIN;ADJD;sprechen;7;NZZ_1996_02_26_a19_seg11_s6;9;Full|3|Sg|Pres|Ind;In der Klinik in der Schweiz spricht er leise mit einer Sprechkanüle .;prozess;rein;done;;frei;+;nd;+;+;nd;nd;nd;nd;nd;nd;nd;nd;nd;nd;nd;nd;nd;nd;nd;nd;nd;nd
186;VVFIN;ADJD;dahingleiten;8;NZZ_1993_04_16_a42_seg3_s8;5;Full|3|Sg|Pres|Ind;Kein E-Zug, der leise unter Stromleitungen dahingleitet, sondern schwer stampfende Kolosse aus dem Dampfzeitalter .;prozess;rein;done;;frei;+;nd;+;+;nd;nd;nd;nd;nd;nd;nd;nd;nd;nd;nd;nd;nd;nd;nd;nd;nd;nd
187;VVPP;ADJD;aushöhlen;15;NZZ_1996_10_17_a18_seg4_s3;14;Full|Psp;Die Autonomie der Krim - in der neuen ukrainischen Verfassung festgeschrieben - wird leise ausgehöhlt, und der Druck wächst : In spätestens drei Monaten soll das gelähmte Krim-Parlament seine bereits im Frühjahr verabschiedete Verfassung nochmals revidieren und in Einklang mit der neuen ukrainischen Landesverfassung bringen .;prozess;rein;done;;frei;+;nd;+;+;nd;nd;nd;nd;nd;nd;nd;nd;nd;nd;nd;nd;nd;nd;nd;nd;nd;nd
188;VVPP;ADJD;spielen;39;NZZ_1997_10_18_a164_seg4_s14;38;Full|Psp;Dass das Vibrato nur an einzelnen Stellen, als Verzierung eben, eingesetzt wird, dass die Tongebung leicht, die Artikulation ausgeprägt sein muss - und vor allem : dass auf dem nicht abgesenkten Orchesterpodium besonders leise gespielt werden muss, das alles ist für das Orchester der Oper Zürich kein Neuland .;prozess;rein;done;;frei;+;nd;+;+;nd;nd;nd;nd;nd;nd;nd;nd;nd;nd;nd;nd;nd;nd;nd;nd;nd;nd
189;VVPP;ADJD;verbannen;18;NZZ_1998_11_19_a228_seg3_s28;13;Full|Psp;Die im letzten Winter mit verbalem Getöse eingeführten Parallelrennen sind still und leise wieder aus dem Weltcup verbannt worden .;nd;nd;not of interest;idiom;;nd;nd;nd;nd;nd;nd;nd;nd;nd;nd;nd;nd;nd;nd;nd;nd;nd;nd;nd;nd;nd;nd
190;VVFIN;ADJD;verlieren;34;NZZ_1999_10_22_a148_seg3_s9;33;Full|3|Pl|Pres|Ind;"Schliesslich, nachdem der letzte Schrank seinen Inhalt, eine Grossportion leerer Getränkedosen, geräuschvoll aufs Podium entleert hat, kommt eine Klarinette zum Zug, eine Posaune, eine Tuba ; leise verlieren sich diese Klänge .";prozess;rein;done;;frei;+;nd;+;+;nd;nd;nd;nd;nd;nd;nd;nd;nd;nd;nd;nd;nd;nd;nd;nd;nd;nd
191;VVIMP;ADJD;wiegen;43;NZZ_1999_09_02_a194_seg4_s15;45;Full|2|Sg;Doch plötzlich hebt aus dem Off eine Stimme an, das bekannte kosakische Wiegenlied zu singen, bis zur schieren Unkenntlichkeit gedehnt, aber so wehmütig und kräftig, dass einem Schauer den Rücken hinunterlaufen : « Schlaf mein Kind, ich wieg dich leise ... » Warm und erbarmungsvoll scheint wie aus heiterem Himmel die Musik, zusammen mit dem Licht, für einmal die nackten, gebeutelten Menschen auf der Bühne zu streicheln, zu liebkosen .;prozess;rein;done;quotation;frei;+;nd;+;+;nd;nd;nd;nd;nd;nd;nd;nd;nd;nd;nd;nd;nd;nd;nd;nd;nd;nd
192;VVINF;ADJD;stöhnen;19;NZZ_1995_08_22_a111_seg6_s3;18;Full|-2;"In ihrem Schlafzimmer findet er rund 10 000 Franken ; beim Weggehen hört der Täter das Opfer leise stöhnen und versetzt ihm mit dem Dolch den Todesstoss ; er verwischt seine Spuren und legt eine falsche Fährte, wobei er einen Handschuh am Tatort vergisst .";prozess;rein;done;;frei;+;nd;+;+;nd;nd;nd;nd;nd;nd;nd;nd;nd;nd;nd;nd;nd;nd;nd;nd;nd;nd
193;VVPP;ADJD;--;22;NZZ_1996_06_22_a124_seg5_s13;20;Full|3|Sg|Pres|Ind;Und hierbei handelt es sich weniger um eine pornographische und mehr um eine kulturelle Angelegenheit, in der man leise sprechend umherwandelt und die mit beleuchteten Vitrinen ausgestattet ist .;nd;nd;not of interest;ModSekPräd;;nd;nd;nd;nd;nd;nd;nd;nd;nd;nd;nd;nd;nd;nd;nd;nd;nd;nd;nd;nd;nd;nd
194;VVFIN;ADJD;kratzen;10;NZZ_1997_07_26_a24_seg19_s11;11;Full|3|Sg|Pres|Ind;Man hört das Atmen der Reporter, ein Bleistift kratzt leise auf einem Notizblock .;prozess;rein;done;;frei;+;nd;+;+;nd;nd;nd;nd;nd;nd;nd;nd;nd;nd;nd;nd;nd;nd;nd;nd;nd;nd
195;VVFIN;ADJD;lassen;2;NZZ_1993_04_06_a94_seg1_s1;6;Full|2|Pl|Pres|Ind;« Lasst uns das Leben leise wieder lernen »;prozess;rein;done;;frei;+;nd;+;+;nd;nd;nd;nd;nd;nd;nd;nd;nd;nd;nd;nd;nd;nd;nd;nd;nd;nd
196;VVPP;ADJD;einstimmen;15;NZZ_1993_04_06_a94_seg2_s3;14;Full|Psp;Sein sorgfältig recherchierter, beinahe nur aus Interviews mit Fachleuten bestehender Bericht wurde leise eingestimmt mit einem Gedicht von Nelly Sachs .;prozess;rein;done;;frei;+;nd;+;+;nd;nd;nd;nd;nd;nd;nd;nd;nd;nd;nd;nd;nd;nd;nd;nd;nd;nd
197;VVFIN;ADJD;dahingleiten;8;NZZ_1993_04_16_a42_seg3_s8;5;Full|3|Sg|Pres|Ind;Kein E-Zug, der leise unter Stromleitungen dahingleitet, sondern schwer stampfende Kolosse aus dem Dampfzeitalter .;prozess;rein;done;;frei;+;nd;+;+;nd;nd;nd;nd;nd;nd;nd;nd;nd;nd;nd;nd;nd;nd;nd;nd;nd;nd
198;VVFIN;ADJD;klappern;4;NZZ_1993_04_17_a137_seg2_s50;5;Full|3|Sg|Past|Ind;Sein weisser Beinring klapperte leise an den Maschendraht, so nah war er getrippelt .;prozess;rein;done;;frei;+;nd;+;+;nd;nd;nd;nd;nd;nd;nd;nd;nd;nd;nd;nd;nd;nd;nd;nd;nd;nd
199;VVFIN;ADJD;tönen;17;NZZ_1993_04_21_a35_seg2_s9;19;Full|3|Pl|Past|Ind;"Namhafte Pädagogen, wie etwa Tissots Briefpartner Rousseau, teilten diese radikale Mentalität ; mildere Stimmen tönten eher leise .";prozess;rein;done;;frei;+;nd;+;+;nd;nd;nd;nd;nd;nd;nd;nd;nd;nd;nd;nd;nd;nd;nd;nd;nd;nd
200;VVINF;ADJD;hoffen;26;NZZ_1993_04_26_a210_seg3_s6;25;Full|-2;Gewinnt dagegen die Mannschaft von Otto Rehhagel, kann sich nicht nur der Europacup-Sieger wieder Titelchancen ausrechnen, auch weitere Teams dürfen dann wieder leise hoffen, allen voran Dortmund .;prozess;Gradadverbial;done;;frei;+;nd;+;nd;nd;nd;+;nd;nd;nd;nd;nd;nd;nd;nd;nd;nd;nd;nd;nd;nd;nd
;;;;;;;;;;;;;;;;;;;;;;;;;;;;;;;;;;;
;;;;;;;;;;;;;;;;;;;;;;;;;;;;;;;;;;;
;;;;;;;;;;;;;;;;;;;;;;;;;;;;;;;;;;;
;;;;;;;;;;;;;;;;;;;;;;;;;;;;;;;;;;;
;;;;;;;;;;;;;;;;;;;;;;;;;;;;;;;;;;;
;;;;;;;;;;;;;;;;;;;;;;;;;;;;;;;;;;;
;;;;;;;;;;;;;;;;;;;;;;;;;;;;;;;;;;;
;;;;;;;;;;;;;;;;;;;;;;;;;;;;;;;;;;;
;;;;;;;;;;;;;;;;;;;;;;;;;;;;;;;;;;;
;;;;;;;;;;;;;;;;;;;;;;;;;;;;;;;;;;;
;;;;;;;;;;;;;;;;;;;;;;;;;;;;;;;;;;;
