﻿Interne-ID;Function-Head;Funktion-Hit;Head;ID-Head;ID-NZZ;ID-Token;Meta-Kopf;sentence;Oberkategorie;Unterkategorie;Status;Kommentar;externe Funktion;prozess;pFREQ;AuW;pure;agent;method;degree;proposition;KONJ;FRAME;SADV;extern;KAUS;TEMP;FREQ;BU;LOC;intern;INST;KOM;SH;iLOC
32;VVPP;ADJD;abschließen;36;NZZ_1994_09_30_a39_seg6_s3;35;Full|Psp;Allerdings sollte man diese Daten nicht überbewerten , da der Aufschwung noch sehr jung ist und die Vergleichsperiode , das erste Halbjahr 1993 , wegen der Staatsteilung und dem Einbruch im tschechisch-slowakischen Handel besonders schlecht abgeschlossen hat .;prozess;rein;done;;frei;+;nd;+;+;nd;nd;nd;nd;nd;nd;nd;nd;nd;nd;nd;nd;nd;nd;nd;nd;nd;nd
127;VVFIN;ADJD;ankommen;43;NZZ_1998_07_24_a11_seg8_s9;42;Full|3|Sg|Pres|Ind;Das Wichtigste an der Abstimmung im Repräsentantenhaus dürfte indessen die Erkenntnis sein , dass Clinton mit seiner oft wenig konsequenten , vor allem den kurzfristigen Profit suchenden Marktwirtschaftsdiplomatie bei beiden Parteien , auch bei den Republikanern , im Grunde gar nicht schlecht ankommt .;prozess;rein;done;;frei;+;nd;+;+;nd;nd;nd;nd;nd;nd;nd;nd;nd;nd;nd;nd;nd;nd;nd;nd;nd;nd
22;VVFIN;ADJD;anstehen;23;NZZ_1998_12_05_a151_seg3_s26;22;Full|-2;Basisinformationen dieser Art würden dem bewusst sehr privat gehaltenen , mit der assoziativen Kraft von Wort und Bild arbeitenden Porträt keineswegs schlecht anstehen .;prozess;rein;done;;frei;+;nd;+;+;nd;nd;nd;nd;nd;nd;nd;nd;nd;nd;nd;nd;nd;nd;nd;nd;nd;nd
42;VVPP;ADJD;anziehen;13;NZZ_1997_08_30_a149_seg4_s23;12;Full|Psp;Wie sollte man verstehen , dass die Mitglieder einer Popband derart schlecht angezogen sein können und trotzdem so viele Fans haben ?;nd;nd;not of interest;ModPräd;;nd;nd;nd;nd;nd;nd;nd;nd;nd;nd;nd;nd;nd;nd;nd;nd;nd;nd;nd;nd;nd;nd
53;VVPP;ADJD;arbeiten;14;NZZ_1998_11_24_a52_seg6_s9;13;Full|Psp;Und weiter ist hinter den Kulissen zu hören , die Revisionsstelle habe schlecht gearbeitet , ohne dass es dem Verwaltungsrat aufgefallen wäre .;prozess;rein;done;;frei;+;nd;+;+;nd;nd;nd;nd;nd;nd;nd;nd;nd;nd;nd;nd;nd;nd;nd;nd;nd;nd
40;VVPP;ADJD;arretieren;36;NZZ_1999_10_19_a200_seg5_s12;35;Full|Psp;Gut dagegen sind die vielen Ablegemöglichkeiten für Kleinzeug und der dank asymmetrisch abklappbaren Rücksitzlehnen variabel nutzbare Gepäckraum , dessen Deckel - auch das ein wohl leicht behebbarer Mangel - im offenen Zustand leider nur schlecht arretiert werden kann .;prozess;rein;done;;frei;+;nd;+;+;nd;nd;nd;nd;nd;nd;nd;nd;nd;nd;nd;nd;nd;nd;nd;nd;nd;nd
6;VVFIN;ADJD;aufnehmen;7;NZZ_1996_11_09_a38_seg10_s7;6;Full|3|Sg|Past|Ind;Da der Baugrund die Lasten schlecht aufnahm , führten Setzungen des Südturmes und der Aussenmauern zu neuen Kräfteverhältnissen , die das Zimmerwerk des Oktogons enorm belasteten .;prozess;rein;done;;frei;+;nd;+;+;nd;nd;nd;nd;nd;nd;nd;nd;nd;nd;nd;nd;nd;nd;nd;nd;nd;nd
10;VVPP;ADJD;aufnehmen;8;NZZ_1999_06_05_a121_seg10_s7;7;Full|Psp;"Diese Nachricht wurde am Schweizer Aktienmarkt schlecht aufgenommen ; die Clariant-Valoren gerieten unter Druck und sanken im Lauf der Woche um über 3% .";prozess;rein;done;;frei;+;nd;+;+;nd;nd;nd;nd;nd;nd;nd;nd;nd;nd;nd;nd;nd;nd;nd;nd;nd;nd
104;VVPP;ADJD;aufnehmen;18;NZZ_1995_08_04_a92_seg4_s1;17;Full|Psp;M. St. An den Ringen sind die jüngsten Ertragszahlen der Schweizerischen Bankgesellschaft ( SBG ) denkbar schlecht aufgenommen worden .;prozess;rein;done;;frei;+;nd;+;+;nd;nd;nd;nd;nd;nd;nd;nd;nd;nd;nd;nd;nd;nd;nd;nd;nd;nd
155;VVPP;ADJD;aufnehmen;15;NZZ_1997_11_05_a175_seg3_s8;14;Full|Psp;In der Diskussion im Rat wurden sowohl die Initiative als auch der Gegenvorschlag schlecht aufgenommen .;prozess;rein;done;;frei;+;nd;+;+;nd;nd;nd;nd;nd;nd;nd;nd;nd;nd;nd;nd;nd;nd;nd;nd;nd;nd
160;VVIZU;ADJD;aufpäppeln;20;NZZ_1994_09_24_a29_seg6_s5;4;Full|zu;Die Versprechungen passen schlecht zum oft bekundeten Widerwillen des Handels- und Industrieministers Manuel , Betriebe oder Industrien mit Subventionen aufzupäppeln .;prozess;rein;done;;frei;+;nd;+;+;nd;nd;nd;nd;nd;nd;nd;nd;nd;nd;nd;nd;nd;nd;nd;nd;nd;nd
77;VVPP;ADJD;ausbilden;23;NZZ_1996_11_11_a101_seg5_s7;22;Full|Psp;Von der Sache her betrachtet , führt diese Vorlage indessen dazu , dass der ohnehin schlecht ausgebildete Zivilschutz in Zukunft noch schlechter ausgebildet sein wird , so dass man sich mit Fug und Recht fragen muss , weshalb überhaupt noch Zivilschutz ?;nd;nd;not of interest;ModPräd;;nd;nd;nd;nd;nd;nd;nd;nd;nd;nd;nd;nd;nd;nd;nd;nd;nd;nd;nd;nd;nd;nd
195;VVINF;ADJD;ausfallen;18;NZZ_1993_04_01_a149_seg2_s6;17;Full|-2;Und weil nicht zuletzt für Immobilien noch aussergewöhnliche Rückstellungen hinzukommen , wird auch das konsolidierte Gruppenergebnis schlecht ausfallen .;prozess;rein;done;;notwendig;+;nd;+;+;nd;nd;nd;nd;nd;nd;nd;nd;nd;nd;nd;nd;nd;nd;nd;nd;nd;nd
99;VVPP;ADJD;ausfallen|ausgefallen;9;NZZ_1999_09_14_a104_seg2_s2;8;Full|Psp;Der Wochenauftakt am Schweizer Aktienmarkt ist denkbar schlecht ausgefallen .;prozess;rein;done;;notwendig;+;nd;+;+;nd;nd;nd;nd;nd;nd;nd;nd;nd;nd;nd;nd;nd;nd;nd;nd;nd;nd
146;VVPP;ADJD;ausfallen|ausgefallen;15;NZZ_1997_03_07_a123_seg3_s8;14;Full|Psp;Der versicherungstechnische Verlust ist 1996 mit 711 ( 191 ) Mio. £ entsprechend schlecht ausgefallen .;prozess;rein;done;;notwendig;+;nd;+;+;nd;nd;nd;nd;nd;nd;nd;nd;nd;nd;nd;nd;nd;nd;nd;nd;nd;nd
199;VVPP;ADJD;ausfallen|ausgefallen;33;NZZ_1993_04_03_a143_seg4_s5;32;Full|Psp;Noch scheint es aber etwas zu früh zu sein , um bereits von einer Wiederbelebung des japanischen Automarktes zu sprechen : Zum einen war das Vorjahresresultat wegen einer bevorstehenden Steuerermässigung verhältnismässig schlecht ausgefallen , zum andern wies der März 1993 gegenüber dem Vorjahr einen zusätzlichen Handelstag auf .;prozess;rein;done;;notwendig;+;nd;+;+;nd;nd;nd;nd;nd;nd;nd;nd;nd;nd;nd;nd;nd;nd;nd;nd;nd;nd
121;VVFIN;ADJD;ausgehen;34;NZZ_1996_01_22_a99_seg13_s1;33;Full|3|Sg|Past|Ind;Ein weiteres Element verantwortungsbewussten ärztlichen Denkens findet in den klinisch-praktischen Schriften des Corpus Hippocraticum in zahlreichen Beispielen deutlichen Ausdruck : die rückblickende kritische und eben auch selbstkritische Analyse einer Behandlung , die schlecht ausging .;prozess;rein;done;;notwendig;+;nd;+;+;nd;nd;nd;nd;nd;nd;nd;nd;nd;nd;nd;nd;nd;nd;nd;nd;nd;nd
131;VVPP;ADJD;aushandeln;15;NZZ_1995_10_20_a45_seg9_s4;14;Full|Psp;Angesichts der riesigen Herausforderungen waren Fahrzeugkontrolle und Klinik lediglich Reförmchen und erst noch schlecht ausgehandelt und verkauft .;nd;nd;not of interest;ModPräd;;nd;nd;nd;nd;nd;nd;nd;nd;nd;nd;nd;nd;nd;nd;nd;nd;nd;nd;nd;nd;nd;nd
176;VVIZU;ADJD;auskommen;26;NZZ_1998_06_06_a3_seg2_s21;25;Full|zu;Nun selbst im Elysée scheint Chirac - eher ein Fussballspieler der Macht - mit Jospin , dem Mittelstürmer der Regierungsmannschaft , gar nicht so schlecht auszukommen .;prozess;rein;done;;frei;+;nd;+;+;nd;nd;nd;nd;nd;nd;nd;nd;nd;nd;nd;nd;nd;nd;nd;nd;nd;nd
103;VVPP;ADJD;auslasten;18;NZZ_1999_12_11_a99_seg6_s8;17;Full|Psp;Fuji hat sodann in die Fertigung von GM-Autos in Japan eingewilligt , weil die Fabriken zurzeit schlecht ausgelastet sind .;nd;nd;not of interest;ModPräd;;nd;nd;nd;nd;nd;nd;nd;nd;nd;nd;nd;nd;nd;nd;nd;nd;nd;nd;nd;nd;nd;nd
25;VVFIN;ADJD;aussehen;73;NZZ_1994_02_26_a3_seg2_s33;72;Full|3|Sg|Pres|Ind;Selbst für den in zwei Wochen stattfindenden Urnengang in Niedersachsen , der den Reigen der deutschen Wahlen eröffnen und fast mit Sicherheit mit einer Niederlage der CDU enden wird , gilt der gleiche Vorbehalt : Mitte Oktober wird es nur noch darum gehen , ob die Bilanz der letzten vier Jahre , die ganz im Zeichen der monumentalen Aufgaben der deutschen Wiedervereinigung stehen wird , für das Bonner Regierungslager wirklich so schlecht aussieht , wie oft suggeriert wird , oder ob von der Alternative , die sich in Scharpings SPD anbietet , mehr Kompetenz und Vertrauenswürdigkeit erwartet werden darf .;prozess;rein;done;;notwendig;+;nd;+;+;nd;nd;nd;nd;nd;nd;nd;nd;nd;nd;nd;nd;nd;nd;nd;nd;nd;nd
45;VVINF;ADJD;aussehen;15;NZZ_1997_07_14_a137_seg4_s9;14;Full|-2;Wiederkehr und De Napoli hatten mit einem Doppelpass ihre Gegenspieler Konjic und Brugnoli schlecht aussehen lassen , Wiederkehr flankte von der Grundlinie zur Mitte , dort war Drakopoulos einen Schritt schneller als Fischer und lenkte den Ball mit dem Kopf unhaltbar für Shorunmu ins Tor - 0 : 1 .;prozess;rein;done;;notwendig;+;nd;+;+;nd;nd;nd;nd;nd;nd;nd;nd;nd;nd;nd;nd;nd;nd;nd;nd;nd;nd
91;VVFIN;ADJD;aussehen;17;NZZ_1999_02_16_a169_seg5_s2;16;Full|3|Sg|Pres|Ind;Kritik musste sich auch das US Ski Team gefallen lassen , dessen medaillenlose WM-Bilanz so schlecht aussieht wie seit den Weltmeisterschaften 1974 in St. Moritz nicht mehr und zum Olympia-Debakel von 1988 in Calgary passt .;prozess;rein;done;;notwendig;+;nd;+;+;nd;nd;nd;nd;nd;nd;nd;nd;nd;nd;nd;nd;nd;nd;nd;nd;nd;nd
112;VVPP;ADJD;aussehen;50;NZZ_1999_11_26_a194_seg7_s10;49;Full|Psp;Ein Freund Bilkeis , für den « Heike eine Person gewesen wäre , die ihn als Frau auch interessiert hätte , wenn sie nicht schon vergeben gewesen wäre » , erzählte , er habe Heike wenige Wochen vor ihrem Verschwinden mit schwarzen Augenringen gesehen , sie habe sehr schlecht ausgesehen , « wie damals die schwer drogenabhängigen Personen auf dem Platzspitz » .;prozess;rein;done;;notwendig;+;nd;+;+;nd;nd;nd;nd;nd;nd;nd;nd;nd;nd;nd;nd;nd;nd;nd;nd;nd;nd
71;VVPP;ADJD;bedienen;13;NZZ_1995_11_10_a182_seg5_s27;12;Full|Psp;Aber Sylvester Stallones schwerblütige Melancholie-Nummer ist mit der unentschlossen gebremsten Action-Story schlecht bedient .;prozess;rein;done;;frei;+;nd;+;+;nd;nd;nd;nd;nd;nd;nd;nd;nd;nd;nd;nd;nd;nd;nd;nd;nd;nd
11;VVPP;ADJD;behandeln;19;NZZ_1996_03_30_a27_seg8_s2;18;Full|Psp;Die Bulgaren fühlen sich von Europa im Stich gelassen , im Vergleich zu den ostmitteleuropäischen Reformstaaten überaus schlecht behandelt oder gar vor den Kopf gestossen und zurückgewiesen .;prozess;rein;done;;frei;+;nd;+;+;nd;nd;nd;nd;nd;nd;nd;nd;nd;nd;nd;nd;nd;nd;nd;nd;nd;nd
128;VVPP;ADJD;behandeln;39;NZZ_1998_12_05_a128_seg6_s14;38;Full|Psp;Nun aber gab Bubis in einem « Spiegel » -Interview seine Interpretation dieser « Verletzbarkeit » zum besten : Dohnanyi sei « vielleicht nur verbittert , weil er sich von einer jüdischen Anwältin in einer privaten Entschädigungssache schlecht behandelt fühlt » .;nd;nd;not of interest;prädikativ;;nd;nd;nd;nd;nd;nd;nd;nd;nd;nd;nd;nd;nd;nd;nd;nd;nd;nd;nd;nd;nd;nd
185;VVPP;ADJD;behandeln;20;NZZ_1998_05_14_a164_seg4_s29;19;Full|Psp;Ihr lebt hier in der Schweiz in einer Scheinwelt , wenn Ihr das Gefühl habt , Ihr würdet schlecht behandelt . »;prozess;rein;done;;notwendig;+;nd;+;+;nd;nd;nd;nd;nd;nd;nd;nd;nd;nd;nd;nd;nd;nd;nd;nd;nd;nd
5;VVFIN;ADJD;bekommen;40;NZZ_1995_02_18_a113_seg3_s8;39;Full|3|Sg|Past|Ind;Walton kürzte und redigierte weiter , ja er entschloss sich sogar , die Sopranpartie der Cressida für Janet Baker in eine Altpartie umzuschreiben , was dem Werk , wie die letzte Aufführung 1976 an Covent Garden bestätigte , schlecht bekam .;prozess;rein;done;;frei;+;nd;+;+;nd;nd;nd;nd;nd;nd;nd;nd;nd;nd;nd;nd;nd;nd;nd;nd;nd;nd
65;VVFIN;ADJD;bekommen;19;NZZ_1993_02_01_a26_seg10_s1;18;Full|3|Sg|Pres|Ind;So ist mit der Monarchie in Grossbritannien eine Denkweise verbunden , die den Interessen des Landes oft schlecht bekommt - beispielsweise wenn die Herkunft nach wie vor mehr gilt als das Verdienst .;prozess;rein;done;;frei;+;nd;+;+;nd;nd;nd;nd;nd;nd;nd;nd;nd;nd;nd;nd;nd;nd;nd;nd;nd;nd
63;VVFIN;ADJD;belohnen;6;NZZ_1997_06_02_a151_seg7_s4;5;Full|Psp;Seine Initiative wurde ebenso schlecht belohnt wie seine Dreingabe am folgenden Tag , als er im Spurt Baronti und Casagrande unterlag .;prozess;rein;done;;frei;+;nd;+;+;nd;nd;nd;nd;nd;nd;nd;nd;nd;nd;nd;nd;nd;nd;nd;nd;nd;nd
107;VVPP;ADJD;belohnen;14;NZZ_1995_05_03_a17_seg10_s8;13;Full|Psp;Iran hält Washington noch heute vor , dass es für jenen Dienst schlecht belohnt worden sei .;prozess;rein;done;;frei;+;nd;+;+;nd;nd;nd;nd;nd;nd;nd;nd;nd;nd;nd;nd;nd;nd;nd;nd;nd;nd
117;VVPP;ADJD;belohnen;10;NZZ_1994_07_28_a148_seg3_s3;9;Full|Psp;Die Basler wurden für eine kämpferisch beeindruckende Leistung schlecht belohnt , weil der FC Lugano in der ruppigen und zerfahrenen , von Schiedsrichter Meier unsicher geleiteten Partie den Siegestreffer nach einer einzigen Chance erzielte .;prozess;rein;done;;frei;+;nd;+;+;nd;nd;nd;nd;nd;nd;nd;nd;nd;nd;nd;nd;nd;nd;nd;nd;nd;nd
94;VVINF;ADJD;beraten;14;NZZ_1994_10_29_a102_seg4_s13;13;Full|Psp;Maja Beutler war mit ihrer Haltung - von wem auch immer - schlecht beraten .;nd;nd;not of interest;ModPräd;;nd;nd;nd;nd;nd;nd;nd;nd;nd;nd;nd;nd;nd;nd;nd;nd;nd;nd;nd;nd;nd;nd
111;VVPP;ADJD;beraten;7;NZZ_1995_08_02_a88_seg9_s4;6;Full|Psp;NRG hatte geltend gemacht , schlecht beraten worden zu sein , und rund 255 Mio. £ Schadenersatz plus Zinsen gefordert .;prozess;rein;done;;frei;+;nd;+;+;nd;nd;nd;nd;nd;nd;nd;nd;nd;nd;nd;nd;nd;nd;nd;nd;nd;nd
136;VVINF;ADJD;beraten;17;NZZ_1994_01_11_a67_seg3_s13;16;Full|Psp;SBB-Sprecher Hans Wägli sagte dazu auf Anfrage , die SBB seien als Regiebetrieb des Bundes schlecht beraten , sich in politische Entscheidungen einzumischen .;nd;nd;not of interest;ModPräd;;nd;nd;nd;nd;nd;nd;nd;nd;nd;nd;nd;nd;nd;nd;nd;nd;nd;nd;nd;nd;nd;nd
177;VVINF;ADJD;beraten;41;NZZ_1996_03_02_a58_seg3_s5;40;Full|Psp;"Wohl unter dem Eindruck einer Petition mit 83 000 Unterschriften hat der Nationalrat im letzten Oktober einem Importverbot für Waltiere zugestimmt ; der Ständerat , der sich im laufenden Monat mit der Frage zu befassen hat , wäre nicht schlecht beraten , dem negativen Entscheid seiner Kommission für Wissenschaft , Bildung und Kultur zu folgen .";nd;nd;not of interest;ModPräd;;nd;nd;nd;nd;nd;nd;nd;nd;nd;nd;nd;nd;nd;nd;nd;nd;nd;nd;nd;nd;nd;nd
178;VVINF;ADJD;beraten;43;NZZ_1999_03_23_a188_seg3_s6;42;Full|Psp;Der Platzklub , in der unteren Hälfte der 1.-Liga-Rangliste der Gruppe 4 placiert , hatte sich vorzüglich auf die Zürcher eingestellt , versuchte mit weit Richtung gegnerischen 16-m-Raum geschlagenen Bällen Defizite im eigenen Mittelfeld wettzumachen und war mit dieser Taktik nicht schlecht beraten .;nd;nd;not of interest;ModPräd;;nd;nd;nd;nd;nd;nd;nd;nd;nd;nd;nd;nd;nd;nd;nd;nd;nd;nd;nd;nd;nd;nd
16;VVPP;ADJD;besetzen;16;NZZ_1996_12_05_a50_seg24_s7;15;Full|Psp;Der pitoyable Zustand hat für mich damit zu tun , dass manche wichtigen Posten schlecht besetzt waren .;nd;nd;not of interest;ModPräd;;nd;nd;nd;nd;nd;nd;nd;nd;nd;nd;nd;nd;nd;nd;nd;nd;nd;nd;nd;nd;nd;nd
33;VVPP;ADJD;bestellen;30;NZZ_1999_05_08_a246_seg10_s10;28;Full|Psp;Solche Happenings muss man wohl symbolisch begreifen : Beirut sucht Anschluss an Europa und das Mittelmeer , und wer Pavarotti hat , um den kann es so schlecht nicht bestellt sein .;nd;nd;not of interest;ModPräd;;nd;nd;nd;nd;nd;nd;nd;nd;nd;nd;nd;nd;nd;nd;nd;nd;nd;nd;nd;nd;nd;nd
110;VVPP;ADJD;bestellen;28;NZZ_1997_06_02_a100_seg3_s23;27;Full|Psp;Zwar reden alle davon , dass die Natur geschützt werden muss , doch wie soll denn das nur geschehen , wenn es um die Artenkenntnis allgemein schlecht bestellt ist .;prozess;rein;done;;notwendig;+;nd;+;+;nd;nd;nd;nd;nd;nd;nd;nd;nd;nd;nd;nd;nd;nd;nd;nd;nd;nd
147;VVPP;ADJD;bestellen;5;NZZ_1994_09_16_a87_seg3_s7;4;Full|Psp;Ist es so schlecht bestellt mit der Solidarität der Männer ?;nd;nd;not of interest;ModPräd;;nd;nd;nd;nd;nd;nd;nd;nd;nd;nd;nd;nd;nd;nd;nd;nd;nd;nd;nd;nd;nd;nd
173;VVPP;ADJD;betreuen;33;NZZ_1998_01_21_a33_seg13_s2;32;Full|Psp;Der Kammersänger Joseph Schmidt etwa , damals berühmt für seine Arie « Ein Lied geht um die Welt » , verstarb im Lager Girenbad ( Zürich ) , weil er medizinisch schlecht betreut wurde .;prozess;rein;done;;frei;+;nd;+;+;nd;nd;nd;nd;nd;nd;nd;nd;nd;nd;nd;nd;nd;nd;nd;nd;nd;nd
137;VVFIN;ADJD;beurteilen;14;NZZ_1999_05_29_a214_seg3_s6;2;Full|3|Sg|Past|Ind;So schlecht , wie Wagner die musikalischen Rahmenbedingungen in Zürich in seiner Autobiographie beurteilte - er bezeichnet die Stadt als « das von aller öffentlichen Kunst gänzlich entblösste Zürich » - , konnten sie also nicht gewesen sein .;nd;nd;not of interest;prädikativ;;nd;nd;nd;nd;nd;nd;nd;nd;nd;nd;nd;nd;nd;nd;nd;nd;nd;nd;nd;nd;nd;nd
152;VVPP;ADJD;bewähren;9;NZZ_1999_07_21_a178_seg50_s3;8;Full|Psp;Trotzdem hätten sich die Kiesbetten nicht so schlecht bewährt , wie viele Leute nun denken , sagte der Technische Beauftragte der FIA , Peter Wright .;prozess;rein;done;;frei;+;nd;+;+;nd;nd;nd;nd;nd;nd;nd;nd;nd;nd;nd;nd;nd;nd;nd;nd;nd;nd
144;VVPP;ADJD;bezahlen;17;NZZ_1998_06_10_a79_seg8_s15;16;Full|Psp;Während der Jahre 1992 bis 1997 seien 2 Mio. neue Beamte eingestellt worden , die schlecht bezahlt und unterbeschäftigt seien und nichts Besseres zu tun hätten , als den Unternehmen das Leben zu versauern .;prozess;rein;done;;frei;+;nd;+;+;nd;nd;nd;nd;nd;nd;nd;nd;nd;nd;nd;nd;nd;nd;nd;nd;nd;nd
43;VVFIN;ADJD;bezeichnen;14;NZZ_1996_11_27_a159_seg3_s3;13;Full|3|Sg|Past|Ind;Während der Stadtrat den Zustand des 470 Meter langen Strassenstückes als baulich schlecht bezeichnete , vertrat die RPK die gegenteilige Ansicht .;nd;nd;not of interest;Vergleich;;nd;nd;nd;nd;nd;nd;nd;nd;nd;nd;nd;nd;nd;nd;nd;nd;nd;nd;nd;nd;nd;nd
143;VVFIN;ADJD;bezeichnen;8;NZZ_1995_04_25_a78_seg4_s2;18;Full|3|Sg|Pres|Ind;Brüssel , 24. April Die niederländische Notenbank bezeichnet das Jahr 1994 in ihrem Jahresbericht als « nicht schlecht » .;nd;nd;not of interest;Vergleich;;nd;nd;nd;nd;nd;nd;nd;nd;nd;nd;nd;nd;nd;nd;nd;nd;nd;nd;nd;nd;nd;nd
157;VVPP;ADJD;bilden;12;NZZ_1998_01_10_a29_seg6_s21;11;Full|Psp;Die Schwarzen sind , etwas verkürzt gesagt , arm , schlecht gebildet und sehr oft arbeitslos .;nd;nd;not of interest;ModPräd;;nd;nd;nd;nd;nd;nd;nd;nd;nd;nd;nd;nd;nd;nd;nd;nd;nd;nd;nd;nd;nd;nd
162;VVFIN;ADJD;dastehen;24;NZZ_1998_08_19_a1_seg10_s11;23;Full|3|Pl|Pres|Ind;Die republikanische Kongressführung möchte lieber Clinton als gedemütigte lahme Ente ans Ende seiner Amtszeit schleppen , damit die Demokraten bei den Präsidentenwahlen schlecht dastehen .;prozess;rein;done;;notwendig;+;nd;+;+;nd;nd;nd;nd;nd;nd;nd;nd;nd;nd;nd;nd;nd;nd;nd;nd;nd;nd
85;VVPP;ADJD;durchbluten;14;NZZ_1994_06_15_a199_seg2_s5;13;Full|Psp;Besonders geeignet für eine solche Behandlung sind grosse tiefgelegene Tumore , die schlecht durchblutet sind .;nd;nd;not of interest;ModPräd;;nd;nd;nd;nd;nd;nd;nd;nd;nd;nd;nd;nd;nd;nd;nd;nd;nd;nd;nd;nd;nd;nd
17;VVPP;ADJD;durchführen;15;NZZ_1998_10_05_a55_seg5_s3;14;Full|Psp;"Die Fehler seien früher gemacht worden ; die vorhergehende Regierung habe das Verfahren schlecht durchgeführt und trage deshalb die Verantwortung .";prozess;rein;done;;frei;+;nd;+;+;nd;nd;nd;nd;nd;nd;nd;nd;nd;nd;nd;nd;nd;nd;nd;nd;nd;nd
182;VVFIN;ADJD;eignen;26;NZZ_1995_06_16_a135_seg3_s10;25;Full|3|Sg|Pres|Subj;Der Gemeinderat ist gemäss seinen Ausführungen nicht gegen neue Musikrichtungen , vertritt hingegen die Auffassung , dass sich der Üetliberg für Veranstaltungen dieser Art schlecht eigne und diese den jahrelangen Bemühungen um die Erhaltung und Verbesserung des Naherholungsgebiets diametral entgegenstünden .;prozess;rein;done;;frei;+;nd;+;+;nd;nd;nd;nd;nd;nd;nd;nd;nd;nd;nd;nd;nd;nd;nd;nd;nd;nd
124;VVINF;ADJD;einfangen;47;NZZ_1997_06_26_a164_seg3_s4;46;Full|-2;Nun ist es zwar tatsächlich so , dass « das Phänomen der Träume die Menschen zu allen Zeiten faszinierte und ängstigte » ( Stückzitat ) , doch ist einer der Gründe dafür die unangenehme Eigenschaft der nachttrunkenen Zerrbilder , sich bei hellem Bewusstsein so unglaublich schlecht einfangen zu lassen .;prozess;rein;done;;frei;+;nd;+;+;nd;nd;nd;nd;nd;nd;nd;nd;nd;nd;nd;nd;nd;nd;nd;nd;nd;nd
59;VVFIN;ADJD;eingreifen;16;NZZ_1995_12_22_a111_seg3_s8;11;Full|3|Sg|Past|Ind;Anna blieb bei der Familie in Deutschland und hatte es schlecht , bis die Fürsorge eingriff , ihr eine Haushaltsausbildung verschaffte , die ein eigenes Durchkommen ermöglichte .;prozess;rein;done;;frei;+;nd;+;+;nd;nd;nd;nd;nd;nd;nd;nd;nd;nd;nd;nd;nd;nd;nd;nd;nd;nd
21;VVPP;ADJD;einhalten;5;NZZ_1995_05_16_a157_seg11_s13;4;Full|Psp;Solche Gesetze würden schlecht eingehalten .;prozess;rein;done;;frei;+;nd;+;+;nd;nd;nd;nd;nd;nd;nd;nd;nd;nd;nd;nd;nd;nd;nd;nd;nd;nd
150;VVPP;ADJD;einstellen;29;NZZ_1993_04_02_a137_seg1_s3;28;Full|Psp;Das gemeinsame Kantonslaboratorium von Uri , Schwyz , Ob- und Nidwalden in Brunnen hat bei einer Überprüfung von 362 Kühlanlagen festgestellt , dass « etliche » Geräte schlecht eingestellt oder reparaturbedürftig gewesen seien , wie an einer Pressekonferenz bekanntgegeben wurde .;prozess;rein;done;;frei;+;nd;+;+;nd;nd;nd;nd;nd;nd;nd;nd;nd;nd;nd;nd;nd;nd;nd;nd;nd;nd
197;VVPP;ADJD;einstellen;29;NZZ_1993_04_02_a137_seg1_s3;28;Full|Psp;Das gemeinsame Kantonslaboratorium von Uri , Schwyz , Ob- und Nidwalden in Brunnen hat bei einer Überprüfung von 362 Kühlanlagen festgestellt , dass « etliche » Geräte schlecht eingestellt oder reparaturbedürftig gewesen seien , wie an einer Pressekonferenz bekanntgegeben wurde .;prozess;rein;done;;frei;+;nd;+;+;nd;nd;nd;nd;nd;nd;nd;nd;nd;nd;nd;nd;nd;nd;nd;nd;nd;nd
27;VVFIN;ADJD;empfinden;47;NZZ_1996_05_04_a235_seg5_s2;45;Full|3|Sg|Pres|Ind;Nicht ohne Grund , denn eine Diskussion von « Arbeit » ist in diesem Land fast ohne Ausnahme eine Diskussion von « Arbeitsmoral » , und wie schnell wird das Bekenntnis , dass man die russische Arbeitsmoral als eigenartig , als ungenügend , als schlecht gar empfindet , dem unvorsichtig Urteilenden als simpler Rassismus ausgelegt .;nd;nd;not of interest;Vergleich;;nd;nd;nd;nd;nd;nd;nd;nd;nd;nd;nd;nd;nd;nd;nd;nd;nd;nd;nd;nd;nd;nd
88;VVPP;ADJD;entlöhnen;21;NZZ_1996_01_27_a24_seg8_s6;20;Full|Psp;Auf die Qualität des Unterrichts wirkt sich weiter aus , dass die Lehrer , vor allem die Primarlehrer , schlecht entlöhnt sind .;prozess;rein;done;;frei;+;nd;+;+;nd;nd;nd;nd;nd;nd;nd;nd;nd;nd;nd;nd;nd;nd;nd;nd;nd;nd
100;VVPP;ADJD;entwickeln;11;NZZ_1999_03_03_a93_seg4_s6;10;Full|Psp;Die Gruppe hat sich im letzten Geschäftsjahr aber keineswegs schlecht entwickelt .;prozess;rein;done;;frei;+;nd;+;+;nd;nd;nd;nd;nd;nd;nd;nd;nd;nd;nd;nd;nd;nd;nd;nd;nd;nd
4;VVFIN;ADJD;ergänzen;3;NZZ_1996_09_21_a186_seg15_s23;7;Full|3|Pl|Pres|Ind;Aber leider ergänzen sie sich sehr schlecht .;prozess;rein;done;;frei;+;nd;+;+;nd;nd;nd;nd;nd;nd;nd;nd;nd;nd;nd;nd;nd;nd;nd;nd;nd;nd
9;VVPP;ADJD;erhalten;6;NZZ_1998_01_23_a166_seg3_s11;5;Full|Psp;"Das Skelett hat sich schlecht erhalten ; bis auf Teile des Schädels , Oberschenkelknochen und einige Zähne ist nichts mehr zu erkennen .";prozess;rein;done;;frei;+;nd;+;+;nd;nd;nd;nd;nd;nd;nd;nd;nd;nd;nd;nd;nd;nd;nd;nd;nd;nd
46;VVINF;ADJD;ernähren;28;NZZ_1996_05_21_a190_seg2_s7;27;Full|-2;Es lässt sich nur geschichtlich und nicht rational begründen , warum z. B. ein Polizist oder ein Tramführer seine Familie recht , aber ein Krankenpfleger eher schlecht ernähren kann .;prozess;rein;done;;frei;+;nd;+;+;nd;nd;nd;nd;nd;nd;nd;nd;nd;nd;nd;nd;nd;nd;nd;nd;nd;nd
145;VVPP;ADJD;ernähren;18;NZZ_1996_09_20_a151_seg2_s11;17;Full|3|Sg|Pres|Ind;Durch den Druck der Landschaftsnutzer aller Art wurde das Reh zum Waldtier , das sich dadurch schlecht ernährt , schwächere Kitze setzt und erst noch Verbissschäden verursacht .;prozess;rein;done;;frei;+;nd;+;+;nd;nd;nd;nd;nd;nd;nd;nd;nd;nd;nd;nd;nd;nd;nd;nd;nd;nd
49;VVFIN;ADJD;eröffnen;9;NZZ_1998_10_03_a122_seg2_s5;6;Full|3|Sg|Past|Ind;Da die Wall Street eher schlecht als recht eröffnete , kamen auch aus Übersee keine positiven Impulse .;nd;nd;not of interest;fest;;nd;nd;nd;nd;nd;nd;nd;nd;nd;nd;nd;nd;nd;nd;nd;nd;nd;nd;nd;nd;nd;nd
96;VVPP;ADJD;erreichen;35;NZZ_1995_04_04_a202_seg14_s4;30;Full|Psp;Unglücklicherweise können die beiden Optimierungsziele , nämlich schnelle , standardisierte Transaktionsverarbeitung einerseits und flexible Abfragen ( in der Fachsprache Queries genannt ) auf grosse Datenbestände anderseits , nur sehr schlecht auf einem einzigen Computersystem erreicht werden .;prozess;rein;done;;frei;+;nd;+;+;nd;nd;nd;nd;nd;nd;nd;nd;nd;nd;nd;nd;nd;nd;nd;nd;nd;nd
24;VVPP;ADJD;erschließen;9;NZZ_1995_01_31_a139_seg60_s4;8;Full|Psp;Lybenstein ist ein grosses Erholungsgebiet und verkehrsmässig schlecht erschlossen .;nd;nd;not of interest;ModPräd;;nd;nd;nd;nd;nd;nd;nd;nd;nd;nd;nd;nd;nd;nd;nd;nd;nd;nd;nd;nd;nd;nd
61;VVPP;ADJD;fahren;15;NZZ_1994_12_07_a84_seg4_s5;14;Full|Psp;Niemand kann behaupten , wir seien in den bisherigen dreissig Jahren der Gatt-Mitgliedschaft schlecht gefahren .;prozess;rein;done;;frei;+;nd;+;+;nd;nd;nd;nd;nd;nd;nd;nd;nd;nd;nd;nd;nd;nd;nd;nd;nd;nd
76;VVPP;ADJD;fahren;16;NZZ_1998_10_15_a149_seg4_s12;15;Full|Psp;Man konstatiert , dass Altdorf den umgekehrten Weg ging und damit langfristig offenbar nicht schlecht gefahren ist .;nd;nd;not of interest;fest;;nd;nd;nd;nd;nd;nd;nd;nd;nd;nd;nd;nd;nd;nd;nd;nd;nd;nd;nd;nd;nd;nd
12;VVFIN;ADJD;finden;19;NZZ_1996_09_07_a212_seg7_s15;24;Full|3|Sg|Pres|Ind;"So vergleicht er etwa Dostojewski mit einem « betrunkenen hysterischen Weib » ; Tolstois « letzte Arbeiten » findet er einfach nur « schlecht » , den Philosophen Herbert Spencer verhöhnt er als ein « Spatzenhirn » mit « akkuratem Backenbart » ; und zu Gogol - schon damals ein Klassiker - fällt ihm als « abschliessendes Wort » nur dieses ein : « ein Idiot » .";prozess;rein;done;;notwendig;+;nd;+;+;nd;nd;nd;nd;nd;nd;nd;nd;nd;nd;nd;nd;nd;nd;nd;nd;nd;nd
140;VVFIN;ADJD;finden;4;;9;Full|3|Sg|Pres|Ind; , Hochfelden ) findet das Anliegen nicht so schlecht , solange die Zweiervertretung der Kantone Tatsache ist .;prozess;rein;done;unvollständiger Satz;notwendig;+;nd;+;+;nd;nd;nd;nd;nd;nd;nd;nd;nd;nd;nd;nd;nd;nd;nd;nd;nd;nd
62;VVFIN;ADJD;flanieren;4;NZZ_1997_05_12_a83_seg6_s7;6;Full|3|Sg|Pres|Ind;Ja , es flaniert sich schlecht in einer Stadt , die auf Vordermann gebracht werden muss , um vor dem kritischen Blick wenn nicht der Welt , so doch « Europas » bestehen zu können .;prozess;rein;done;;frei;+;nd;+;+;nd;nd;nd;nd;nd;nd;nd;nd;nd;nd;nd;nd;nd;nd;nd;nd;nd;nd
55;VVFIN;ADJD;fühlen;18;NZZ_1999_04_30_a291_seg8_s24;22;Full|1|Sg|Pres|Ind;Sie berichtete dem Freund von regelrechten Depressionen : « Ich werde versuchen zu arbeiten , aber ich fühle mich heute höllisch schlecht .;prozess;rein;done;;frei;+;nd;+;+;nd;nd;nd;nd;nd;nd;nd;nd;nd;nd;nd;nd;nd;nd;nd;nd;nd;nd
47;VVPP;ADJD;führen;25;NZZ_1998_04_28_a77_seg5_s12;24;Full|Psp;Seine Arbeit wirkt nicht gerade überzeugend , und er muss sich , als mittlerweile finanzkräftigste britische Wohltätigkeitsorganisation , den Vorwurf gefallen lassen , schlecht geführt zu sein und kein klares Konzept zu haben .;prozess;rein;done;;frei;+;nd;+;+;nd;nd;nd;nd;nd;nd;nd;nd;nd;nd;nd;nd;nd;nd;nd;nd;nd;nd
64;VVPP;ADJD;führen;5;NZZ_1997_03_04_a51_seg10_s13;4;Full|Psp;Wenn der Globalisierungsprozess schlecht geführt ist , dann kann es binnenwirtschaftlich verheerend sein .;nd;nd;not of interest;ModPräd;;nd;nd;nd;nd;nd;nd;nd;nd;nd;nd;nd;nd;nd;nd;nd;nd;nd;nd;nd;nd;nd;nd
26;VVFIN;ADJD;gehen;27;NZZ_1996_09_19_a241_seg7_s2;32;Full|3|Sg|Pres|Ind;Messen haben eine eigenartige Branchencharakteristik : Wenn es der Wirtschaft gut geht , dann halten die Messen mit , wenn es der Wirtschaft schlechtgeht , dann geht es den Messen nicht schlecht .;prozess;rein;done;;frei;+;nd;+;+;nd;nd;nd;nd;nd;nd;nd;nd;nd;nd;nd;nd;nd;nd;nd;nd;nd;nd
29;VVFIN;ADJD;gehen;4;NZZ_1998_08_19_a77_seg9_s1;18;Full|3|Sg|Pres|Ind;* Dem Buchhandel geht es zwar tatsächlich - im Durchschnitt - nach betriebswirtschaftlichen Kriterien seit Jahrzehnten anerkanntermassen schlecht .;prozess;rein;done;;notwendig;+;nd;+;+;nd;nd;nd;nd;nd;nd;nd;nd;nd;nd;nd;nd;nd;nd;nd;nd;nd;nd
83;VVFIN;ADJD;gehen;18;NZZ_1993_04_05_a10_seg11_s8;22;Full|3|Sg|Pres|Ind;"Gewalt an vietnamesischen Mitbürgern scheint aus wirtschaftlichen Gründen offenbar weitherum auf Zustimmung zu stossen ; vielen Kambodschanern geht es materiell derart schlecht , dass sie Leuten bereitwillig Glauben schenken , die ihnen erklären , dies sei die Schuld der Vietnamesen .";prozess;rein;done;;notwendig;+;nd;+;+;nd;nd;nd;nd;nd;nd;nd;nd;nd;nd;nd;nd;nd;nd;nd;nd;nd;nd
84;VVFIN;ADJD;gehen;7;NZZ_1997_08_13_a4_seg6_s15;6;Full|3|Sg|Pres|Ind;In Zeiten , da es schlecht geht , haben Hetzer solcher Couleur gute Konjunktur .;prozess;rein;done;;notwendig;+;nd;+;+;nd;nd;nd;nd;nd;nd;nd;nd;nd;nd;nd;nd;nd;nd;nd;nd;nd;nd
130;VVFIN;ADJD;gehen;4;NZZ_1994_07_01_a226_seg3_s1;6;Full|3|Sg|Pres|Ind;Dem Schweizer Film geht es schlecht .;prozess;rein;done;;notwendig;+;nd;+;+;nd;nd;nd;nd;nd;nd;nd;nd;nd;nd;nd;nd;nd;nd;nd;nd;nd;nd
138;VVFIN;ADJD;gehen;11;NZZ_1994_08_24_a89_seg3_s2;10;Full|3|Sg|Pres|Ind;« Wie ein kleiner dicker Mensch , dem es schlecht geht » , manns- oder doch kindhoch also , steht er neben dem Baum in der Ecke des Schulhofes .;prozess;rein;done;;notwendig;+;nd;+;+;nd;nd;nd;nd;nd;nd;nd;nd;nd;nd;nd;nd;nd;nd;nd;nd;nd;nd
115;VVPP;ADJD;gestehen|stehen;18;NZZ_1995_01_09_a28_seg3_s1;17;Full|Psp;Noch vor wenigen Jahren hat es um das Benediktinerkloster Einsiedeln als Folge der jahrelangen Renovationen finanziell schlecht gestanden .;prozess;rein;done;;notwendig;+;nd;+;+;nd;nd;nd;nd;nd;nd;nd;nd;nd;nd;nd;nd;nd;nd;nd;nd;nd;nd
81;VVPP;ADJD;goutieren;16;NZZ_1994_10_10_a9_seg6_s10;15;Full|Psp;Auch Chareas Bezeichnung der israelischen Staatsgründung als Aggression gegen die arabische Nation wurde hier schlecht goutiert .;prozess;rein;done;;frei;+;nd;+;+;nd;nd;nd;nd;nd;nd;nd;nd;nd;nd;nd;nd;nd;nd;nd;nd;nd;nd
13;VAFIN;ADJD;haben;34;NZZ_1994_06_20_a29_seg8_s4;43;Haben|3|Pl|Pres|Ind;Die Nicht-Metallbranche , die vom Abschwung weniger als der Metallsektor betroffen war , erwartet auf höherem Niveau keine wesentlichen Änderungen , nachdem 35% der Unternehmen ihre Lage im ersten Quartal als gut eingeschätzt haben , 60% als befriedigend und nur 5% als schlecht .;nd;nd;not of interest;Vergleich;;nd;nd;nd;nd;nd;nd;nd;nd;nd;nd;nd;nd;nd;nd;nd;nd;nd;nd;nd;nd;nd;nd
108;VVFIN;ADJD;halten;42;NZZ_1994_08_06_a154_seg3_s8;41;Full|3|Pl|Past|Ind;"In den Ecksätzen gefiel zwar der selbst im motorischen Figurenwerk und in den kontrapunktischen Abschnitten geschmeidig-homogene Streicherklang , doch mangelte es etwas an Spritzigkeit und Glanz ; letzteres lag wohl nicht zuletzt daran , dass die Instrumente witterungsbedingt ihre Stimmung schlecht hielten .";prozess;rein;done;;frei;+;nd;+;+;nd;nd;nd;nd;nd;nd;nd;nd;nd;nd;nd;nd;nd;nd;nd;nd;nd;nd
51;VVFIN;ADJD;helfen;10;NZZ_1995_05_24_a201_seg9_s15;11;Full|-2;Die Verbindungen zum Wort scruoschir - knirschen , knarren helfen schlecht weiter , ist doch Knorpel allenfalls das , was die Knochen vor Knirschen und Knarren bewahrt .;prozess;rein;done;;frei;+;nd;+;+;nd;nd;nd;nd;nd;nd;nd;nd;nd;nd;nd;nd;nd;nd;nd;nd;nd;nd
196;VVFIN;ADJD;herauskommen;23;NZZ_1993_04_02_a2_seg8_s4;22;Full|3|Sg|Pres|Ind;Die heimlichen Anwärter , die natürlich jedermann zu kennen glaubt , halten sich an die Devise , dass auf einer Foto schlecht herauskommt , wer sich bewegt , und bestreiten in der Oeffentlichkeit ihre Ambitionen .;prozess;rein;done;;frei;+;nd;+;+;nd;nd;nd;nd;nd;nd;nd;nd;nd;nd;nd;nd;nd;nd;nd;nd;nd;nd
198;VVFIN;ADJD;herauskommen;23;NZZ_1993_04_03_a23_seg8_s4;22;Full|3|Sg|Pres|Ind;Die heimlichen Anwärter , die natürlich jedermann zu kennen glaubt , halten sich an die Devise , dass auf einer Photo schlecht herauskommt , wer sich bewegt , und bestreiten in der Öffentlichkeit ihre Ambitionen .;prozess;rein;done;;frei;+;nd;+;+;nd;nd;nd;nd;nd;nd;nd;nd;nd;nd;nd;nd;nd;nd;nd;nd;nd;nd
37;VVFIN;ADJD;kennen;26;NZZ_1997_03_20_a10_seg8_s5;31;Full|3|Sg|Pres|Ind;« Wer glaubt , dass es uns Mexikanern an Einheit fehlt , um unsere Souveränität zu verteidigen , der kennt unsere Geschichte nicht und der kennt den Charakter der Mexikaner schlecht » , warnte der Präsident in seiner Rede .;prozess;rein;done;;frei;+;nd;+;+;nd;nd;nd;nd;nd;nd;nd;nd;nd;nd;nd;nd;nd;nd;nd;nd;nd;nd
161;VVFIN;ADJD;kennen;8;NZZ_1999_10_27_a158_seg3_s9;7;Full|-2;Das heisst , besagte westliche Nachbarn schlecht kennen : Auch die Kultur geht in Frankreich durch den Magen .;prozess;rein;done;;frei;+;nd;+;+;nd;nd;nd;nd;nd;nd;nd;nd;nd;nd;nd;nd;nd;nd;nd;nd;nd;nd
101;VVPP;ADJD;kleiden;20;NZZ_1993_01_30_a119_seg3_s13;19;Full|Psp;Denn Martha , die zukünftige Frau des Arztes , ist seine ehemalige Magd : dick , unbeholfen , schlecht gekleidet , ist sie für die gutbürgerlichen Schwestern des Arztes eine Zumutung .;nd;nd;not of interest;ModSekPräd;;nd;nd;nd;nd;nd;nd;nd;nd;nd;nd;nd;nd;nd;nd;nd;nd;nd;nd;nd;nd;nd;nd
15;VVFIN;ADJD;kommen;5;NZZ_1996_10_31_a35_seg3_s9;11;Full|3|Sg|Past|Ind;Mit seiner differenzierten Entschuldigung kam Wasserfallen bei den anwesenden Bauern schlecht an .;prozess;rein;done;;notwendig;+;nd;+;+;nd;nd;nd;nd;nd;nd;nd;nd;nd;nd;nd;nd;nd;nd;nd;nd;nd;nd
75;VVFIN;ADJD;kommen;2;NZZ_1998_12_09_a133_seg3_s10;8;Full|3|Sg|Pres|Ind;Damit kommt er bei seinen Freunden aber schlecht an , und er muss sich anzügliche Sprüche anhören .;prozess;rein;done;;notwendig;+;nd;+;+;nd;nd;nd;nd;nd;nd;nd;nd;nd;nd;nd;nd;nd;nd;nd;nd;nd;nd
93;VVFIN;ADJD;kommen;6;NZZ_1998_06_29_a23_seg3_s3;8;Full|3|Sg|Past|Ind;Vor allem die bayrische Unionspartei kam ausgesprochen schlecht weg .;prozess;rein;done;;notwendig;+;nd;+;+;nd;nd;nd;nd;nd;nd;nd;nd;nd;nd;nd;nd;nd;nd;nd;nd;nd;nd
105;VVFIN;ADJD;kommen;19;NZZ_1994_06_04_a197_seg28_s13;24;Full|3|Pl|Past|Ind;Sie hatten aber mehr als in andern Abschnitten mit der stürmischen See zu kämpfen , und die Amphibienfahrzeuge kamen im aufgewühlten Wasser nur schlecht vorwärts .;prozess;rein;done;;frei;+;nd;+;+;nd;nd;nd;nd;nd;nd;nd;nd;nd;nd;nd;nd;nd;nd;nd;nd;nd;nd
163;VVFIN;ADJD;kommen;7;NZZ_1995_04_25_a114_seg5_s1;10;Full|3|Sg|Past|Ind;Krankmachende Listerien in Fleischwaren : Grossverteiler kam bei Aufschnitt-Test schlecht weg .;prozess;rein;done;;notwendig;+;nd;+;+;nd;nd;nd;nd;nd;nd;nd;nd;nd;nd;nd;nd;nd;nd;nd;nd;nd;nd
194;VVFIN;ADJD;kommen;8;NZZ_1993_04_01_a142_seg7_s1;15;Full|3|Pl|Pres|Ind;Die Russen bauen gute Verkehrsflugzeuge , doch kommen sie beim Vergleich mit westlichen Erzeugnissen schlecht weg .;prozess;rein;done;;notwendig;+;nd;+;+;nd;nd;nd;nd;nd;nd;nd;nd;nd;nd;nd;nd;nd;nd;nd;nd;nd;nd
200;VVFIN;ADJD;kommen;4;NZZ_1993_04_03_a171_seg2_s5;11;Full|3|Sg|Past|Ind;Vor diesem Hintergrund kam naturgemäss der eben geschlossene Solidarpakt besonders schlecht weg .;prozess;rein;done;;notwendig;+;nd;+;+;nd;nd;nd;nd;nd;nd;nd;nd;nd;nd;nd;nd;nd;nd;nd;nd;nd;nd
18;VVFIN;ADJD;kommentieren;4;NZZ_1997_11_26_a90_seg6_s3;3;Full|Psp;Noch immer schlecht kommentiert wird im Kreis der Analytiker der Kauf des amerikanischen « Baby-Food » -Herstellers Gerber .;prozess;rein;done;;frei;+;nd;+;+;nd;nd;nd;nd;nd;nd;nd;nd;nd;nd;nd;nd;nd;nd;nd;nd;nd;nd
7;VVFIN;ADJD;kommunizieren;15;NZZ_1998_12_14_a37_seg10_s7;8;Full|3|Pl|Past|Ind;Während in der letzten Legislatur die Parteien schlecht mit ihren Vertretern in der Regierung kommunizierten , benützte der neue Staatsrat den runden Tisch , um die Parteien - über ihre Fraktionen hinaus - in die finanzpolitische Strategie einzubeziehen .;prozess;rein;done;;frei;+;nd;+;+;nd;nd;nd;nd;nd;nd;nd;nd;nd;nd;nd;nd;nd;nd;nd;nd;nd;nd
2;VMFIN;ADJD;können;14;NZZ_1999_01_08_a125_seg7_s14;11;Mod|1|Pl|Pres|Ind;Aber so langsames Gehen macht einem schmerzhaft bewusst , wie schlecht wir das können , wie wackelig wir auf unseren Füssen stehen , wie wenig Bodenhaftung wir haben .;prozess;rein;done;;frei;+;nd;+;+;nd;nd;nd;nd;nd;nd;nd;nd;nd;nd;nd;nd;nd;nd;nd;nd;nd;nd
35;VMFIN;ADJD;können;57;NZZ_1995_09_29_a112_seg4_s6;56;Mod|3|Sg|Past|Ind;Es waren in Italien auch die tieferen regionalen Gegensätze auszugleichen als in Deutschland , wo die sprichwörtliche Polarität zwischen Preussen und Bayern - ja , eben sprichwörtlich war , aber im Rahmen einer nicht allzu straff konzipierten Einheit fortleben mochte und auch ihr Gutes hatte , wenn kulturelle Vielfalt als gut galt , und als schlecht konnte sie nur für ein schon eher krankhaftes Deutschtum gelten .;nd;nd;not of interest;Vergleich;;nd;nd;nd;nd;nd;nd;nd;nd;nd;nd;nd;nd;nd;nd;nd;nd;nd;nd;nd;nd;nd;nd
154;VMFIN;ADJD;können;5;NZZ_1994_03_19_a105_seg37_s8;8;Mod|3|Sg|Pres|Ind;Der stark verfrachtete Neuschnee kann sich nur schlecht mit der Altschneedecke verbinden .;prozess;rein;done;;frei;+;nd;+;+;nd;nd;nd;nd;nd;nd;nd;nd;nd;nd;nd;nd;nd;nd;nd;nd;nd;nd
159;VMFIN;ADJD;können;19;NZZ_1993_12_06_a57_seg8_s5;21;Mod|3|Sg|Pres|Subj;In der Diskussion meinte er jedoch , heute sei die Arbeit nicht einfach vermehrbar , und von Arbeitslosen könne man schlecht Toleranz verlangen - womit er das Publikum der « Widersprüchlichkeit des Menschen » überliess .;prozess;rein;done;;frei;+;nd;+;+;nd;nd;nd;nd;nd;nd;nd;nd;nd;nd;nd;nd;nd;nd;nd;nd;nd;nd
175;VMFIN;ADJD;können;3;NZZ_1995_01_21_a173_seg3_s30;2;Mod|3|Sg|Pres|Ind;So schlecht kann der eingeschlagene Weg somit nicht sein .;nd;nd;not of interest;prädikativ;;nd;nd;nd;nd;nd;nd;nd;nd;nd;nd;nd;nd;nd;nd;nd;nd;nd;nd;nd;nd;nd;nd
188;VMFIN;ADJD;können;4;NZZ_1999_03_20_a61_seg4_s12;7;Mod|3|Sg|Pres|Ind;Der verfrachtete Schnee kann sich nur schlecht mit der Altschneedecke verbinden .;prozess;rein;done;;frei;+;nd;+;+;nd;nd;nd;nd;nd;nd;nd;nd;nd;nd;nd;nd;nd;nd;nd;nd;nd;nd
190;VVFIN;ADJD;lassen;3;NZZ_1999_09_06_a166_seg3_s14;5;Full|3|Sg|Pres|Ind;Die Yamaha lässt sich schlecht in die Kurven lenken , was zu vielen Stürzen über das Vorderrad führt .;prozess;rein;done;;frei;+;nd;+;+;nd;nd;nd;nd;nd;nd;nd;nd;nd;nd;nd;nd;nd;nd;nd;nd;nd;nd
48;VVFIN;ADJD;laufen;4;NZZ_1999_11_20_a182_seg19_s5;5;Full|3|Pl|Pres|Ind;Doch die Geschäfte laufen schlecht .;prozess;rein;done;;frei;+;nd;+;+;nd;nd;nd;nd;nd;nd;nd;nd;nd;nd;nd;nd;nd;nd;nd;nd;nd;nd
126;VVINF;ADJD;laufen;30;NZZ_1993_12_30_a97_seg1_s5;29;Full|3|Pl|Pres|Ind;Als er wieder in sein illegales Wettgeschäft einsteigen will , muss er feststellen , dass sein wichtigster Mann , Big Julie , abtrünnig geworden ist und die Geschäfte schlecht laufen .;prozess;rein;done;;frei;+;nd;+;+;nd;nd;nd;nd;nd;nd;nd;nd;nd;nd;nd;nd;nd;nd;nd;nd;nd;nd
192;VVINF;ADJD;leben;11;NZZ_1998_11_07_a132_seg5_s10;10;Full|-2;Denn von den damals noch üblichen Hörergeldern hätte Frege schlecht leben können .;prozess;rein;done;;frei;+;nd;+;+;nd;nd;nd;nd;nd;nd;nd;nd;nd;nd;nd;nd;nd;nd;nd;nd;nd;nd
181;VVPP;ADJD;lesen;16;NZZ_1995_02_24_a165_seg2_s12;15;Full|Psp;Mag die Regisseurin ihren Schwab und ihren Turrini memoriert haben , Schneider hat sie schlecht gelesen .;prozess;rein;done;;frei;+;nd;+;+;nd;nd;nd;nd;nd;nd;nd;nd;nd;nd;nd;nd;nd;nd;nd;nd;nd;nd
114;VVFIN;ADJD;liegen;21;NZZ_1994_10_03_a35_seg6_s9;5;Full|3|Sg|Pres|Ind;Nicht ganz so extrem schlecht , aber keineswegs beruhigend ist die Situation in anderen wichtigen Industrieländern : In den USA liegt der reale Kapitalmarktzins bei fast 5% und in Deutschland bei mehr als 4 1 / 2 % .;nd;nd;not of interest;prädikativ;;nd;nd;nd;nd;nd;nd;nd;nd;nd;nd;nd;nd;nd;nd;nd;nd;nd;nd;nd;nd;nd;nd
41;VVFIN;ADJD;machen;3;NZZ_1996_04_12_a43_seg4_s7;4;Full|3|Pl|Past|Ind;Einige Experten machten schlecht belüftete Räume verantwortlich , andere äusserten Zweifel an der Qualität der Gasbrenner .;nd;nd;not of interest;ModADJ;;nd;nd;nd;nd;nd;nd;nd;nd;nd;nd;nd;nd;nd;nd;nd;nd;nd;nd;nd;nd;nd;nd
187;VVINF;ADJD;machen;8;NZZ_1998_11_28_a56_seg16_s12;7;Full|-2;Ohne die Arbeit der zahllosen Nichtregierungsorganisationen schlecht machen zu wollen , fordert er echte Grundlagen für einen demokratischen Pluralismus .;prozess;rein;done;;frei;+;nd;+;+;nd;nd;nd;nd;nd;nd;nd;nd;nd;nd;nd;nd;nd;nd;nd;nd;nd;nd
58;VVINF;ADJD;packen;8;NZZ_1996_03_30_a240_seg2_s26;6;Full|-2;46 Kaum zu knacken , schlecht zu packen .;prozess;rein;done;;frei;+;nd;+;+;nd;nd;nd;nd;nd;nd;nd;nd;nd;nd;nd;nd;nd;nd;nd;nd;nd;nd
34;VVFIN;ADJD;passen;6;NZZ_1996_06_08_a38_seg1_s43;8;Full|3|Sg|Pres|Ind;Eine derartige Verlagerung der Schwerpunkte passt entwicklungspolitisch schlecht zu der schlimmer gewordenen Armut südlich der Sahara , auf die in der gleichen Botschaft hingewiesen wird .;prozess;rein;done;;frei;+;nd;+;+;nd;nd;nd;nd;nd;nd;nd;nd;nd;nd;nd;nd;nd;nd;nd;nd;nd;nd
44;VVFIN;ADJD;passen;35;NZZ_1999_08_03_a180_seg2_s11;31;Full|3|Sg|Pres|Ind;"Frau Caniga hat gut daran getan , so kurz nach ihrem Amtsantritt noch keine grossen Worte von sich zu geben ; am süffisanten Ton des genannten Artikels , der eigentlich schlecht in die NZZ passt , hätte sie ohnehin nichts ändern können .";prozess;rein;done;;frei;+;nd;+;+;nd;nd;nd;nd;nd;nd;nd;nd;nd;nd;nd;nd;nd;nd;nd;nd;nd;nd
50;VVFIN;ADJD;passen;4;NZZ_1994_02_02_a117_seg5_s11;11;Full|3|Sg|Past|Ind;Zur ersten These passte die zweite auf den ersten Blick schlecht : Die EU sei - bei allen unbestreitbaren Verdiensten - weit davon entfernt , ein perfektes Gebilde zu sein , erklärte Cotti .;prozess;rein;done;;frei;+;nd;+;+;nd;nd;nd;nd;nd;nd;nd;nd;nd;nd;nd;nd;nd;nd;nd;nd;nd;nd
79;VVFIN;ADJD;passen;7;NZZ_1997_05_05_a41_seg6_s4;8;Full|3|Pl|Past|Ind;Die aus dem Hut gezauberten Milliarden passten schlecht ins Bild der Schuldenwirtschaft und der Folgen des Sparprogramms , welche die Bürger zu tragen hätten .;prozess;rein;done;;frei;+;nd;+;+;nd;nd;nd;nd;nd;nd;nd;nd;nd;nd;nd;nd;nd;nd;nd;nd;nd;nd
116;VVFIN;ADJD;passen;7;NZZ_1994_11_24_a134_seg8_s11;9;Full|3|Sg|Pres|Ind;Eine solche Belastung von mehreren Millionen passt jedoch schlecht in die allgemein desolate Finanzlandschaft .;prozess;rein;done;;frei;+;nd;+;+;nd;nd;nd;nd;nd;nd;nd;nd;nd;nd;nd;nd;nd;nd;nd;nd;nd;nd
119;VVFIN;ADJD;passen;21;NZZ_1993_12_03_a1_seg8_s4;25;Full|3|Sg|Past|Ind;"Ein solches Szenario erscheint insofern wenig plausibel , als sich die Armee damit einer grossen Zerreissprobe aussetzen würde ; zudem passte eine solche Entwicklung schlecht ins internationale Umfeld .";prozess;rein;done;;frei;+;nd;+;+;nd;nd;nd;nd;nd;nd;nd;nd;nd;nd;nd;nd;nd;nd;nd;nd;nd;nd
120;VVINF;ADJD;passen;3;NZZ_1995_03_23_a63_seg5_s13;4;Full|3|Pl|Pres|Ind;Auch Heuchler passen schlecht in öffentliche Ämter , etwa Politiker , die unablässig von Moral und familiären Werten reden , sich selber aber nicht darum kümmern , oder Geistliche , die von der Kanzel herab das eine predigen und dann das andere tun .;prozess;rein;done;;frei;+;nd;+;+;nd;nd;nd;nd;nd;nd;nd;nd;nd;nd;nd;nd;nd;nd;nd;nd;nd;nd
129;VVFIN;ADJD;passen;19;NZZ_1996_12_18_a81_seg6_s14;11;Full|3|Sg|Pres|Ind;Es bleibt noch eine dritte Möglichkeit , die jedoch nur schlecht zum Charakter des wendigen und lebensfrohen Bankiers passt : Pacini Battaglia als « Winkelried » , der mit seinem persönlichen Opfer unter Beweis stellt , dass sich das Schmiergeldunwesen auch mit den schärfsten juristischen Instrumenten nicht aus der Welt schaffen lässt , dass es einer politischen Lösung , lies : Amnestie , bedarf .;prozess;rein;done;;frei;+;nd;+;+;nd;nd;nd;nd;nd;nd;nd;nd;nd;nd;nd;nd;nd;nd;nd;nd;nd;nd
172;VVINF;ADJD;passen;15;NZZ_1994_04_11_a77_seg10_s11;11;Full|-2;Das Publikum freut sich über die Abwechslung , die vielleicht schlecht in eine Tragödie passen will , aber sehr wohl zu einem der schöneren Theaterabende , die man diese Saison am Schauspielhaus gesehen hat .;prozess;rein;done;;frei;+;nd;+;+;nd;nd;nd;nd;nd;nd;nd;nd;nd;nd;nd;nd;nd;nd;nd;nd;nd;nd
189;VVINF;ADJD;passen;15;NZZ_1999_07_09_a206_seg6_s10;11;Full|-2;"Doch auch der Standort Levin in Belgien scheint nicht allzu schlecht ins Konzept zu passen ; dorthin nämlich zieht sich El Guerrouj bis kurz vor dem nächsten Start in Nizza zurück .";prozess;rein;done;;frei;+;nd;+;+;nd;nd;nd;nd;nd;nd;nd;nd;nd;nd;nd;nd;nd;nd;nd;nd;nd;nd
74;VVFIN;ADJD;reden;15;NZZ_1994_10_14_a26_seg6_s3;6;Full|3|Pl|Pres|Ind;Dass pensionierte Militärs und Wissenschafter schlecht über den Staatschef und die « Demokraten » reden , ist angesichts ihres Statusverlusts und ihrer oft schwierigen materiellen Lage kein Wunder .;prozess;rein;done;;frei;+;nd;+;+;nd;nd;nd;nd;nd;nd;nd;nd;nd;nd;nd;nd;nd;nd;nd;nd;nd;nd
57;VVINF;ADJD;regieren;38;NZZ_1997_11_08_a204_seg5_s6;37;Full|3|Pl|Pres|Ind;"Der Ich-Erzähler seinerseits verabschiedet sich vom naiven Schreiben : « Du wirst nie pathetische Idyllen über dein Dorf schreiben ; du wirst nie die Elegie der Erinnerung zelebrieren , welche am Ende jenen nützt , die schlecht regieren und daran schuld sind , dass dein Dorf zerstört wird . »";prozess;rein;done;;frei;+;nd;+;+;nd;nd;nd;nd;nd;nd;nd;nd;nd;nd;nd;nd;nd;nd;nd;nd;nd;nd
39;VVINF;ADJD;riechen;26;NZZ_1997_02_18_a113_seg3_s31;24;Full|-2;Nichts peinlicher , als mit langem Arm und Beinkleid durch die plötzlich aufgetauchte Sonne zu laufen , zu transpirieren wie der Teufel , schlecht zu riechen , Make-up verschwitzt , verschwimmt in ihren Gesichtern .;prozess;rein;done;;frei;+;nd;+;+;nd;nd;nd;nd;nd;nd;nd;nd;nd;nd;nd;nd;nd;nd;nd;nd;nd;nd
36;VVPP;ADJD;rüsten;34;NZZ_1993_04_28_a11_seg8_s8;33;Full|Psp;"Mit der Tatsache , dass Costa Rica seit 44 Jahren keine Armee mehr besitzt , hat die Zunahme von Terroraktionen kaum zu tun ; hingegen ist die Polizei zur Vorbeugung solcher Aktionen schlecht gerüstet .";nd;nd;not of interest;ModPräd;;nd;nd;nd;nd;nd;nd;nd;nd;nd;nd;nd;nd;nd;nd;nd;nd;nd;nd;nd;nd;nd;nd
66;VVFIN;ADJD;schauen;7;NZZ_1999_05_03_a225_seg3_s4;2;Full|3|Sg|Pres|Ind;So schlecht wie auf dem Papier schaut es für McLaren-Mercedes in Wirklichkeit allerdings nicht aus .;nd;nd;not of interest;Vergleich;;nd;nd;nd;nd;nd;nd;nd;nd;nd;nd;nd;nd;nd;nd;nd;nd;nd;nd;nd;nd;nd;nd
151;VVFIN;ADJD;schildern;70;NZZ_1998_03_03_a217_seg5_s7;83;Full|3|Sg|Pres|Ind;Auch die Erlebnisse jener zu einem grossen Teil jüdischen Österreicher , die in der Schweiz vorübergehende Aufnahme finden , waren ambivalent , sowohl was den Umgang mit der Bevölkerung anging als auch das Leben in den Arbeitslagern : Während sich der spätere österreichische Botschafter in der Schweiz , Hans Thalberg , verglichen mit den kulinarischen Erfahrungen vor seiner Einreise im Schweizer Lager « wie im Sacher » fühlte , schildert der heute in Kanada lebende Alexander Süss das Essen als « so schlecht , dass wir es unserem Hund gaben , der daran roch und einfach davonlief » .;nd;nd;not of interest;Vergleich;;nd;nd;nd;nd;nd;nd;nd;nd;nd;nd;nd;nd;nd;nd;nd;nd;nd;nd;nd;nd;nd;nd
31;VVPP;ADJD;schlagen;18;NZZ_1994_06_18_a76_seg2_s41;15;Full|Psp;Politisch und finanziell inkonsequentes Verhalten von Bundesrat und Parlament haben aber auch beim Blauhelm-Entscheid schlecht zu Buche geschlagen .;prozess;rein;done;;frei;+;nd;+;+;nd;nd;nd;nd;nd;nd;nd;nd;nd;nd;nd;nd;nd;nd;nd;nd;nd;nd
38;VVFIN;ADJD;schlagen;10;NZZ_1998_12_07_a152_seg3_s17;29;Full|3|Pl|Past|Ind;Denn wie es das Resultat zum Ausdruck bringt , schlugen sich Page , Eggimann und Markovic in der Defensive ( anstelle von Pavlicevic und Studer ) gar nicht schlecht .;prozess;rein;done;;frei;+;nd;+;+;nd;nd;nd;nd;nd;nd;nd;nd;nd;nd;nd;nd;nd;nd;nd;nd;nd;nd
30;VVFIN;ADJD;schneiden;5;NZZ_1997_05_17_a212_seg6_s7;8;Full|3|Sg|Pres|Ind;Bei einem solchen Vergleich schneidet es nicht schlecht ab .;prozess;rein;done;;notwendig;+;nd;+;+;nd;nd;nd;nd;nd;nd;nd;nd;nd;nd;nd;nd;nd;nd;nd;nd;nd;nd
54;VVFIN;ADJD;schneiden;6;NZZ_1997_12_30_a18_seg8_s2;5;Full|3|Pl|Pres|Ind;In diesem Zusammenhang besonders schlecht schneiden das hiesige Polizei- und Justizwesen ab .;prozess;rein;done;;notwendig;+;nd;+;+;nd;nd;nd;nd;nd;nd;nd;nd;nd;nd;nd;nd;nd;nd;nd;nd;nd;nd
90;VVFIN;ADJD;schneiden;3;NZZ_1998_11_14_a92_seg9_s1;2;Full|3|Sg|Pres|Ind;Besonders schlecht schneidet die Schweiz mit Blick auf das erste Kriterium ab .;prozess;rein;done;;notwendig;+;nd;+;+;nd;nd;nd;nd;nd;nd;nd;nd;nd;nd;nd;nd;nd;nd;nd;nd;nd;nd
132;VVFIN;ADJD;sehen;22;NZZ_1998_02_24_a198_seg12_s4;28;Full|3|Pl|Pres|Ind;Bisher machen nur zwei grosse Provider bei der Wetterwarte mit , denn kleine Firmen , die etwa mit 2-MBit-pro-Sekunde-Anschlüssen arbeiten , sehen unter Dauerfeuer nun einmal schnell schlecht aus .;prozess;rein;done;;notwendig;+;nd;+;+;nd;nd;nd;nd;nd;nd;nd;nd;nd;nd;nd;nd;nd;nd;nd;nd;nd;nd
168;VVFIN;ADJD;sehen;4;NZZ_1998_03_18_a203_seg3_s4;18;Full|3|Sg|Past|Ind;Auf der Gegenseite sah der in den Play-offs bisher so überzeugende Gerber bei den ersten vier Gegentreffern schlecht aus .;prozess;rein;done;;notwendig;+;nd;+;+;nd;nd;nd;nd;nd;nd;nd;nd;nd;nd;nd;nd;nd;nd;nd;nd;nd;nd
122;VVFIN;ADJD;spielen;3;NZZ_1994_03_11_a15_seg8_s11;6;Full|3|Sg|Pres|Ind;Die zweite spielt er überdies schlecht .;prozess;rein;done;;frei;+;nd;+;+;nd;nd;nd;nd;nd;nd;nd;nd;nd;nd;nd;nd;nd;nd;nd;nd;nd;nd
142;VVPP;ADJD;spielen;13;NZZ_1995_12_18_a141_seg3_s4;12;Full|Psp;Die St. Galler verloren gegen Lugano 1 : 4 , ohne schlecht gespielt zu haben .;prozess;rein;done;;frei;+;nd;+;+;nd;nd;nd;nd;nd;nd;nd;nd;nd;nd;nd;nd;nd;nd;nd;nd;nd;nd
156;VVFIN;ADJD;spielen;2;NZZ_1995_08_18_a153_seg10_s41;5;Full|3|Pl|Past|Ind;Zug spielten beide Seiten schlecht , denn bis zur Zeitkontrolle blieben nur noch Sekunden .;prozess;rein;done;;frei;+;nd;+;+;nd;nd;nd;nd;nd;nd;nd;nd;nd;nd;nd;nd;nd;nd;nd;nd;nd;nd
97;VVFIN;ADJD;springen;47;NZZ_1995_01_09_a120_seg12_s11;46;Full|3|Pl|Pres|Ind;Die beiden sprangen der Spitze pro Durchgang um rund 10 Meter hinterher , der Romand 82 und 83 m weit , der St. Moritzer mit Sätzen auf 5 und 5 m. Eigenartig , dass sich abermals bestätigte , dass die Schweizer Kombinierer fast stets dann schlecht springen , wenn auch die Spezialisten ausser Form geraten .;prozess;rein;done;;frei;+;nd;+;+;nd;nd;nd;nd;nd;nd;nd;nd;nd;nd;nd;nd;nd;nd;nd;nd;nd;nd
113;VVFIN;ADJD;starten;3;NZZ_1993_12_04_a181_seg2_s14;4;Full|3|Sg|Past|Ind;Der Stadtrat startete schlecht in die Legislaturperiode .;prozess;rein;done;;frei;+;nd;+;+;nd;nd;nd;nd;nd;nd;nd;nd;nd;nd;nd;nd;nd;nd;nd;nd;nd;nd
20;VVFIN;ADJD;staunen;13;NZZ_1997_07_31_a149_seg3_s2;16;Full|3|Sg|Past|Ind;Als David Yates kürzlich in Japan vom « Ironman-Triathlon » sprach , staunte er nicht schlecht .;nd;nd;not of interest;fest;;nd;nd;nd;nd;nd;nd;nd;nd;nd;nd;nd;nd;nd;nd;nd;nd;nd;nd;nd;nd;nd;nd
60;VVPP;ADJD;staunen;3;NZZ_1999_07_23_a208_seg3_s5;2;Full|Psp;Nicht schlecht gestaunt haben dürfte El Guerrouj am Mittwoch abend im Stade Charléty aber weniger des gescheiterten Weltrekordversuchs des Kenyaners wegen , sondern vielmehr deshalb , weil Noureddine Morceli bei seinem Comebackversuch erstaunlich lang an den Fersen des späteren Siegers bleiben konnte .;nd;nd;not of interest;fest;;nd;nd;nd;nd;nd;nd;nd;nd;nd;nd;nd;nd;nd;nd;nd;nd;nd;nd;nd;nd;nd;nd
123;VVFIN;ADJD;staunen;3;NZZ_1999_12_03_a246_seg4_s1;5;Full|3|Sg|Past|Ind;Die Fachwelt staunte nicht schlecht , als Ende 1994 der Wettbewerb für die Erweiterungsbauten des Armeeausbildungszentrums in Luzern entschieden war : Ausgerechnet zwei Frauen , die beiden Schwestern Christine und Evelyn Enzmann , sollten ein Gebäude für das Militär bauen .;nd;nd;not of interest;fest;;nd;nd;nd;nd;nd;nd;nd;nd;nd;nd;nd;nd;nd;nd;nd;nd;nd;nd;nd;nd;nd;nd
170;VVFIN;ADJD;staunen;3;NZZ_1999_02_18_a205_seg3_s2;5;Full|3|Pl|Past|Ind;Die Sportartikelhändler staunten nicht schlecht , als ihnen die beiden Skihersteller ihre Neuerungen präsentierten .;nd;nd;not of interest;fest;;nd;nd;nd;nd;nd;nd;nd;nd;nd;nd;nd;nd;nd;nd;nd;nd;nd;nd;nd;nd;nd;nd
180;VVFIN;ADJD;staunen;8;NZZ_1999_02_15_a159_seg3_s2;10;Full|3|Sg|Past|Ind;So mancher Beobachter des WM-Slaloms der Damen staunte nicht schlecht , als nach dem ersten Lauf die 24jährige Trine Bakke in Führung lag .;nd;nd;not of interest;fest;;nd;nd;nd;nd;nd;nd;nd;nd;nd;nd;nd;nd;nd;nd;nd;nd;nd;nd;nd;nd;nd;nd
28;VVFIN;ADJD;stehen;26;NZZ_1995_03_27_a77_seg4_s18;30;Full|3|Pl|Pres|Ind;Die Chancen , dass sich die Regierung in Moskau nach der diesjährigen Vergabe von 4 Mrd. $ an die vom IMF geforderten Bedingungen hält , stehen laut Foglizzo so schlecht nicht .;prozess;rein;done;;notwendig;+;nd;+;+;nd;nd;nd;nd;nd;nd;nd;nd;nd;nd;nd;nd;nd;nd;nd;nd;nd;nd
67;VVFIN;ADJD;stehen;14;NZZ_1996_09_28_a67_seg8_s9;17;Full|3|Pl|Pres|Ind;Die Chancen für eine rechtzeitige Verabschiedung des schärfsten Austerity-Konzeptes seit Gründung der Republik stehen deshalb nicht schlecht .;prozess;rein;done;;notwendig;+;nd;+;+;nd;nd;nd;nd;nd;nd;nd;nd;nd;nd;nd;nd;nd;nd;nd;nd;nd;nd
68;VVFIN;ADJD;stehen;9;NZZ_1996_07_25_a49_seg5_s11;10;Full|3|Pl|Pres|Ind;Doch die Chancen für einen Verbleib der Störche stehen schlecht , seit eines der drei Jungtiere einen Erdschluss verursachte und dabei umkam - genau wie Fritz Schiesser prophezeit hatte .;prozess;rein;done;;notwendig;+;nd;+;+;nd;nd;nd;nd;nd;nd;nd;nd;nd;nd;nd;nd;nd;nd;nd;nd;nd;nd
69;VVFIN;ADJD;stehen;4;NZZ_1998_01_26_a23_seg8_s1;6;Full|3|Pl|Pres|Ind;Die Chancen dafür stehen aber schlecht .;prozess;rein;done;;notwendig;+;nd;+;+;nd;nd;nd;nd;nd;nd;nd;nd;nd;nd;nd;nd;nd;nd;nd;nd;nd;nd
70;VVFIN;ADJD;stehen;3;NZZ_1999_09_15_a198_seg4_s1;19;Full|3|Sg|Pres|Ind;Die Schweiz steht im internationalen Vergleich bezüglich der Inventarisierung und Sicherung von genetischen Ressourcen in der Landwirtschaft eher schlecht da .;prozess;rein;done;;notwendig;+;nd;+;+;nd;nd;nd;nd;nd;nd;nd;nd;nd;nd;nd;nd;nd;nd;nd;nd;nd;nd
78;VVFIN;ADJD;stehen;6;NZZ_1997_07_11_a25_seg3_s4;7;Full|3|Pl|Pres|Ind;Die Aussichten auf mehr Arbeitsplätze stehen schlecht .;prozess;rein;done;;notwendig;+;nd;+;+;nd;nd;nd;nd;nd;nd;nd;nd;nd;nd;nd;nd;nd;nd;nd;nd;nd;nd
80;VVFIN;ADJD;stehen;3;NZZ_1999_09_27_a49_seg9_s5;6;Full|3|Pl|Pres|Ind;Die Zeichen stehen jedoch derzeit schlecht hierfür .;prozess;rein;done;;notwendig;+;nd;+;+;nd;nd;nd;nd;nd;nd;nd;nd;nd;nd;nd;nd;nd;nd;nd;nd;nd;nd
92;VVFIN;ADJD;stehen;5;NZZ_1996_08_09_a175_seg2_s15;11;Full|3|Sg|Pres|Ind;Im Gegensatz zur Milchindustrie steht es um die Fleischproduktion sehr schlecht .;prozess;rein;done;;notwendig;+;nd;+;+;nd;nd;nd;nd;nd;nd;nd;nd;nd;nd;nd;nd;nd;nd;nd;nd;nd;nd
98;VVFIN;ADJD;stehen;22;NZZ_1996_03_23_a3_seg1_s2;24;Full|3|Sg|Pres|Ind;Zwar sind die Kriegsparteien den ihnen auferlegten militärischen Bedingungen fristgerecht nachgekommen , aber um die zivilen Teile und Ziele des Vertrags steht es schlecht .;prozess;rein;done;;notwendig;+;nd;+;+;nd;nd;nd;nd;nd;nd;nd;nd;nd;nd;nd;nd;nd;nd;nd;nd;nd;nd
133;VVFIN;ADJD;stehen;4;NZZ_1995_05_19_a174_seg2_s20;6;Full|3|Pl|Pres|Ind;Die Aussichten allerdings stehen eher schlecht : Michele Pizzato wird kaum so schnell wieder als grosser Gönner in Chiasso auftauchen .;prozess;rein;done;;notwendig;+;nd;+;+;nd;nd;nd;nd;nd;nd;nd;nd;nd;nd;nd;nd;nd;nd;nd;nd;nd;nd
135;VVFIN;ADJD;stehen;11;NZZ_1995_03_31_a170_seg2_s12;13;Full|3|Pl|Pres|Ind;Die Chancen , dass Anna Sperandio die Wahl gewinnt , stehen nicht schlecht .;prozess;rein;done;;notwendig;+;nd;+;+;nd;nd;nd;nd;nd;nd;nd;nd;nd;nd;nd;nd;nd;nd;nd;nd;nd;nd
139;VVFIN;ADJD;stehen;12;NZZ_1995_10_31_a7_seg6_s7;15;Full|3|Pl|Pres|Ind;Die Chancen , dass in Dayton ein Friedensabkommen abgeschlossen wird , stehen derzeit nicht schlecht : Es gibt Anzeichen dafür , dass die Konfliktparteien zur Einsicht gekommen sind , es gebe für sie auf dem Schlachtfeld nichts mehr Entscheidendes zu gewinnen .;prozess;rein;done;;notwendig;+;nd;+;+;nd;nd;nd;nd;nd;nd;nd;nd;nd;nd;nd;nd;nd;nd;nd;nd;nd;nd
148;VVFIN;ADJD;stehen;17;NZZ_1997_12_19_a4_seg8_s1;19;Full|3|Pl|Pres|Ind;Die Chancen , dass das Weisse Haus in diesem Fall den Sukkurs der Legislative erhält , stehen nicht schlecht .;prozess;rein;done;;notwendig;+;nd;+;+;nd;nd;nd;nd;nd;nd;nd;nd;nd;nd;nd;nd;nd;nd;nd;nd;nd;nd
153;VVFIN;ADJD;stehen;4;NZZ_1999_06_23_a190_seg7_s10;12;Full|3|Pl|Past|Ind;Die Chancen dafür standen dank den biologischen Besonderheiten des Pockenvirus nicht schlecht : das Variola-Virus kann sich nur im Menschen vermehren .;prozess;rein;done;;notwendig;+;nd;+;+;nd;nd;nd;nd;nd;nd;nd;nd;nd;nd;nd;nd;nd;nd;nd;nd;nd;nd
164;VVFIN;ADJD;stehen;4;NZZ_1994_10_11_a32_seg10_s9;12;Full|3|Pl|Pres|Ind;Die Chancen dazu stehen auf Grund der Erholung der Weltwirtschaft nicht schlecht .;prozess;rein;done;;notwendig;+;nd;+;+;nd;nd;nd;nd;nd;nd;nd;nd;nd;nd;nd;nd;nd;nd;nd;nd;nd;nd
167;VVFIN;ADJD;stehen;6;NZZ_1995_12_01_a157_seg4_s10;12;Full|3|Sg|Pres|Ind;Verglichen mit anderen Sportarten , steht der STV dabei sicher nicht schlecht da , auch wenn noch immer von jedem Einzelnen viel Idealismus gefordert wird .;prozess;rein;done;;notwendig;+;nd;+;+;nd;nd;nd;nd;nd;nd;nd;nd;nd;nd;nd;nd;nd;nd;nd;nd;nd;nd
169;VVFIN;ADJD;stehen;2;NZZ_1996_10_12_a68_seg3_s6;5;Full|3|Sg|Pres|Ind;Naivität steht einem Anwalt schlecht an .;prozess;rein;done;;frei;+;nd;+;+;nd;nd;nd;nd;nd;nd;nd;nd;nd;nd;nd;nd;nd;nd;nd;nd;nd;nd
174;VVFIN;ADJD;stehen;6;NZZ_1995_01_31_a136_seg7_s12;9;Full|3|Sg|Pres|Ind;"Um das Image der Tonhalle-Gesellschaft steht es zurzeit schlecht ; es fehlt an Vitalität , an offensiver Haltung .";prozess;rein;done;;notwendig;+;nd;+;+;nd;nd;nd;nd;nd;nd;nd;nd;nd;nd;nd;nd;nd;nd;nd;nd;nd;nd
179;VVFIN;ADJD;stehen;14;NZZ_1995_04_07_a88_seg6_s5;22;Full|3|Sg|Pres|Ind;Nimmt man etwa die Anzahl der Einwohner pro Bankenfiliale zum Massstab , so steht das nordische Land im internationalen Vergleich relativ schlecht da .;prozess;rein;done;;notwendig;+;nd;+;+;nd;nd;nd;nd;nd;nd;nd;nd;nd;nd;nd;nd;nd;nd;nd;nd;nd;nd
191;VVFIN;ADJD;stehen;4;NZZ_1994_01_21_a234_seg10_s4;8;Full|3|Pl|Pres|Ind;Die Chancen dafür stehen gar nicht so schlecht .;prozess;rein;done;;notwendig;+;nd;+;+;nd;nd;nd;nd;nd;nd;nd;nd;nd;nd;nd;nd;nd;nd;nd;nd;nd;nd
106;VVFIN;ADJD;tanzen;2;NZZ_1998_06_20_a140_seg2_s228;4;Full|3|Sg|Pres|Ind;Sie tanzt zwar schlecht , aber Beine hat sie entzückende !;prozess;rein;done;;frei;+;nd;+;+;nd;nd;nd;nd;nd;nd;nd;nd;nd;nd;nd;nd;nd;nd;nd;nd;nd;nd
186;VVFIN;ADJD;tönen;12;NZZ_1999_01_14_a23_seg3_s26;14;Full|3|Pl|Pres|Ind;Übrigens - auch « eurobelt » und « ceinture euro » tönen nicht schlecht ...;prozess;rein;done;;frei;+;nd;+;+;nd;nd;nd;nd;nd;nd;nd;nd;nd;nd;nd;nd;nd;nd;nd;nd;nd;nd
193;VVINF;ADJD;überspielen;18;NZZ_1994_12_29_a17_seg10_s6;14;Full|-2;Denn mit Koalitionspartnern , die ihre früher teilweise markant europafeindliche Haltung jetzt mehr schlecht als recht zu überspielen versuchen , dürfte solches nur schwer zu bewerkstelligen sein .;nd;nd;not of interest;fest;;nd;nd;nd;nd;nd;nd;nd;nd;nd;nd;nd;nd;nd;nd;nd;nd;nd;nd;nd;nd;nd;nd
95;VVINF;ADJD;überwachen;24;NZZ_1994_12_01_a64_seg3_s9;22;Full|-2;Das noch geltende Arrangement ist auf frühere , aber heute nicht mehr in gleichem Ausmass gültige Befürchtungen zurückzuführen , dass Repo-Geschäfte schlecht zu überwachen seien und zu hohen Verlusten führen könnten .;prozess;rein;done;;frei;+;nd;+;+;nd;nd;nd;nd;nd;nd;nd;nd;nd;nd;nd;nd;nd;nd;nd;nd;nd;nd
73;VVFIN;ADJD;umfassen;5;NZZ_1999_08_04_a121_seg6_s4;15;Full|3|Sg|Pres|Ind;Die Gesamtausgabe seiner Schriften umfasst zehn Foliobände mit mehr als 7000 Seiten - nicht schlecht für jemanden , der als feste Regel für das Betreiben wissenschaftlicher Astrologie gefordert hatte , niemals die Ergebnisse der eigenen Berechnungen zu veröffentlichen .;nd;nd;not of interest;Parenthese;;nd;nd;nd;nd;nd;nd;nd;nd;nd;nd;nd;nd;nd;nd;nd;nd;nd;nd;nd;nd;nd;nd
134;VVPP;ADJD;unterrichten;11;NZZ_1998_11_17_a130_seg3_s2;10;Full|Psp;Gleichwohl sind wir über die kulturellen Entwicklungen dieser Jahre schlecht unterrichtet .;nd;nd;not of interest;ModPräd;;nd;nd;nd;nd;nd;nd;nd;nd;nd;nd;nd;nd;nd;nd;nd;nd;nd;nd;nd;nd;nd;nd
102;VVINF;ADJD;verbergen;10;NZZ_1999_03_01_a17_seg10_s7;9;Full|-2;Robert kann seinen Abscheu und sein Entsetzen nur schlecht verbergen .;prozess;rein;done;;frei;+;nd;+;+;nd;nd;nd;nd;nd;nd;nd;nd;nd;nd;nd;nd;nd;nd;nd;nd;nd;nd
89;VVFIN;ADJD;verdienen;13;NZZ_1996_10_24_a114_seg3_s35;16;Full|3|Sg|Pres|Ind;Er selbst zieht zwar letztlich immer seinen Kopf aus der Schlinge und verdient nicht einmal schlecht dabei , aber ein besonderes Ethos besitzt seine Detektivarbeit nicht .;prozess;rein;done;;frei;+;nd;+;+;nd;nd;nd;nd;nd;nd;nd;nd;nd;nd;nd;nd;nd;nd;nd;nd;nd;nd
184;VVINF;ADJD;vereinbaren;35;NZZ_1997_10_23_a191_seg3_s3;29;Full|-2;Und schliesslich dient die Fanboutique zugleich noch als kleine Schatzkammer mit den vier bedeutendsten Trophäen , welche die Emilianer bisher gewonnen haben - und die lassen sich schliesslich schlecht mit dem Mief eines Wohnwagenstands vereinbaren .;prozess;rein;done;;frei;+;nd;+;+;nd;nd;nd;nd;nd;nd;nd;nd;nd;nd;nd;nd;nd;nd;nd;nd;nd;nd
118;VVINF;ADJD;vergleichen;42;NZZ_1998_10_10_a111_seg1_s3;37;Full|-2;Das laufende Ergebnis verbesserte sich dagegen um 6% auf 850 Mio. fFr. und der operationelle Gewinn sogar um über 16% auf 934 Mio. fFr. Wie die Konzernleitung betont , lässt sich der diesjährige Semestergewinn allerdings nur schlecht mit jenem des Vorjahres vergleichen , weil das Halbjahresergebnis 1997 durch die ausserordentlichen Kapitalgewinne aus den in Italien verkauften Aktiva aufgebläht worden war .;prozess;rein;done;;frei;+;nd;+;+;nd;nd;nd;nd;nd;nd;nd;nd;nd;nd;nd;nd;nd;nd;nd;nd;nd;nd
56;VVFIN;ADJD;verlaufen;33;NZZ_1997_06_13_a84_seg4_s2;32;Full|Psp;Aus den monatlichen Erhebungen des Bundesamtes für Statistik und der günstig verlaufenen Hochsaison um die Jahreswende hatte sich ableiten lassen , dass das Winterhalbjahr für die Schweizer Hotellerie nicht mehr so schlecht verlaufen sei wie in den Vorjahren .;prozess;rein;done;;notwendig;+;nd;+;+;nd;nd;nd;nd;nd;nd;nd;nd;nd;nd;nd;nd;nd;nd;nd;nd;nd;nd
141;VVFIN;ADJD;verlaufen;11;NZZ_1996_02_19_a119_seg3_s11;10;Full|Psp;Seit dem Winter 1990/91 war keine Saison mehr so schlecht verlaufen wie diese .;prozess;rein;done;;frei;+;nd;+;+;nd;nd;nd;nd;nd;nd;nd;nd;nd;nd;nd;nd;nd;nd;nd;nd;nd;nd
87;VVPP;ADJD;vermarkten;26;NZZ_1998_05_11_a11_seg8_s2;25;Full|Psp;Dies ist insofern erstaunlich , als er bis zuletzt an den Benzinpreis-Beschlüssen des Parteitags von Magdeburg festhielt und höchstens konzedierte , dass man diese schlecht vermarktet habe .;prozess;rein;done;;frei;+;nd;+;+;nd;nd;nd;nd;nd;nd;nd;nd;nd;nd;nd;nd;nd;nd;nd;nd;nd;nd
8;VVPP;ADJD;versorgen;4;NZZ_1997_01_03_a22_seg11_s10;3;Full|Psp;Diese waren schlecht versorgt und ausgehungert , und an diesem Markttag gab es von allem im Dorf .;prozess;rein;done;;frei;+;nd;+;+;nd;nd;nd;nd;nd;nd;nd;nd;nd;nd;nd;nd;nd;nd;nd;nd;nd;nd
14;VVPP;ADJD;verstehen;15;NZZ_1994_01_28_a165_seg3_s10;14;Full|Psp;Ihr gepflegtes Hochdeutsch klingt smart , und chinesisch oder ghanesisch hätten wir wirklich schlecht verstanden .;prozess;rein;done;;frei;+;nd;+;+;nd;nd;nd;nd;nd;nd;nd;nd;nd;nd;nd;nd;nd;nd;nd;nd;nd;nd
149;VVPP;ADJD;verstehen;10;NZZ_1996_07_12_a153_seg3_s13;9;Full|Psp;Dass sich die Regierungsräte und der Stadtrat so schlecht verstanden haben sollen , sei schwer vorstellbar .;prozess;rein;done;;frei;+;nd;+;+;nd;nd;nd;nd;nd;nd;nd;nd;nd;nd;nd;nd;nd;nd;nd;nd;nd;nd
3;VVFIN;ADJD;vertragen;10;NZZ_1999_11_17_a127_seg6_s14;12;Full|3|Pl|Pres|Ind;Moral : sosehr sich Gegensätze anziehen mögen , sie vertragen sich schlecht .;prozess;rein;done;;frei;+;nd;+;+;nd;nd;nd;nd;nd;nd;nd;nd;nd;nd;nd;nd;nd;nd;nd;nd;nd;nd
86;VVFIN;ADJD;vertragen;5;NZZ_1995_03_18_a207_seg12_s15;7;Full|3|Sg|Pres|Ind;"Die Pionierromantik des Städters verträgt sich schlecht mit den Problemen des kollektiven Aufbaus ; so wird aus seinem geplanten grossen Epos ein Artikel in der Arbeiterzeitung über die Vorzüge der Ziegenmilch .";prozess;rein;done;;frei;+;nd;+;+;nd;nd;nd;nd;nd;nd;nd;nd;nd;nd;nd;nd;nd;nd;nd;nd;nd;nd
165;VVFIN;ADJD;vertragen;2;NZZ_1994_03_31_a153_seg2_s9;4;Full|3|Sg|Pres|Ind;Das verträgt sich schlecht mit dem Image von progressiven Rock-Innovatoren , dem die Leute von « Pink Floyd » schliesslich ihre Sonderstellung im Popgeschäft verdanken .;prozess;rein;done;;frei;+;nd;+;+;nd;nd;nd;nd;nd;nd;nd;nd;nd;nd;nd;nd;nd;nd;nd;nd;nd;nd
166;VVFIN;ADJD;vertragen;9;NZZ_1998_05_02_a32_seg2_s51;11;Full|3|Sg|Pres|Ind;Denn die Tradition pragmatischer Vertragspolitik unter den Sozialpartnern verträgt sich schlecht mit Schaukämpfen in der politischen Arena .;prozess;rein;done;;frei;+;nd;+;+;nd;nd;nd;nd;nd;nd;nd;nd;nd;nd;nd;nd;nd;nd;nd;nd;nd;nd
183;VVFIN;ADJD;vertragen;2;NZZ_1996_01_20_a2_seg8_s9;4;Full|3|Sg|Pres|Ind;Es verträgt sich schlecht mit dem Anspruch Russlands , als gegenüber Amerika gleichberechtigte Grossmacht auf der internationalen Bühne akzeptiert zu werden , dass es ihm nicht einmal gelingt , den kaukasischen und zentralasiatischen Hinterhof zu befrieden .;prozess;rein;done;;frei;+;nd;+;+;nd;nd;nd;nd;nd;nd;nd;nd;nd;nd;nd;nd;nd;nd;nd;nd;nd;nd
19;VVPP;ADJD;vertreten;19;NZZ_1999_03_11_a95_seg4_s2;18;Full|Psp;In einer Medienmitteilung wird den helvetischen Unterhändlern vorgeworfen , die Anliegen der Branche gegenüber der EU « schlecht vertreten » zu haben .;prozess;rein;done;;frei;+;nd;+;+;nd;nd;nd;nd;nd;nd;nd;nd;nd;nd;nd;nd;nd;nd;nd;nd;nd;nd
52;VVFIN;ADJD;vertreten;42;NZZ_1998_06_11_a192_seg5_s6;41;Full|3|Sg|Pres|Ind;Ist es noch nachvollziehbar , dass sich potentielle Regierungskandidatinnen und -kandidaten aus dem Zürcher Unterland für eine Abflugroute über unsere Stadt stark machen , so ist hingegen unverständlich , dass Thomas Wagner die Seite der Stadt in dieser Angelegenheit so schlecht vertritt .;prozess;rein;done;;frei;+;nd;+;+;nd;nd;nd;nd;nd;nd;nd;nd;nd;nd;nd;nd;nd;nd;nd;nd;nd;nd
72;VVPP;ADJD;vertreten;34;NZZ_1998_05_06_a194_seg8_s4;33;Full|Psp;Während mit 25 die meisten davon im Kanton Bern liegen und der Kanton Aargau immerhin 12 Mitglieder stellt , ist der Kanton Zürich mit nur 7 Kommunen in diesem europäischen Projekt denkbar schlecht vertreten .;nd;nd;not of interest;ModPräd;;nd;nd;nd;nd;nd;nd;nd;nd;nd;nd;nd;nd;nd;nd;nd;nd;nd;nd;nd;nd;nd;nd
109;VVFIN;ADJD;vorbereiten;6;NZZ_1996_02_27_a35_seg8_s7;5;Full|Psp;Und eine Liberalisierung wird schlecht vorbereitet durch eine Anordnung , die ein Menschenrecht minimalistisch auslegt , jedenfalls gegen Treu und Glauben ist .;prozess;rein;done;;frei;+;nd;+;+;nd;nd;nd;nd;nd;nd;nd;nd;nd;nd;nd;nd;nd;nd;nd;nd;nd;nd
23;VVINF;ADJD;vorwerfen;18;NZZ_1994_12_24_a93_seg5_s7;17;Full|-2;Dass der Altmeister unter den italienischen Regisseuren sich dabei nicht selbst übertrifft , kann man ihm schlecht vorwerfen , solange seine bekannte Handschrift auf dem Hintergrund der pastellfarbenen Ausstattung ( Bühne : Ezio Figerio , Kostüme : Luisa Spinatelli ) eine klar lesbare Kalligraphie bleibt .;prozess;rein;done;;frei;+;nd;+;+;nd;nd;nd;nd;nd;nd;nd;nd;nd;nd;nd;nd;nd;nd;nd;nd;nd;nd
82;VVPP;ADJD;wappnen;4;NZZ_1999_09_08_a229_seg3_s1;3;Full|Psp;Schweizer Bauwerke schlecht gewappnet;nd;nd;not of interest;title;;nd;nd;nd;nd;nd;nd;nd;nd;nd;nd;nd;nd;nd;nd;nd;nd;nd;nd;nd;nd;nd;nd
1;VVPP;ADJD;wegkommen;12;NZZ_1999_09_17_a246_seg2_s13;11;Full|Psp;Es melden sich Sammler , die irgendwo bei einer Jurybewertung schlecht weggekommen sind und nun ihr Heil in der Offenen Klasse suchen .;prozess;rein;done;;notwendig;+;nd;+;+;nd;nd;nd;nd;nd;nd;nd;nd;nd;nd;nd;nd;nd;nd;nd;nd;nd;nd
125;VVINF;ADJD;wehren;29;NZZ_1995_02_15_a73_seg5_s2;28;Full|-2;In modernen repräsentativen Demokratien zahlt es sich in der politischen Auseinandersetzung meist besser aus , über hoheitliche Massnahmen Mittel und Vorteile jenen wegzunehmen , die sich vergleichsweise schlecht wehren können , und jenen Gruppen zuzuleiten , die dies gebührend honorieren .;prozess;rein;done;;frei;+;nd;+;+;nd;nd;nd;nd;nd;nd;nd;nd;nd;nd;nd;nd;nd;nd;nd;nd;nd;nd
171;VVFIN;ADJD;ziehen;34;NZZ_1998_09_22_a170_seg3_s17;23;Full|-2;Nun kann man den jungen Skibbe , der ein Team mit Tradition in kürzester Zeit zur Mannschaft der Zukunft formen soll , schlecht schon nach wenigen Wochen trauriger Gegenwart wieder aus dem Verkehr ziehen .;prozess;rein;done;;frei;+;nd;+;+;nd;nd;nd;nd;nd;nd;nd;nd;nd;nd;nd;nd;nd;nd;nd;nd;nd;nd
158;VVFIN;ADJD;zutagen;13;NZZ_1997_11_18_a154_seg4_s6;20;--;Gerade einem « Bund der Steuerzahler » steht aber das im Initiativtext zutage tretende neiderfüllte Misstrauen gegen Besserverdienende eigentlich schlecht zu Gesicht .;nd;nd;not of interest;fest;;nd;nd;nd;nd;nd;nd;nd;nd;nd;nd;nd;nd;nd;nd;nd;nd;nd;nd;nd;nd;nd;nd
