﻿Interne-ID;Function-Head;Funktion-Hit;Head;ID-Head;ID-NZZ;ID-Token;Meta-Kopf;sentence;Oberkategorie;Unterkategorie;Status;Kommentar;externe Funktion;prozess;pFREQ;AuW;pure;agent;method;degree;proposition;KONJ;FRAME;SADV;extern;KAUS;TEMP;FREQ;BU;LOC;intern;INST;KOM;SH;iLOC
1;VVFIN;ADV;suchen;8;NZZ_1996_12_21_a95_seg16_s6;13;Full|3|Sg|Pres|Ind;Eine Lehre nach deutschem oder schweizerischem Muster sucht man in Spartanburg allerdings vergebens .;prozess;rein;done;;frei;+;nd;+;+;nd;nd;nd;nd;nd;nd;nd;nd;nd;nd;nd;nd;nd;nd;nd;nd;nd;nd
2;VVPP;ADV;versuchen;5;NZZ_1998_07_29_a178_seg3_s6;4;Full|Psp;1991 hatte er vergebens versucht, bei den Berufsfahrern ein Helmobligatorium durchzusetzen .;prozess;rein;done;;frei;+;nd;+;+;nd;nd;nd;nd;nd;nd;nd;nd;nd;nd;nd;nd;nd;nd;nd;nd;nd;nd
3;VVINF;ADV;erklären;31;NZZ_1995_04_20_a147_seg3_s31;29;Full|-2;Leider gibt es keine Tabellen über ballistische Flugbahnen, und leider liessen sich die beiden Holländer auch nicht von den geometrischen Thesen des Gymnasten Ricken beeinflussen, der vergebens zu erklären versuchte, « dass ein Ball, hart mit dem Spann geschlagen, über eine bestimmte Distanz in geradem Winkel und niemals eine solche Kurve fliegt » .;prozess;rein;done;;frei;+;nd;+;+;nd;nd;nd;nd;nd;nd;nd;nd;nd;nd;nd;nd;nd;nd;nd;nd;nd;nd
4;VVFIN;ADV;suchen;14;NZZ_1997_12_13_a98_seg6_s7;21;Full|3|Sg|Pres|Ind;Geht man an die Jahrespressekonferenz der Anglo American Corporation of South Africa, sucht man in der Exekutive des Konzerns vergebens nach schwarzen Häuptern, und auch die anwesenden Wirtschaftsjournalisten und Analytiker sind so weiss wie ihre Hemden .;prozess;rein;done;;frei;+;nd;+;+;nd;nd;nd;nd;nd;nd;nd;nd;nd;nd;nd;nd;nd;nd;nd;nd;nd;nd
5;VVFIN;ADV;suchen;4;NZZ_1998_09_19_a248_seg3_s25;9;Full|3|Sg|Pres|Ind;Fernsehen und Radio sucht man in den Zimmern vergebens .;prozess;rein;done;;frei;+;nd;+;+;nd;nd;nd;nd;nd;nd;nd;nd;nd;nd;nd;nd;nd;nd;nd;nd;nd;nd
6;VVFIN;ADV;warten;30;NZZ_1998_07_09_a111_seg3_s4;25;Full|3|Sg|Pres|Ind;So haben sie die kreative Craziness des 57jährigen eher eingedämmt denn entfacht : Ein musikalisch hochstehendes Album ist das Resultat, bei dem man vergebens auf den zündenden Funken wartet .;prozess;rein;done;;frei;+;nd;+;+;nd;nd;nd;nd;nd;nd;nd;nd;nd;nd;nd;nd;nd;nd;nd;nd;nd;nd
7;VVFIN;ADV;lassen;3;NZZ_1998_02_12_a162_seg3_s5;11;Full|3|Sg|Pres|Ind;Die Mutter lässt ein letztes Mal ihre Autorität walten - vergebens .;nd;nd;not of interest;Parenthese;;nd;nd;nd;nd;nd;nd;nd;nd;nd;nd;nd;nd;nd;nd;nd;nd;nd;nd;nd;nd;nd;nd
8;VVFIN;ADV;suchen;7;NZZ_1998_10_06_a8_seg19_s2;9;Full|3|Sg|Pres|Ind;Nach der einstigen multikulturellen literarischen Produktivität sucht man vergebens .;prozess;rein;done;;frei;+;nd;+;+;nd;nd;nd;nd;nd;nd;nd;nd;nd;nd;nd;nd;nd;nd;nd;nd;nd;nd
9;VVFIN;ADV;suchen;5;NZZ_1999_06_02_a141_seg5_s16;8;Full|3|Sg|Pres|Ind;Sichtbare Spuren von Gewaltanwendung sucht man aber vergebens .;prozess;rein;done;;frei;+;nd;+;+;nd;nd;nd;nd;nd;nd;nd;nd;nd;nd;nd;nd;nd;nd;nd;nd;nd;nd
10;VVINF;ADV;suchen;15;NZZ_1999_09_07_a137_seg7_s19;14;Full|-2;( ... ) Nach einer einheitlichen Theorie wird man auf den folgenden Seiten vergebens suchen, weil diese der Widersprüchlichkeit der Befunde kaum gerecht werden würde . »;prozess;rein;done;;frei;+;nd;+;+;nd;nd;nd;nd;nd;nd;nd;nd;nd;nd;nd;nd;nd;nd;nd;nd;nd;nd
11;VVFIN;ADV;suchen;2;NZZ_1997_10_14_a134_seg4_s4;4;Full|3|Sg|Pres|Ind;Blumenarrangements sucht man vergebens .;prozess;rein;done;;frei;+;nd;+;+;nd;nd;nd;nd;nd;nd;nd;nd;nd;nd;nd;nd;nd;nd;nd;nd;nd;nd
12;VVFIN;ADV;sehnen;43;NZZ_1994_02_11_a128_seg7_s19;45;Full|3|Sg|Pres|Ind;Als ein alter orientalischer Jude, von der Schoa nicht betroffen, Kätzchen die Schöpfungsgeschichte aus der Thora nahebringen will, hält das Kind ihm entgegen : « Gott hat die Welt geboren, dann ist er gestorben, und die Welt sehnt sich vergebens nach ihm . »;prozess;rein;done;;frei;+;nd;+;+;nd;nd;nd;nd;nd;nd;nd;nd;nd;nd;nd;nd;nd;nd;nd;nd;nd;nd
13;VVFIN;ADV;warten;9;NZZ_1995_02_14_a71_seg9_s7;17;Full|3|Sg|Pres|Ind;Auf die kopernikanische Wende und ein heliozentrisches Europa-Bild wartet man auch beim Thema « Freizügigkeit » vergebens .;prozess;rein;done;;frei;+;nd;+;+;nd;nd;nd;nd;nd;nd;nd;nd;nd;nd;nd;nd;nd;nd;nd;nd;nd;nd
14;VVFIN;ADV;kämpfen;10;NZZ_1994_04_16_a128_seg47_s10;11;Full|3|Sg|Pres|Ind;Frank Lopardo in der Rolle des abgewiesenen Liebhabers Idreno kämpft vergebens gegen die Blutleere seiner Partie .;prozess;rein;done;;frei;+;nd;+;+;nd;nd;nd;nd;nd;nd;nd;nd;nd;nd;nd;nd;nd;nd;nd;nd;nd;nd
15;VVFIN;ADV;rufen;4;NZZ_1994_12_09_a170_seg13_s21;8;Full|1|Sg|Pres|Ind;Chile, ich rufe deinen Namen nicht vergebens .;prozess;rein;done;;frei;+;nd;+;+;nd;nd;nd;nd;nd;nd;nd;nd;nd;nd;nd;nd;nd;nd;nd;nd;nd;nd
16;VVFIN;ADV;anrennen;41;NZZ_1996_12_07_a201_seg9_s7;38;Full|3|Sg|Pres|Ind;Zum andern : die Wüste bedeutete nicht Zuflucht vor der Stadt, sondern eine Verkörperung der Stadt der Zukunft, genauer : hier draussen wurde jene andere Seite der Stadt sichtbar, wogegen die offizielle Planungsideologie ebenso vergebens wie vehement anrennt .;prozess;rein;done;;frei;+;nd;+;+;nd;nd;nd;nd;nd;nd;nd;nd;nd;nd;nd;nd;nd;nd;nd;nd;nd;nd
17;VVFIN;ADV;verehren;12;NZZ_1994_02_26_a111_seg9_s17;18;Full|2|Pl;Einer der Besucher des Vaters, Fürst Ingmar aus Lüttich, verehrt sie sein ganzes Leben lang vergebens .;prozess;rein;done;;frei;+;nd;+;+;nd;nd;nd;nd;nd;nd;nd;nd;nd;nd;nd;nd;nd;nd;nd;nd;nd;nd
18;VVPP;ADV;anstreben;16;NZZ_1994_06_13_a85_seg3_s19;15;Full|Psp;Ob Gemeinsames in Form, Haltung und Ablauf absichtlich hat vermieden werden wollen oder vergebens angestrebt wurde, war in dem vagen Ungefähr der Ausführung nicht auszumachen .;prozess;rein;done;;frei;+;nd;+;+;nd;nd;nd;nd;nd;nd;nd;nd;nd;nd;nd;nd;nd;nd;nd;nd;nd;nd
19;VVPP;ADV;bekämpfen;31;NZZ_1999_10_21_a36_seg8_s1;30;Full|Psp;Fast etwas tragisch mutet an, dass just Cornaz, der noch als Grossrat und Direktor der Handelskammern beider Basel diese in manchen Zügen fragwürdige Schulreform vehement, aber vergebens bekämpft hatte, nun für deren Vollzug verantwortlich ist .;prozess;rein;done;;frei;+;nd;+;+;nd;nd;nd;nd;nd;nd;nd;nd;nd;nd;nd;nd;nd;nd;nd;nd;nd;nd
20;VVPP;ADV;anstreben;23;NZZ_1997_04_08_a175_seg4_s11;22;Full|Psp;Aber der Titelgewinn, den Barkley schon mit den Philadelphia 76ers ( 1984-92 ) und den Phoenix Suns ( 1992-96 ) vergebens angestrebt hatte, scheint auch mit den Houston Rockets, Ausgabe 1997, kaum erreichbar .;prozess;rein;done;;frei;+;nd;+;+;nd;nd;nd;nd;nd;nd;nd;nd;nd;nd;nd;nd;nd;nd;nd;nd;nd;nd
21;VVFIN;ADV;erweisen;8;NZZ_1997_12_13_a202_seg3_s2;11;Full|3|Sg|Past|Ind;Die weite Reise der Skidamen nach Savoyen erwies sich als vergebens .;nd;nd;not of interest;Vergleich;;nd;nd;nd;nd;nd;nd;nd;nd;nd;nd;nd;nd;nd;nd;nd;nd;nd;nd;nd;nd;nd;nd
22;VVFIN;ADV;suchen;10;NZZ_1997_06_10_a192_seg2_s4;12;Full|3|Sg|Pres|Ind;Unklarheit herrscht auch beim öffentlichen Verkehr : Im Eisenbahnbetrieb sucht man vergebens Auskunftspersonen .;prozess;rein;done;;frei;+;nd;+;+;nd;nd;nd;nd;nd;nd;nd;nd;nd;nd;nd;nd;nd;nd;nd;nd;nd;nd
23;VVFIN;ADV;suchen;26;NZZ_1996_12_19_a140_seg3_s30;28;Full|1|Pl|Pres|Ind;Einige Beiträge über noch lebende oder erst vor kurzem verstorbene Komponisten sind nicht auf dem aktuellsten Stand, etliche Komponisten aus den neuen deutschen Bundesländern suchen wir vergebens ( der prominenteste Vergessene ist wohl Udo Zimmermann ) .;prozess;rein;done;;frei;+;nd;+;+;nd;nd;nd;nd;nd;nd;nd;nd;nd;nd;nd;nd;nd;nd;nd;nd;nd;nd
24;VVFIN;ADV;suchen;3;NZZ_1995_05_29_a107_seg3_s10;7;Full|3|Sg|Pres|Ind;Lange Unterführungen sucht man in Regensdorf vergebens .;prozess;rein;done;;frei;+;nd;+;+;nd;nd;nd;nd;nd;nd;nd;nd;nd;nd;nd;nd;nd;nd;nd;nd;nd;nd
25;VVFIN;ADV;suchen;3;NZZ_1995_05_15_a100_seg5_s6;4;Full|3|Pl|Past|Ind;Die Hände suchten vergebens einen tauglichen Griff, die Füsse fanden in den Wölbungen der Nagelfluh keinen rechten Halt mehr .;prozess;rein;done;;frei;+;nd;+;+;nd;nd;nd;nd;nd;nd;nd;nd;nd;nd;nd;nd;nd;nd;nd;nd;nd;nd
26;VVFIN;ADV;suchen;6;NZZ_1999_03_20_a269_seg3_s144;9;Full|3|Pl|Pres|Ind;Bis zur Rushey Fields Farm suchen die Hunde vergebens nach der Spur eines Fuchses .;prozess;rein;done;;frei;+;nd;+;+;nd;nd;nd;nd;nd;nd;nd;nd;nd;nd;nd;nd;nd;nd;nd;nd;nd;nd
27;VVFIN;ADV;warten;8;NZZ_1997_02_04_a170_seg11_s20;11;Full|3|Sg|Pres|Subj;Auch auf die längst versprochene Trainingsgruppe Riesenslalom/Super-G warte er bisher vergebens .;prozess;rein;done;;frei;+;nd;+;+;nd;nd;nd;nd;nd;nd;nd;nd;nd;nd;nd;nd;nd;nd;nd;nd;nd;nd
28;VVFIN;ADV;hoffen;25;NZZ_1996_09_07_a139_seg7_s4;26;Full|3|Sg|Past|Ind;Kiesler, der glaubte, mit dem « Endless House » eine optimale, auf sämtliche menschlichen Bedürfnisse zugeschnittene Architektur entwickelt zu haben, hoffte vergebens auf eine Realisierung seiner Pläne .;prozess;rein;done;;frei;+;nd;+;+;nd;nd;nd;nd;nd;nd;nd;nd;nd;nd;nd;nd;nd;nd;nd;nd;nd;nd
29;VVIMP;ADV;warten;24;NZZ_1995_01_28_a156_seg17_s1;25;Full|3|Sg|Pres|Ind;Ein Porträt des Künstlers als alter Mann von Thomas Bernhard Der heruntergekommene Schauspieler Minetti ist mit seinem letzten Geld nach Ostende gereist und wartet vergebens auf einen Theaterdirektor aus Flensburg, der ihm ein Gastspiel als « Lear » versprochen hat .;prozess;rein;done;;frei;+;nd;+;+;nd;nd;nd;nd;nd;nd;nd;nd;nd;nd;nd;nd;nd;nd;nd;nd;nd;nd
30;VVFIN;ADV;suchen;28;NZZ_1998_09_01_a67_seg5_s1;27;Full|3|Sg|Pres|Ind;Kann dieser « Nachtstrand » naturgemäss nicht alle Vorzüge eines richtigen Meeresstrandes bieten, so offeriert er dafür ein Schauspiel, das man an der Küste vergebens sucht : Über den Dächern der Stadt zeichnet sich seit kurzem das hell erleuchtete Minarett der Koutoubia-Moschee ab .;prozess;rein;done;;frei;+;nd;+;+;nd;nd;nd;nd;nd;nd;nd;nd;nd;nd;nd;nd;nd;nd;nd;nd;nd;nd
31;VVFIN;ADV;schauen;13;NZZ_1998_03_24_a25_seg7_s3;15;Full|3|Sg|Pres|Ind;Jeweils sechs Betten stehen in einem Raum, und nach einer Sanitärzelle schaut man vergebens .;prozess;rein;done;;frei;+;nd;+;+;nd;nd;nd;nd;nd;nd;nd;nd;nd;nd;nd;nd;nd;nd;nd;nd;nd;nd
32;VVFIN;ADV;suchen;5;NZZ_1996_07_30_a107_seg3_s1;8;Full|3|Sg|Pres|Ind;In Übersichtswerken der Architekturgeschichte sucht man meist vergebens nach Félix Duban ( 1798-1870 ), der nach eigenen Worten vor allem Bauten anderer vollendete oder restaurierte .;prozess;rein;done;;frei;+;nd;+;+;nd;nd;nd;nd;nd;nd;nd;nd;nd;nd;nd;nd;nd;nd;nd;nd;nd;nd
33;VVFIN;ADV;versuchen;27;NZZ_1998_10_10_a168_seg13_s2;28;Full|3|Sg|Pres|Ind;Spielfilm ( 1976 ) von Philippe Mora Zwischen 1853 und 1865 liegt Australien im Goldrausch : Der sensible und zurückhaltende Daniel Morgan ( Dennis Hopper ) versucht vergebens sein Glück als Goldgräber in Neusüdwales .;prozess;rein;done;;frei;+;nd;+;+;nd;nd;nd;nd;nd;nd;nd;nd;nd;nd;nd;nd;nd;nd;nd;nd;nd;nd
34;VVFIN;ADV;suchen;4;NZZ_1996_05_07_a169_seg6_s18;9;Full|3|Sg|Pres|Ind;Typisch amerikanische Besonderheiten sucht man ( fast ) vergebens - eine davon ist vielleicht der Umstand, dass das Fahrzeug ausschliesslich mit 4-Gang-Automatik ausgeliefert wird, eine weitere der serienmässige Tempomat, die bereits erwähnte, ebenfalls serienmässige Klimaanlage und natürlich die obligaten Becherhalter .;prozess;rein;done;;frei;+;nd;+;+;nd;nd;nd;nd;nd;nd;nd;nd;nd;nd;nd;nd;nd;nd;nd;nd;nd;nd
35;VVPP;ADV;halten;31;NZZ_1995_03_18_a201_seg10_s4;29;Full|Psp;Für Morelli, denke ich, war es ein verlockender Gedanke, in Burckhardt das Leitbild des kennerschaftlichen Kunsthistorikers gefunden zu haben, nach dem er seit Jahren vergebens Ausschau gehalten hatte .;prozess;rein;done;;frei;+;nd;+;+;nd;nd;nd;nd;nd;nd;nd;nd;nd;nd;nd;nd;nd;nd;nd;nd;nd;nd
36;VVFIN;ADV;warten;2;NZZ_1997_06_03_a14_seg6_s11;3;Full|3|Sg|Past|Ind;Er wartete vergebens auf eine Ernennung als Botschafter durch den damaligen Aussenminister Juppé, der dieses Versäumnis wohl schon mehrmals und erneut an diesem Wochenende bedauert haben dürfte .;prozess;rein;done;;frei;+;nd;+;+;nd;nd;nd;nd;nd;nd;nd;nd;nd;nd;nd;nd;nd;nd;nd;nd;nd;nd
37;VVFIN;ADV;suchen;26;NZZ_1998_11_09_a100_seg9_s15;29;Full|3|Sg|Pres|Ind;Auch die Zeitschrift « 2nd Generation », die das Lebensgefühl der britisch-asiatischen Immigranten mit Artikeln über Mode und Musik auf den Punkt bringt, sucht man hier vergebens .;prozess;rein;done;;frei;+;nd;+;+;nd;nd;nd;nd;nd;nd;nd;nd;nd;nd;nd;nd;nd;nd;nd;nd;nd;nd
38;VVFIN;ADV;strecken;38;NZZ_1996_05_09_a197_seg3_s13;41;Full|3|Sg|Past|Ind;In der 28. Minute fiel dann der Führungstreffer für P-SG : nach dem Freistossball aus 30 Metern vom als schussgewaltig bekannten, auf diese Saison von Olympique Lyon an die Seine gewechselten Verteidiger Bruno N ' Gotty streckte sich Konsel vergebens .;prozess;rein;done;;frei;+;nd;+;+;nd;nd;nd;nd;nd;nd;nd;nd;nd;nd;nd;nd;nd;nd;nd;nd;nd;nd
39;VVFIN;ADV;suchen;26;NZZ_1997_12_19_a118_seg6_s18;29;Full|3|Sg|Pres|Ind;Vom dramaturgischen Standpunkt aus funktioniert es nicht, weil es zu einer Interaktion zwischen den Protagonisten kaum jemals kommt : Dialoge, wirkliche Zwie gespräche sucht man hier vergebens .;prozess;rein;done;;frei;+;nd;+;+;nd;nd;nd;nd;nd;nd;nd;nd;nd;nd;nd;nd;nd;nd;nd;nd;nd;nd
40;VVFIN;ADV;kämpfen;8;NZZ_1997_07_23_a65_seg4_s5;14;Full|3|Sg|Pres|Ind;Gegen den enormen Mistüberschuss der intensiven Viehhaltung kämpft Den Haag seit anderthalb Jahrzehnten vergebens .;prozess;rein;done;;frei;+;nd;+;+;nd;nd;nd;nd;nd;nd;nd;nd;nd;nd;nd;nd;nd;nd;nd;nd;nd;nd
41;VVFIN;ADV;wünschen;22;NZZ_1999_08_13_a238_seg3_s11;21;Full|3|Sg|Pres|Ind;Zur Verfügung steht damit ein kompaktes Nachschlagewerk, wie es sich der Praktiker für staatliche Institutionen und Verwaltungen mancher Nationalstaaten vergebens wünscht .;prozess;rein;done;;frei;+;nd;+;+;nd;nd;nd;nd;nd;nd;nd;nd;nd;nd;nd;nd;nd;nd;nd;nd;nd;nd
42;VVIMP;ADV;warten;27;NZZ_1995_10_24_a161_seg5_s9;29;Full|3|Sg|Pres|Ind;Beeindruckend ist zudem die geringe Geräuschentwicklung : Auf das typische « Kompressorbellen », von den legendären Rennwagen der 20er und 30er Jahre her bekannt, wartet man vergebens .;prozess;rein;done;;frei;+;nd;+;+;nd;nd;nd;nd;nd;nd;nd;nd;nd;nd;nd;nd;nd;nd;nd;nd;nd;nd
43;VVFIN;ADV;begehren;3;NZZ_1994_12_30_a134_seg3_s4;6;Full|3|Pl|Past|Ind;Viele Leute begehrten denn auch vergebens Einlass zum Konzert dieses Musikers, der bis 1993 noch als Begleitsänger im Schatten von Afro-Grössen wie Manu Dibango und Ray Lema gestanden hatte .;prozess;rein;done;;frei;+;nd;+;+;nd;nd;nd;nd;nd;nd;nd;nd;nd;nd;nd;nd;nd;nd;nd;nd;nd;nd
44;VVFIN;ADV;halten;10;NZZ_1998_09_29_a137_seg2_s5;12;Full|3|Sg|Past|Ind;Er stieg also an der achten Haltestelle aus, hielt aber vergebens nach einem derartigen Gebäude Ausschau, statt dessen hatte er das Gefühl, dass ihm alles hier so vertraut war .;prozess;rein;done;;frei;+;nd;+;+;nd;nd;nd;nd;nd;nd;nd;nd;nd;nd;nd;nd;nd;nd;nd;nd;nd;nd
45;VVPP;ADV;hoffen;44;NZZ_1998_09_26_a62_seg4_s2;43;Full|Psp;Die Woche, in deren Mitte der astronomische Herbst begann, war von einer Wetterlage dominiert, auf die man im Sommer 1998 speziell an den deutschen Nord- und Ostseeküsten, wo der Sommer eher kühl und regnerisch war, immer wieder vergebens gehofft hatte .;prozess;rein;done;;frei;+;nd;+;+;nd;nd;nd;nd;nd;nd;nd;nd;nd;nd;nd;nd;nd;nd;nd;nd;nd;nd
46;VVINF;ADV;warten;11;NZZ_1998_11_05_a210_seg3_s20;7;Full|-2;Zwar wird man dort heuer erstmals vergebens auf den Galaabend warten, doch dank einer gepflegteren Speisekarte wird diese Streichung problemlos zu verkraften sein .;prozess;rein;done;;frei;+;nd;+;+;nd;nd;nd;nd;nd;nd;nd;nd;nd;nd;nd;nd;nd;nd;nd;nd;nd;nd
47;VVFIN;ADV;suchen;24;NZZ_1999_09_21_a242_seg15_s7;26;Full|3|Sg|Pres|Ind;Funktionen wie das Aufzeichnen von kurzen gesprochenen Notizen, farbige und hochauflösende Anzeigen oder auch Gimmicks wie das Abspielen von Hitparadensongs im MP3-Format sucht man vergebens .;prozess;rein;done;;frei;+;nd;+;+;nd;nd;nd;nd;nd;nd;nd;nd;nd;nd;nd;nd;nd;nd;nd;nd;nd;nd
48;VVFIN;ADV;suchen;10;NZZ_1997_09_17_a114_seg6_s3;12;Full|3|Sg|Pres|Ind;"Chronologische oder typologische Reihungen, Ordnungsprinzipien herkömmlicher Architekturausstellungen, sucht man vergebens ; und ein Rundgang, der das Passieren sämtlicher Exponate erlaubte, existiert nicht .";prozess;rein;done;;frei;+;nd;+;+;nd;nd;nd;nd;nd;nd;nd;nd;nd;nd;nd;nd;nd;nd;nd;nd;nd;nd
49;VVPP;ADV;versuchen;21;NZZ_1995_09_25_a18_seg9_s8;20;Full|Psp;Chirac erklärte dazu mit ironischer Herablassung, Premierminister Rasmussen habe zwei Tage lang mit der den Dänen eigenen Lebhaftigkeit vergebens versucht, die Atomtests auf die Agenda zu setzen .;prozess;rein;done;;frei;+;nd;+;+;nd;nd;nd;nd;nd;nd;nd;nd;nd;nd;nd;nd;nd;nd;nd;nd;nd;nd
50;VVFIN;ADV;suchen;26;NZZ_1995_05_19_a119_seg3_s2;32;Full|3|Sg|Pres|Ind;Die Namen der grossen internationalen Stars, die oft genug, ausgebrannt und gezeichnet vom Tourneestress, noch schnell in Schweizer Städten Pflichtkonzertchen absolvieren, sucht man nämlich im Schaffhauser Programmheft vergebens .;prozess;rein;done;;frei;+;nd;+;+;nd;nd;nd;nd;nd;nd;nd;nd;nd;nd;nd;nd;nd;nd;nd;nd;nd;nd
51;VVFIN;ADV;suchen;2;NZZ_1995_11_04_a98_seg5_s17;4;Full|3|Sg|Pres|Ind;Grundrisse sucht man vergebens .;prozess;rein;done;;frei;+;nd;+;+;nd;nd;nd;nd;nd;nd;nd;nd;nd;nd;nd;nd;nd;nd;nd;nd;nd;nd
52;VVFIN;ADV;suchen;48;NZZ_1998_02_14_a262_seg8_s7;50;Full|3|Sg|Pres|Ind;Drei elementare Probleme stechen hier ins Auge : Zum einen sind heikle Themen übertüncht oder verschwiegen : Dass Steiner etwa in Fragen der Waldorfschule nicht nur von der « Lehrerrepublik », sondern auch schon einmal von « Diktatur » und « Hierarchie » gesprochen hat, sucht man vergebens .;prozess;rein;done;;frei;+;nd;+;+;nd;nd;nd;nd;nd;nd;nd;nd;nd;nd;nd;nd;nd;nd;nd;nd;nd;nd
53;VVPP;ADV;warten;16;NZZ_1996_04_22_a137_seg2_s14;15;Full|Psp;Auf ein solches Erlebnis hatten am Freitag abend im Südwest-Derby im Wildpark die Zuschauer vergebens gewartet .;prozess;rein;done;;frei;+;nd;+;+;nd;nd;nd;nd;nd;nd;nd;nd;nd;nd;nd;nd;nd;nd;nd;nd;nd;nd
54;VVPP;ADV;versuchen;24;NZZ_1998_07_27_a67_seg2_s2;23;Full|Psp;( dpa ) 89 Jahre nach der ersten Überquerung des Ärmelkanals mit einem Flugzeug hat der Enkel des damaligen Luftfahrtpioniers Louis Blériot vergebens versucht, dies zu wiederholen .;prozess;rein;done;;frei;+;nd;+;+;nd;nd;nd;nd;nd;nd;nd;nd;nd;nd;nd;nd;nd;nd;nd;nd;nd;nd
55;VVFIN;ADV;suchen;5;NZZ_1997_12_12_a135_seg3_s38;9;Full|3|Sg|Pres|Ind;In den meisten Nachschlagewerken sucht man ihren Namen vergebens .;prozess;rein;done;;frei;+;nd;+;+;nd;nd;nd;nd;nd;nd;nd;nd;nd;nd;nd;nd;nd;nd;nd;nd;nd;nd
56;VVPP;ADV;einschalten;11;NZZ_1998_10_07_a123_seg3_s27;10;Full|Psp;Börsenverein und VS protestieren, die Bundesregierung hat sich vergebens eingeschaltet .;prozess;rein;done;;frei;+;nd;+;+;nd;nd;nd;nd;nd;nd;nd;nd;nd;nd;nd;nd;nd;nd;nd;nd;nd;nd
57;VVINF;ADV;lassen;15;NZZ_1998_05_14_a255_seg6_s9;18;Full|-2;Das anstrengende Programm hat denn auch schon den Ruf nach mehr Freizeit laut werden lassen - allerdings vergebens .;nd;nd;not of interest;Parenthese;;nd;nd;nd;nd;nd;nd;nd;nd;nd;nd;nd;nd;nd;nd;nd;nd;nd;nd;nd;nd;nd;nd
58;VVFIN;ADV;suchen;42;NZZ_1997_11_15_a220_seg20_s14;41;Full|3|Sg|Pres|Ind;Auf sämtlichen Erzählebenen werden die Schleusen geöffnet : vom Jugendbuch-Pastiche bis zum Pornomagazin, vom tatsächlich erstaunlichen Rezept für « Banana Amaze » bis zu pflichtbewusst aufgelisteten « Corrections of earlier errors » ( wobei man die angeführten Fehler wiederum vergebens sucht ) findet alles Eingang .;prozess;rein;done;;frei;+;nd;+;+;nd;nd;nd;nd;nd;nd;nd;nd;nd;nd;nd;nd;nd;nd;nd;nd;nd;nd
59;VVFIN;ADV;suchen;10;NZZ_1997_02_15_a74_seg10_s7;16;Full|3|Sg|Pres|Ind;Einen mahnenden Hinweis auf die verschleppte Reform der Sozialversicherung sucht man in seinem Jahresbericht ebenso vergebens wie eine Warnung vor dem Risiko, das wieder ansteigende Zinsen für das belgische Budgetdefizit mit sich bringen würden .;prozess;rein;done;;frei;+;nd;+;+;nd;nd;nd;nd;nd;nd;nd;nd;nd;nd;nd;nd;nd;nd;nd;nd;nd;nd
60;VVFIN;ADV;suchen;3;NZZ_1994_08_17_a153_seg4_s13;9;Full|3|Sg|Pres|Ind;Solche Informationen sucht man im vorliegenden Band jedoch vergebens .;prozess;rein;done;;frei;+;nd;+;+;nd;nd;nd;nd;nd;nd;nd;nd;nd;nd;nd;nd;nd;nd;nd;nd;nd;nd
61;VVFIN;ADV;suchen;41;NZZ_1994_03_16_a143_seg3_s15;40;Full|3|Sg|Pres|Ind;Da wurde der Ball nur in Ausnahmesituationen gestoppt, sonst aber mit technischen Kabinettstückchen und Direktzuspielen wie von magischer Hand gelenkt vor das Real-Tor gespielt - und dies alles in einem Rhythmus, den man auf hiesigen Fussballplätzen wohl vergebens sucht .;prozess;rein;done;;frei;+;nd;+;+;nd;nd;nd;nd;nd;nd;nd;nd;nd;nd;nd;nd;nd;nd;nd;nd;nd;nd
62;VVFIN;ADV;verpuffen;3;NZZ_1995_06_03_a115_seg15_s11;4;Full|3|Pl|Past|Ind;"Die Opfer verpufften vergebens ; einem Drittweltland gleich schaffe sich Italien Konkurrenzvorteile mit Arbeitskostensenkungen, sichere diese technologisch aber nicht ab .";prozess;rein;done;;frei;+;nd;+;+;nd;nd;nd;nd;nd;nd;nd;nd;nd;nd;nd;nd;nd;nd;nd;nd;nd;nd
63;VVFIN;ADV;warten;23;NZZ_1996_11_14_a214_seg13_s17;24;Full|3|Pl|Pres|Ind;Ungezählte Sherpas mussten in den letzten fünfzig Jahren in Erfüllung ihrer schwierigen Aufträge ihr Leben lassen, und viel zu viele Sherpa-Witwen warten vergebens auf Zeichen des Mitleids von seiten der Arbeitgeber ihrer verunglückten Männer, geschweige denn auf irgendwelche finanzielle Unterstützung .;prozess;rein;done;;frei;+;nd;+;+;nd;nd;nd;nd;nd;nd;nd;nd;nd;nd;nd;nd;nd;nd;nd;nd;nd;nd
64;VVPP;ADV;versuchen;6;NZZ_1998_06_02_a185_seg7_s4;5;Full|Psp;Der Russe hatte anfänglich vergebens versucht, den synkopischen Rhythmus Pantanis zu halten .;prozess;rein;done;;frei;+;nd;+;+;nd;nd;nd;nd;nd;nd;nd;nd;nd;nd;nd;nd;nd;nd;nd;nd;nd;nd
65;VVFIN;ADV;suchen;2;NZZ_1995_05_03_a76_seg10_s4;3;Full|3|Sg|Pres|Ind;Man sucht vergebens nach den Kriterien, die bei den Kürzungen massgebend waren, so dass etwa die Abstriche bei den Schwerpunktprogrammen ( SPP ) der ETH eher zufällig erscheinen .;prozess;rein;done;;frei;+;nd;+;+;nd;nd;nd;nd;nd;nd;nd;nd;nd;nd;nd;nd;nd;nd;nd;nd;nd;nd
66;VVPP;ADV;freuen;13;NZZ_1994_02_26_a200_seg4_s153;12;Full|Psp;Auf das Zusammentreffen mit dem wohl tüchtigsten Veteranen hatte ich mich vergebens gefreut .;prozess;rein;done;;frei;+;nd;+;+;nd;nd;nd;nd;nd;nd;nd;nd;nd;nd;nd;nd;nd;nd;nd;nd;nd;nd
67;VVFIN;ADV;suchen;34;NZZ_1999_01_14_a215_seg3_s12;36;Full|3|Sg|Pres|Ind;Im Zuge dieser Entwicklung übertönen die schnellen Rhythmen urbaner Veränderungsprozesse die melancholische, schlanke Stimme Granadas, die García Lorca in seiner Jugend vernommen hat, und auch die verborgenen Orte der Selbstbegegnung sucht man vergebens : statt der kleinen Nischen findet der Besucher Sightseeing-Points, an denen sich Menschen drängen und Granada in einer Rückblende an sich vorbeiziehen lassen, wobei das Kolorit dieser Erinnerungsbilder vom Mythos vergangenen Glanzes und von der Magie einer phantastischen Welt gefärbt wird .;prozess;rein;done;;frei;+;nd;+;+;nd;nd;nd;nd;nd;nd;nd;nd;nd;nd;nd;nd;nd;nd;nd;nd;nd;nd
68;VVFIN;ADV;suchen;3;NZZ_1995_02_03_a140_seg3_s16;5;Full|1|Pl|Pres|Ind;Das aber suchen wir vergebens .;prozess;rein;done;;frei;+;nd;+;+;nd;nd;nd;nd;nd;nd;nd;nd;nd;nd;nd;nd;nd;nd;nd;nd;nd;nd
69;VVINF;ADV;warten;31;NZZ_1994_10_05_a11_seg6_s9;30;Full|-2;Beobachter in Moskau hatten dem Auftritt des Präsidenten - vor allem nach dem Zwischenfall in Irland, wo Jelzin den irischen Premierminister Reynolds unter bisher nicht völlig geklärten Umständen vergebens warten liess - mit gemischten Gefühlen entgegengeblickt .;prozess;rein;done;;frei;+;nd;+;+;nd;nd;nd;nd;nd;nd;nd;nd;nd;nd;nd;nd;nd;nd;nd;nd;nd;nd
70;VVFIN;ADV;suchen;15;NZZ_1994_08_20_a217_seg5_s2;19;Full|3|Sg|Pres|Ind;In China gibt es Hautgout weder als Eigenschaft noch als Begriff, und deshalb sucht man in Wörterbüchern vergebens nach einem chinesischen Wort für Hautgout .;prozess;rein;done;;frei;+;nd;+;+;nd;nd;nd;nd;nd;nd;nd;nd;nd;nd;nd;nd;nd;nd;nd;nd;nd;nd
71;VVFIN;ADV;flehen;19;NZZ_1994_08_16_a94_seg4_s17;33;Full|3|Sg|Pres|Subj;"Der Papst, mit erhobenen Händen, « urbi et orbi », stehe am offenen Fenster und flehe den Allmächtigen an, er möchte der roten Sündflut Einhalt gebieten ; aber vergebens .";nd;nd;not of interest;Parenthese;;nd;nd;nd;nd;nd;nd;nd;nd;nd;nd;nd;nd;nd;nd;nd;nd;nd;nd;nd;nd;nd;nd
72;VVFIN;ADV;bemühen;3;NZZ_1996_09_23_a138_seg3_s4;8;Full|3|Sg|Past|Ind;Doch bisher bemühte sich das lokale Wetter vergebens : seit 54 Vuelta-Renntagen warten die Radsportanhänger Spaniens auf den Sieg eines Einheimischen in einer Überlandetappe .;prozess;rein;done;;frei;+;nd;+;+;nd;nd;nd;nd;nd;nd;nd;nd;nd;nd;nd;nd;nd;nd;nd;nd;nd;nd
73;VVPP;ADV;hoffen;44;NZZ_1998_09_26_a62_seg4_s2;43;Full|Psp;Die Woche, in deren Mitte der astronomische Herbst begann, war von einer Wetterlage dominiert, auf die man im Sommer 1998 speziell an den deutschen Nord- und Ostseeküsten, wo der Sommer eher kühl und regnerisch war, immer wieder vergebens gehofft hatte .;prozess;rein;done;;frei;+;nd;+;+;nd;nd;nd;nd;nd;nd;nd;nd;nd;nd;nd;nd;nd;nd;nd;nd;nd;nd
74;VVFIN;ADV;halten;22;NZZ_1994_09_21_a20_seg5_s4;27;Full|3|Pl|Pres|Ind;Nach anderen typisch « lila » Äusserungen der ersten Regierung ohne Christlichdemokraten seit Einführung des allgemeinen Wahlrechts vor über siebzig Jahren halten die Niederländer bisher allerdings vergebens Ausschau .;prozess;rein;done;;frei;+;nd;+;+;nd;nd;nd;nd;nd;nd;nd;nd;nd;nd;nd;nd;nd;nd;nd;nd;nd;nd
75;VVFIN;ADV;kurven;21;NZZ_1996_03_16_a202_seg3_s10;29;Full|3|Sg|Past|Ind;Und weil « Ideal » die Kaution von drei Monatslöhnen pro Fahrer bisher nicht beim internationalen Verband hinterlegt hatte, kurvte sie in den vergangenen vier Wochen quasi vergebens in Italien herum .;prozess;rein;done;;frei;+;nd;+;+;nd;nd;nd;nd;nd;nd;nd;nd;nd;nd;nd;nd;nd;nd;nd;nd;nd;nd
76;VVINF;ADV;suchen;13;NZZ_1999_04_13_a197_seg3_s10;12;Full|-2;Genau eine solche Argumentation wird man in den einschlägigen kirchlichen Stellungnahmen vergebens suchen .;prozess;rein;done;;frei;+;nd;+;+;nd;nd;nd;nd;nd;nd;nd;nd;nd;nd;nd;nd;nd;nd;nd;nd;nd;nd
77;VVFIN;ADV;warten;25;NZZ_1999_12_17_a148_seg14_s1;21;Full|3|Sg|Pres|Ind;"An einer Stelle skizziert Lang die Bild-Ton-Gegenüberstellung in der berühmten Szene aus « M », in der die Mutter vergebens auf ihr Kind wartet : « Stummer Film : Treppe / Hof / Gasse / Zimmer / Mauer - ohne Menschen ; man hört : die Rufe der Mutter . »";prozess;rein;done;;frei;+;nd;+;+;nd;nd;nd;nd;nd;nd;nd;nd;nd;nd;nd;nd;nd;nd;nd;nd;nd;nd
78;VVFIN;ADV;suchen;34;NZZ_1999_02_20_a247_seg11_s28;33;Full|3|Sg|Pres|Ind;In Schikorskys flüssig geschriebenem und ausgezeichnet illustriertem Porträt tauchen gelegentlich sogar Informationen auf, die man in Sven Hanuscheks immerhin dreimal so umfangreicher Biographie « Keiner blickt dir hinter das Gesicht » vergebens sucht .;prozess;rein;done;;frei;+;nd;+;+;nd;nd;nd;nd;nd;nd;nd;nd;nd;nd;nd;nd;nd;nd;nd;nd;nd;nd
79;VVFIN;ADV;suchen;9;NZZ_1999_12_15_a151_seg5_s5;11;Full|3|Sg|Pres|Ind;Und einen Frank Capra als Regisseur der Marathondebatte sucht man vergebens .;prozess;rein;done;;frei;+;nd;+;+;nd;nd;nd;nd;nd;nd;nd;nd;nd;nd;nd;nd;nd;nd;nd;nd;nd;nd
80;VVFIN;ADV;versuchen;11;NZZ_1997_06_05_a125_seg7_s12;13;Full|3|Sg|Pres|Ind;Der alsbald volltrunkene Kater stürzt in eine tiefe Regentonne, versucht sich vergebens zu retten, gibt auf und ertrinkt .;prozess;rein;done;;frei;+;nd;+;+;nd;nd;nd;nd;nd;nd;nd;nd;nd;nd;nd;nd;nd;nd;nd;nd;nd;nd
81;VVFIN;ADV;warten;5;NZZ_1995_05_23_a112_seg3_s22;11;Full|3|Sg|Pres|Ind;Auf sein Finanzierungskonzept aber wartet der Verhandlungspartner beim Kultursenat bisher vergebens .;prozess;rein;done;;frei;+;nd;+;+;nd;nd;nd;nd;nd;nd;nd;nd;nd;nd;nd;nd;nd;nd;nd;nd;nd;nd
82;VVFIN;ADV;suchen;34;NZZ_1999_01_14_a215_seg3_s12;36;Full|3|Sg|Pres|Ind;Im Zuge dieser Entwicklung übertönen die schnellen Rhythmen urbaner Veränderungsprozesse die melancholische, schlanke Stimme Granadas, die García Lorca in seiner Jugend vernommen hat, und auch die verborgenen Orte der Selbstbegegnung sucht man vergebens : statt der kleinen Nischen findet der Besucher Sightseeing-Points, an denen sich Menschen drängen und Granada in einer Rückblende an sich vorbeiziehen lassen, wobei das Kolorit dieser Erinnerungsbilder vom Mythos vergangenen Glanzes und von der Magie einer phantastischen Welt gefärbt wird .;prozess;rein;done;;frei;+;nd;+;+;nd;nd;nd;nd;nd;nd;nd;nd;nd;nd;nd;nd;nd;nd;nd;nd;nd;nd
83;VVFIN;ADV;suchen;37;NZZ_1998_03_10_a27_seg8_s2;39;Full|3|Sg|Pres|Ind;"Postulate, die keine Voten einzubringen versprachen, wurden kurzerhand aus dem Programm gestrichen ; Forderungen nach Reform des Steuersystems oder nach Redimensionierung des Wohlfahrtsstaats, Anliegen, die den Liberalen traditionellerweise am Herzen liegen, sucht man vergebens in ihrem Manifest .";prozess;rein;done;;frei;+;nd;+;+;nd;nd;nd;nd;nd;nd;nd;nd;nd;nd;nd;nd;nd;nd;nd;nd;nd;nd
84;VVFIN;ADV;suchen;34;NZZ_1999_10_27_a33_seg6_s11;33;Full|3|Sg|Pres|Ind;Das Gassengewirr liegt in unmittelbarer Nähe des Hoan-Kiem-Sees, in dessen Mitte eine sagenumwobene Pagode steht und der Stadt zusammen mit anderen unzähligen Oasen eine Ruhe verleiht, die man in Saigon vergebens sucht .;prozess;rein;done;;frei;+;nd;+;+;nd;nd;nd;nd;nd;nd;nd;nd;nd;nd;nd;nd;nd;nd;nd;nd;nd;nd
85;VVFIN;ADV;kämpfen;6;NZZ_1999_12_04_a154_seg2_s1;9;Full|3|Pl|Pres|Ind;lx. « Mit der Dummheit kämpfen Götter selbst vergebens . »;prozess;rein;done;;frei;+;nd;+;+;nd;nd;nd;nd;nd;nd;nd;nd;nd;nd;nd;nd;nd;nd;nd;nd;nd;nd
86;VVFIN;ADV;anrennen;41;NZZ_1996_12_07_a201_seg9_s7;38;Full|3|Sg|Pres|Ind;Zum andern : die Wüste bedeutete nicht Zuflucht vor der Stadt, sondern eine Verkörperung der Stadt der Zukunft, genauer : hier draussen wurde jene andere Seite der Stadt sichtbar, wogegen die offizielle Planungsideologie ebenso vergebens wie vehement anrennt .;nd;nd;not of interest;Vergleich;;nd;nd;nd;nd;nd;nd;nd;nd;nd;nd;nd;nd;nd;nd;nd;nd;nd;nd;nd;nd;nd;nd
87;VVFIN;ADV;hoffen;6;NZZ_1994_07_25_a89_seg3_s5;5;Full|3|Sg|Past|Ind;Worauf man in Zug vergebens hoffte, wurde in Solothurn Wirklichkeit : Zehn regionale Privatunternehmen sprangen in die Lücke und sicherten damit mittelfristig den Preis, der fortan jährlich « für hervorragende Leistungen » vergeben werden soll .;prozess;rein;done;;frei;+;nd;+;+;nd;nd;nd;nd;nd;nd;nd;nd;nd;nd;nd;nd;nd;nd;nd;nd;nd;nd
88;VVFIN;ADV;suchen;4;NZZ_1997_10_16_a195_seg10_s2;7;Full|3|Sg|Pres|Ind;"Rinder und Schafe sucht man allerdings vergebens ; hier dreht sich alles um den Wein .";prozess;rein;done;;frei;+;nd;+;+;nd;nd;nd;nd;nd;nd;nd;nd;nd;nd;nd;nd;nd;nd;nd;nd;nd;nd
89;VVINF;ADV;warten;30;NZZ_1994_06_22_a100_seg17_s4;26;Full|-2;Der eröffnenden « Totenfeier » mangelt es nicht an Düsternis und Feierlichkeit, aber man wird bei Abbado und den Wiener Philharmonikern in dieser Aufnahme vergebens auf schaurige Momentaufnahmen warten, wie sie Bernstein in der genannten, aber auch in seiner älteren Londoner CBS/Sony-Interpretation grell herausgearbeitet bzw. mit Inbrunst abgedunkelt hat .;prozess;rein;done;;frei;+;nd;+;+;nd;nd;nd;nd;nd;nd;nd;nd;nd;nd;nd;nd;nd;nd;nd;nd;nd;nd
90;VVFIN;ADV;halten;9;NZZ_1998_12_30_a63_seg6_s1;10;Full|3|Sg|Pres|Ind;Wer mit dem Auto hinausfährt nach Budafok, hält vergebens Ausschau nach einem Hinweisschild zum Park .;prozess;rein;done;;frei;+;nd;+;+;nd;nd;nd;nd;nd;nd;nd;nd;nd;nd;nd;nd;nd;nd;nd;nd;nd;nd
91;VVFIN;ADV;warten;5;NZZ_1999_11_12_a153_seg3_s16;7;Full|3|Sg|Pres|Ind;Auf einen filmischen Diskurs wartet man vergebens .;prozess;rein;done;;frei;+;nd;+;+;nd;nd;nd;nd;nd;nd;nd;nd;nd;nd;nd;nd;nd;nd;nd;nd;nd;nd
92;VVFIN;ADV;suchen;4;NZZ_1994_01_12_a129_seg3_s28;11;Full|3|Sg|Pres|Ind;Deren Sinn freilich sucht man in diesem « Fünfmonatsgequassel » vergebens .;prozess;rein;done;;frei;+;nd;+;+;nd;nd;nd;nd;nd;nd;nd;nd;nd;nd;nd;nd;nd;nd;nd;nd;nd;nd
93;VVFIN;ADV;suchen;34;NZZ_1995_12_20_a120_seg80_s6;39;Full|3|Sg|Pres|Ind;Rockunterstützte akustische Musik mit keltischen und irischen Einflüssen - wie man sie beispielsweise von den Pogues, den Levellers oder Runrig kennt, die ein breiteres, oftmals auch jüngeres Publikum ansprechen - sucht man auf dem Label vergebens .;prozess;rein;done;;frei;+;nd;+;+;nd;nd;nd;nd;nd;nd;nd;nd;nd;nd;nd;nd;nd;nd;nd;nd;nd;nd
94;VVPP;ADV;bewerben;20;NZZ_1996_05_28_a16_seg5_s16;13;Full|Psp;Bundestagsvizepräsidentin Antje Vollmer von den Grünen, die sich auch dieses Jahr vergebens um einen Redebeitrag an der Tagung beworben hatte, bezeichnete am Samstag die Forderungen von Teilen der Landsmannschaft als masslos und überzogen .;prozess;rein;done;;frei;+;nd;+;+;nd;nd;nd;nd;nd;nd;nd;nd;nd;nd;nd;nd;nd;nd;nd;nd;nd;nd
95;VVFIN;ADV;erhoffen;4;NZZ_1995_03_09_a109_seg7_s14;6;Full|3|Sg|Past|Ind;"Nun : Neutra erhoffte sich vergebens einen Auftrag ; Gruens Tätigkeit wurde von der Architektenkammer behindert, seine städtebaulichen Visionen für Wien von anderen umgesetzt .";prozess;rein;done;;frei;+;nd;+;+;nd;nd;nd;nd;nd;nd;nd;nd;nd;nd;nd;nd;nd;nd;nd;nd;nd;nd
96;VVPP;ADV;suchen;22;NZZ_1998_04_15_a23_seg8_s7;15;Full|Psp;Perfektion darf man allerdings nicht erwarten, sonst hätte man nicht an anderer Stelle vergebens einen in der Zeitung angepriesenen Informationsstand gesucht .;prozess;rein;done;;frei;+;nd;+;+;nd;nd;nd;nd;nd;nd;nd;nd;nd;nd;nd;nd;nd;nd;nd;nd;nd;nd
97;VVFIN;ADV;suchen;29;NZZ_1994_02_17_a134_seg5_s8;31;Full|3|Sg|Pres|Ind;"In Text und Begründung der Einzelinitiative Estermann ist nun allerdings lediglich von « Ausgleich » gewonnener Vorteile die Rede ; Hinweise auf das dazu gehörende Pendant der Minderwertentschädigung sucht man vergebens .";prozess;rein;done;;frei;+;nd;+;+;nd;nd;nd;nd;nd;nd;nd;nd;nd;nd;nd;nd;nd;nd;nd;nd;nd;nd
98;VVFIN;ADV;erweisen;8;NZZ_1997_12_13_a202_seg3_s2;11;Full|3|Sg|Past|Ind;Die weite Reise der Skidamen nach Savoyen erwies sich als vergebens .;nd;nd;not of interest;Vergleich;;nd;nd;nd;nd;nd;nd;nd;nd;nd;nd;nd;nd;nd;nd;nd;nd;nd;nd;nd;nd;nd;nd
99;VVFIN;ADV;suchen;9;NZZ_1995_05_23_a210_seg12_s10;12;Full|3|Sg|Pres|Ind;Kein Marais hier und kein Trastevere, Kensington sucht man so vergebens wie Knightsbridge .;nd;nd;not of interest;Vergleich;;nd;nd;nd;nd;nd;nd;nd;nd;nd;nd;nd;nd;nd;nd;nd;nd;nd;nd;nd;nd;nd;nd
100;VVFIN;ADV;wünschen;22;NZZ_1999_08_13_a238_seg3_s11;21;Full|3|Sg|Pres|Ind;Zur Verfügung steht damit ein kompaktes Nachschlagewerk, wie es sich der Praktiker für staatliche Institutionen und Verwaltungen mancher Nationalstaaten vergebens wünscht .;prozess;rein;done;;frei;+;nd;+;+;nd;nd;nd;nd;nd;nd;nd;nd;nd;nd;nd;nd;nd;nd;nd;nd;nd;nd
101;VMFIN;ADV;können;16;NZZ_1997_02_08_a211_seg4_s3;12;Mod|3|Sg|Past|Ind;"Nach Steilheiten suchte man Mount Kotakakura und am Pico Veleta tatsächlich vergebens ; der Abfahrer konnte sich ganz auf das perfekte Gleiten konzentrieren .";prozess;rein;done;;frei;+;nd;+;+;nd;nd;nd;nd;nd;nd;nd;nd;nd;nd;nd;nd;nd;nd;nd;nd;nd;nd
102;VVFIN;ADV;suchen;11;NZZ_1998_01_29_a81_seg5_s5;16;Full|3|Sg|Pres|Ind;Die Schweiz, die sich als führender Finanzplatz versteht, sucht man in dieser Statistik vergebens .;prozess;rein;done;;frei;+;nd;+;+;nd;nd;nd;nd;nd;nd;nd;nd;nd;nd;nd;nd;nd;nd;nd;nd;nd;nd
103;VVFIN;ADV;suchen;50;NZZ_1999_10_08_a27_seg6_s7;62;Full|3|Sg|Pres|Ind;Doch wer zum erstenmal den Namen Ronald Reagan hört und sich über das Leben des einstigen Rettungsschwimmers, Sportreporters, Filmschauspielers, Gewerkschafters, Industriesprechers, Gouverneurs von Kalifornien und Präsidenten orientieren möchte, lässt besser die Finger von der Neuerscheinung, denn nach verständlicher Chronologie und konsistenter Beurteilung sucht er in diesem verwirrend impressionistischen und mit Fehlern zuhauf verzierten Gemälde vergebens .;prozess;rein;done;;frei;+;nd;+;+;nd;nd;nd;nd;nd;nd;nd;nd;nd;nd;nd;nd;nd;nd;nd;nd;nd;nd
104;VVPP;ADV;suchen;20;NZZ_1997_02_14_a120_seg2_s19;19;Full|Psp;Allein hier kann sich jene Andacht entfalten, die wir in den Kirchen und auf dem jüdischen Friedhof vergebens gesucht haben .;prozess;rein;done;;frei;+;nd;+;+;nd;nd;nd;nd;nd;nd;nd;nd;nd;nd;nd;nd;nd;nd;nd;nd;nd;nd
105;VVINF;ADV;suchen;15;NZZ_1999_09_07_a137_seg7_s19;14;Full|-2;( ... ) Nach einer einheitlichen Theorie wird man auf den folgenden Seiten vergebens suchen, weil diese der Widersprüchlichkeit der Befunde kaum gerecht werden würde . »;prozess;rein;done;;frei;+;nd;+;+;nd;nd;nd;nd;nd;nd;nd;nd;nd;nd;nd;nd;nd;nd;nd;nd;nd;nd
106;VVFIN;ADV;suchen;16;NZZ_1999_08_20_a216_seg2_s6;18;Full|3|Sg|Pres|Ind;Aber eine Rechtsnorm, die die Transporteure im Hinblick auf das Erfassungsgerät kostenpflichtig macht, sucht man vergebens .;prozess;rein;done;;frei;+;nd;+;+;nd;nd;nd;nd;nd;nd;nd;nd;nd;nd;nd;nd;nd;nd;nd;nd;nd;nd
107;VVFIN;ADV;suchen;119;NZZ_1999_06_01_a142_seg3_s26;118;Full|3|Sg|Pres|Ind;"Und ich durchbrach das Schema in den folgenden Wochen, aber durchbrach es zuviel, also ein neuer Termin, und natürlich habe ich Zeit und höre alle Wünsche heraus ; wie eine Hure, die ihre Beine öffnet, öffne ich mich für jeden Einwand, bis zur nächsten Fassung ; ich bin der Sisyphus des Freitagsfalls, der Prinz von Homburg des preussischen Krimis, dessen eiserne Regeln ich eisern erfülle und zugleich breche, daran selber zerbrechend, bis Matzek aus seiner ewigen Hechtrolle philosophisch dem Täter ins Knie schiesst ; das alles in einem Milieu, wie meine Produzenten es lieben, blonde Nutten auf nassem Pflaster - Idyll, das jeder Frankfurtreisende vergebens sucht -, dazu Sozialkritik nach Augenmass, dem der mageren Redakteurin, und einem Schlussbild vor der sogenannten Skyline - Bild 46, Aussen/ Nacht, Mainufer mit Hochhäusern .";prozess;rein;done;;frei;+;nd;+;+;nd;nd;nd;nd;nd;nd;nd;nd;nd;nd;nd;nd;nd;nd;nd;nd;nd;nd
108;VVFIN;ADV;suchen;24;NZZ_1998_07_06_a95_seg4_s16;29;Full|3|Sg|Pres|Ind;Jetzt, da es um die erneute Zusammenführung zweier Bevölkerungsgruppen geht, deren Kultur und Ansichten während beinah hundert Jahren scharf divergierten, sucht man diesen Geist oftmals vergebens .;prozess;rein;done;;frei;+;nd;+;+;nd;nd;nd;nd;nd;nd;nd;nd;nd;nd;nd;nd;nd;nd;nd;nd;nd;nd
109;VVPP;ADV;buhlen;10;NZZ_1996_08_27_a14_seg11_s7;9;Full|Psp;Um grössere Uno-Institutionen hat Bonn bis jetzt dennoch vergebens gebuhlt, weshalb man sich schon über kleine Erfolge erfreut zeigt .;prozess;rein;done;;frei;+;nd;+;+;nd;nd;nd;nd;nd;nd;nd;nd;nd;nd;nd;nd;nd;nd;nd;nd;nd;nd
110;VVFIN;ADV;suchen;26;NZZ_1995_06_17_a202_seg4_s1;22;Full|-2;Wer das « Lexikon philosophischer Werke », das die bedeutendsten Texte der Philosophie verzeichnet, aufschlägt, wird dort ebenso vergebens nach pseudoaristotelischen Schriften suchen wie in den renommiertesten Handbüchern der Philosophiegeschichte .;prozess;rein;done;;frei;+;nd;+;+;nd;nd;nd;nd;nd;nd;nd;nd;nd;nd;nd;nd;nd;nd;nd;nd;nd;nd
111;VVFIN;ADV;suchen;33;NZZ_1999_01_13_a141_seg8_s5;37;Full|3|Sg|Pres|Ind;Zu Recht weist Hachmeister darauf hin, dass « Six ' Rolle im Vorfeld des Genozids bisher deutlich unterschätzt wurde » ( selbst in der 1997 erschienenen « Enzyklopädie des Nationalsozialismus » sucht man seinen Namen vergebens ! );prozess;rein;done;;frei;+;nd;+;+;nd;nd;nd;nd;nd;nd;nd;nd;nd;nd;nd;nd;nd;nd;nd;nd;nd;nd
112;VVFIN;ADV;suchen;26;NZZ_1997_12_19_a118_seg6_s18;29;Full|3|Sg|Pres|Ind;Vom dramaturgischen Standpunkt aus funktioniert es nicht, weil es zu einer Interaktion zwischen den Protagonisten kaum jemals kommt : Dialoge, wirkliche Zwie gespräche sucht man hier vergebens .;prozess;rein;done;;frei;+;nd;+;+;nd;nd;nd;nd;nd;nd;nd;nd;nd;nd;nd;nd;nd;nd;nd;nd;nd;nd
113;VVFIN;ADV;suchen;18;NZZ_1997_04_17_a127_seg3_s5;24;Full|3|Sg|Past|Ind;Inhalte, die für vergleichbare Bands wie U2 einen guten Teil ihrer Motivation und Inspiration ausmachen, suchte man zwar schon früher meist vergebens .;prozess;rein;done;;frei;+;nd;+;+;nd;nd;nd;nd;nd;nd;nd;nd;nd;nd;nd;nd;nd;nd;nd;nd;nd;nd
114;VVPP;ADV;bemühen;19;NZZ_1996_07_13_a205_seg4_s23;12;Full|Psp;Bereits 1625, Stoskopff war in Paris, nachdem er sich vergebens um Niederlassung in Frankfurt am Main bemüht hatte, zeigt sich der Maler in einem « Stilleben mit Büchern und Kerze » in seiner besonderen Weise .;prozess;rein;done;;frei;+;nd;+;+;nd;nd;nd;nd;nd;nd;nd;nd;nd;nd;nd;nd;nd;nd;nd;nd;nd;nd
115;VVFIN;ADV;suchen;35;NZZ_1995_11_22_a152_seg3_s4;39;Full|3|Sg|Pres|Ind;Wer in « Freakwater », dem Nebenprojekt von Catherine Irwin und Janet Bean, der « 11th Day Dream » - Frau, nach versteckter Ironie oder einer Andeutung von Distanz sucht, sucht einen Abend lang vergebens .;prozess;rein;done;;frei;+;nd;+;+;nd;nd;nd;nd;nd;nd;nd;nd;nd;nd;nd;nd;nd;nd;nd;nd;nd;nd
116;VVFIN;ADV;opponieren;12;NZZ_1995_03_13_a26_seg6_s11;16;Full|3|Sg|Past|Ind;Gegen die Verlängerung des Mandats für eine Untersuchung des angeblichen Söldnerunwesens opponierte der Westen genauso vergebens .;prozess;rein;done;;frei;+;nd;+;+;nd;nd;nd;nd;nd;nd;nd;nd;nd;nd;nd;nd;nd;nd;nd;nd;nd;nd
117;VVFIN;ADV;tun;11;NZZ_1996_08_31_a184_seg4_s16;13;Full|3|Sg|Pres|Ind;Wer heute im Seefeld nach einem solchen Ort sucht, tut dies vergebens .;prozess;rein;done;;frei;+;nd;+;+;nd;nd;nd;nd;nd;nd;nd;nd;nd;nd;nd;nd;nd;nd;nd;nd;nd;nd
118;VVFIN;ADV;suchen;53;NZZ_1998_07_27_a98_seg4_s24;55;Full|3|Sg|Pres|Ind;"Dass sich die Musik stilistisch auf unterschiedlichen Ebenen bewegt, wird kaum hörbar ; besonders die Songs entbehren der klanglichen wie rhythmischen Schärfe, und nach jenen Anleihen beim musikalischen Zeitgeist, wie sie die legendäre Aufnahme von 1958 mit der alten Lotte Lenya und dem Dirigenten Wilhelm Brückner- Rüggeberg vermittelt, sucht man vergebens .";prozess;rein;done;;frei;+;nd;+;+;nd;nd;nd;nd;nd;nd;nd;nd;nd;nd;nd;nd;nd;nd;nd;nd;nd;nd
119;VVFIN;ADV;verehren;12;NZZ_1994_02_26_a111_seg9_s17;18;Full|2|Pl;Einer der Besucher des Vaters, Fürst Ingmar aus Lüttich, verehrt sie sein ganzes Leben lang vergebens .;prozess;rein;done;;frei;+;nd;+;+;nd;nd;nd;nd;nd;nd;nd;nd;nd;nd;nd;nd;nd;nd;nd;nd;nd;nd
120;VVFIN;ADV;stehen;3;NZZ_1998_05_02_a213_seg5_s6;2;Full|3|Sg|Pres|Ind;Nicht vergebens steht der menschliche Körper und dessen Erforschung seit Jahrhunderten im Zentrum einer der ältesten und berühmtesten medizinischen Fakultäten .;prozess;rein;done;;frei;+;nd;+;+;nd;nd;nd;nd;nd;nd;nd;nd;nd;nd;nd;nd;nd;nd;nd;nd;nd;nd
121;VVFIN;ADV;suchen;9;NZZ_1999_06_12_a63_seg7_s6;11;Full|3|Sg|Pres|Ind;Blättert man in allen Jahrgängen der Zeitschrift, sucht man vergebens nach einer konkreten Definition des Begriffs Zensur .;prozess;rein;done;;frei;+;nd;+;+;nd;nd;nd;nd;nd;nd;nd;nd;nd;nd;nd;nd;nd;nd;nd;nd;nd;nd
122;VVFIN;ADV;suchen;27;NZZ_1997_02_05_a129_seg4_s18;26;Full|3|Sg|Pres|Ind;"Bei aller Breite weist das Werk gleichwohl inhaltliche und methodische Lücken auf : Giovanni Botero, der Begründer der katholischen Staatsraison, fehlt ganz ; vergebens sucht man nach der humanistischen « via media » zwischen den Parteien ; und die jüngeren Entwicklungen der Städteforschung und der historischen Anthropologie hätten von einem Artikel « Rom » mehr erwarten lassen als lokale Ereignisgeschichte, wie sie eher unter dem Stichwort « Papst ( tum ) » gesucht würde - Stadtentwicklung als Erfahrung und Gestaltung eines sakralen Raums ist im Blick auf das gegenreformatorische Rom gewiss kein überflüssiges Thema .";prozess;rein;done;;frei;+;nd;+;+;nd;nd;nd;nd;nd;nd;nd;nd;nd;nd;nd;nd;nd;nd;nd;nd;nd;nd
123;VVFIN;ADV;suchen;7;NZZ_1998_04_06_a47_seg7_s8;9;Full|3|Sg|Pres|Ind;Wilde Achterbahn-Fahrten und raffinierte High-Tech-Spielereien allerdings sucht man vergebens .;prozess;rein;done;;frei;+;nd;+;+;nd;nd;nd;nd;nd;nd;nd;nd;nd;nd;nd;nd;nd;nd;nd;nd;nd;nd
124;VVFIN;ADV;suchen;11;NZZ_1996_12_19_a140_seg3_s26;10;Full|3|Sg|Pres|Ind;Viele Komponistinnen und Komponisten, die man bei Harenberg vergebens sucht, wird man bei Csampai/Holland entdecken ( notfalls hilft das gute Register ), wobei auch hier ein höherer Frauenanteil wünschbar wäre .;prozess;rein;done;;frei;+;nd;+;+;nd;nd;nd;nd;nd;nd;nd;nd;nd;nd;nd;nd;nd;nd;nd;nd;nd;nd
125;VVFIN;ADV;suchen;6;NZZ_1999_03_20_a269_seg3_s144;9;Full|3|Pl|Pres|Ind;Bis zur Rushey Fields Farm suchen die Hunde vergebens nach der Spur eines Fuchses .;prozess;rein;done;;frei;+;nd;+;+;nd;nd;nd;nd;nd;nd;nd;nd;nd;nd;nd;nd;nd;nd;nd;nd;nd;nd
126;VVFIN;ADV;warten;7;NZZ_1994_01_08_a1_seg6_s3;10;Full|3|Sg|Past|Ind;Nach dem Treffen mit Aussenminister Olechowski wartete die Öffentlichkeit vergebens auf eine Erklärung .;prozess;rein;done;;frei;+;nd;+;+;nd;nd;nd;nd;nd;nd;nd;nd;nd;nd;nd;nd;nd;nd;nd;nd;nd;nd
127;VVPP;ADV;warten;33;NZZ_1996_09_21_a193_seg8_s1;32;Full|Psp;Immerhin gibt es von Zülle zu vermelden, dass er derzeit jene Form spürt, auf die er in der Tour de France nach den beiden Stürzen in der ersten Alpenetappe vergebens gewartet hatte .;prozess;rein;done;;frei;+;nd;+;+;nd;nd;nd;nd;nd;nd;nd;nd;nd;nd;nd;nd;nd;nd;nd;nd;nd;nd
128;VVFIN;ADV;suchen;11;NZZ_1997_05_10_a213_seg3_s9;13;Full|3|Sg|Pres|Ind;Beim dortigen Ausblick dominiert das Gotteshaus, die Stadt dahinter sucht man vergebens .;prozess;rein;done;;frei;+;nd;+;+;nd;nd;nd;nd;nd;nd;nd;nd;nd;nd;nd;nd;nd;nd;nd;nd;nd;nd
129;VVFIN;ADV;suchen;39;NZZ_1999_07_15_a212_seg5_s14;65;Full|3|Sg|Pres|Ind;"Selbst an den Verkaufsständen vor der Finca Vijia, der Villa von Hemingway in Francisco de Paula südlich von Havanna, dominieren Bilder und Schriften von Che oder von Fidel Castro ; Biographien über oder Werke von Hemingway sucht man an diesem Ort, an dem in mancherlei Variationen das ebenso dramatische wie bizarre und kauzige Leben des grossen Literaten sichtbar wird, dagegen vergebens .";prozess;rein;done;;frei;+;nd;+;+;nd;nd;nd;nd;nd;nd;nd;nd;nd;nd;nd;nd;nd;nd;nd;nd;nd;nd
130;VVFIN;ADV;halten;5;NZZ_1998_11_20_a56_seg4_s2;6;Full|3|Pl|Past|Ind;Doch Millionen von Sternguckern hielten vergebens Ausschau nach dem Teilchensturm .;prozess;rein;done;;frei;+;nd;+;+;nd;nd;nd;nd;nd;nd;nd;nd;nd;nd;nd;nd;nd;nd;nd;nd;nd;nd
131;VVFIN;ADV;versuchen;3;NZZ_1994_06_18_a180_seg6_s8;12;Full|3|Sg|Past|Ind;Heinz Imboden versuchte als einziger, seine Pace zu halten - vergebens .;nd;nd;not of interest;Parenthese;;nd;nd;nd;nd;nd;nd;nd;nd;nd;nd;nd;nd;nd;nd;nd;nd;nd;nd;nd;nd;nd;nd
132;VVPP;ADV;anstreben;23;NZZ_1997_04_08_a175_seg4_s11;22;Full|Psp;Aber der Titelgewinn, den Barkley schon mit den Philadelphia 76ers ( 1984-92 ) und den Phoenix Suns ( 1992-96 ) vergebens angestrebt hatte, scheint auch mit den Houston Rockets, Ausgabe 1997, kaum erreichbar .;prozess;rein;done;;frei;+;nd;+;+;nd;nd;nd;nd;nd;nd;nd;nd;nd;nd;nd;nd;nd;nd;nd;nd;nd;nd
133;VVFIN;ADV;wehren;3;NZZ_1998_03_20_a49_seg3_s1;7;Full|3|Sg|Pres|Ind;Justizminister Koller wehrt sich im Nationalrat vergebens;prozess;rein;done;;frei;+;nd;+;+;nd;nd;nd;nd;nd;nd;nd;nd;nd;nd;nd;nd;nd;nd;nd;nd;nd;nd
134;VVFIN;ADV;suchen;3;NZZ_1998_10_05_a125_seg2_s8;9;Full|3|Sg|Pres|Ind;Seinen Namen sucht man in den meisten Musiknachschlagewerken vergebens .;prozess;rein;done;;frei;+;nd;+;+;nd;nd;nd;nd;nd;nd;nd;nd;nd;nd;nd;nd;nd;nd;nd;nd;nd;nd
135;VVFIN;ADV;versuchen;2;NZZ_1997_02_24_a114_seg4_s22;7;Full|3|Sg|Past|Ind;Danach versuchte er in der Luft vergebens um Metergewinne zu kämpfen .;prozess;rein;done;;frei;+;nd;+;+;nd;nd;nd;nd;nd;nd;nd;nd;nd;nd;nd;nd;nd;nd;nd;nd;nd;nd
136;VVINF;ADV;suchen;18;NZZ_1994_09_06_a87_seg3_s23;17;Full|-2;Aber grundsätzliche aussenpolitische Überlegungen und fundierte Gedanken, mehr als den betriebsamen Dienstalltag wird der Leser vergebens suchen .;prozess;rein;done;;frei;+;nd;+;+;nd;nd;nd;nd;nd;nd;nd;nd;nd;nd;nd;nd;nd;nd;nd;nd;nd;nd
137;VVFIN;ADV;suchen;2;NZZ_1996_03_29_a22_seg7_s11;4;Full|3|Sg|Pres|Ind;Inzwischen sucht sie vergebens nach einer Erfolgsformel .;prozess;rein;done;;frei;+;nd;+;+;nd;nd;nd;nd;nd;nd;nd;nd;nd;nd;nd;nd;nd;nd;nd;nd;nd;nd
138;VVPP;ADV;hoffen;16;NZZ_1999_12_29_a170_seg6_s10;15;Full|Psp;Erst die Beobachtung einiger Bursts in anderen Wellenlängenbereichen, auf die man ein Vierteljahrhundert vergebens gehofft hatte, ergab 1997 Hinweise, dass die Explosionen in weitentfernten Galaxien stattfinden, und entschied somit die Auseinandersetzung zugunsten der kosmologischen These .;prozess;rein;done;;frei;+;nd;+;+;nd;nd;nd;nd;nd;nd;nd;nd;nd;nd;nd;nd;nd;nd;nd;nd;nd;nd
139;VVPP;ADV;versuchen;30;NZZ_1994_09_24_a107_seg5_s4;29;Full|Psp;von Spanien, der ihn zwei Jahre später ( 1580 ) beerben sollte, indem er das portugiesische Weltreich mit dem spanischen unter seiner Krone vereinte, hatte vergebens versucht, dem jungen König Sebastian seine Kreuzzugsvision auszureden .;prozess;rein;done;;frei;+;nd;+;+;nd;nd;nd;nd;nd;nd;nd;nd;nd;nd;nd;nd;nd;nd;nd;nd;nd;nd
140;VVFIN;ADV;warten;16;NZZ_1995_02_18_a185_seg5_s3;20;Full|3|Sg|Pres|Ind;Die Jahre ziehen ins Land, doch auf den ( oder gar die ) Spitzenläufer wartet männiglich noch immer vergebens .;prozess;rein;done;;frei;+;nd;+;+;nd;nd;nd;nd;nd;nd;nd;nd;nd;nd;nd;nd;nd;nd;nd;nd;nd;nd
141;VVFIN;ADV;suchen;14;NZZ_1997_12_13_a98_seg6_s7;21;Full|3|Sg|Pres|Ind;Geht man an die Jahrespressekonferenz der Anglo American Corporation of South Africa, sucht man in der Exekutive des Konzerns vergebens nach schwarzen Häuptern, und auch die anwesenden Wirtschaftsjournalisten und Analytiker sind so weiss wie ihre Hemden .;prozess;rein;done;;frei;+;nd;+;+;nd;nd;nd;nd;nd;nd;nd;nd;nd;nd;nd;nd;nd;nd;nd;nd;nd;nd
142;VVFIN;ADV;suchen;8;NZZ_1996_12_21_a95_seg16_s6;13;Full|3|Sg|Pres|Ind;Eine Lehre nach deutschem oder schweizerischem Muster sucht man in Spartanburg allerdings vergebens .;prozess;rein;done;;frei;+;nd;+;+;nd;nd;nd;nd;nd;nd;nd;nd;nd;nd;nd;nd;nd;nd;nd;nd;nd;nd
143;VVFIN;ADV;suchen;32;NZZ_1997_10_16_a117_seg8_s1;35;Full|3|Sg|Pres|Ind;Ein stichhaltiges Argument gegen die Annahme eines derartigen Zusammenspiels ( weiland « Dialektik » ) von Individualismus und Kollektivismus, Kapitalismus und Fundamentalismus, « McWorld » und « Jihad » sucht man freilich vergebens .;prozess;rein;done;;frei;+;nd;+;+;nd;nd;nd;nd;nd;nd;nd;nd;nd;nd;nd;nd;nd;nd;nd;nd;nd;nd
144;VVFIN;ADV;warten;18;NZZ_1998_03_14_a241_seg5_s5;14;Full|3|Sg|Past|Ind;Ausserdem Katja Seizinger, die Disziplinensiegerin in Super-G und Abfahrt, welche stundenlang vergebens auf einen Einsatz wartete .;prozess;rein;done;;frei;+;nd;+;+;nd;nd;nd;nd;nd;nd;nd;nd;nd;nd;nd;nd;nd;nd;nd;nd;nd;nd
145;VVFIN;ADV;suchen;4;NZZ_1998_08_06_a104_seg3_s6;6;Full|3|Sg|Pres|Ind;Innovation oder Originalität sucht man vergebens .;prozess;rein;done;;frei;+;nd;+;+;nd;nd;nd;nd;nd;nd;nd;nd;nd;nd;nd;nd;nd;nd;nd;nd;nd;nd
146;VVPP;ADV;ausüben;15;NZZ_1995_01_21_a23_seg5_s1;5;Full|Psp;Weissrusslands Präsident Lukaschenko hat vergebens Druck auf den Vorsitzenden des Parlaments, Grib, ausgeübt : Der Oberste Sowjet konnte am 20. Dezember den Bericht des Abgeordneten Antontschik ungehindert zur Kenntnis nehmen .;prozess;rein;done;;frei;+;nd;+;+;nd;nd;nd;nd;nd;nd;nd;nd;nd;nd;nd;nd;nd;nd;nd;nd;nd;nd
147;VVFIN;ADV;suchen;23;NZZ_1996_02_17_a87_seg4_s6;28;Full|3|Sg|Pres|Ind;Einen Appell zum Abbau der Subventionen, die immerhin noch, des Bruttoinlandprodukts ( BIP ) beanspruchen, oder anderer überflüssiger Staatsausgaben sucht man in ihrem Bericht vergebens .;prozess;rein;done;;frei;+;nd;+;+;nd;nd;nd;nd;nd;nd;nd;nd;nd;nd;nd;nd;nd;nd;nd;nd;nd;nd
148;VMFIN;ADV;wollen;2;NZZ_1994_09_06_a84_seg7_s4;6;Mod|3|Pl|Pres|Ind;Passagiere wollen helfen, doch vergebens .;prozess;rein;done;tough movement;frei;+;nd;+;+;nd;nd;nd;nd;nd;nd;nd;nd;nd;nd;nd;nd;nd;nd;nd;nd;nd;nd
149;VVPP;ADV;eingeleiten|einleiten;6;NZZ_1999_02_04_a72_seg1_s4;4;Full|Psp;Ein Lehrer habe vergebens Wiederbelebungsversuche eingeleitet .;prozess;rein;done;;frei;+;nd;+;+;nd;nd;nd;nd;nd;nd;nd;nd;nd;nd;nd;nd;nd;nd;nd;nd;nd;nd
150;VVFIN;ADV;erscheinen;4;NZZ_1994_02_21_a229_seg3_s3;6;Full|3|Pl|Past|Ind;Und die Journalisten erschienen nicht vergebens in Scharen : Die beiden Boblets von Gustav Weder und Reto Götschi wurden den Erwartungen an den beiden Wettkampftagen vollauf gerecht .;prozess;rein;done;;frei;+;nd;+;+;nd;nd;nd;nd;nd;nd;nd;nd;nd;nd;nd;nd;nd;nd;nd;nd;nd;nd
151;VVFIN;ADV;fordern;8;NZZ_1998_03_20_a5_seg4_s6;11;Full|3|Sg|Past|Ind;Der Abrüstungsbotschafter Pakistans, Munir Akram, forderte die Konferenz vergebens auf, die Ankündigung Indiens zumindest zu kritisieren .;prozess;rein;done;;frei;+;nd;+;+;nd;nd;nd;nd;nd;nd;nd;nd;nd;nd;nd;nd;nd;nd;nd;nd;nd;nd
152;VVFIN;ADV;versuchen;4;NZZ_1997_07_07_a130_seg3_s7;8;Full|3|Sg|Past|Ind;Gesten- und wortreich versuchte sie sich ( vergebens ) gegen das Programm zu stemmen, zumal sie keine mahnenden Worte des Supervisors der ATP zu befürchten hatten .;prozess;rein;done;;frei;+;nd;+;+;nd;nd;nd;nd;nd;nd;nd;nd;nd;nd;nd;nd;nd;nd;nd;nd;nd;nd
153;VVFIN;ADV;suchen;13;NZZ_1994_02_07_a73_seg5_s1;15;Full|3|Sg|Pres|Ind;Auf der bunten Übersichtstafel gleich hinter dem Eingang zum Hauptgebäude der ETH sucht man vergebens nach einem Hinweis auf das « Max-Frisch-Archiv » .;prozess;rein;done;;frei;+;nd;+;+;nd;nd;nd;nd;nd;nd;nd;nd;nd;nd;nd;nd;nd;nd;nd;nd;nd;nd
154;VVFIN;ADV;suchen;27;NZZ_1999_06_05_a235_seg8_s3;32;Full|3|Sg|Pres|Ind;"Eine Orientierung in Richtung « Übermensch », was auch impliziert, « dass der Mensch besser und böser werden muss » ( Nietzsche ), sucht man in der Psychoanalyse vergebens ; sie wäre mit ihr auch nicht zu vereinbaren .";prozess;rein;done;;frei;+;nd;+;+;nd;nd;nd;nd;nd;nd;nd;nd;nd;nd;nd;nd;nd;nd;nd;nd;nd;nd
155;VVFIN;ADV;suchen;14;NZZ_1996_07_27_a118_seg7_s3;19;Full|3|Sg|Pres|Ind;Zu hermetisch ist ihr Erscheinungsbild : Bruniers exzentrische Modelle und die wildfarbigen Originalzeichnungen sucht man in der Schau vergebens .;prozess;rein;done;;frei;+;nd;+;+;nd;nd;nd;nd;nd;nd;nd;nd;nd;nd;nd;nd;nd;nd;nd;nd;nd;nd
156;VVFIN;ADV;suchen;6;NZZ_1995_05_09_a242_seg3_s31;8;Full|3|Sg|Pres|Ind;Doch hinter dem weissen Holzzaun sucht man vergebens nach Bobby, JR, Miss Elly und den schnaubenden Holsteinern .;prozess;rein;done;;frei;+;nd;+;+;nd;nd;nd;nd;nd;nd;nd;nd;nd;nd;nd;nd;nd;nd;nd;nd;nd;nd
157;VVFIN;ADV;suchen;21;NZZ_1994_11_24_a184_seg8_s12;24;Full|3|Sg|Pres|Ind;Und auch den prächtigen grünblauen, rotschnäbligen Puertoricanischen Papagei, der hier noch in einigen wenigen Exemplaren heimisch ist, sucht man wahrscheinlich vergebens .;prozess;rein;done;;frei;+;nd;+;+;nd;nd;nd;nd;nd;nd;nd;nd;nd;nd;nd;nd;nd;nd;nd;nd;nd;nd
158;VVFIN;ADV;fallen;29;NZZ_1996_02_24_a205_seg11_s29;31;Full|3|Pl|Past|Ind;Es endet jedoch mit den unbehaglichen, vieldeutigen, in Versalien gedruckten Sätzen : « Die Opfer jener Kämpfe ( gemeint sind die zwischen Deutschland und Polen ) fielen nicht vergebens .;prozess;rein;done;;frei;+;nd;+;+;nd;nd;nd;nd;nd;nd;nd;nd;nd;nd;nd;nd;nd;nd;nd;nd;nd;nd
159;VVFIN;ADV;wachen;27;NZZ_1999_03_13_a241_seg3_s1;29;Full|1|Sg|Past|Ind;"Und heute ist die Stadt wie eine Karte meiner Demütigungen, meines Scheiterns ; von dieser Tür sah ich die Sonnen sinken, vor diesem Marmor wachte ich vergebens .";prozess;rein;done;;frei;+;nd;+;+;nd;nd;nd;nd;nd;nd;nd;nd;nd;nd;nd;nd;nd;nd;nd;nd;nd;nd
160;VVFIN;ADV;suchen;26;NZZ_1995_02_06_a79_seg3_s12;25;Full|3|Sg|Pres|Ind;In den Briefen des jungen Mannes aus jenen Tagen klingt erstmals ein Ton auf, den man in den ernsten Korrespondenzen der älteren Generation vergebens sucht .;prozess;rein;done;;frei;+;nd;+;+;nd;nd;nd;nd;nd;nd;nd;nd;nd;nd;nd;nd;nd;nd;nd;nd;nd;nd
161;VVFIN;ADV;warten;10;NZZ_1997_03_01_a131_seg11_s4;14;Full|3|Sg|Past|Ind;Auf Entdeckungen wie Busonis « Brautwahl » im Eröffnungszyklus wartete man zwar seither vergebens .;prozess;rein;done;;frei;+;nd;+;+;nd;nd;nd;nd;nd;nd;nd;nd;nd;nd;nd;nd;nd;nd;nd;nd;nd;nd
162;VVFIN;ADV;machen;3;NZZ_1995_04_06_a70_seg2_s3;7;Full|3|Pl|Past|Ind;In Paris machten sich zahlreiche Touristen vergebens auf den Weg zum Louvre, wie Gewerkschaften und Museumsleitung am Nachmittag mitteilten .;prozess;rein;done;;frei;+;nd;+;+;nd;nd;nd;nd;nd;nd;nd;nd;nd;nd;nd;nd;nd;nd;nd;nd;nd;nd
163;VVPP;ADV;versuchen;6;NZZ_1998_06_02_a185_seg7_s4;5;Full|Psp;Der Russe hatte anfänglich vergebens versucht, den synkopischen Rhythmus Pantanis zu halten .;prozess;rein;done;;frei;+;nd;+;+;nd;nd;nd;nd;nd;nd;nd;nd;nd;nd;nd;nd;nd;nd;nd;nd;nd;nd
164;VVFIN;ADV;strecken;38;NZZ_1996_05_09_a197_seg3_s13;41;Full|3|Sg|Past|Ind;In der 28. Minute fiel dann der Führungstreffer für P-SG : nach dem Freistossball aus 30 Metern vom als schussgewaltig bekannten, auf diese Saison von Olympique Lyon an die Seine gewechselten Verteidiger Bruno N ' Gotty streckte sich Konsel vergebens .;prozess;rein;done;;frei;+;nd;+;+;nd;nd;nd;nd;nd;nd;nd;nd;nd;nd;nd;nd;nd;nd;nd;nd;nd;nd
165;VVFIN;ADV;sehnen;43;NZZ_1994_02_11_a128_seg7_s19;45;Full|3|Sg|Pres|Ind;Als ein alter orientalischer Jude, von der Schoa nicht betroffen, Kätzchen die Schöpfungsgeschichte aus der Thora nahebringen will, hält das Kind ihm entgegen : « Gott hat die Welt geboren, dann ist er gestorben, und die Welt sehnt sich vergebens nach ihm . »;prozess;rein;done;;frei;+;nd;+;+;nd;nd;nd;nd;nd;nd;nd;nd;nd;nd;nd;nd;nd;nd;nd;nd;nd;nd
166;VVFIN;ADV;suchen;9;NZZ_1999_12_15_a151_seg5_s5;11;Full|3|Sg|Pres|Ind;Und einen Frank Capra als Regisseur der Marathondebatte sucht man vergebens .;prozess;rein;done;;frei;+;nd;+;+;nd;nd;nd;nd;nd;nd;nd;nd;nd;nd;nd;nd;nd;nd;nd;nd;nd;nd
167;VVFIN;ADV;suchen;2;NZZ_1995_11_04_a98_seg5_s17;4;Full|3|Sg|Pres|Ind;Grundrisse sucht man vergebens .;prozess;rein;done;;frei;+;nd;+;+;nd;nd;nd;nd;nd;nd;nd;nd;nd;nd;nd;nd;nd;nd;nd;nd;nd;nd
168;VVFIN;ADV;harren;2;NZZ_1997_12_20_a233_seg3_s6;4;Full|3|Pl|Past|Ind;Alle harrten letztlich vergebens aus .;prozess;rein;done;;frei;+;nd;+;+;nd;nd;nd;nd;nd;nd;nd;nd;nd;nd;nd;nd;nd;nd;nd;nd;nd;nd
169;VVFIN;ADV;lesen;17;NZZ_1996_07_31_a122_seg3_s9;18;Full|3|Sg|Pres|Ind;Wer die Hoffnung hat, die Autorin möge doch noch zu ihrem früheren Können zurückfinden, liest vergebens weiter .;prozess;rein;done;;frei;+;nd;+;+;nd;nd;nd;nd;nd;nd;nd;nd;nd;nd;nd;nd;nd;nd;nd;nd;nd;nd
170;VVFIN;ADV;suchen;53;NZZ_1998_07_27_a98_seg4_s24;55;Full|3|Sg|Pres|Ind;"Dass sich die Musik stilistisch auf unterschiedlichen Ebenen bewegt, wird kaum hörbar ; besonders die Songs entbehren der klanglichen wie rhythmischen Schärfe, und nach jenen Anleihen beim musikalischen Zeitgeist, wie sie die legendäre Aufnahme von 1958 mit der alten Lotte Lenya und dem Dirigenten Wilhelm Brückner- Rüggeberg vermittelt, sucht man vergebens .";prozess;rein;done;;frei;+;nd;+;+;nd;nd;nd;nd;nd;nd;nd;nd;nd;nd;nd;nd;nd;nd;nd;nd;nd;nd
171;VVFIN;ADV;warten;6;NZZ_1994_09_06_a113_seg3_s30;8;Full|3|Sg|Past|Ind;Während des ganzen Geschäftsjahres 1964 wartete er vergebens in seinem Loft an der Canal Street auf Abnehmer für die Markenartikel im graphischen Einheitslook, deren Preise sich zwischen 1 und 40 $ bewegten .;prozess;rein;done;;frei;+;nd;+;+;nd;nd;nd;nd;nd;nd;nd;nd;nd;nd;nd;nd;nd;nd;nd;nd;nd;nd
172;VVFIN;ADV;tun;13;NZZ_1998_12_14_a154_seg3_s37;16;Full|3|Sg|Pres|Ind;Wer nach Talenten in den Klubs der Nationalliga A Ausschau hält, tut dies nicht vergebens .;prozess;rein;done;;frei;+;nd;+;+;nd;nd;nd;nd;nd;nd;nd;nd;nd;nd;nd;nd;nd;nd;nd;nd;nd;nd
173;VVPP;ADV;verlangen;41;NZZ_1994_02_24_a138_seg3_s8;38;Full|3|Sg|Pres|Ind;Es sind lauter Existenzen, die sich nicht auf der Oberfläche des Seins halten können : ein Invalider, der mit seiner Rente nicht einmal Waschpulver kaufen kann, ein alter Mann, der in der Konditorei vergebens das Beschwerdebuch verlangt, ein entlassener Lehrer, der sich vor vermeintlichen Verfolgern auf dem Friedhof versteckt .;prozess;rein;done;;frei;+;nd;+;+;nd;nd;nd;nd;nd;nd;nd;nd;nd;nd;nd;nd;nd;nd;nd;nd;nd;nd
174;VVFIN;ADV;fragen;17;NZZ_1997_08_28_a122_seg6_s25;20;Full|3|Sg|Pres|Ind;- warum der Regisseur Greg Allen hier die ganz knorrige Keule banalster Anspielung schwingt, das fragt man sich vergebens .;prozess;rein;done;;frei;+;nd;+;+;nd;nd;nd;nd;nd;nd;nd;nd;nd;nd;nd;nd;nd;nd;nd;nd;nd;nd
175;VVFIN;ADV;warten;16;NZZ_1996_06_20_a65_seg5_s3;20;Full|3|Sg|Past|Ind;Auf die Freigabe der entsprechenden Kredite durch die zuständigen Stellen bei der Zentralregierung in Rom wartete man bisher jedoch vergebens .;prozess;rein;done;;frei;+;nd;+;+;nd;nd;nd;nd;nd;nd;nd;nd;nd;nd;nd;nd;nd;nd;nd;nd;nd;nd
176;VVFIN;ADV;suchen;23;NZZ_1997_02_05_a137_seg50_s12;22;Full|1|Pl|Pres|Ind;Leider erfahren wir aber nicht, um welchen Titel es sich dabei handelte, warum er so erfolgreich war, und vergebens suchen wir ihn auch in der zwanzig Titel umfassenden Auswahl der CD .;prozess;rein;done;;frei;+;nd;+;+;nd;nd;nd;nd;nd;nd;nd;nd;nd;nd;nd;nd;nd;nd;nd;nd;nd;nd
177;VVFIN;ADV;hoffen;12;NZZ_1999_12_11_a147_seg4_s15;15;Full|3|Sg|Pres|Ind;Die Liebe ist nicht mehr von Belang, und auf Erlösung hofft auch Ariel vergebens : Aus Prosperos Zauberbann gelöst, humpelt der Luftgeist, zuvor graziös und riskant auf Stelzen balancierend, an Krücken in die ersehnte Freiheit .;prozess;rein;done;;frei;+;nd;+;+;nd;nd;nd;nd;nd;nd;nd;nd;nd;nd;nd;nd;nd;nd;nd;nd;nd;nd
178;VVINF;ADV;warten;31;NZZ_1994_10_05_a11_seg6_s9;30;Full|-2;Beobachter in Moskau hatten dem Auftritt des Präsidenten - vor allem nach dem Zwischenfall in Irland, wo Jelzin den irischen Premierminister Reynolds unter bisher nicht völlig geklärten Umständen vergebens warten liess - mit gemischten Gefühlen entgegengeblickt .;prozess;rein;done;;frei;+;nd;+;+;nd;nd;nd;nd;nd;nd;nd;nd;nd;nd;nd;nd;nd;nd;nd;nd;nd;nd
179;VVFIN;ADV;freuen;11;NZZ_1994_06_11_a191_seg2_s1;13;Full|3|Pl|Past|Subj;( si ) 18 199 Fans im Madison Square Garden freuten sich vergebens darauf, mit den New York Rangers den ersten Cup-Sieg seit 1940 feiern zu können .;prozess;rein;done;;frei;+;nd;+;+;nd;nd;nd;nd;nd;nd;nd;nd;nd;nd;nd;nd;nd;nd;nd;nd;nd;nd
180;VVFIN;ADV;suchen;28;NZZ_1998_09_01_a67_seg5_s1;27;Full|3|Sg|Pres|Ind;Kann dieser « Nachtstrand » naturgemäss nicht alle Vorzüge eines richtigen Meeresstrandes bieten, so offeriert er dafür ein Schauspiel, das man an der Küste vergebens sucht : Über den Dächern der Stadt zeichnet sich seit kurzem das hell erleuchtete Minarett der Koutoubia-Moschee ab .;prozess;rein;done;;frei;+;nd;+;+;nd;nd;nd;nd;nd;nd;nd;nd;nd;nd;nd;nd;nd;nd;nd;nd;nd;nd
181;VVPP;ADV;wählen;12;NZZ_1999_03_01_a17_seg4_s5;11;Full|Psp;Der Sieger steht fest, und wir haben zu oft vergebens gewählt . »;prozess;rein;done;;frei;+;nd;+;+;nd;nd;nd;nd;nd;nd;nd;nd;nd;nd;nd;nd;nd;nd;nd;nd;nd;nd
182;VVPP;ADV;einsetzen;23;NZZ_1995_02_06_a114_seg3_s6;17;Full|Psp;Noch zehn Tage zuvor hatte Pieren das Kuonisbergli gesenkten Hauptes verlassen, hatte er sich doch vergebens für die Durchführung des Rennens eingesetzt .;prozess;rein;done;;frei;+;nd;+;+;nd;nd;nd;nd;nd;nd;nd;nd;nd;nd;nd;nd;nd;nd;nd;nd;nd;nd
183;VVINF;ADV;suchen;13;NZZ_1999_04_13_a197_seg3_s10;12;Full|-2;Genau eine solche Argumentation wird man in den einschlägigen kirchlichen Stellungnahmen vergebens suchen .;prozess;rein;done;;frei;+;nd;+;+;nd;nd;nd;nd;nd;nd;nd;nd;nd;nd;nd;nd;nd;nd;nd;nd;nd;nd
184;VVFIN;ADV;suchen;10;NZZ_1997_04_08_a22_seg7_s18;22;Full|3|Pl|Pres|Ind;Ohne Bindungen mehr zur zerstörten Heimat zu haben, suchen die Flüchtlinge in Diyarbakir eine neue Existenz aufzubauen, meistens aber vergebens .;prozess;rein;done;;frei;+;nd;+;+;nd;nd;nd;nd;nd;nd;nd;nd;nd;nd;nd;nd;nd;nd;nd;nd;nd;nd
185;VVFIN;ADV;suchen;6;NZZ_1999_03_09_a245_seg2_s8;9;Full|3|Sg|Pres|Ind;Das Stichwort « Konkurrenzdemokratie » sucht man gar vergebens .;prozess;rein;done;;frei;+;nd;+;+;nd;nd;nd;nd;nd;nd;nd;nd;nd;nd;nd;nd;nd;nd;nd;nd;nd;nd
186;VVFIN;ADV;suchen;4;NZZ_1994_01_12_a129_seg3_s28;11;Full|3|Sg|Pres|Ind;Deren Sinn freilich sucht man in diesem « Fünfmonatsgequassel » vergebens .;prozess;rein;done;;frei;+;nd;+;+;nd;nd;nd;nd;nd;nd;nd;nd;nd;nd;nd;nd;nd;nd;nd;nd;nd;nd
187;VVFIN;ADV;suchen;6;NZZ_1998_07_11_a254_seg5_s47;8;Full|3|Sg|Pres|Ind;- Material über die Sternwarte sucht man vergebens .;prozess;rein;done;;frei;+;nd;+;+;nd;nd;nd;nd;nd;nd;nd;nd;nd;nd;nd;nd;nd;nd;nd;nd;nd;nd
188;VVFIN;ADV;suchen;6;NZZ_1998_10_15_a158_seg3_s28;8;Full|3|Sg|Pres|Ind;Rein malerische Ausdrucksformen auf Papier sucht man vergebens .;prozess;rein;done;;frei;+;nd;+;+;nd;nd;nd;nd;nd;nd;nd;nd;nd;nd;nd;nd;nd;nd;nd;nd;nd;nd
189;VVFIN;ADV;warten;18;NZZ_1998_03_14_a241_seg5_s5;14;Full|3|Sg|Past|Ind;Ausserdem Katja Seizinger, die Disziplinensiegerin in Super-G und Abfahrt, welche stundenlang vergebens auf einen Einsatz wartete .;prozess;rein;done;;frei;+;nd;+;+;nd;nd;nd;nd;nd;nd;nd;nd;nd;nd;nd;nd;nd;nd;nd;nd;nd;nd
190;VVFIN;ADV;suchen;14;NZZ_1994_05_07_a131_seg2_s6;13;Full|3|Sg|Pres|Ind;"Die grünlich getünchten Wände des Raumes sind völlig nackt und schmucklos ; vergebens sucht das Auge nach einem Bild oder einer Zeichnung .";prozess;rein;done;;frei;+;nd;+;+;nd;nd;nd;nd;nd;nd;nd;nd;nd;nd;nd;nd;nd;nd;nd;nd;nd;nd
191;VVFIN;ADV;suchen;12;NZZ_1998_04_16_a118_seg5_s1;16;Full|3|Sg|Pres|Ind;Austin Clarke, den Grand Old Man der kanadisch-karibischen Literatur, sucht man im Telefonbuch vergebens .;prozess;rein;done;;frei;+;nd;+;+;nd;nd;nd;nd;nd;nd;nd;nd;nd;nd;nd;nd;nd;nd;nd;nd;nd;nd
192;VVFIN;ADV;suchen;3;NZZ_1994_08_17_a153_seg4_s13;9;Full|3|Sg|Pres|Ind;Solche Informationen sucht man im vorliegenden Band jedoch vergebens .;prozess;rein;done;;frei;+;nd;+;+;nd;nd;nd;nd;nd;nd;nd;nd;nd;nd;nd;nd;nd;nd;nd;nd;nd;nd
193;VVPP;ADV;einschalten;11;NZZ_1998_10_07_a123_seg3_s27;10;Full|Psp;Börsenverein und VS protestieren, die Bundesregierung hat sich vergebens eingeschaltet .;prozess;rein;done;;frei;+;nd;+;+;nd;nd;nd;nd;nd;nd;nd;nd;nd;nd;nd;nd;nd;nd;nd;nd;nd;nd
194;VVFIN;ADV;warten;2;NZZ_1997_06_03_a14_seg6_s11;3;Full|3|Sg|Past|Ind;Er wartete vergebens auf eine Ernennung als Botschafter durch den damaligen Aussenminister Juppé, der dieses Versäumnis wohl schon mehrmals und erneut an diesem Wochenende bedauert haben dürfte .;prozess;rein;done;;frei;+;nd;+;+;nd;nd;nd;nd;nd;nd;nd;nd;nd;nd;nd;nd;nd;nd;nd;nd;nd;nd
195;VVFIN;ADV;warten;10;NZZ_1993_08_13_a58_seg7_s23;15;Full|3|Sg|Pres|Ind;Auf entsprechende Zuschüsse der Gewerkschaften an die bürgerlichen Parteikassen wartet man allerdings bisher noch vergebens .;prozess;rein;done;;frei;+;nd;+;+;nd;nd;nd;nd;nd;nd;nd;nd;nd;nd;nd;nd;nd;nd;nd;nd;nd;nd
196;VVFIN;ADV;suchen;19;NZZ_1993_08_18_a46_seg3_s6;21;Full|3|Sg|Pres|Ind;Das Sachbuch enthält wohl eine vollständige Sammlung der wichtigsten Betrachtungsweisen zum Thema, aber einen wirklich überzeugenden Lösungsvorschlag sucht man vergebens .;prozess;rein;done;;frei;+;nd;+;+;nd;nd;nd;nd;nd;nd;nd;nd;nd;nd;nd;nd;nd;nd;nd;nd;nd;nd
197;VVFIN;ADV;versuchen;3;NZZ_1993_08_27_a108_seg5_s12;10;Full|3|Sg|Past|Ind;Andre Wernli versuchte es mit einem sprachenkundigen Onkel - vergebens .;nd;nd;not of interest;Parenthese;;nd;nd;nd;nd;nd;nd;nd;nd;nd;nd;nd;nd;nd;nd;nd;nd;nd;nd;nd;nd;nd;nd
198;VVFIN;ADV;warten;16;NZZ_1995_02_18_a185_seg5_s3;20;Full|3|Sg|Pres|Ind;Die Jahre ziehen ins Land, doch auf den ( oder gar die ) Spitzenläufer wartet männiglich noch immer vergebens .;prozess;rein;done;;frei;+;nd;+;+;nd;nd;nd;nd;nd;nd;nd;nd;nd;nd;nd;nd;nd;nd;nd;nd;nd;nd
199;VVPP;ADV;sorgen;23;NZZ_1995_02_25_a204_seg3_s11;22;Full|Psp;Die Furcht vor einer unerwartet hohen Niederlage trieb den Trainer um, doch Pesic, der preussische Zuchtmeister, hatte sich vergebens gesorgt .;prozess;rein;done;;frei;+;nd;+;+;nd;nd;nd;nd;nd;nd;nd;nd;nd;nd;nd;nd;nd;nd;nd;nd;nd;nd
200;VVFIN;ADV;suchen;44;NZZ_1995_01_17_a101_seg3_s14;50;Full|3|Sg|Pres|Ind;"Die dreissigjährige Planungsgeschichte des Denkmals, an der zwei Bildhauer - erst Christian Rauch, dann sein Schüler Ernst Rietschel - und ganz Deutschland mit Ratschlägen beteiligt waren, mündete in einen Kompromiss, den man als respektabel bezeichnen kann ; Dichter freilich sucht das Auge auf dem Sockel vergebens .";prozess;rein;done;;frei;+;nd;+;+;nd;nd;nd;nd;nd;nd;nd;nd;nd;nd;nd;nd;nd;nd;nd;nd;nd;nd
