﻿Interne-ID;Function-Head;Funktion-Hit;Head;ID-Head;ID-NZZ;ID-Token;Meta-Kopf;sentence;Oberkategorie;Unterkategorie;Status;Kommentar;externe Funktion;prozess;pFREQ;AuW;pure;agent;method;degree;proposition;KONJ;FRAME;SADV;extern;KAUS;TEMP;FREQ;BU;LOC;intern;INST;KOM;SH;iLOC
1;VVINF;ADJD;bewähren;17;NZZ_1996_09_25_a195_seg4_s13;15;Full|-2;Seit langem hatte sich die Equipe auf zahlreichen Ebenen und an vielen Fronten schier pausenlos zu bewähren .;prozess;frequenziellPROZ;done;;frei;+;+;nd;nd;nd;nd;nd;nd;nd;nd;nd;nd;nd;nd;nd;nd;nd;nd;nd;nd;nd;nd
2;VVFIN;ADJD;dauern;8;NZZ_1998_01_10_a172_seg3_s6;9;Full|3|Sg|Pres|Ind;« Yume », der Traum, dauert pausenlos anderthalb Stunden, 90 Minuten, die im Flug vergehen .;extern;kausal;done;;;nd;nd;nd;nd;nd;nd;nd;nd;nd;nd;nd;+;+;nd;nd;nd;nd;nd;nd;nd;nd;nd
3;VVFIN;ADJD;löschen;18;NZZ_1997_05_17_a72_seg1_s13;15;Full|-2;So präsentierte sich die Regierungsmannschaft Juppés von Anfang an wie eine Feuerwehr, die pausenlos budgetäre Brände löschen und gleichzeitig ganz unzimperlich an der Fiskalschraube drehen musste, damit für die laufende Periode ein Staatsdefizit von maximal 3% kein Ding der Unmöglichkeit bleibt .;prozess;frequenziellPROZ;done;;frei;+;+;nd;nd;nd;nd;nd;nd;nd;nd;nd;nd;nd;nd;nd;nd;nd;nd;nd;nd;nd;nd
4;VVPP;ADJD;schaffen;12;NZZ_1997_04_11_a225_seg48_s11;7;Full|Psp;Hatten 10 179 Besucher vorher noch pausenlos einen grossartigen akustischen Rahmen geschaffen, herrschte unvermittelt absolute Stille, welche die Spannung zusätzlich steigerte .;prozess;frequenziellPROZ;done;;frei;+;+;nd;nd;nd;nd;nd;nd;nd;nd;nd;nd;nd;nd;nd;nd;nd;nd;nd;nd;nd;nd
5;VVFIN;ADJD;spielen;6;NZZ_1998_10_06_a295_seg6_s7;8;Full|3|Pl|Pres|Ind;Aber auch die anderen Figuren spielen nicht pausenlos Wie-ist-es-denn-jetzt-in-Berlin, sondern sind einfach da, eingefallen in diese Stadt und flugs wieder verschwunden .;prozess;frequenziellPROZ;done;;frei;+;+;nd;nd;nd;nd;nd;nd;nd;nd;nd;nd;nd;nd;nd;nd;nd;nd;nd;nd;nd;nd
6;VVFIN;ADJD;durchlaufen;21;NZZ_1998_09_16_a179_seg4_s15;12;Full|3|Sg|Pres|Ind;Der Autor spielt mit dem Gefühlsspektrum des Lesers, der fast pausenlos ein Wechselbad zwischen Faszination, Ungeduld und Widerwillen durchläuft .;prozess;frequenziellPROZ;done;;frei;+;+;nd;nd;nd;nd;nd;nd;nd;nd;nd;nd;nd;nd;nd;nd;nd;nd;nd;nd;nd;nd
7;VVFIN;ADJD;ausrufen;48;NZZ_1994_06_20_a149_seg3_s13;40;Full|3|Sg|Past|Ind;Die Indizien hatten sich mit jedem Tag dermassen gegen ihn erhärtet, dass die Polizei von Los Angeles den kurz zuvor noch mit den beiden Kindern aus besagter Ehe am Begräbnis erschienenen und danach untergetauchten « Helden » mit pausenlos an den Bildschirmen repetierten Appellen zur Suche ausrief .;nd;nd;not of interest;ModADJ;frei;nd;nd;nd;nd;nd;nd;nd;nd;nd;nd;nd;nd;nd;nd;nd;nd;nd;nd;nd;nd;nd;nd
8;VVFIN;ADJD;regnen;18;NZZ_1995_01_30_a132_seg4_s4;17;Full|3|Sg|Pres|Ind;Das tun sie denn auch reichlich, vor allem wenn es - wie zurzeit - fast pausenlos regnet und das Wetter nicht zu einem Stadtbummel einlädt .;prozess;frequenziellPROZ;done;;frei;+;+;nd;nd;nd;nd;nd;nd;nd;nd;nd;nd;nd;nd;nd;nd;nd;nd;nd;nd;nd;nd
9;VVFIN;ADJD;tönen;15;NZZ_1998_12_03_a219_seg3_s7;8;Full|3|Pl|Pres|Ind;Nie fehlt das Radio, aus dem pausenlos die letzten Neuigkeiten und karibische Klänge tönen .;prozess;frequenziellPROZ;done;;frei;+;+;nd;nd;nd;nd;nd;nd;nd;nd;nd;nd;nd;nd;nd;nd;nd;nd;nd;nd;nd;nd
10;VVFIN;ADJD;unterstützen;9;NZZ_1999_09_02_a79_seg3_s13;20;Full|3|Pl|Pres|Ind;Inzwischen forschen die von schweizerischen und amerikanischen Experten unterstützen Ermittler des kanadischen Transportation Safety Board ( TSB ) weiterhin pausenlos nach der Absturzursache .;prozess;frequenziellPROZ;done;;frei;+;+;nd;nd;nd;nd;nd;nd;nd;nd;nd;nd;nd;nd;nd;nd;nd;nd;nd;nd;nd;nd
11;VVFIN;ADJD;laufen;4;NZZ_1994_02_23_a210_seg5_s13;8;Full|3|Sg|Pres|Ind;An manchen Tagen läuft die Waschmaschine fast pausenlos .;prozess;frequenziellPROZ;done;;frei;+;+;nd;nd;nd;nd;nd;nd;nd;nd;nd;nd;nd;nd;nd;nd;nd;nd;nd;nd;nd;nd
12;VVFIN;ADJD;werben;6;NZZ_1999_12_07_a257_seg12_s7;11;Full|3|Sg|Pres|Ind;Coca-Cola heisst immer Coca-Cola und wirbt immer für Getränke, pausenlos .;nd;nd;not of interest;Parenthese;;nd;nd;nd;nd;nd;nd;nd;nd;nd;nd;nd;nd;nd;nd;nd;nd;nd;nd;nd;nd;nd;nd
13;VVPP;ADJD;wiederholen;35;NZZ_1995_02_21_a150_seg2_s4;34;Full|Psp;Doch auf das Musikalische reduziert, erwies sich das Stück als zu substanzarm, zu sehr beherrscht von einem kurzen rhythmischen Motiv, das - bei unterschiedlicher harmonischer Dichte und Instrumentation - fast pausenlos wiederholt wird .;prozess;frequenziellPROZ;done;;frei;+;+;nd;nd;nd;nd;nd;nd;nd;nd;nd;nd;nd;nd;nd;nd;nd;nd;nd;nd;nd;nd
14;VVPP;ADJD;bemängeln;20;NZZ_1999_10_26_a186_seg3_s20;13;Full|Psp;Wenn zum Beispiel der « Blick » -Reporter X in seinen Hetzartikeln pausenlos das technische Niveau der meisten Nationalliga-Fussballer bemängelt, so hat das weniger mit den Kritisierten selber zu tun als mit der Tatsache, dass Herr X im Grunde seines Herzens alle Berufsfussballer ausnahmslos hasst, weil er es im Zuge seiner eigenen Aktivlaufbahn nicht zum Ronaldo, sondern bloss unter dem Kosenamen « Die Blutgrätsche » bis auf die Ersatzbank der Zürcher Sportjournalisten-Auswahl gebracht hat .;prozess;frequenziellPROZ;done;;frei;+;+;nd;nd;nd;nd;nd;nd;nd;nd;nd;nd;nd;nd;nd;nd;nd;nd;nd;nd;nd;nd
15;VVFIN;ADJD;öffnen;2;NZZ_1999_08_25_a168_seg3_s19;11;Full|3|Pl|Past|Ind;Deshalb öffneten sich bei den am Montag geladenen Herren fast pausenlos die Reissverschlüsse - wenn auch nur andeutungsweise -, und was dabei herauskam, das reizte, einem nicht umzubringenden Tabu sei Dank, fast augenblicklich zum Lachen .;prozess;frequenziellPROZ;done;;frei;+;+;nd;nd;nd;nd;nd;nd;nd;nd;nd;nd;nd;nd;nd;nd;nd;nd;nd;nd;nd;nd
16;VVINF;ADJD;hören;21;NZZ_1994_01_08_a103_seg5_s4;15;Full|-2;In den waldreichen Aussenbezirken der Stadt, wo die reichsten Wohnviertel liegen, waren pausenlos die Sirenen der Rettungsfahrzeuge zu hören .;prozess;frequenziellPROZ;done;;frei;+;+;nd;nd;nd;nd;nd;nd;nd;nd;nd;nd;nd;nd;nd;nd;nd;nd;nd;nd;nd;nd
17;VVFIN;ADJD;reden;20;NZZ_1997_05_24_a215_seg12_s4;17;Full|3|Sg|Pres|Ind;Gewiss ist da ein Bedürfnis nach ausgleichender Gerechtigkeit spürbar, mitten in einer Gegenwart, die pausenlos von allem redet, aber höchstens drei bis vier Namen pro Sparte sich zu merken bereit ist .;prozess;frequenziellPROZ;done;;frei;+;+;nd;nd;nd;nd;nd;nd;nd;nd;nd;nd;nd;nd;nd;nd;nd;nd;nd;nd;nd;nd
18;VVPP;ADJD;beschäftigen;13;NZZ_1999_06_19_a265_seg6_s3;11;Full|Psp;Wichtig ist nicht zuletzt auch der vierte Mann, der pausenlos damit beschäftigt ist, mit einem Plasticbehälter Wasser aus dem Boot zu schöpfen, das in Brechern über die Bordwand schiesst und durch sämtliche Ritzen eindringt .;nd;nd;not of interest;prädikativ ;;nd;nd;nd;nd;nd;nd;nd;nd;nd;nd;nd;nd;nd;nd;nd;nd;nd;nd;nd;nd;nd;nd
19;VVFIN;ADJD;fliegen;2;NZZ_1995_06_24_a210_seg3_s4;3;Full|3|Pl|Pres|Ind;Sie fliegen pausenlos durch die Luft und krächzen so laut, dass sich der treue Johannes die Ohren zuhalten muss .;prozess;frequenziellPROZ;done;;frei;+;+;nd;nd;nd;nd;nd;nd;nd;nd;nd;nd;nd;nd;nd;nd;nd;nd;nd;nd;nd;nd
20;VVFIN;ADJD;gehen;2;NZZ_1996_11_08_a77_seg13_s1;9;Full|3|Sg|Pres|Ind;Trotzdem geht die Kampagne gegen die Schweiz fast pausenlos weiter, zum Teil mit immer abstruseren Ansinnen .;prozess;frequenziellPROZ;done;;frei;+;+;nd;nd;nd;nd;nd;nd;nd;nd;nd;nd;nd;nd;nd;nd;nd;nd;nd;nd;nd;nd
21;VVFIN;ADJD;fahren;15;NZZ_1995_01_09_a18_seg6_s12;11;Full|-2;Zu Fuss geht es zum grossen Lagertor, durch das pausenlos Mannschafts- und Zisternenwagen fahren und die Umstehenden mit einem feinen Dreckschleier überziehen .;prozess;frequenziellPROZ;done;;frei;+;+;nd;nd;nd;nd;nd;nd;nd;nd;nd;nd;nd;nd;nd;nd;nd;nd;nd;nd;nd;nd
22;VVPP;ADJD;verhören;11;NZZ_1994_12_24_a33_seg4_s2;10;Full|Psp;Der Untersuchungsrichter hatte Conde während der ganzen Woche praktisch pausenlos verhört und kam zum Schluss, dass hinreichender Verdacht auf Betrug und Veruntreuung bestehe, um die Haft zu verfügen .;prozess;frequenziellPROZ;done;;frei;+;+;nd;nd;nd;nd;nd;nd;nd;nd;nd;nd;nd;nd;nd;nd;nd;nd;nd;nd;nd;nd
23;VVFIN;ADJD;wechseln;11;NZZ_1994_06_06_a120_seg3_s13;12;Full|1|Sg|Pres|Ind;Variante 2 : Ich setzte die dunkle Sonnenbrille auf und wechsle pausenlos den Kiosk .;prozess;frequenziellPROZ;done;;frei;+;+;nd;nd;nd;nd;nd;nd;nd;nd;nd;nd;nd;nd;nd;nd;nd;nd;nd;nd;nd;nd
24;VVPP;ADJD;ausrufen;12;NZZ_1998_07_30_a118_seg3_s7;4;Full|Psp;Wenn in Amerika pausenlos die « era of sound bites » ausgerufen wird, dann sind damit allerdings nicht in erster Linie die Politiker gemeint, sondern die Medien : Nicht nur die Redenschreiber in Washington sind stolz auf ihre Klangbissen - so lautet die wörtliche Übersetzung von « sound bites » -, sondern auch Journalisten .;prozess;frequenziellPROZ;done;;frei;+;+;nd;nd;nd;nd;nd;nd;nd;nd;nd;nd;nd;nd;nd;nd;nd;nd;nd;nd;nd;nd
25;VVINF;ADJD;hinweisen;8;NZZ_1995_09_08_a10_seg3_s9;6;Full|-2;Die Gegner der Sezession werden pausenlos darauf hinweisen, dass man über eine neue Partnerschaft mit dem Rest Kanadas nicht in der Provinz allein entscheiden könne .;prozess;frequenziellPROZ;done;;frei;+;+;nd;nd;nd;nd;nd;nd;nd;nd;nd;nd;nd;nd;nd;nd;nd;nd;nd;nd;nd;nd
26;VVFIN;ADJD;preschen;9;NZZ_1999_11_22_a144_seg4_s9;13;Full|3|Sg|Past|Subj;Denn das Kraftpaket auf der rechten Luzerner Aussenbahn preschte von Beginn weg pausenlos vor, forderte ein ums andere Mal energisch den Ball, weckte damit seine Kollegen aus einer gewissen Lethargie, und mit der ersten Chance, natürlich von Lubamba schon nach sechs Minuten perfekt vorbereitet ( von Frei aber noch nicht genutzt ), stieg auch der Glaube an einen Sieg sprunghaft an .;prozess;frequenziellPROZ;done;;frei;+;+;nd;nd;nd;nd;nd;nd;nd;nd;nd;nd;nd;nd;nd;nd;nd;nd;nd;nd;nd;nd
27;VMFIN;ADJD;müssen;15;;11;Mod|3|Pl|Pres|Ind;, Genf ) fragt sich, ob tatsächlich grundsätzliche Überzeugungen pausenlos Referendumsdrohungen geopfert werden müssen .;prozess;frequenziellPROZ;done;;frei;+;+;nd;nd;nd;nd;nd;nd;nd;nd;nd;nd;nd;nd;nd;nd;nd;nd;nd;nd;nd;nd
28;VVINF;ADJD;verfolgen;17;NZZ_1999_12_21_a209_seg3_s9;14;Full|-2;Seit den Hallenturnieren vom letzten Januar konnten wir quer durch die Jahreszeiten praktisch pausenlos in Echtzeit verfolgen, wie irgendwo auf dieser Erde gerade auf Gras, Dreck, Wasser oder Eis von jemandem magistral, mittelmässig oder mies Ball gespielt worden ist .;prozess;frequenziellPROZ;done;;frei;+;+;nd;nd;nd;nd;nd;nd;nd;nd;nd;nd;nd;nd;nd;nd;nd;nd;nd;nd;nd;nd
29;VVPP;ADJD;weitertreiben;6;NZZ_1997_12_12_a1_seg6_s3;5;Full|Psp;Die Rentenreform jedoch wurde pausenlos weitergetrieben, und am frühen Donnerstagmorgen konnte der Durchbruch bekanntgegeben werden .;prozess;frequenziellPROZ;done;;frei;+;+;nd;nd;nd;nd;nd;nd;nd;nd;nd;nd;nd;nd;nd;nd;nd;nd;nd;nd;nd;nd
30;VVFIN;ADJD;schreien;2;NZZ_1998_04_14_a201_seg3_s18;3;Full|3|Sg|Past|Ind;Gress schrie pausenlos « vite, vite », doch der Antreiber war ein Rufer in der ( Schnee- ) Wüste .;prozess;frequenziellPROZ;done;;frei;+;+;nd;nd;nd;nd;nd;nd;nd;nd;nd;nd;nd;nd;nd;nd;nd;nd;nd;nd;nd;nd
31;VVPP;ADJD;herausfordern;10;NZZ_1993_08_14_a80_seg7_s19;9;Full|Psp;Der Chor ist dynamisch und im Ambitus fast pausenlos herausgefordert, mit Bezügen zum Dies-irae-Motiv .;nd;nd;not of interest;prädikativ;;nd;nd;nd;nd;nd;nd;nd;nd;nd;nd;nd;nd;nd;nd;nd;nd;nd;nd;nd;nd;nd;nd
32;VVPP;ADJD;besetzen;12;NZZ_1996_12_24_a27_seg7_s3;11;Full|Psp;Die Telefonlinie der beiden Auskunftspersonen ist jedenfalls in der Vorweihnachtszeit pausenlos besetzt .;nd;nd;not of interest;prädikativ;;nd;nd;nd;nd;nd;nd;nd;nd;nd;nd;nd;nd;nd;nd;nd;nd;nd;nd;nd;nd;nd;nd
33;VVFIN;ADJD;finden;9;NZZ_1995_05_17_a107_seg7_s9;10;Full|3|Pl|Past|Ind;Hiervon boten die Euro-Pop-Days immense Anwendungsmöglichkeiten : Tagsüber fanden pausenlos Listening Sessions statt, deren « Experten-Moderation » allerdings vor allem die Beliebigkeit der meisten popmusikalischen Bewertungskriterien unterstrich .;prozess;frequenziellPROZ;done;;frei;+;+;nd;nd;nd;nd;nd;nd;nd;nd;nd;nd;nd;nd;nd;nd;nd;nd;nd;nd;nd;nd
34;VVFIN;ADJD;versuchen;9;NZZ_1993_04_21_a43_seg8_s9;10;Full|3|Pl|Pres|Ind;"Der Rest der Tiere ist unbrauchbar ; sie versuchen pausenlos aus den Zuchtbecken zu entweichen und fressen fast nichts .";prozess;frequenziellPROZ;done;;frei;+;+;nd;nd;nd;nd;nd;nd;nd;nd;nd;nd;nd;nd;nd;nd;nd;nd;nd;nd;nd;nd
35;VVFIN;ADJD;ziehen;2;NZZ_1999_11_09_a143_seg3_s20;3;Full|3|Sg|Pres|Ind;"Er zieht pausenlos um, mit Schwerpunkten zuerst in Norddeutschland, später in Hessen ; einigermassen sesshaft wird er erst 1941 : in Göttingen, wo ihn vor allem die Bibliothek festhält ; denn immer mehr wird er zum Universalgelehrten - ohne darüber zu vergessen, dass er ( soll man sagen : « eigentlich » ? )";prozess;frequenziellPROZ;done;;frei;+;+;nd;nd;nd;nd;nd;nd;nd;nd;nd;nd;nd;nd;nd;nd;nd;nd;nd;nd;nd;nd
36;VVFIN;ADJD;suchen;9;NZZ_1997_01_09_a133_seg3_s15;8;Full|3|Pl|Past|Ind;Fast pausenlos waren die Telefonleitungen besetzt, pausenlos suchten Autohalter um Rat nach .;nd;nd;not of interest;prädikativ;;nd;nd;nd;nd;nd;nd;nd;nd;nd;nd;nd;nd;nd;nd;nd;nd;nd;nd;nd;nd;nd;nd
37;VVFIN;ADJD;schaffen;13;NZZ_1999_07_01_a153_seg8_s11;11;Full|3|Sg|Pres|Ind;Das passt nicht schlecht zu einer Musik, die einerseits pausenlos Bedeutung schafft, andererseits als Rohstoff für den Dancefloor einem sympathisch profanen Verwendungszweck dient und inzwischen die höchsten Ebenen des Recyclings erreicht hat .;prozess;frequenziellPROZ;done;;frei;+;+;nd;nd;nd;nd;nd;nd;nd;nd;nd;nd;nd;nd;nd;nd;nd;nd;nd;nd;nd;nd
38;VVPP;ADJD;beschäftigen;39;NZZ_1997_08_23_a221_seg7_s46;38;Full|Psp;Zum Sammeln der Tiere holperte er mit Jeep und Lastwagen 47 000 Kilometer über ausgewaschene Pisten, während Emy im Camp mit heisser Asche gegen Treiberameisen kämpfte und mit dem Füttern und Beobachten der vielen Tiere fast pausenlos beschäftigt war .;nd;nd;not of interest;prädikativ;;nd;nd;nd;nd;nd;nd;nd;nd;nd;nd;nd;nd;nd;nd;nd;nd;nd;nd;nd;nd;nd;nd
39;VVFIN;ADJD;sitzen;37;NZZ_1994_10_17_a106_seg7_s6;34;Full|3|Sg|Pres|Ind;Die Zahl der Beratungsgespräche 1993 stieg auf 1802 ( davon 7 Prozent mit Ausländern ) - was immer wieder dazu führt, dass die Tagesberaterin oder der Tagesberater alles andere liegenlassen muss und pausenlos am Telefon sitzt oder Leute in Empfang zu nehmen hat, die ebenso hilflos wie unangemeldet vor der Türe stehen oder auch mit Geldwünschen kommen .;prozess;frequenziellPROZ;done;;frei;+;+;nd;nd;nd;nd;nd;nd;nd;nd;nd;nd;nd;nd;nd;nd;nd;nd;nd;nd;nd;nd
40;VVPP;ADJD;reden;38;NZZ_1998_03_28_a63_seg7_s2;35;Full|Psp;Anstatt dem Betrachter die Möglichkeit zu geben, in Ruhe die Weiten der Szenerien in sich aufzunehmen - und sich auch nur schon in den Dimensionen der Riesenleinwand zurechtzufinden -, werden ihm fast pausenlos die Ohren vollgeredet .;prozess;frequenziellPROZ;done;;frei;+;+;nd;nd;nd;nd;nd;nd;nd;nd;nd;nd;nd;nd;nd;nd;nd;nd;nd;nd;nd;nd
41;VVFIN;ADJD;geraten;43;NZZ_1996_04_12_a156_seg4_s25;39;Full|3|Sg|Pres|Ind;Und dort siedelte er später auch seinen ersten Romanhelden Kemal Kayankaya an, einen typischen Zweitgeneratiönler, der zwar türkisch aussieht, aber ausschliesslich auf deutsch kalauert - und so im Zuge seiner Detektivarbeit in der multikulturellen Main-Metropole pausenlos zwischen die Fronten gerät .;prozess;frequenziellPROZ;done;;frei;+;+;nd;nd;nd;nd;nd;nd;nd;nd;nd;nd;nd;nd;nd;nd;nd;nd;nd;nd;nd;nd
42;VVPP;ADJD;beschäftigen;8;NZZ_1999_05_17_a64_seg3_s10;4;Full|Psp;Die Feuerwehr war pausenlos mit dem Leerpumpen beschäftigt .;nd;nd;not of interest;prädikativ;;nd;nd;nd;nd;nd;nd;nd;nd;nd;nd;nd;nd;nd;nd;nd;nd;nd;nd;nd;nd;nd;nd
43;VVPP;ADJD;abhalten;16;NZZ_1995_11_25_a186_seg5_s2;12;Full|Psp;Als Folge des Rhythmuswechsels der Olympischen Winterspiele wurden im Skisport zuletzt pausenlos irgendwo irgendwelche Welttitelkämpfe abgehalten .;prozess;frequenziellPROZ;done;;frei;+;+;nd;nd;nd;nd;nd;nd;nd;nd;nd;nd;nd;nd;nd;nd;nd;nd;nd;nd;nd;nd
44;VVFIN;ADJD;rennen;7;NZZ_1998_09_09_a192_seg5_s46;8;Full|3|Sg|Pres|Ind;Sergi lebt von seiner Kraft und rennt pausenlos die linke Aussenbahn rauf und runter .;prozess;frequenziellPROZ;done;;frei;+;+;nd;nd;nd;nd;nd;nd;nd;nd;nd;nd;nd;nd;nd;nd;nd;nd;nd;nd;nd;nd
45;VVFIN;ADJD;donnern;41;NZZ_1994_08_15_a81_seg2_s6;36;Full|3|Sg|Past|Ind;Nun war dieser Sommer gewiss länger und heisser, und womöglich irrten auch einfach noch versprengte Otto-und-Cäsar-Berichterstatter tatenlos im Tessin herum auf der Suche nach einer neuen Herausforderung, aber das gigantische Medien-Gewitter, das pausenlos über das heurige Festival donnerte, liess Locarno schliesslich zur grössten sauren Gurke des Jahres 1994 heranspriessen .;prozess;frequenziellPROZ;done;;frei;+;+;nd;nd;nd;nd;nd;nd;nd;nd;nd;nd;nd;nd;nd;nd;nd;nd;nd;nd;nd;nd
46;VVPP;ADJD;bekränzen;10;NZZ_1995_01_05_a109_seg3_s8;7;Full|Psp;Die « steirische Eiche » wurde pausenlos mit Siegerlaub bekränzt, zur machtvollsten Verkörperung des American Dream verklärt .;prozess;frequenziellPROZ;done;;frei;+;+;nd;nd;nd;nd;nd;nd;nd;nd;nd;nd;nd;nd;nd;nd;nd;nd;nd;nd;nd;nd
47;VVFIN;ADJD;gelangen;47;NZZ_1995_01_13_a19_seg8_s13;43;Full|3|Sg|Past|Ind;Kämpfer in Grosny erzählen ebenso wie unbescholtene russische Flüchtlinge in Nasran, dass die Truppen Moskaus anlässlich der später abgebrochenen ersten Invasion im Herbst 1991 Waffen in grossem Stil an die örtlichen Interessierten verkauften und dass später aus dem nordkaukasischen Wehrkreis fast pausenlos Kriegsgerät nach Tschetschenien gelangte .;prozess;frequenziellPROZ;done;;frei;+;+;nd;nd;nd;nd;nd;nd;nd;nd;nd;nd;nd;nd;nd;nd;nd;nd;nd;nd;nd;nd
48;VVFIN;ADJD;halten;51;NZZ_1999_09_06_a133_seg3_s19;48;Full|3|Sg|Past|Ind;Mit diesen Ressourcen - zeitweise befand sich rund ein Dutzend Leute auf der Bühne - präsentierte das Kollektiv ein mehrsprachiges, gewieft zusammengestelltes und fast makellos gespieltes Programm aus eingängigem Hip Hop, betulichem R ' n ' B und solidem Reggae, das die Fans fast pausenlos in Bewegung hielt und wiederholt zu Begeisterungsstürmen hinriss .;prozess;frequenziellPROZ;done;;frei;+;+;nd;nd;nd;nd;nd;nd;nd;nd;nd;nd;nd;nd;nd;nd;nd;nd;nd;nd;nd;nd
49;VVFIN;ADJD;rufen;24;NZZ_1996_05_20_a82_seg9_s2;28;Full|3|Sg|Pres|Ind;Der Phantasie sind dabei keine Grenzen gesetzt - eine originelle Spendenkampagne trägt beispielsweise im wendigen US-Englisch den Namen « Phonaton » : Man ruft während einer Nacht pausenlos Studienkollegen in der ganzen Welt an und fordert sie zu Spenden auf .;prozess;frequenziellPROZ;done;;frei;+;+;nd;nd;nd;nd;nd;nd;nd;nd;nd;nd;nd;nd;nd;nd;nd;nd;nd;nd;nd;nd
50;VVFIN;ADJD;werfen;13;NZZ_1998_05_12_a158_seg4_s16;10;Full|3|Pl|Pres|Ind;Ihr Duell findet nicht statt, obwohl sie sich pausenlos in Positur werfen .;prozess;frequenziellPROZ;done;;frei;+;+;nd;nd;nd;nd;nd;nd;nd;nd;nd;nd;nd;nd;nd;nd;nd;nd;nd;nd;nd;nd
51;VVFIN;ADJD;kleben;15;NZZ_1996_02_01_a121_seg4_s15;16;Full|3|Pl|Pres|Ind;Denn mittlerweile war er mehrfacher Onkel geworden, und seine zahlreichen Neffen und Nichten kleben pausenlos an ihm .;prozess;frequenziellPROZ;done;;frei;+;+;nd;nd;nd;nd;nd;nd;nd;nd;nd;nd;nd;nd;nd;nd;nd;nd;nd;nd;nd;nd
52;VVFIN;ADJD;denken;14;NZZ_1997_05_27_a124_seg3_s14;20;Full|3|Sg|Pres|Ind;Ich habe erfahren, und man will es sich nicht eingestehen, man denkt auch während des Schreibens fast pausenlos an die künftige Rezeption des Geschriebenen, ich glaube es ist so, also alles auch adrett und penibel, nicht nur das Brausen der Elemente !;prozess;frequenziellPROZ;done;;frei;+;+;nd;nd;nd;nd;nd;nd;nd;nd;nd;nd;nd;nd;nd;nd;nd;nd;nd;nd;nd;nd
53;VVFIN;ADJD;geben;6;NZZ_1995_11_24_a181_seg7_s1;11;Full|3|Sg|Pres|Ind;* Verpasste Pässe wie diesen gibt es im Fussball allerdings pausenlos .;prozess;frequenziellPROZ;done;;frei;+;+;nd;nd;nd;nd;nd;nd;nd;nd;nd;nd;nd;nd;nd;nd;nd;nd;nd;nd;nd;nd
54;VVPP;ADJD;hüpfen;9;NZZ_1995_06_26_a156_seg3_s3;8;Full|Psp;In den ersten drei Akten wird fast pausenlos gehüpft, getanzt, gerannt, geturnt und geklettert - das allerdings streng choreographiert .;prozess;frequenziellPROZ;done;;frei;+;+;nd;nd;nd;nd;nd;nd;nd;nd;nd;nd;nd;nd;nd;nd;nd;nd;nd;nd;nd;nd
55;VVINF;ADJD;behaupten;26;NZZ_1998_08_21_a142_seg3_s13;22;Full|3|Pl|Pres|Ind;Und doch ist « Junk Mail » keines jener zwanghaft in ihre eigene Lockerheit verbissenen Opuscula, die, indem sie pausenlos Spontaneität und Gedankentiefe behaupten, einem insgeheim auf die Nerven gehen .;prozess;frequenziellPROZ;done;;frei;+;+;nd;nd;nd;nd;nd;nd;nd;nd;nd;nd;nd;nd;nd;nd;nd;nd;nd;nd;nd;nd
56;VVFIN;ADJD;brillieren;20;NZZ_1996_11_01_a159_seg7_s6;19;Full|3|Sg|Past|Ind;Zurück zur GC-Bilanz : Das vielleicht günstigste Aufwand-Ertrag-Verhältnis erzielte im Aufbau Esposito, obwohl auch er nicht unbedingt pausenlos brillierte, sondern sich meistens auf seine Defensivaufgaben konzentrierte .;prozess;frequenziellPROZ;done;;frei;+;+;nd;nd;nd;nd;nd;nd;nd;nd;nd;nd;nd;nd;nd;nd;nd;nd;nd;nd;nd;nd
57;VVPP;ADJD;marschieren;18;NZZ_1995_07_18_a2_seg2_s4;17;Full|3|Sg|Pres|Ind;Sie waren am vergangenen Dienstag morgen von der früheren Uno-Schutzzone aufgebrochen und sechs Tage lang praktisch pausenlos marschiert, zum Teil bei Nacht durch gebirgiges Gelände .;prozess;frequenziellPROZ;done;;frei;+;+;nd;nd;nd;nd;nd;nd;nd;nd;nd;nd;nd;nd;nd;nd;nd;nd;nd;nd;nd;nd
58;VVFIN;ADJD;steigen;6;NZZ_1997_04_29_a224_seg5_s7;10;Full|3|Sg|Pres|Ind;Während der ersten sieben Löcher steigt das Gelände fast pausenlos an .;prozess;frequenziellPROZ;done;;frei;+;+;nd;nd;nd;nd;nd;nd;nd;nd;nd;nd;nd;nd;nd;nd;nd;nd;nd;nd;nd;nd
59;VVINF;ADJD;beobachten;15;NZZ_1995_01_30_a53_seg6_s7;12;Full|-2;Eingebildete Kranke sind, so Wilhelmsen, darauf fixiert, sich pausenlos selber zu beobachten und schon geringfügige Beschwerden als Symptome einer schweren Erkrankung zu betrachten .;prozess;frequenziellPROZ;done;;frei;+;+;nd;nd;nd;nd;nd;nd;nd;nd;nd;nd;nd;nd;nd;nd;nd;nd;nd;nd;nd;nd
60;VVFIN;ADJD;ziehen;2;NZZ_1998_09_05_a27_seg8_s9;4;Full|3|Sg|Past|Ind;Gleichzeitig zog er pausenlos durch das Land, hielt Reden und besuchte Veranstaltungen, um den Zuhörern einzelne Aspekte seiner Wirtschaftspolitik zu erläutern, so als würde er sich bereits im Wahlkampf befinden .;prozess;frequenziellPROZ;done;;frei;+;+;nd;nd;nd;nd;nd;nd;nd;nd;nd;nd;nd;nd;nd;nd;nd;nd;nd;nd;nd;nd
61;VVPP;ADJD;informieren;17;NZZ_1995_10_28_a176_seg4_s24;12;Full|Psp;Zum ersten : Irgendwann ist man es als Leser leid, pausenlos über Marlowes erotomane Eskapaden informiert zu werden .;prozess;frequenziellPROZ;done;;frei;+;+;nd;nd;nd;nd;nd;nd;nd;nd;nd;nd;nd;nd;nd;nd;nd;nd;nd;nd;nd;nd
62;VVFIN;ADJD;rotieren;7;NZZ_1996_04_06_a234_seg3_s109;5;Full|3|Pl|Pres|Ind;Und obwohl am Himmel pausenlos Polizeihubschrauber rotieren, herrscht hier jetzt eine sonderbare Stille, wie man sie sonst nur von Vorstadtbahnhöfen kennt .;prozess;frequenziellPROZ;done;;frei;+;+;nd;nd;nd;nd;nd;nd;nd;nd;nd;nd;nd;nd;nd;nd;nd;nd;nd;nd;nd;nd
63;VVFIN;ADJD;flimmern;28;NZZ_1998_07_11_a263_seg3_s14;26;Full|3|Pl|Pres|Ind;Im Frankfurter Rotlichtbezirk hat sich das Unternehmen Beate Uhse etwas Besonders einfallen lassen : In der Filiale des Sexkinos Dr. Müller, in dem sonst pausenlos Pornostreifen flimmern, wurden im Kino 5 auf einer Grossleinwand alle Fussballspiele live gezeigt .;prozess;frequenziellPROZ;done;;frei;+;+;nd;nd;nd;nd;nd;nd;nd;nd;nd;nd;nd;nd;nd;nd;nd;nd;nd;nd;nd;nd
64;VVFIN;ADJD;arbeiten;3;NZZ_1999_12_28_a142_seg4_s2;2;Full|3|Pl|Past|Ind;Praktisch pausenlos arbeiteten die Mitarbeiter der Elektrizitätswerke von Sonntag nachmittag bis Montag in der Nacht, um die Unterbrüche im Stromnetz zu beheben .;prozess;frequenziellPROZ;done;;frei;+;+;nd;nd;nd;nd;nd;nd;nd;nd;nd;nd;nd;nd;nd;nd;nd;nd;nd;nd;nd;nd
65;VVFIN;ADJD;führen;3;NZZ_1995_03_14_a83_seg3_s4;7;Full|3|Sg|Pres|Ind;Arbeitsminister Treu führt in dieser Woche pausenlos Verhandlungen mit den Gewerkschaften .;prozess;frequenziellPROZ;done;;frei;+;+;nd;nd;nd;nd;nd;nd;nd;nd;nd;nd;nd;nd;nd;nd;nd;nd;nd;nd;nd;nd
66;VVFIN;ADJD;wechseln;18;NZZ_1998_11_18_a207_seg5_s2;27;Full|3|Pl|Pres|Ind;"Auch für 1999 sieht die Jahresplanung der WTA ein Jahresschluss-Turnier in der dritten Novemberwoche vor ; zuvor wechseln sich während 45 Wochen die insgesamt 58 Events pausenlos ab .";prozess;frequenziellPROZ;done;;frei;+;+;nd;nd;nd;nd;nd;nd;nd;nd;nd;nd;nd;nd;nd;nd;nd;nd;nd;nd;nd;nd
67;VVFIN;ADJD;stehen;7;NZZ_1994_05_20_a144_seg4_s7;12;Full|3|Pl|Past|Ind;In weiten Teilen des Kantons Zürich standen die Feuerwehren am Donnerstag pausenlos im Einsatz, um unter Wasser stehende Keller leerzupumpen .;prozess;frequenziellPROZ;done;;frei;+;+;nd;nd;nd;nd;nd;nd;nd;nd;nd;nd;nd;nd;nd;nd;nd;nd;nd;nd;nd;nd
68;VVFIN;ADJD;folgen;9;NZZ_1996_10_26_a169_seg6_s8;16;Full|3|Pl|Past|Ind;Protestdemonstrationen gegen die Sowjetunion und Solidaritätserklärungen für Ungarn folgten im ganzen Land während Wochen fast pausenlos .;prozess;frequenziellPROZ;done;;frei;+;+;nd;nd;nd;nd;nd;nd;nd;nd;nd;nd;nd;nd;nd;nd;nd;nd;nd;nd;nd;nd
69;VVPP;ADJD;bieten|gebieten;38;NZZ_1993_12_30_a9_seg6_s13;29;Full|Psp;Die Bundesregierung macht mithin einen Unterschied zwischen Schirinowskis Aufenthalt vor einer Woche, der nur einen Tag währte, und einer auf drei Wochen bemessenen Rundreise, die pausenlos die Gelegenheit zu öffentlichen Auftritten mit fragwürdigen Parolen geboten hätte .;prozess;frequenziellPROZ;done;;frei;+;+;nd;nd;nd;nd;nd;nd;nd;nd;nd;nd;nd;nd;nd;nd;nd;nd;nd;nd;nd;nd
70;VVFIN;ADJD;kommen;52;NZZ_1994_09_15_a138_seg3_s7;69;Full|3|Pl|Pres|Ind;Sie führten vor, dass auch der Werbespot für das Weizenkeimflöckli-Müesli « Xundi » und der Sketch von der Müller-Family3-AG ( Mülag ) etwas mit Sympathie für das Opernhaus zu tun haben : Bernhard-Theater und Opernhaus sind nicht nur unter dem gleichen Dach zu Hause, sondern arbeiten eng zusammen und kommen damit seit Jahren dem kulturellen Bedürfnis des Publikums nach, weder immer von Lachern geschüttelt noch pausenlos den kathartischen Grosskalibern der Operntradition ausgesetzt zu sein .;prozess;frequenziellPROZ;done;;frei;+;+;nd;nd;nd;nd;nd;nd;nd;nd;nd;nd;nd;nd;nd;nd;nd;nd;nd;nd;nd;nd
71;VVPP;ADJD;behaupten;25;NZZ_1996_12_13_a136_seg3_s20;21;Full|Psp;Vor solchem Hintergrund ist « Extreme Measures » allerdings ein missglücktes Lehrstück, weil der Film einen ethischen Diskurs bloss pausenlos mit aller Drastik behauptet, wo ethisch nach Dr. Mengele eigentlich nichts mehr zur Debatte steht .;prozess;frequenziellPROZ;done;;frei;+;+;nd;nd;nd;nd;nd;nd;nd;nd;nd;nd;nd;nd;nd;nd;nd;nd;nd;nd;nd;nd
72;VVFIN;ADJD;setzen;34;NZZ_1993_04_05_a123_seg3_s22;31;Full|3|Sg|Past|Ind;Diese Massierungen lösten sich erst in der zweiten Hälfte, als der Gastklub - die drohende Niederlage vor Augen - das Geschehen vermehrt in die Hände nahm und den Gegner pausenlos unter Druck setzte .;prozess;frequenziellPROZ;done;;frei;+;+;nd;nd;nd;nd;nd;nd;nd;nd;nd;nd;nd;nd;nd;nd;nd;nd;nd;nd;nd;nd
73;VVPP;ADJD;investieren;5;NZZ_1995_06_19_a154_seg2_s29;4;Full|Psp;Dass der Klub pausenlos investiert ( für die kommende Spielzeit sind für Berger aus Prag sowie Kohler von Juventus Turin bereits wieder Auslagen von sechs Millionen DM geplant, und der Anteil am Stadionausbau beträgt neun Millionen DM ), hat indessen noch einen anderen Grund .;prozess;frequenziellPROZ;done;;frei;+;+;nd;nd;nd;nd;nd;nd;nd;nd;nd;nd;nd;nd;nd;nd;nd;nd;nd;nd;nd;nd
74;VVFIN;ADJD;quälen;38;NZZ_1998_03_19_a143_seg9_s3;34;Full|1|Pl|Past|Subj;Dass er jetzt keine Platten mehr machen will, hängt auch mit den swingenden Sixties zusammen : « Niemand warnte uns davor, dass unser Gehör Schaden nehmen würde, wenn wir es pausenlos mit lauter Musik quälten .;prozess;frequenziellPROZ;done;;frei;+;+;nd;nd;nd;nd;nd;nd;nd;nd;nd;nd;nd;nd;nd;nd;nd;nd;nd;nd;nd;nd
75;VVINF;ADJD;gähnen;59;NZZ_1994_04_23_a117_seg11_s4;58;Full|-2;Ähnlich verhält es sich mit dem möglicherweise einzigen Beispiel vertonten Gähnens in der Opernliteratur : Im zweiten Akt seiner Komödie « Le Barbier de Séville » hat Beaumarchais gezeigt, wie Figaro Bartholos Diener ausser Gefecht setzt : Dem einen, mit dem passenden Namen L ' Eveillé, verabreicht er ein Schlafmittel, so dass er pausenlos gähnen muss, den anderen behandelt er mit Niespulver .;prozess;frequenziellPROZ;done;;frei;+;+;nd;nd;nd;nd;nd;nd;nd;nd;nd;nd;nd;nd;nd;nd;nd;nd;nd;nd;nd;nd
76;VVFIN;ADJD;übergehen;34;NZZ_1994_03_26_a99_seg4_s11;32;Full|3|Pl|Pres|Ind;Die Partitur kann in einer Vielzahl von mehr oder weniger langen Versionen aufgeführt werden, und ihre einzelnen Teile sind so komponiert, dass sie sich untereinander austauschen lassen und dennoch pausenlos ineinander übergehen .;prozess;frequenziellPROZ;done;;frei;+;+;nd;nd;nd;nd;nd;nd;nd;nd;nd;nd;nd;nd;nd;nd;nd;nd;nd;nd;nd;nd
77;VVPP;ADJD;einstellen;15;NZZ_1999_08_26_a228_seg4_s23;12;Full|Psp;Und erst das Velo - das muss von Anfang an und pausenlos auf Bergrennen eingestellt gewesen sein ... « Sie müssen das nicht so ernst nehmen, wir machen doch keine Competition », sagt Instruktor Stefan Hirche sehr freundlich .;prozess;frequenziellPROZ;done;;frei;+;+;nd;nd;nd;nd;nd;nd;nd;nd;nd;nd;nd;nd;nd;nd;nd;nd;nd;nd;nd;nd
78;VVFIN;ADJD;drängen;7;NZZ_1996_11_04_a151_seg5_s16;11;Full|3|Sg|Past|Ind;Es übernahm nun entschlossen die Initiative drängte den Favoriten fast pausenlos in dessen Platzhälfte .;prozess;frequenziellPROZ;done;;frei;+;+;nd;nd;nd;nd;nd;nd;nd;nd;nd;nd;nd;nd;nd;nd;nd;nd;nd;nd;nd;nd
79;VVFIN;ADJD;schaffen;35;NZZ_1994_01_24_a112_seg3_s3;24;Full|3|Sg|Pres|Subj;Während zweier Stunden weckte Elsie Attenhofer jene legendäre Kabarettgruppe zu blühendem Bühnenleben, die in den dreissiger und vierziger Jahren den grossdeutschen Gedankenpolizisten pausenlos Ärger und dadurch den eidgenössischen Behörden « blödsinnig viu z schaffe » ( Originalton eines Bundesbeamten ) gemacht hatte .;prozess;frequenziellPROZ;done;;frei;+;+;nd;nd;nd;nd;nd;nd;nd;nd;nd;nd;nd;nd;nd;nd;nd;nd;nd;nd;nd;nd
80;VVPP;ADJD;projizieren;16;NZZ_1998_12_29_a109_seg5_s12;11;Full|Psp;Beschwörend wurde er 1982 im ersten Saal der Pariser Pollock-Ausstellung pausenlos auf eine riesige Leinwand projiziert, und in diesem Sommer eröffnete er in Wien die Ausstellung « Out of Actions .;prozess;frequenziellPROZ;done;;frei;+;+;nd;nd;nd;nd;nd;nd;nd;nd;nd;nd;nd;nd;nd;nd;nd;nd;nd;nd;nd;nd
81;VVPP;ADJD;wettern;28;NZZ_1998_01_05_a123_seg4_s23;27;Full|Psp;Dass Ihre Karriere, die etwas ins Stocken geraten ist, wieder an Fahrt gewinnt, verdanken Sie pikanterweise jenem Verband, gegen den Sie bisher pausenlos gewettert haben .;prozess;frequenziellPROZ;done;;frei;+;+;nd;nd;nd;nd;nd;nd;nd;nd;nd;nd;nd;nd;nd;nd;nd;nd;nd;nd;nd;nd
82;VVFIN;ADJD;anschreien;43;NZZ_1996_07_05_a120_seg6_s5;42;Full|3|Pl|Pres|Ind;Die « Revisor » -Verfilmung des 1958 in Baku geborenen Regisseurs ( und jetzt auch Produzenten ) Sergei Gasarow verwandelt Gogols Provinznest in ein luxuriöses Jagdschloss, in dem ein paar bekannte und befreundete Schauspieler die Rollen völlig überzeichnen und sich pausenlos anschreien : ein Riesengaudi für die Macher und ihren Anhang, eine Zumutung für die Zuschauer .;prozess;frequenziellPROZ;done;;frei;+;+;nd;nd;nd;nd;nd;nd;nd;nd;nd;nd;nd;nd;nd;nd;nd;nd;nd;nd;nd;nd
83;VVFIN;ADJD;wühlen;3;NZZ_1995_07_28_a141_seg4_s34;2;Full|3|Pl|Pres|Ind;Fast pausenlos wühlen seither spektakuläre Gastspiele den Boden auf .;prozess;frequenziellPROZ;done;;frei;+;+;nd;nd;nd;nd;nd;nd;nd;nd;nd;nd;nd;nd;nd;nd;nd;nd;nd;nd;nd;nd
84;VVPP;ADJD;gestehen|stehen;16;NZZ_1995_01_19_a70_seg3_s1;13;Full|Psp;Die Rettungsdienste sind am Mittwoch auf der Suche nach Überlebenden der Erdbebenkatastrophe pausenlos im Einsatz gestanden .;prozess;frequenziellPROZ;done;;frei;+;+;nd;nd;nd;nd;nd;nd;nd;nd;nd;nd;nd;nd;nd;nd;nd;nd;nd;nd;nd;nd
85;VVFIN;ADJD;folgen;38;NZZ_1994_10_08_a127_seg13_s8;36;Full|-2;Wie hier im ersten Akt setzt Janácek auch an das Ende der beiden anderen Akte dramatisch zugespitzte Affekte und beharrt darauf, dass die jeweils zwei Bilder eines Aktes sowie der erste und zweite Akt pausenlos aufeinander folgen .;prozess;frequenziellPROZ;done;;frei;+;+;nd;nd;nd;nd;nd;nd;nd;nd;nd;nd;nd;nd;nd;nd;nd;nd;nd;nd;nd;nd
86;VVFIN;ADJD;laufen;23;NZZ_1998_01_07_a150_seg3_s6;24;Full|3|Sg|Past|Ind;Ségals Stück, das auf einer einleuchtenden Grundkonzeption basiert, die sich indessen für einen ganzen Abend als zuwenig tragfähig erweist, lief pausenlos in einem kunstvoll-unaufgeräumten Bühnenbild von André Acquart ab, das die leise Melancholie der Clownswelt ausstrahlte und in welchem der Regisseur Georges Werler einfallsreich Elemente von Pantomime, Commedia und Marionettenspiel vermischte, ohne indessen Gleichförmigkeit vermeiden zu können .;prozess;frequenziellPROZ;done;;frei;+;+;nd;nd;nd;nd;nd;nd;nd;nd;nd;nd;nd;nd;nd;nd;nd;nd;nd;nd;nd;nd
87;VVINF;ADJD;unterstützen;9;NZZ_1994_11_01_a167_seg3_s15;8;Full|-2;Rund 40 000 Zuschauer werden ihre Mannschaft pausenlos unterstützen, damit der Rückstand vielleicht doch noch aufgeholt werden kann .;prozess;frequenziellPROZ;done;;frei;+;+;nd;nd;nd;nd;nd;nd;nd;nd;nd;nd;nd;nd;nd;nd;nd;nd;nd;nd;nd;nd
88;VVFIN;ADJD;fahren;10;NZZ_1994_01_05_a27_seg10_s9;14;Full|3|Pl|Pres|Ind;Bei Unicef, dem Kinderhilfswerk der Vereinten Nationen, fahren die europäischen Angestellten pausenlos in den ihnen zugeteilten Provinzen Muyinga und Cankuzo von einem Centre de santé zum andern, um die ausgebrochene bakterielle Dysenterie-Epidemie unter Kontrolle zu bringen .;prozess;frequenziellPROZ;done;;frei;+;+;nd;nd;nd;nd;nd;nd;nd;nd;nd;nd;nd;nd;nd;nd;nd;nd;nd;nd;nd;nd
89;VVFIN;ADJD;folgen;7;NZZ_1997_02_14_a214_seg6_s2;8;Full|3|Pl|Past|Ind;Arbeiter besetzten die Betriebe, Demonstrationen folgten pausenlos aufeinander .;prozess;frequenziellPROZ;done;;frei;+;+;nd;nd;nd;nd;nd;nd;nd;nd;nd;nd;nd;nd;nd;nd;nd;nd;nd;nd;nd;nd
90;VVPP;ADJD;zubereiten;28;NZZ_1994_12_02_a158_seg4_s11;27;Full|Psp;Seine feine Komödie ist so sinnlich wie die Leckereien, die der Vater, Meisterkoch in Taipeh, seinen drei ( verschiedene Lebensstile verkörpernden ) Töchtern pausenlos zubereitet - für Kinogänger mit nüchternem Magen eine kleine Leinwand-Qual .;prozess;frequenziellPROZ;done;;frei;+;+;nd;nd;nd;nd;nd;nd;nd;nd;nd;nd;nd;nd;nd;nd;nd;nd;nd;nd;nd;nd
91;VVFIN;ADJD;setzen;17;NZZ_1993_08_16_a109_seg3_s5;19;Full|3|Sg|Pres|Ind;Doch der kürzeste Wettbewerb ruft - so paradox das klingt - nach den längsten Texten, setzt Mundwerke pausenlos in Gang und liefert Worthülsen, die aneinandergereiht Slogans verblüffend selbstbewussten Inhalts ergeben .;prozess;frequenziellPROZ;done;;frei;+;+;nd;nd;nd;nd;nd;nd;nd;nd;nd;nd;nd;nd;nd;nd;nd;nd;nd;nd;nd;nd
92;VVFIN;ADJD;schauen;9;NZZ_1999_12_30_a14_seg7_s7;18;Full|3|Pl|Pres|Ind;Nun sitzen die Wartenden in der Abflughalle und schauen in den Fernsehapparat, in dem mehrere Kanäle pausenlos während 24 Stunden über die Fortschritte und Rückschläge berichten .;prozess;frequenziellPROZ;done;;frei;+;+;nd;nd;nd;nd;nd;nd;nd;nd;nd;nd;nd;nd;nd;nd;nd;nd;nd;nd;nd;nd
93;VVFIN;ADJD;purzeln;25;NZZ_1996_11_09_a119_seg4_s3;24;Full|-2;Sein Heldenstück, von oberster Stelle im Interesse des Machterhalts bestellt, handelt von der Inthronisierung einer nationalen Staatskultur nach altbewährtem Muster : pausenlos purzeln darin Köpfe, fallen Institutionen, straucheln Organisationen .;prozess;frequenziellPROZ;done;;frei;+;+;nd;nd;nd;nd;nd;nd;nd;nd;nd;nd;nd;nd;nd;nd;nd;nd;nd;nd;nd;nd
94;VVPP;ADJD;vorhersagen;11;NZZ_1998_11_06_a130_seg8_s12;10;Full|Psp;Der baldige Tod der klassischen Musik wird in Amerika pausenlos vorhergesagt - angesichts des überalterten Publikums sowie des Verschwindens der Kunstmusik aus den Medien ist der Handlungsbedarf in der Tat gegeben .;prozess;frequenziellPROZ;done;;frei;+;+;nd;nd;nd;nd;nd;nd;nd;nd;nd;nd;nd;nd;nd;nd;nd;nd;nd;nd;nd;nd
95;VVFIN;ADJD;wechseln;4;NZZ_1999_03_22_a143_seg3_s42;3;Full|3|Sg|Pres|Ind;Wer jedoch pausenlos wechselt, läuft Gefahr, dass viele Spieler nie in Form kommen und das Team keine Chance hat, ein Gesicht zu finden .;prozess;frequenziellPROZ;done;;frei;+;+;nd;nd;nd;nd;nd;nd;nd;nd;nd;nd;nd;nd;nd;nd;nd;nd;nd;nd;nd;nd
96;VVFIN;ADJD;reden;8;NZZ_1995_06_03_a125_seg3_s5;7;Full|-2;Reden, ums nackte Überleben, pausenlos reden, um am Leben zu bleiben - die Gänse haben es weiland vor dem Fuchs mit Beten versucht, Schéhérazade vor dem König von Samarkand mit Märchenerzählungen .;prozess;frequenziellPROZ;done;;frei;+;+;nd;nd;nd;nd;nd;nd;nd;nd;nd;nd;nd;nd;nd;nd;nd;nd;nd;nd;nd;nd
97;VVFIN;ADJD;lamentieren;14;NZZ_1999_05_03_a171_seg9_s4;10;Full|3|Sg|Past|Ind;Den Unterbruch verursacht hatte die Gruppe Autonomer, die pausenlos über die Verhaftungen lamentierte und drohte, erst wieder weiterzugehen, wenn die Verhafteten frei seien .;prozess;frequenziellPROZ;done;;frei;+;+;nd;nd;nd;nd;nd;nd;nd;nd;nd;nd;nd;nd;nd;nd;nd;nd;nd;nd;nd;nd
98;VVFIN;ADJD;fahren;14;NZZ_1998_10_10_a237_seg20_s13;13;Full|3|Pl|Pres|Ind;Mit Getöse bahnt sich ein Bagger seinen Weg über die Grasnarbe, pausenlos fahren Lastwagen vor .;prozess;frequenziellPROZ;done;;frei;+;+;nd;nd;nd;nd;nd;nd;nd;nd;nd;nd;nd;nd;nd;nd;nd;nd;nd;nd;nd;nd
99;VVFIN;ADJD;einreden;7;NZZ_1997_04_12_a60_seg3_s7;3;Full|3|Sg|Pres|Ind;Während er pausenlos auf den Berichterstatter einredet, baut er flink das Spielbrett auf und legt einige Plasticbuchstaben auf den Tisch .;prozess;frequenziellPROZ;done;;frei;+;+;nd;nd;nd;nd;nd;nd;nd;nd;nd;nd;nd;nd;nd;nd;nd;nd;nd;nd;nd;nd
100;VVFIN;ADJD;gehen;8;NZZ_1997_09_08_a90_seg5_s29;10;Full|3|Pl|Past|Ind;Hinter ihm, auf der Leinwand, gingen Menschen pausenlos eine Treppe hinunter : offenbar Ausschnitte aus Marthalers gerade geprobter Tschechow-Produktion « Drei Schwestern » .;prozess;frequenziellPROZ;done;;frei;+;+;nd;nd;nd;nd;nd;nd;nd;nd;nd;nd;nd;nd;nd;nd;nd;nd;nd;nd;nd;nd
101;VVPP;ADJD;arbeiten;28;NZZ_1997_09_05_a172_seg7_s2;22;Full|Psp;Nachdem die Kandidatur für die Abhaltung der Olympischen Sommerspiele 2004 vor vier Monaten in die engere Wahl gekommen ist, wird pausenlos an der Perfektionierung des Projekts gearbeitet .;prozess;frequenziellPROZ;done;;frei;+;+;nd;nd;nd;nd;nd;nd;nd;nd;nd;nd;nd;nd;nd;nd;nd;nd;nd;nd;nd;nd
102;VVFIN;ADJD;empfinden;28;NZZ_1995_04_28_a105_seg2_s20;30;Full|3|Pl|Pres|Ind;Die Virtuosen unter den Stresskünstlern bringen es gar fertig, sich auch dann gestresst zu fühlen, wenn sie den ganzen Tag im Schaukelstuhl sitzen : Dann empfinden sie pausenlos all das als Stress, was sie nicht tun .;prozess;frequenziellPROZ;done;;frei;+;+;nd;nd;nd;nd;nd;nd;nd;nd;nd;nd;nd;nd;nd;nd;nd;nd;nd;nd;nd;nd
103;VVFIN;ADJD;--;22;NZZ_1996_09_04_a30_seg6_s2;17;Full|3|Sg|Pres|Ind;Auch ihnen bringt man viel Verständnis entgegen : Wer verlöre nicht die Fassung, wenn er pausenlos bei Krankenkassen und Kantonsärzten ennet der Grenze um Kostengutsprachen nachsuchen müsste und letztlich auf der Rechnung für den längst operierten Patienten sitzenbliebe, weil die Gesetzesexegeten bei Versicherungen und Kantonen aus den Paragraphen nur eine Zahlungspflicht des jeweils anderen abzuleiten vermögen und der inzwischen Genesene und jahrelange Prämienzahler auch nicht zum eigenen Portemonnaie greifen will ?;nd;nd;not of interest;ungrammatisch;;nd;nd;nd;nd;nd;nd;nd;nd;nd;nd;nd;nd;nd;nd;nd;nd;nd;nd;nd;nd;nd;nd
104;VVFIN;ADJD;bewegen;9;NZZ_1997_03_15_a217_seg4_s14;8;Full|3|Sg|Pres|Ind;Obschon sich im Moloch der Stadt alles pausenlos bewegt, geschieht doch kaum etwas .;prozess;frequenziellPROZ;done;;frei;+;+;nd;nd;nd;nd;nd;nd;nd;nd;nd;nd;nd;nd;nd;nd;nd;nd;nd;nd;nd;nd
105;VVFIN;ADJD;spielen;9;NZZ_1995_09_11_a137_seg6_s6;13;Full|3|Sg|Past|Ind;Der Favorit schuf sich Chance um Chance, spielte 90 Minuten fast pausenlos nach vorne und baute auch tempomässig erst nach einer Stunde etwas ab .;prozess;frequenziellPROZ;done;;frei;+;+;nd;nd;nd;nd;nd;nd;nd;nd;nd;nd;nd;nd;nd;nd;nd;nd;nd;nd;nd;nd
106;VVFIN;ADJD;vorantreiben;34;NZZ_1997_10_14_a183_seg5_s6;31;Full|3|Pl|Pres|Ind;Sein erster Roman, « Kleine Schule des Karussellfahrens », ist ein grosses Kompendium von sprachlichen Kunststücken, die aber nicht nur künsteln und sich selbst gefallen, sondern pausenlos eine Erzählung vorantreiben, eine skurrile Fabel und zugleich eine atemberaubend gewöhnliche Geschichte : über die brünstige Schale und das verkaterte Herz eines jungen Mannes im flauen Sommer 1989 .;prozess;frequenziellPROZ;done;;frei;+;+;nd;nd;nd;nd;nd;nd;nd;nd;nd;nd;nd;nd;nd;nd;nd;nd;nd;nd;nd;nd
107;VVINF;ADJD;ändern;13;NZZ_1996_05_03_a193_seg7_s12;12;Full|-2;Fasel ist auch klar, dass man diesen aus Imagegründen nicht pausenlos ändern sollte .;prozess;frequenziellPROZ;done;;frei;+;+;nd;nd;nd;nd;nd;nd;nd;nd;nd;nd;nd;nd;nd;nd;nd;nd;nd;nd;nd;nd
108;VVINF;ADJD;trinken;10;NZZ_1994_06_13_a222_seg20_s5;7;Full|-2;Ohne Zweifel werden aber die Spieler pausenlos sehr viel trinken müssen .;prozess;frequenziellPROZ;done;;frei;+;+;nd;nd;nd;nd;nd;nd;nd;nd;nd;nd;nd;nd;nd;nd;nd;nd;nd;nd;nd;nd
109;VVFIN;ADJD;öffnen;72;NZZ_1999_08_21_a155_seg4_s34;70;Full|3|Sg|Pres|Ind;In der Stuttgarter Version der Ausstellung fungierte der Beuys-Saal als eine Art Zäsur in der Reihe der Trockel-Säle - und liess einen wohl nicht völlig abwegigen Vergleich zu : Nicht nur erinnern Wolle und Ei ein wenig an Filz und Fett, auch wird die Künstlerin - ähnlich wie Beuys - in dieser Ausstellung als genialische Instanz inszeniert, die - um mit Gudrun Inboden zu sprechen - « pausenlos Sinnketten öffnet und die losen Glieder mit anderen frei kombiniert » .;prozess;frequenziellPROZ;done;;frei;+;+;nd;nd;nd;nd;nd;nd;nd;nd;nd;nd;nd;nd;nd;nd;nd;nd;nd;nd;nd;nd
110;VVPP;ADJD;klingeln;8;NZZ_1998_08_24_a49_seg3_s20;7;Full|Psp;Das Telefon habe die ganze Woche pausenlos geklingelt, sagte Daniel Arnold von der Medienstelle der Stadt Luzern .;prozess;frequenziellPROZ;done;;frei;+;+;nd;nd;nd;nd;nd;nd;nd;nd;nd;nd;nd;nd;nd;nd;nd;nd;nd;nd;nd;nd
111;VVFIN;ADJD;erzählt;26;NZZ_1994_10_10_a83_seg3_s5;25;Pos|Nom|Sg|Fem;Man befindet sich im dritten Akt nämlich keineswegs an einem neuen, ruinenartigen Schauplatz, sondern noch immer dort, wo die unheilvolle, pausenlos erzählte Geschichte ihren Anfang genommen hat : im Park am Steilufer der Wolga, auf dem glatten, mit Falltüren durchsetzten Gesellschaftsparkett der Handelsstadt Kalinow, im Hause Kabanov oder eben in der Hölle .;nd;nd;not of interest;ModADJ;frei;nd;nd;nd;nd;nd;nd;nd;nd;nd;nd;nd;nd;nd;nd;nd;nd;nd;nd;nd;nd;nd;nd
112;VVFIN;ADJD;befinden;2;NZZ_1994_11_26_a185_seg5_s11;15;Full|3|Pl|Past|Ind;So befanden sich die Sittener Verteidiger, besonders in der ersten Halbzeit, fast pausenlos auf Positionssuche .;prozess;frequenziellPROZ;done;;frei;+;+;nd;nd;nd;nd;nd;nd;nd;nd;nd;nd;nd;nd;nd;nd;nd;nd;nd;nd;nd;nd
113;VVPP;ADJD;zwingen;32;NZZ_1997_09_13_a188_seg3_s4;28;Full|Psp;Der Gastklub hatte in dieser Phase resolut die Initiative ergriffen und den Gegner, der seit der 26. Minute 1 : 0 in Vorsprung gelegen hatte, pausenlos in die Defensive gezwungen .;prozess;frequenziellPROZ;done;;frei;+;+;nd;nd;nd;nd;nd;nd;nd;nd;nd;nd;nd;nd;nd;nd;nd;nd;nd;nd;nd;nd
114;VVPP;ADJD;unterstützen;11;NZZ_1994_05_20_a1_seg6_s2;8;Full|3|Sg|Pres|Ind;Die Luftwaffe, welche seit Tagen fast pausenlos die Bodentruppen unterstützt, dürfte unter dem Mangel an Ersatzteilen und Überholungsarbeiten für die Flugzeuge leiden .;prozess;frequenziellPROZ;done;;frei;+;+;nd;nd;nd;nd;nd;nd;nd;nd;nd;nd;nd;nd;nd;nd;nd;nd;nd;nd;nd;nd
115;VVPP;ADJD;setzen;16;NZZ_1999_07_07_a185_seg18_s5;13;Full|Psp;"Trainer Enzo Trossero, von den italienischen Machthabern in den letzten Wochen pausenlos unter Druck gesetzt, musste bereits am Montag mit seiner Entlassung die Konsequenzen gezogen ; sein Nachfolger muss sich erst zurechtfinden .";prozess;frequenziellPROZ;done;;frei;+;+;nd;nd;nd;nd;nd;nd;nd;nd;nd;nd;nd;nd;nd;nd;nd;nd;nd;nd;nd;nd
116;VVFIN;ADJD;anpflaumen;36;NZZ_1999_10_12_a176_seg3_s19;33;Full|3|Sg|Pres|Ind;Denn wie soll man sich als Sportjournalist je sicher sein, ob der Spieler X da unten, welcher gerade dutzendweise Chancen versiebt oder plötzlich einen fatalen Hang zu Eigentoren zeigt oder pausenlos den Schiedsrichter anpflaumt oder bei jeder Gelegenheit seinen Gegenspieler anspuckt - wie soll man wissen, ob sich dieser Mann da unten nicht möglicherweise nur deshalb so schimpflich aufführt, weil er das eine oder andere Problem im Privatbereich hat, aber vielleicht noch keine Zeit hatte oder sich noch nicht entschliessen konnte, eine entsprechende Meldung zu verfassen ?;prozess;frequenziellPROZ;done;;frei;+;+;nd;nd;nd;nd;nd;nd;nd;nd;nd;nd;nd;nd;nd;nd;nd;nd;nd;nd;nd;nd
117;VVPP;ADJD;einsetzen;24;NZZ_1999_06_29_a173_seg3_s2;22;Full|Psp;Im Geschäftsbericht der ZSG wird ausgeführt, dass das Motorschiff « Pfannenstiel » nach der Jungfernfahrt vom 8. April « fast pausenlos » eingesetzt worden sei .;prozess;frequenziellPROZ;done;;frei;+;+;nd;nd;nd;nd;nd;nd;nd;nd;nd;nd;nd;nd;nd;nd;nd;nd;nd;nd;nd;nd
118;VVINF;ADJD;rauchen;38;NZZ_1996_12_23_a92_seg3_s26;37;Full|-2;Das Häuflein der ( vom Verfall ) « Gezeichneten » oder wenigstens schon « Vorgezeichneten », drei Damen und vier Herren im Schmink-, Toupier- und gediegenen Kostümstil der bürgerlichen Sechziger, die im übrigen pausenlos rauchen werden, erntet natürlich erst einmal das kalkulierte Schmunzeln und Kichern aus zeitlicher Distanz .;prozess;frequenziellPROZ;done;;frei;+;+;nd;nd;nd;nd;nd;nd;nd;nd;nd;nd;nd;nd;nd;nd;nd;nd;nd;nd;nd;nd
119;VVFIN;ADJD;hinweisen;34;NZZ_1996_01_22_a96_seg3_s1;28;Full|3|Sg|Pres|Ind;Wolfgang Schwitter, die todkranke Hauptperson in Friedrich Dürrenmatts « Meteor », entzieht sich in seinem Tun und Lassen und Sein jeglicher Beurteilung, indem er pausenlos auf sein unmittelbar bevorstehendes Sterben hinweist .;prozess;frequenziellPROZ;done;;frei;+;+;nd;nd;nd;nd;nd;nd;nd;nd;nd;nd;nd;nd;nd;nd;nd;nd;nd;nd;nd;nd
120;VVFIN;ADJD;strahlen;8;NZZ_1999_02_18_a2_seg4_s2;12;Full|3|Pl|Pres|Ind;Istanbul, 17. Februar Seit Mittwoch mittag strahlen die türkischen Fernsehsender pausenlos einen kurzen Film aus, auf dem die Überführung des Kurdenführers Öcalan in die Türkei zu verfolgen ist .;prozess;frequenziellPROZ;done;;frei;+;+;nd;nd;nd;nd;nd;nd;nd;nd;nd;nd;nd;nd;nd;nd;nd;nd;nd;nd;nd;nd
121;VVFIN;ADJD;bringen;48;NZZ_1999_09_04_a21_seg6_s4;45;Full|3|Pl|Past|Ind;Wenn sie im voraus ihren Niedergang beklagen, dann sollten die Sozialdemokraten in den Städten und Gemeinden des Landes allerdings zuerst ihre lokalen Pannen, Affären und Skandälchen im Auge behalten, die die grosse Traditionspartei zwischen Rhein und Weser in den letzten Monaten pausenlos in Misskredit brachten .;prozess;frequenziellPROZ;done;;frei;+;+;nd;nd;nd;nd;nd;nd;nd;nd;nd;nd;nd;nd;nd;nd;nd;nd;nd;nd;nd;nd
122;VVFIN;ADJD;hämmern;8;NZZ_1999_09_04_a20_seg13_s10;7;Full|3|Sg|Pres|Ind;Hier das moderne China, das pausenlos hämmert und klopft, das Bauten in Rekordzeit hochzieht und sich vor Diensteifer fast überschlägt .;prozess;frequenziellPROZ;done;;frei;+;+;nd;nd;nd;nd;nd;nd;nd;nd;nd;nd;nd;nd;nd;nd;nd;nd;nd;nd;nd;nd
123;VVFIN;ADJD;setzen;14;NZZ_1993_12_01_a89_seg3_s18;19;Full|3|Pl|Past|Ind;Mit einer schnellen Angriffsauslösung und immer wieder aufs neue verblüffendem Kombinationssinn und -sicherheit setzten sie den überforderten Gegner pausenlos unter Druck .;prozess;frequenziellPROZ;done;;frei;+;+;nd;nd;nd;nd;nd;nd;nd;nd;nd;nd;nd;nd;nd;nd;nd;nd;nd;nd;nd;nd
124;VVINF;ADJD;lernen;21;NZZ_1995_08_10_a143_seg2_s13;22;Full|3|Pl|Pres|Ind;« Die Spieler verhalten sich manchmal noch etwas naiv und können innert fünf Minuten drei Treffer einfangen, aber sie lernen pausenlos dazu . »;prozess;frequenziellPROZ;done;;frei;+;+;nd;nd;nd;nd;nd;nd;nd;nd;nd;nd;nd;nd;nd;nd;nd;nd;nd;nd;nd;nd
125;VVPP;ADJD;weitergehen;10;NZZ_1995_12_27_a37_seg3_s6;9;Full|Psp;Der Informationschef sagte, die Nato-Überflüge seien aber pausenlos weitergegangen und würden fortgesetzt .;prozess;frequenziellPROZ;done;;frei;+;+;nd;nd;nd;nd;nd;nd;nd;nd;nd;nd;nd;nd;nd;nd;nd;nd;nd;nd;nd;nd
126;VVFIN;ADJD;agieren;4;NZZ_1998_03_25_a196_seg4_s10;6;Full|3|Pl|Past|Ind;Vier Zuger Angriffsformationen agierten ebenso pausenlos wie konzeptlos im Vorwärtsgang und vergassen dabei, dass Ambri die beste Kontermannschaft der Liga ist .;prozess;rein;done;Vergleich;;+;nd;+;+;nd;nd;nd;nd;nd;nd;nd;nd;nd;nd;nd;nd;nd;nd;nd;nd;nd;nd
127;VVFIN;ADJD;fahren;16;NZZ_1993_07_31_a150_seg2_s41;15;Full|3|Pl|Pres|Ind;"Der Detaillistenschwarzmarkt wenige hundert Meter neben der Zollbrücke aber blüht noch immer ; fast pausenlos fahren Autos die Waldstrasse hinab, und über einen schmalen Steg werden in metallenen Einkaufsrollis Alkoholika über den Wasserlauf nach Frankreich gekarrt .";prozess;frequenziellPROZ;done;;frei;+;+;nd;nd;nd;nd;nd;nd;nd;nd;nd;nd;nd;nd;nd;nd;nd;nd;nd;nd;nd;nd
128;VVFIN;ADJD;legen;13;NZZ_1998_11_03_a201_seg5_s48;14;Full|3|Pl|Pres|Ind;Die Spieler sind offensichtlich läuferisch, stocktechnisch und taktisch hervorragend ausgebildet, legen pausenlos ein hohes Tempo vor und stecken Körperchargen ohne Aufhebens ein .;prozess;frequenziellPROZ;done;;frei;+;+;nd;nd;nd;nd;nd;nd;nd;nd;nd;nd;nd;nd;nd;nd;nd;nd;nd;nd;nd;nd
129;VVINF;ADJD;eilen;18;NZZ_1999_11_05_a277_seg3_s4;13;Full|-2;Allein schon in London kann der Besucher in den nächsten Tagen fast pausenlos von Veranstaltung zu Veranstaltung eilen .;prozess;frequenziellPROZ;done;;frei;+;+;nd;nd;nd;nd;nd;nd;nd;nd;nd;nd;nd;nd;nd;nd;nd;nd;nd;nd;nd;nd
130;VVPP;ADJD;feiern;16;NZZ_1995_03_15_a175_seg5_s3;13;Full|Psp;"Kommt dazu der hektische Betrieb im Old Fort William, wo fast pausenlos irgendwelche WM-Parties gefeiert werden ; kommt dazu der Kalorienbedarf des 70köpfigen Fernsehteams von CTV/TSN ; kommt dazu das Catering für sämtliche WM-Anlagen, vom Lachsbrötchen in den VIP-Zelten bis zum Zaubertrank auf dem Sprungturm .";prozess;frequenziellPROZ;done;;frei;+;+;nd;nd;nd;nd;nd;nd;nd;nd;nd;nd;nd;nd;nd;nd;nd;nd;nd;nd;nd;nd
131;VVPP;ADJD;notieren;10;NZZ_1998_10_09_a211_seg10_s3;8;Full|Psp;Über all seine Mittelschuljahre hinweg hatte er pausenlos Gedanken notiert und Zeitungsausschnitte gesammelt .;prozess;frequenziellPROZ;done;;frei;+;+;nd;nd;nd;nd;nd;nd;nd;nd;nd;nd;nd;nd;nd;nd;nd;nd;nd;nd;nd;nd
132;VVINF;ADJD;tratschen;13;NZZ_1997_03_15_a164_seg3_s41;12;Full|-2;Denn das ist die Moral von der Geschichte : Niemand kann pausenlos tratschen und verletzten im Glauben, vor sich und der Welt heil davonzukommen .;prozess;frequenziellPROZ;done;;frei;+;+;nd;nd;nd;nd;nd;nd;nd;nd;nd;nd;nd;nd;nd;nd;nd;nd;nd;nd;nd;nd
133;VVFIN;ADJD;stehen;6;NZZ_1999_05_14_a188_seg7_s9;12;Full|3|Sg|Past|Ind;Ab Mittwoch um 5 Uhr stand die Berufsfeuerwehr der Stadt Zürich pausenlos im Einsatz .;prozess;frequenziellPROZ;done;;frei;+;+;nd;nd;nd;nd;nd;nd;nd;nd;nd;nd;nd;nd;nd;nd;nd;nd;nd;nd;nd;nd
134;VVFIN;ADJD;führen;21;NZZ_1997_09_27_a38_seg6_s2;18;Full|3|Pl|Past|Ind;Dies wurde in den ersten Jahrzehnten der modernen Schweiz nach 1848 deutlich, als aussenpolitische Probleme beinahe pausenlos zu Spannungen führten : Flüchtlingsfragen, Auflösung der Schweizer Regimenter in päpstlichen oder neapolitanischen Diensten, die Neuenburger Angelegenheit von 1856/57 samt ihrer patriotischen Aufwallung, der Savoyer Handel von 1859/60 mit der Hoffnung mancher Schweizer auf einen territorialen Gewinn, nämlich die Angliederung von nordsavoyischen, in der Neutralitätszone eingeschlossenen Gebieten .;prozess;frequenziellPROZ;done;;frei;+;+;nd;nd;nd;nd;nd;nd;nd;nd;nd;nd;nd;nd;nd;nd;nd;nd;nd;nd;nd;nd
135;VVFIN;ADJD;halten;2;NZZ_1999_01_12_a13_seg8_s3;11;Full|3|Pl|Pres|Ind;Tatsächlich halten militante Protestanten und Anhänger des protestantischen Oranier-Ordens fast pausenlos Protestkundgebungen rings um die katholische Enklave der Stadt ab, um den Durchmarsch jener Parade, die im vergangenen Juli gestoppt worden war, doch noch zu ertrotzen .;prozess;frequenziellPROZ;done;;frei;+;+;nd;nd;nd;nd;nd;nd;nd;nd;nd;nd;nd;nd;nd;nd;nd;nd;nd;nd;nd;nd
136;VVFIN;ADJD;führen;14;NZZ_1997_01_18_a199_seg1_s6;16;Full|3|Sg|Pres|Ind;Die Fahrt auf dem 26 km langen Parcours von der Lauberhornschulter nach Innerwengen führt beinahe pausenlos an massiv verankerten Fangnetzen vor Draht- und Holzzäunen vorbei .;prozess;frequenziellPROZ;done;;frei;+;+;nd;nd;nd;nd;nd;nd;nd;nd;nd;nd;nd;nd;nd;nd;nd;nd;nd;nd;nd;nd
137;VMFIN;ADJD;wollen;5;NZZ_1999_12_24_a44_seg2_s10;3;Mod|3|Sg|Pres|Ind;« Fast pausenlos » will besagen, dass er « nebenbei » noch Zeit fand, ein profunder Kenner von Kunst und Künstlern zu werden, unter anderem die Berner Kunsthalle zu präsidieren und « mit Gott und der Welt » in kreativer Verbindung zu stehen .;nd;nd;not of interest;Objektsprache;;nd;nd;nd;nd;nd;nd;nd;nd;nd;nd;nd;nd;nd;nd;nd;nd;nd;nd;nd;nd;nd;nd
138;VVPP;ADJD;beschießen;27;NZZ_1999_12_27_a2_seg4_s9;18;Full|Psp;Den Hauptharst der Angreifer stellen aber offenbar Sondereinheiten des russischen Innenministeriums, während Artillerie und Luftwaffe beinahe pausenlos die bereits im letzten Krieg stark zerstörte Stadt beschossen .;prozess;frequenziellPROZ;done;;frei;+;+;nd;nd;nd;nd;nd;nd;nd;nd;nd;nd;nd;nd;nd;nd;nd;nd;nd;nd;nd;nd
139;VVINF;ADJD;erwidern;19;NZZ_1995_07_10_a25_seg10_s7;17;Full|-2;Das Gespräch in einem Hotel von Nagasaki kommt nur stockend voran, weil der alte Bürgermeister pausenlos Bücklinge erwidern muss .;prozess;frequenziellPROZ;done;;frei;+;+;nd;nd;nd;nd;nd;nd;nd;nd;nd;nd;nd;nd;nd;nd;nd;nd;nd;nd;nd;nd
140;VVFIN;ADJD;stehen;9;NZZ_1997_07_12_a53_seg4_s10;10;Full|3|Pl|Past|Ind;Zwölf Ortsfeuerwehren mit über 100 Frauen und Männern standen pausenlos im Einsatz .;prozess;frequenziellPROZ;done;;frei;+;+;nd;nd;nd;nd;nd;nd;nd;nd;nd;nd;nd;nd;nd;nd;nd;nd;nd;nd;nd;nd
141;VVFIN;ADJD;wechseln;4;NZZ_1999_09_13_a163_seg3_s29;3;Full|3|Sg|Pres|Ind;Denn wer pausenlos wechselt, wird nie Stilsicherheit und Stabilität in die Equipe bringen .;prozess;frequenziellPROZ;done;;frei;+;+;nd;nd;nd;nd;nd;nd;nd;nd;nd;nd;nd;nd;nd;nd;nd;nd;nd;nd;nd;nd
142;VVINF;ADJD;halten;18;NZZ_1995_06_06_a80_seg3_s34;14;Full|-2;Jagger versucht mit wechselndem Erfolg, die 35 000 Leute zu seinen Füssen pausenlos auf Trab zu halten .;prozess;frequenziellPROZ;done;;frei;+;+;nd;nd;nd;nd;nd;nd;nd;nd;nd;nd;nd;nd;nd;nd;nd;nd;nd;nd;nd;nd
143;VVFIN;ADJD;stehen;6;NZZ_1999_12_27_a41_seg3_s3;8;Full|3|Pl|Past|Ind;Die Polizei und die Feuerwehr standen fast pausenlos in der Kapitale und in zahlreichen Orten im Einsatz, um zu helfen und um Schaden zu mindern .;prozess;frequenziellPROZ;done;;frei;+;+;nd;nd;nd;nd;nd;nd;nd;nd;nd;nd;nd;nd;nd;nd;nd;nd;nd;nd;nd;nd
144;VVPP;ADJD;begrüßen;4;NZZ_1996_07_04_a70_seg3_s2;3;Full|Psp;Da wird pausenlos begrüsst, gewürdigt, verpflegt, geklatscht, getuschelt, übersetzt, notiert und vergessen .;prozess;frequenziellPROZ;done;;frei;+;+;nd;nd;nd;nd;nd;nd;nd;nd;nd;nd;nd;nd;nd;nd;nd;nd;nd;nd;nd;nd
145;VVINF;ADJD;bewegen;21;NZZ_1995_05_02_a182_seg7_s6;20;Full|3|Pl|Pres|Ind;Es wäre der erste Titel für diese Auswahl, die so beeindruckend offensiv ausgerichtet ist, deren Blöcke sich pausenlos bewegen und Gegner und Anhänger ( und manchmal auch die Mitspieler ) schwindlig kombinieren .;prozess;frequenziellPROZ;done;;frei;+;+;nd;nd;nd;nd;nd;nd;nd;nd;nd;nd;nd;nd;nd;nd;nd;nd;nd;nd;nd;nd
146;VVFIN;ADJD;tagen;3;NZZ_1997_01_14_a8_seg6_s2;4;Full|3|Pl|Past|Ind;Die Verhandlungsdelegationen tagten pausenlos in einem Luxushotel in Jerusalem, und die Telefone in Jerusalem, Kairo, Washington und Amman klingelten andauernd .;prozess;frequenziellPROZ;done;;frei;+;+;nd;nd;nd;nd;nd;nd;nd;nd;nd;nd;nd;nd;nd;nd;nd;nd;nd;nd;nd;nd
147;VVFIN;ADJD;offenbaren;11;NZZ_1994_03_07_a103_seg3_s17;7;Full|3|Sg|Past|Ind;Um so mehr, als sie pausenlos Stellungsfehler und Abstimmungsprobleme offenbarte, einen zunehmend nervöseren Eindruck hinterliess und immer wieder aufs neue überlaufen wurde .;prozess;frequenziellPROZ;done;;frei;+;+;nd;nd;nd;nd;nd;nd;nd;nd;nd;nd;nd;nd;nd;nd;nd;nd;nd;nd;nd;nd
148;VVPP;ADJD;hämmern;12;NZZ_1997_06_16_a156_seg5_s5;11;Full|Psp;Die Schweizer Bahnen sollten, wie die Propaganda der Befürworter pausenlos eingehämmert hatte, in Zukunft dem Schweizervolk gehören .;prozess;frequenziellPROZ;done;;frei;+;+;nd;nd;nd;nd;nd;nd;nd;nd;nd;nd;nd;nd;nd;nd;nd;nd;nd;nd;nd;nd
149;VVINF;ADJD;trinken;34;NZZ_1999_12_04_a138_seg5_s53;31;Full|-2;Es geht um « die grossen, ernsten Anliegen der Menschen », Weiber, Bier trinken, Drogen rauchen ( Moritz von Uslar ), überhaupt darum, möglichst pausenlos Alkohol zu trinken, am besten umsonst, und « hier heute abend ein wenig Spass ( zu ) haben » ( Eckhart Nickel ) .;prozess;frequenziellPROZ;done;;frei;+;+;nd;nd;nd;nd;nd;nd;nd;nd;nd;nd;nd;nd;nd;nd;nd;nd;nd;nd;nd;nd
150;VVFIN;ADJD;stehen;11;NZZ_1999_12_24_a44_seg2_s9;13;Full|3|Sg|Past|Ind;Allein, hinter all der spielerischen und oft ironischen Brillanz stand fast pausenlos eine harte und disziplinierte Arbeit, die dem ( letztlich politischen ) Phänomen Jolles ermöglichte, die Materie vollends zu beherrschen, was unabdingbare Voraussetzung des guten Negoziators ist .;prozess;frequenziellPROZ;done;;frei;+;+;nd;nd;nd;nd;nd;nd;nd;nd;nd;nd;nd;nd;nd;nd;nd;nd;nd;nd;nd;nd
151;VVFIN;ADJD;kreisen;4;NZZ_1995_09_09_a61_seg5_s8;9;Full|3|Pl|Past|Ind;Während des Tages kreisten die Helikopter der Fernsehstationen pausenlos über den drei Ausgrabungsstätten, als ob es eine archäologische Weltsensation zu berichten gäbe .;prozess;frequenziellPROZ;done;;frei;+;+;nd;nd;nd;nd;nd;nd;nd;nd;nd;nd;nd;nd;nd;nd;nd;nd;nd;nd;nd;nd
152;VVPP;ADJD;halten;15;NZZ_1994_09_28_a167_seg3_s22;12;Full|Psp;Es war zwar beileibe nicht so, dass Limassol die Sittener pausenlos in Atem gehalten hätte, die Gastspieler erreichten aber in der ersten Halbzeit mindestens gleich viele Torchancen wie der Gegner .;prozess;frequenziellPROZ;done;;frei;+;+;nd;nd;nd;nd;nd;nd;nd;nd;nd;nd;nd;nd;nd;nd;nd;nd;nd;nd;nd;nd
153;VVPP;ADJD;durchgeben;17;NZZ_1995_02_09_a195_seg4_s2;11;Full|Psp;Über Lautsprecher, die in Baumkronen angebracht sind, werden pausenlos Anweisungen zur Verhütung von Unfällen durchgegeben und Namen von Kindern ausgerufen, die im Gedränge ihre Eltern verloren .;prozess;frequenziellPROZ;done;;frei;+;+;nd;nd;nd;nd;nd;nd;nd;nd;nd;nd;nd;nd;nd;nd;nd;nd;nd;nd;nd;nd
154;VVFIN;ADJD;legen;16;NZZ_1995_08_19_a154_seg3_s11;18;Full|3|Sg|Pres|Ind;Angestachelt durch eine während des Aufenthalts hinter Gittern bis auf den Siedepunkt gesteigerte Wut, legt er pausenlos drohendes Gebaren an den Tag .;prozess;frequenziellPROZ;done;;frei;+;+;nd;nd;nd;nd;nd;nd;nd;nd;nd;nd;nd;nd;nd;nd;nd;nd;nd;nd;nd;nd
155;VVFIN;ADJD;verfassen;13;NZZ_1995_07_08_a194_seg6_s3;12;Full|3|Sg|Past|Ind;Ihr Ehrgeiz war formidabel, aber die Erzählungen, die sie pausenlos verfasste und an Magazine wie « Vanity Fair » schickte, brachten nur ablehnende Reaktionen .;prozess;frequenziellPROZ;done;;frei;+;+;nd;nd;nd;nd;nd;nd;nd;nd;nd;nd;nd;nd;nd;nd;nd;nd;nd;nd;nd;nd
156;VVFIN;ADJD;stehen;5;NZZ_1996_02_09_a47_seg3_s13;6;Full|3|Pl|Past|Ind;Feuerwehr und andere Rettungskräfte standen pausenlos im Einsatz .;prozess;frequenziellPROZ;done;;frei;+;+;nd;nd;nd;nd;nd;nd;nd;nd;nd;nd;nd;nd;nd;nd;nd;nd;nd;nd;nd;nd
157;VVINF;ADJD;treiben;4;NZZ_1996_07_27_a111_seg5_s14;3;Full|-2;Wer sich pausenlos treiben lässt, sieht alles und nichts richtig .;prozess;frequenziellPROZ;done;;frei;+;+;nd;nd;nd;nd;nd;nd;nd;nd;nd;nd;nd;nd;nd;nd;nd;nd;nd;nd;nd;nd
158;VVFIN;ADJD;bringen;10;NZZ_1993_08_30_a107_seg3_s17;6;Full|3|Sg|Past|Ind;Als freier Verteidiger war dieser pausenlos auf Positionssuche, brachte seiner Mannschaft weder in offensiver noch in defensiver Hinsicht etwas .;prozess;frequenziellPROZ;done;;frei;+;+;nd;nd;nd;nd;nd;nd;nd;nd;nd;nd;nd;nd;nd;nd;nd;nd;nd;nd;nd;nd
159;VVINF;ADJD;bemühen;34;NZZ_1997_03_22_a57_seg12_s2;32;Full|-2;Die verschiedenen Gebiete Binnenmarkt, europäische Integration und multilaterale Dimension stellen nicht ein Menu à la carte dar, sondern haben kumulativen Charakter : Wir haben uns in all diesen Bereichen pausenlos zu bemühen und anzustrengen .;prozess;frequenziellPROZ;done;;frei;+;+;nd;nd;nd;nd;nd;nd;nd;nd;nd;nd;nd;nd;nd;nd;nd;nd;nd;nd;nd;nd
160;VVFIN;ADJD;fabrizieren;2;NZZ_1994_10_13_a143_seg7_s8;18;Full|3|Sg|Past|Ind;Entsprechend fabrizierte die Gastequipe während der ersten halben Stunde unter der Tempogestaltung des Parma-Strategen Tomas Brolin praktisch pausenlos Lehrbuchfussball .;prozess;frequenziellPROZ;done;;frei;+;+;nd;nd;nd;nd;nd;nd;nd;nd;nd;nd;nd;nd;nd;nd;nd;nd;nd;nd;nd;nd
161;VVPP;ADJD;zubereiten;28;NZZ_1994_11_18_a171_seg3_s4;27;Full|Psp;Seine feine Komödie ist so sinnlich wie die Leckereien, die der Vater, Meisterkoch in Taipeh, seinen drei ( verschiedene Lebensstile verkörpernden Töchtern ) pausenlos zubereitet - für Kinogeher mit nüchternem Magen eine kleine Leinwand-Qual .;prozess;frequenziellPROZ;done;;frei;+;+;nd;nd;nd;nd;nd;nd;nd;nd;nd;nd;nd;nd;nd;nd;nd;nd;nd;nd;nd;nd
162;VVFIN;ADJD;einhämmern;20;NZZ_1999_11_10_a86_seg4_s2;19;Full|3|Sg|Past|Ind;Und mittlerweile gibt es wohl auch kaum mehr einen führenden Unternehmensberater oder Investment-Bankier, der seinen Klienten nicht pausenlos einhämmerte, dass sich der elektronische Handel in den nächsten Jahren mit atemberaubendem Tempo ausbreiten, gemäss verschiedenen Prognosen schon in ein paar Jahren die Marke eines Jahresumsatzes von 1000 Mrd. $ übersteigen und zu einer schonungslosen Umkrempelung bisheriger Geschäftspraktiken führen werde .;prozess;frequenziellPROZ;done;;frei;+;+;nd;nd;nd;nd;nd;nd;nd;nd;nd;nd;nd;nd;nd;nd;nd;nd;nd;nd;nd;nd
163;VVFIN;ADJD;klingeln;11;NZZ_1997_11_20_a150_seg4_s3;15;Full|3|Sg|Past|Ind;Im Büro der beiden Flughafenseelsorger Walter Meier und Claudio Cimaschi klingelte am Morgen fast pausenlos das Telefon .;prozess;frequenziellPROZ;done;;frei;+;+;nd;nd;nd;nd;nd;nd;nd;nd;nd;nd;nd;nd;nd;nd;nd;nd;nd;nd;nd;nd
164;VVFIN;ADJD;setzen;10;NZZ_1997_01_30_a171_seg4_s29;17;Full|3|Sg|Past|Ind;Mit ganz wenigen Ausnahmen - Ausscheren von LdU/EVP - setzte sich die « nichtlinke » Mehrheit pausenlos durch, was auf der Seite der Linken zu einer aggressiven Gereiztheit führte, die sich mit unhöflichen Angriffen auf die Person der bürgerlichen Sprecher statt auf die Sache Luft machte, am Resultat aber nichts zu ändern vermochte .;prozess;frequenziellPROZ;done;;frei;+;+;nd;nd;nd;nd;nd;nd;nd;nd;nd;nd;nd;nd;nd;nd;nd;nd;nd;nd;nd;nd
165;VVINF;ADJD;forcieren;23;NZZ_1994_09_15_a156_seg3_s6;21;Full|-2;Das wohl jüngste Team in der Champions League, Ajax Amsterdam, blieb dem Ruf, die Offensive nach Möglichkeit pausenlos zu forcieren, schon auf Grund der Aufstellung wenig schuldig .;prozess;frequenziellPROZ;done;;frei;+;+;nd;nd;nd;nd;nd;nd;nd;nd;nd;nd;nd;nd;nd;nd;nd;nd;nd;nd;nd;nd
166;VVPP;ADJD;telefonieren;13;NZZ_1996_12_11_a190_seg4_s99;12;Full|Psp;Es stört mich beispielsweise, wenn im Zug oder im Restaurant pausenlos herumtelefoniert wird .;prozess;frequenziellPROZ;done;;frei;+;+;nd;nd;nd;nd;nd;nd;nd;nd;nd;nd;nd;nd;nd;nd;nd;nd;nd;nd;nd;nd
167;VVFIN;ADJD;patrouillieren;28;NZZ_1998_09_16_a1_seg7_s8;29;Full|3|Pl|Past|Ind;Der Skanderbeg-Platz war von der Polizei zeitweise abgesperrt, im Regierungsviertel waren Panzerfahrzeuge der Nationalgarde postiert, die Sicherheitskräfte - offenbar nun doch fest in Regierungshand - patrouillierten pausenlos auf dem Boulevard der Helden der Nation und andern Strassen des Zentrums .;prozess;frequenziellPROZ;done;;frei;+;+;nd;nd;nd;nd;nd;nd;nd;nd;nd;nd;nd;nd;nd;nd;nd;nd;nd;nd;nd;nd
168;VVFIN;ADJD;diktieren;16;NZZ_1996_06_21_a213_seg6_s4;12;Full|3|Pl|Past|Ind;Ebenso imponierend schliesslich das Tempo, das sie den Deutschen fast pausenlos über 90 Minuten diktierten, aber das Glück wollte sich nicht zum Willen und Kraftaufwand gesellen .;prozess;frequenziellPROZ;done;;frei;+;+;nd;nd;nd;nd;nd;nd;nd;nd;nd;nd;nd;nd;nd;nd;nd;nd;nd;nd;nd;nd
169;VVPP;ADJD;zubereiten;28;NZZ_1994_11_25_a179_seg5_s4;27;Full|Psp;Seine feine Komödie ist so sinnlich wie die Leckereien, die der Vater, Meisterkoch in Taipeh, seinen drei ( verschiedene Lebensstile verkörpernden Töchtern ) pausenlos zubereitet - für Kinogänger mit nüchternem Magen eine kleine Leinwand-Qual .;prozess;frequenziellPROZ;done;;frei;+;+;nd;nd;nd;nd;nd;nd;nd;nd;nd;nd;nd;nd;nd;nd;nd;nd;nd;nd;nd;nd
170;VVPP;ADJD;zersetzen;8;NZZ_1996_04_23_a141_seg5_s3;7;Full|Psp;Zumal alle diese Begriffe selbst schon pausenlos zersetzt werden und nur noch Punkte eines mehrdimensionalen Koordinatensystems bilden, die beliebig miteinander verknüpft werden .;prozess;frequenziellPROZ;done;;frei;+;+;nd;nd;nd;nd;nd;nd;nd;nd;nd;nd;nd;nd;nd;nd;nd;nd;nd;nd;nd;nd
171;VVFIN;ADJD;arbeiten;3;NZZ_1999_12_28_a142_seg4_s10;2;Full|3|Pl|Past|Ind;Praktisch pausenlos arbeiteten sie auch am zweiten Tag bis tief in die Nacht hinein .;prozess;frequenziellPROZ;done;;frei;+;+;nd;nd;nd;nd;nd;nd;nd;nd;nd;nd;nd;nd;nd;nd;nd;nd;nd;nd;nd;nd
172;VVINF;ADJD;privatisieren;9;NZZ_1996_03_22_a155_seg5_s5;8;Full|-2;Was aber tun, wenn man nicht pausenlos privatisieren mag ?;prozess;frequenziellPROZ;done;;frei;+;+;nd;nd;nd;nd;nd;nd;nd;nd;nd;nd;nd;nd;nd;nd;nd;nd;nd;nd;nd;nd
173;VMFIN;ADJD;müssen;8;NZZ_1996_06_13_a190_seg1_s1;10;Mod|3|Sg|Pres|Ind;« Was man ernsthaft betreiben will, muss man pausenlos tun, tun, tun »;prozess;frequenziellPROZ;done;;frei;+;+;nd;nd;nd;nd;nd;nd;nd;nd;nd;nd;nd;nd;nd;nd;nd;nd;nd;nd;nd;nd
174;VVPP;ADJD;vorführen;9;NZZ_1993_04_15_a46_seg2_s21;6;Full|Psp;Anstelle erfüllten klassischen Stiles werden pausenlos virtuose Formen vorgeführt, die dadurch zu bloss fulminanten Gags entleert werden .;prozess;frequenziellPROZ;done;;frei;+;+;nd;nd;nd;nd;nd;nd;nd;nd;nd;nd;nd;nd;nd;nd;nd;nd;nd;nd;nd;nd
175;VVPP;ADJD;unternehmen;11;NZZ_1997_08_27_a118_seg3_s14;9;Full|Psp;Wie um sie zu verdecken, werden zugleich pausenlos Stilübungen unternommen, lyrische Bilder, Lakonismen, Traumsequenzen, Alltagssplitter hinzuerfunden, die dem Ganzen einen anspruchsvollen Anstrich geben, mal lässig-humorvoll, mal metaphorisch verblasen .;prozess;frequenziellPROZ;done;;frei;+;+;nd;nd;nd;nd;nd;nd;nd;nd;nd;nd;nd;nd;nd;nd;nd;nd;nd;nd;nd;nd
176;VVFIN;ADJD;berichten;3;NZZ_1996_07_09_a24_seg5_s2;4;Full|3|Sg|Past|Ind;Radio Pjongjang berichtete pausenlos über den zweiten Todestag des langjährigen Führers der Volksrepublik Nordkorea .;prozess;frequenziellPROZ;done;;frei;+;+;nd;nd;nd;nd;nd;nd;nd;nd;nd;nd;nd;nd;nd;nd;nd;nd;nd;nd;nd;nd
177;VVFIN;ADJD;rochieren;20;NZZ_1997_08_30_a185_seg6_s6;19;Full|3|Pl|Pres|Ind;Und da wären noch die 4000 stinkenden Busse im Zentrum sowie etwa 14 000 Taxis, welche hier pausenlos rochieren .;prozess;frequenziellPROZ;done;;frei;+;+;nd;nd;nd;nd;nd;nd;nd;nd;nd;nd;nd;nd;nd;nd;nd;nd;nd;nd;nd;nd
178;VVPP;ADJD;abpumpen;10;NZZ_1995_01_27_a62_seg5_s12;9;Full|Psp;Wieder zunehmend einsickerndes Grundwasser muss jetzt allerdings erneut pausenlos abgepumpt werden .;prozess;frequenziellPROZ;done;;frei;+;+;nd;nd;nd;nd;nd;nd;nd;nd;nd;nd;nd;nd;nd;nd;nd;nd;nd;nd;nd;nd
179;VVFIN;ADJD;zitieren;4;NZZ_1999_10_15_a204_seg3_s6;6;Full|3|Sg|Pres|Ind;Mit blitzschneller Kombinationsintelligenz zitiert er pausenlos aus der Jazzgeschichte, mit unfehlbarer rhythmischer Akkuratesse placiert er raffinierteste Phrasen, und immer wieder stellt er mit ein paar Takten aus dem Grundthema den Bezug zum Ausgangsmaterial her ( das Publikum dankt ) .;prozess;frequenziellPROZ;done;;frei;+;+;nd;nd;nd;nd;nd;nd;nd;nd;nd;nd;nd;nd;nd;nd;nd;nd;nd;nd;nd;nd
180;VVFIN;ADJD;jagen;2;NZZ_1998_06_19_a31_seg8_s7;4;Full|3|Pl|Pres|Ind;Lastwagen jagen fast pausenlos mit heulenden Motoren auf der Hauptstrasse durch das Zentrum Kenemas, vollgepackt mit Kamajor-Kämpfern .;prozess;frequenziellPROZ;done;;frei;+;+;nd;nd;nd;nd;nd;nd;nd;nd;nd;nd;nd;nd;nd;nd;nd;nd;nd;nd;nd;nd
181;VVFIN;ADJD;abdecken;39;NZZ_1995_02_22_a177_seg5_s2;38;Full|3|Sg|Pres|Ind;"Bereits 1980 bemerkte Günther Anders : « Früher hat es Bilder in der Welt gegeben, heute gibt es die &lt;Welt im Bild&gt;, die Welt als Bilderwand, die den Blick pausenlos besetzt und die Welt pausenlos abdeckt . »";prozess;frequenziellPROZ;done;;frei;+;+;nd;nd;nd;nd;nd;nd;nd;nd;nd;nd;nd;nd;nd;nd;nd;nd;nd;nd;nd;nd
182;VVFIN;ADJD;schießen;4;NZZ_1998_08_12_a148_seg2_s7;8;Full|3|Pl|Past|Ind;Schon im Car schossen die Athleten fast pausenlos Photos und bannten ihre Eindrücke auf Video .;prozess;frequenziellPROZ;done;;frei;+;+;nd;nd;nd;nd;nd;nd;nd;nd;nd;nd;nd;nd;nd;nd;nd;nd;nd;nd;nd;nd
183;VVFIN;ADJD;fordern;17;NZZ_1995_11_02_a164_seg2_s3;12;Full|3|Sg|Pres|Ind;... der « Blick » -Kolumnist Timo Konietzka von GC-Trainer Gross pausenlos imperativ die permanente Offensive fordert und ihm Angsthasenfussball vorwirft und dabei offensichtlich ein bisschen vergisst, dass er vor einigen Jährchen seinerseits als GC-Coach explizit wegen seines unansehnlichen Sicherheitsgekickes zum Teufel gejagt worden war .;prozess;frequenziellPROZ;done;;frei;+;+;nd;nd;nd;nd;nd;nd;nd;nd;nd;nd;nd;nd;nd;nd;nd;nd;nd;nd;nd;nd
184;VVFIN;ADJD;stehen;3;NZZ_1995_08_02_a30_seg3_s16;12;Full|3|Sg|Past|Ind;Und so stand denn am offiziell arbeitsfreien Nationalfeiertag das ganze Führungspersonal pausenlos im Einsatz, unterstützt durch freiwillige Helfer aus den Parlamentsdiensten und Angehörige .;prozess;frequenziellPROZ;done;;frei;+;+;nd;nd;nd;nd;nd;nd;nd;nd;nd;nd;nd;nd;nd;nd;nd;nd;nd;nd;nd;nd
185;VVFIN;ADJD;gehen;3;NZZ_1999_04_10_a162_seg7_s4;4;Full|3|Pl|Pres|Ind;Quartetts f-Moll gehen pausenlos ineinander über und verklingen jeweils morendo im Pianissimo .;prozess;frequenziellPROZ;done;;frei;+;+;nd;nd;nd;nd;nd;nd;nd;nd;nd;nd;nd;nd;nd;nd;nd;nd;nd;nd;nd;nd
186;VVINF;ADJD;reden;15;NZZ_1994_10_14_a106_seg5_s49;13;Full|-2;Es ist gut, dass sich die Leute tanzend ausdrücken, anstatt pausenlos zu reden .;prozess;frequenziellPROZ;done;;frei;+;+;nd;nd;nd;nd;nd;nd;nd;nd;nd;nd;nd;nd;nd;nd;nd;nd;nd;nd;nd;nd
187;VVPP;ADJD;verhören;14;NZZ_1994_07_29_a156_seg2_s32;13;Full|Psp;Zunächst landen sie in einem deutschen Stützpunkt der US-Army, wo sie pausenlos verhört werden .;prozess;frequenziellPROZ;done;;frei;+;+;nd;nd;nd;nd;nd;nd;nd;nd;nd;nd;nd;nd;nd;nd;nd;nd;nd;nd;nd;nd
188;VVPP;ADJD;herunterleiern;15;NZZ_1999_01_07_a203_seg3_s3;14;Full|Psp;Unwirtlich machen unsere Städte nicht, wie es in den Lamentos konservativer Kulturkritik pausenlos heruntergeleiert wird, der Beton, nicht der Autoverkehr, nicht der Lärm .;prozess;frequenziellPROZ;done;;frei;+;+;nd;nd;nd;nd;nd;nd;nd;nd;nd;nd;nd;nd;nd;nd;nd;nd;nd;nd;nd;nd
189;VVFIN;ADJD;gehen;2;NZZ_1994_11_26_a213_seg3_s11;5;Full|3|Sg|Past|Ind;Zwar ging Sledge weiterhin pausenlos in allen fünf Kontinenten auf Tournee, doch die Klubs, in denen er auftrat, wurden mit der Zeit immer schäbiger, und seine Ein-Mann-Shows mit meist zweitklassigen Begleitbands immer unwürdiger .;prozess;frequenziellPROZ;done;;frei;+;+;nd;nd;nd;nd;nd;nd;nd;nd;nd;nd;nd;nd;nd;nd;nd;nd;nd;nd;nd;nd
190;VVFIN;ADJD;fordern;15;NZZ_1997_03_10_a124_seg4_s20;14;Full|3|Pl|Past|Ind;Dies lag primär an Rehn und Ohrel, die im Zentrum die Bälle pausenlos forderten - und sie auch stets prompt zugespielt erhielten .;prozess;frequenziellPROZ;done;;frei;+;+;nd;nd;nd;nd;nd;nd;nd;nd;nd;nd;nd;nd;nd;nd;nd;nd;nd;nd;nd;nd
191;VVPP;ADJD;überschwemmen;17;NZZ_1997_03_15_a26_seg6_s2;16;Full|3|Sg|Pres|Ind;Die dröhnende Musik, mit der eine Bar gleich gegenüber der Universität die ganze Strasse pausenlos überschwemmt, gehört vollends zu den aus Amerika und Westeuropa eingeführten Ärgernissen .;prozess;frequenziellPROZ;done;;frei;+;+;nd;nd;nd;nd;nd;nd;nd;nd;nd;nd;nd;nd;nd;nd;nd;nd;nd;nd;nd;nd
192;VVPP;ADJD;beglücken;16;NZZ_1998_10_06_a251_seg10_s14;12;Full|3|Sg|Pres|Ind;Louie bietet ihr Werk dem Vater - der die Familie selbst pausenlos mit sprachlichen Inventionen beglückt - stolz und ohne Ranküne zum Geburtstag dar .;prozess;frequenziellPROZ;done;;frei;+;+;nd;nd;nd;nd;nd;nd;nd;nd;nd;nd;nd;nd;nd;nd;nd;nd;nd;nd;nd;nd
193;VVFIN;ADJD;niederprasseln;20;NZZ_1998_06_03_a205_seg6_s1;16;Full|3|Pl|Pres|Ind;Der Schlüssel zu dieser verborgenen Seite unseres Kosmos könnten die kosmischen Teilchenstrahlen sein, die pausenlos auf die Erde niederprasseln .;prozess;frequenziellPROZ;done;;frei;+;+;nd;nd;nd;nd;nd;nd;nd;nd;nd;nd;nd;nd;nd;nd;nd;nd;nd;nd;nd;nd
194;VVFIN;ADJD;drehen;46;NZZ_1997_08_12_a105_seg3_s1;48;Full|2|Pl;Niemals mehr schlafe ich ein unterm gelben Magneten der zieht Kanaldeckel an Polizisten sind ihm verfallen ich sah an jedem Laternenpfahl einen mit Handschellen festgemacht damit sie nicht rückfällig werden Autos klauen Bomben legen, und ich bin ein doppelt beschuhter Gedanke geworden mein Pyjama dreht Nachtrunden pausenlos während ich Daseinsbeweise erfinde ohne Glück ich gestehe es ein denn wenn wir beim Stadtparkpissoir dem Kreis Spiritisten erscheinen jubeln sie : Geisterkontakt !;prozess;frequenziellPROZ;done;;frei;+;+;nd;nd;nd;nd;nd;nd;nd;nd;nd;nd;nd;nd;nd;nd;nd;nd;nd;nd;nd;nd
195;VVFIN;ADJD;denken;15;NZZ_1999_07_08_a145_seg3_s4;19;Full|3|Sg|Pres|Ind;Als privilegierter Stellvertreter des träumenden Publikums, angetrieben von der Passion des Entdeckens, denkt man sich ihn pausenlos im freien Feld und auf abenteuerlichen Reisen .;prozess;frequenziellPROZ;done;;frei;+;+;nd;nd;nd;nd;nd;nd;nd;nd;nd;nd;nd;nd;nd;nd;nd;nd;nd;nd;nd;nd
196;VVIMP;ADJD;sausen;16;NZZ_1996_07_17_a26_seg7_s3;18;Full|3|Sg|Pres|Ind;Bei der Autobahnbrücke ist das Vogelgezwitscher vom Teichufer nur noch Erinnerung, hier braust und saust es pausenlos .;prozess;frequenziellPROZ;done;;frei;+;+;nd;nd;nd;nd;nd;nd;nd;nd;nd;nd;nd;nd;nd;nd;nd;nd;nd;nd;nd;nd
197;VVINF;ADJD;fallen;26;NZZ_1998_11_11_a198_seg3_s12;23;Full|3|Pl|Pres|Ind;Weil dieser Sendung bis auf wenige besonnenere Teilnehmer die echte Kultur einer Debatte fehlt, weil herumgeschrien wird und sich die Votanten pausenlos ins Wort fallen, putscht sie den temperamentvollen, heissblütigen Tifoso vor dem Bildschirm zusätzlich auf - mit den bekannten Folgen .;prozess;frequenziellPROZ;done;;frei;+;+;nd;nd;nd;nd;nd;nd;nd;nd;nd;nd;nd;nd;nd;nd;nd;nd;nd;nd;nd;nd
198;VVFIN;ADJD;stehen;4;NZZ_1995_01_28_a176_seg4_s8;20;Full|3|Pl|Past|Ind;Bis nach Mitternacht standen die rund 70 Mann der Berufsfeuerwehr, des Piketts Glattal und der beiden Milizfeuerwehr- Einheiten pausenlos im Einsatz .;prozess;frequenziellPROZ;done;;frei;+;+;nd;nd;nd;nd;nd;nd;nd;nd;nd;nd;nd;nd;nd;nd;nd;nd;nd;nd;nd;nd
199;VVFIN;ADJD;schneien;2;NZZ_1994_11_24_a185_seg9_s10;3;Full|3|Sg|Past|Subj;Es schneite pausenlos bei unserem Aufenthalt dort, fünf Tage und fünf Nächte lang .;prozess;frequenziellPROZ;done;;frei;+;+;nd;nd;nd;nd;nd;nd;nd;nd;nd;nd;nd;nd;nd;nd;nd;nd;nd;nd;nd;nd
200;VVPP;ADJD;fortsetzen;11;NZZ_1994_09_30_a103_seg3_s1;10;Full|Psp;Die Rettungsarbeiten sind in der Ostsee bei rauhem Wind pausenlos fortgesetzt worden .;prozess;frequenziellPROZ;done;;frei;+;+;nd;nd;nd;nd;nd;nd;nd;nd;nd;nd;nd;nd;nd;nd;nd;nd;nd;nd;nd;nd
