﻿Interne-ID;Function-Head;Funktion-Hit;Head;ID-Head;ID-NZZ;ID-Token;Meta-Kopf;sentence;Oberkategorie;Unterkategorie;Status;Kommentar;externe Funktion;prozess;pFREQ;AuW;pure;agent;method;degree;proposition;KONJ;FRAME;SADV;extern;KAUS;TEMP;FREQ;BU;LOC;intern;INST;KOM;SH;iLOC
1;VVPP;ADJA;aufweichen;23;NZZ_1998_10_21_a80_seg6_s7;22;Full|Psp;Bereits stellt sich der designierte Regierungschef auch hinter Prodis Pläne zur Schaffung eines neuen Sozialpaktes, in dessen Rahmen die Arbeitsmarktverkrustungen sukzessive aufgeweicht werden sollten und die unternehmerische Investitionstätigkeit gefördert .;prozess;frequenziellPROZ;done;;frei;+;+;nd;nd;nd;nd;nd;nd;nd;nd;nd;nd;nd;nd;nd;nd;nd;nd;nd;nd;nd;nd
2;VVPP;ADJA;verbessern;16;NZZ_1999_06_22_a136_seg2_s11;15;Full|Psp;Die Perspektiven für eine Ankurbelung der japanischen Exporte haben sich dank dem gemässigten Yen-Sinkflug sukzessive verbessert, was mit Blick auf den enormen Kapazitätsüberhang der Industrie und die schwache Exportleistung des letzten Monats sehr gelegen kommt .;prozess;frequenziellPROZ;done;;frei;+;+;nd;nd;nd;nd;nd;nd;nd;nd;nd;nd;nd;nd;nd;nd;nd;nd;nd;nd;nd;nd
3;VVPP;ADJA;abbauen;21;NZZ_1995_12_01_a74_seg7_s11;20;Full|Psp;Der Europäische Rat hat aber in Essen bestimmt, dass im Rahmen einer Strategie der Heranführung alle potentiellen Beitrittshindernisse sukzessive abgebaut werden sollen .;prozess;frequenziellPROZ;done;;frei;+;+;nd;nd;nd;nd;nd;nd;nd;nd;nd;nd;nd;nd;nd;nd;nd;nd;nd;nd;nd;nd
4;VVINF;ADJA;leeren;10;NZZ_1994_03_09_a111_seg19_s4;8;Full|-2;Die Feuerwehr sei dabei, die Tankwagen sukzessive zu leeren .;prozess;frequenziellPROZ;done;;frei;+;+;nd;nd;nd;nd;nd;nd;nd;nd;nd;nd;nd;nd;nd;nd;nd;nd;nd;nd;nd;nd
5;VVFIN;ADJA;machen;8;NZZ_1996_09_04_a82_seg3_s6;6;Full|3|Sg|Pres|Subj;Da die zurückgestaute Preissteigerung sich sukzessive bemerkbar mache, werde dies zu einer leichten Beschleunigung der Inflationsrate auf 7% im Jahresdurchschnitt 1997 führen .;prozess;frequenziellPROZ;done;;frei;+;+;nd;nd;nd;nd;nd;nd;nd;nd;nd;nd;nd;nd;nd;nd;nd;nd;nd;nd;nd;nd
6;VVPP;ADJA;restaurieren;9;NZZ_1998_08_31_a5_seg20_s2;8;Full|Psp;Jahrzehntelang vernachlässigt, werden die Gebäude nun sukzessive restauriert .;prozess;frequenziellPROZ;done;;frei;+;+;nd;nd;nd;nd;nd;nd;nd;nd;nd;nd;nd;nd;nd;nd;nd;nd;nd;nd;nd;nd
7;VVPP;ADJA;reduzieren;20;NZZ_1997_03_27_a75_seg8_s10;19;Full|Psp;Aus diesem Grunde seien die bestehenden Beteiligungen von Axa-UAP an führenden französischen Gesellschaften in den letzten zwei Monaten sukzessive reduziert worden, wobei der Wert der verbleibenden Partizipationen Ende Februar rund 32 Mrd. fFr. erreichte .;prozess;frequenziellPROZ;done;;frei;+;+;nd;nd;nd;nd;nd;nd;nd;nd;nd;nd;nd;nd;nd;nd;nd;nd;nd;nd;nd;nd
8;VVPP;ADJA;abstoßen;13;NZZ_1994_03_12_a38_seg8_s1;12;Full|Psp;Es ist zu erwarten, dass die übrigen Aktivitäten von MH sukzessive abgestossen werden .;prozess;frequenziellPROZ;done;;frei;+;+;nd;nd;nd;nd;nd;nd;nd;nd;nd;nd;nd;nd;nd;nd;nd;nd;nd;nd;nd;nd
9;VVPP;ADJA;verstärken;7;NZZ_1998_04_22_a93_seg4_s3;6;Full|Psp;"Das Engagement in Russland wird sukzessive verstärkt ; mit einem russischen Partner wird unter der Lizenz von Pick Pay in Russland eine Supermarktkette etabliert .";prozess;frequenziellPROZ;done;;frei;+;+;nd;nd;nd;nd;nd;nd;nd;nd;nd;nd;nd;nd;nd;nd;nd;nd;nd;nd;nd;nd
10;VVPP;ADJA;verschieben;12;NZZ_1998_08_04_a44_seg4_s9;9;Full|Psp;Der Kaltlufttropfen über der europäischen Westküste hat sich sukzessive nach Süden verschoben, und die kalte Masse ist auch gegen unser Land vorgedrungen und hat am Sonntag abend Niederschläge ausgelöst, besonders ausgeprägt mit 25 bis 30 Millimeter im oberen Tessin, aber auch mit 20 Millimeter in Teilen des Genferseegebiets .;prozess;frequenziellPROZ;done;;frei;+;+;nd;nd;nd;nd;nd;nd;nd;nd;nd;nd;nd;nd;nd;nd;nd;nd;nd;nd;nd;nd
11;VVPP;ADJA;vollziehen;36;NZZ_1996_05_09_a48_seg8_s6;35;Full|Psp;Sie hat ein Leitbild erstellt, wie sich die Rechnung bis ins Jahr 2001 - die Aufhebung der Geigenbauabteilung wird bis zum Jahr 2000, vier Jahre nach dem Eintritt der letzten Auszubildenden, sukzessive vollzogen - verbessern liesse .;prozess;frequenziellPROZ;done;;frei;+;+;nd;nd;nd;nd;nd;nd;nd;nd;nd;nd;nd;nd;nd;nd;nd;nd;nd;nd;nd;nd
12;VVINF;ADJA;verringern;11;NZZ_1994_08_20_a70_seg11_s14;10;Full|-2;Dieser Schutz wird sich jedoch mit Inkrafttreten der Gatt-Beschlüsse sukzessive verringern .;prozess;frequenziellPROZ;done;;frei;+;+;nd;nd;nd;nd;nd;nd;nd;nd;nd;nd;nd;nd;nd;nd;nd;nd;nd;nd;nd;nd
13;VVPP;ADJA;übersteigern;19;NZZ_1995_07_26_a104_seg3_s9;18;Full|Psp;Durch das mehrfache Aneinanderfügen und Überlagern der Linien und Formen wird das Ausgangsbild, die Hand, sukzessive übersteigert .;prozess;frequenziellPROZ;done;;frei;+;+;nd;nd;nd;nd;nd;nd;nd;nd;nd;nd;nd;nd;nd;nd;nd;nd;nd;nd;nd;nd
14;VVPP;ADJA;kürzen;13;NZZ_1998_05_15_a89_seg8_s5;12;Full|Psp;Die Versicherungsprodukte werden heute wieder im Stammhaus definiert und die Provisionen sukzessive gekürzt .;prozess;frequenziellPROZ;done;;frei;+;+;nd;nd;nd;nd;nd;nd;nd;nd;nd;nd;nd;nd;nd;nd;nd;nd;nd;nd;nd;nd
15;VVFIN;ADJA;nähern;3;NZZ_1997_04_25_a85_seg4_s5;6;Full|3|Sg|Pres|Ind;Der Konzerngewinn nähert sich damit sukzessive dem Ziel des Unternehmens, zwischen 1993 und 1998 eine Verdoppelung des Ergebnisses auf rund 240 Mio. Fr .;prozess;frequenziellPROZ;done;;frei;+;+;nd;nd;nd;nd;nd;nd;nd;nd;nd;nd;nd;nd;nd;nd;nd;nd;nd;nd;nd;nd
16;VMFIN;ADJA;sollen;3;NZZ_1999_03_16_a28_seg11_s4;18;Mod|3|Sg|Pres|Ind;Ab 2005 soll der Verkehr dank der höheren Strassenfiskalität und der Inbetriebnahme des Lötschberg-Basistunnels ( 2006/2007 ) sukzessive zurückgehen .;prozess;frequenziellPROZ;done;;frei;+;+;nd;nd;nd;nd;nd;nd;nd;nd;nd;nd;nd;nd;nd;nd;nd;nd;nd;nd;nd;nd
17;VVINF;ADJA;konsolidieren;15;NZZ_1993_12_03_a188_seg4_s16;13;Full|-2;Falls diese Entwicklung anhalte und es der Regierung gelinge, den Haushalt sukzessive zu konsolidieren, so bestehe eine gute Chance, dass das Exportwachstum auf die inländische ( Konsum- ) Nachfrage und letztlich auf die nach wie vor über einer Quote von 11% liegende Arbeitslosigkeit durchschlage .;prozess;frequenziellPROZ;done;;frei;+;+;nd;nd;nd;nd;nd;nd;nd;nd;nd;nd;nd;nd;nd;nd;nd;nd;nd;nd;nd;nd
18;VVINF;ADJA;erfolgen;24;NZZ_1997_06_11_a90_seg3_s3;23;Full|-2;Dabei ist die WEG insbesondere das kantonale Instrument zur « Verwaltung » des Heimfalls von Wasserrechtskonzessionen, der in den nächsten Jahrzehnten sukzessive erfolgen wird .;prozess;frequenziellPROZ;done;;frei;+;+;nd;nd;nd;nd;nd;nd;nd;nd;nd;nd;nd;nd;nd;nd;nd;nd;nd;nd;nd;nd
19;VVPP;ADJA;installieren;22;NZZ_1993_04_23_a256_seg7_s7;21;Full|Psp;Der um 12 Uhr 45 festgestellte Schaden führte zu einem Unterbruch bis 15 Uhr 15, bevor die Anschlüsse wieder sukzessive installiert werden konnten .;prozess;frequenziellPROZ;done;;frei;+;+;nd;nd;nd;nd;nd;nd;nd;nd;nd;nd;nd;nd;nd;nd;nd;nd;nd;nd;nd;nd
20;VVINF;ADJA;senken;45;NZZ_1994_10_20_a47_seg6_s10;43;Full|-2;Dank den im gleichen Zeitraum mit den Gewerkschaften ausgehandelten Mässigungen der Arbeitskosten und auch wegen der trüben konjunkturellen Stimmung, die bis vor einem halben Jahr herrschte, ist es gelungen, die Teuerungsimpulse aus der Abwertung zu isolieren und die Inflationsrate sukzessive zu senken .;prozess;frequenziellPROZ;done;;frei;+;+;nd;nd;nd;nd;nd;nd;nd;nd;nd;nd;nd;nd;nd;nd;nd;nd;nd;nd;nd;nd
21;VVFIN;ADJA;beginnen;6;NZZ_1998_08_03_a192_seg3_s3;18;Full|3|Sg|Past|Ind;Die Mannschaft des FC Zürich begann gegen Xamax ansprechend, verlor dann ab Mitte der ersten Halbzeit sukzessive an Schwung und geriet schliesslich prompt in Rückstand .;prozess;frequenziellPROZ;done;;frei;+;+;nd;nd;nd;nd;nd;nd;nd;nd;nd;nd;nd;nd;nd;nd;nd;nd;nd;nd;nd;nd
22;VMINF;ADJA;können;17;NZZ_1996_02_15_a104_seg4_s3;9;Mod|-2;Damit sollte das Kantonsinstitut nach 2 hektischen Jahren sukzessive wieder auf einen etwas ruhigeren Kurs einschwenken können .;prozess;frequenziellPROZ;done;;frei;+;+;nd;nd;nd;nd;nd;nd;nd;nd;nd;nd;nd;nd;nd;nd;nd;nd;nd;nd;nd;nd
23;VVPP;ADJA;erheben;8;NZZ_1999_09_04_a224_seg7_s6;5;Full|Psp;Während die europäischen Stilrichtungen sukzessive zum Ideal erhoben wurden, geriet die ohnehin nie in akademischer Weise gelehrte einheimische Bautradition ins Hintertreffen .;prozess;frequenziellPROZ;done;;frei;+;+;nd;nd;nd;nd;nd;nd;nd;nd;nd;nd;nd;nd;nd;nd;nd;nd;nd;nd;nd;nd
24;VVPP;ADJA;aufbauen;22;NZZ_1998_07_13_a180_seg3_s17;21;Full|Psp;Der sprachgewandte und mit der ATP dank einem Job in dieser Organisation bestens vertraute Neffe, Claudio Hermenjat, wird sukzessive aufgebaut, damit dereinst ein nahtloser Übergang gewährleistet ist .;prozess;frequenziellPROZ;done;;frei;+;+;nd;nd;nd;nd;nd;nd;nd;nd;nd;nd;nd;nd;nd;nd;nd;nd;nd;nd;nd;nd
25;VVPP;ADJA;reduzieren;18;NZZ_1995_12_14_a79_seg8_s4;12;Full|Psp;Nachdem sich die Mitgliedschaft bei den Gewerkschaften in den letzten Jahren sukzessive auf bescheidene 8% der Arbeitnehmer reduziert hatte, waren die « syndicats » schon fast zu einem Mauerblümchendasein verurteilt .;prozess;frequenziellPROZ;done;;frei;+;+;nd;nd;nd;nd;nd;nd;nd;nd;nd;nd;nd;nd;nd;nd;nd;nd;nd;nd;nd;nd
26;VVPP;ADJA;überdecken;45;NZZ_1995_07_12_a23_seg8_s8;37;Full|3|Sg|Pres|Ind;Denn im Bestreben, möglichst rasch an die begehrte Kohle zu kommen, hatte man früher die obersten Meter der Deckschicht - biologisch wertvolle Torfe und mineralreiche Mergel - kurzerhand in die alten Bergbaulöcher gekippt und sukzessive mit dem Aushub aus den tieferen Schichten überdeckt .;prozess;frequenziellPROZ;done;;frei;+;+;nd;nd;nd;nd;nd;nd;nd;nd;nd;nd;nd;nd;nd;nd;nd;nd;nd;nd;nd;nd
27;VAFIN;ADJA;haben;4;NZZ_1995_09_13_a128_seg4_s1;20;Haben|3|Sg|Pres|Ind;Im Bezirk Uster hat sich die Zahl der Nominationen für das bisher von der EVP innegehabte Mandat eines Bezirksanwaltes sukzessive von vier auf zwei reduziert .;prozess;frequenziellPROZ;done;;frei;+;+;nd;nd;nd;nd;nd;nd;nd;nd;nd;nd;nd;nd;nd;nd;nd;nd;nd;nd;nd;nd
28;VVPP;ADJA;begreifen;14;NZZ_1994_12_03_a162_seg3_s16;11;Full|Psp;Durch ihr seriöses Vorgehen ist die Akzeptanz gegenüber diesem Berufsstand sukzessive im Steigen begriffen .;prozess;frequenziellPROZ;done;;frei;+;+;nd;nd;nd;nd;nd;nd;nd;nd;nd;nd;nd;nd;nd;nd;nd;nd;nd;nd;nd;nd
29;VVINF;ADJA;abschaffen;16;NZZ_1997_04_15_a68_seg4_s4;15;Full|-2;Das angestrebte Assoziierungsabkommen würde in einer Übergangsperiode von 12 Jahren Zölle im bilateralen Handel sukzessive abschaffen .;prozess;frequenziellPROZ;done;;frei;+;+;nd;nd;nd;nd;nd;nd;nd;nd;nd;nd;nd;nd;nd;nd;nd;nd;nd;nd;nd;nd
30;VVFIN;ADJA;verlieren;9;NZZ_1999_02_22_a139_seg9_s7;13;Full|3|Sg|Past|Ind;Auf der zweiten 5-km-Schlaufe bezahlte er dafür und verlor vorher gutgemachtes Terrain sukzessive .;prozess;frequenziellPROZ;done;;frei;+;+;nd;nd;nd;nd;nd;nd;nd;nd;nd;nd;nd;nd;nd;nd;nd;nd;nd;nd;nd;nd
31;VVPP;ADJA;angleichen;6;NZZ_1996_05_03_a94_seg8_s10;5;Full|Psp;Anschliessend sollen die Saläre sukzessive angeglichen werden .;prozess;frequenziellPROZ;done;;frei;+;+;nd;nd;nd;nd;nd;nd;nd;nd;nd;nd;nd;nd;nd;nd;nd;nd;nd;nd;nd;nd
32;VVINF;ADJA;erhalten;31;NZZ_1997_09_26_a186_seg3_s1;24;Full|Psp;af. Trotz dem seinerzeitigen Nein des Souveräns zum Umbau der Zürichstrasse hat diese Hauptverkehrsachse durch das Stadtzentrum von Uster in den letzten Jahren sukzessive eine mit Grün durchsetzte fussgängerfreundliche Charakteristik erhalten .;prozess;frequenziellPROZ;done;;frei;+;+;nd;nd;nd;nd;nd;nd;nd;nd;nd;nd;nd;nd;nd;nd;nd;nd;nd;nd;nd;nd
33;VVPP;ADJA;steigern;7;NZZ_1997_08_14_a176_seg4_s24;6;Full|Psp;Dann aber wurde das Tempo sukzessive gesteigert, bis 3000 m lagen Komen und Gebrselassie in 7 : 07 schon fast fünf Sekunden unter der Durchgangszeit des Weltrekordes .;prozess;frequenziellPROZ;done;;frei;+;+;nd;nd;nd;nd;nd;nd;nd;nd;nd;nd;nd;nd;nd;nd;nd;nd;nd;nd;nd;nd
34;VVPP;ADJA;erweitern;6;NZZ_1995_12_02_a214_seg8_s15;5;Full|Psp;Die militärischen Anlagen werden sukzessive erweitert und nacheinander von der königlich preussischen Armee, dem kaiserlichen Heer, der Reichswehr, der Wehrmacht, den Nationalsozialisten und den Sowjets genutzt .;prozess;frequenziellPROZ;done;;frei;+;+;nd;nd;nd;nd;nd;nd;nd;nd;nd;nd;nd;nd;nd;nd;nd;nd;nd;nd;nd;nd
35;VVPP;ADJA;vergrößern;54;NZZ_1998_04_17_a14_seg5_s3;53;Full|Psp;"Abgeschafft wird lediglich das sogenannte Windows-System, das eine Staffelung der Einbürgerung nach Jahrgängen vorsah ; als 1996 der Integrationsprozess eingeleitet wurde, hatte man zunächst den 16- bis 20jährigen Nicht-Letten die Möglichkeit geboten, ein Gesuch um Einbürgerung zu stellen, und in den folgenden Jahren wurde die Gruppe der Berechtigten sukzessive vergrössert .";prozess;frequenziellPROZ;done;;frei;+;+;nd;nd;nd;nd;nd;nd;nd;nd;nd;nd;nd;nd;nd;nd;nd;nd;nd;nd;nd;nd
36;VVPP;ADJA;verstärken;27;NZZ_1995_10_07_a29_seg7_s4;26;Full|Psp;Nicht zuletzt mit dem Hinweis auf die lange Zeit unterschätzten Umtriebe der kriminellen Sekte Aum hat die japanische Regierung in den letzten Monaten ihre Anstrengungen sukzessive verstärkt, um die Aufsicht über die religiösen Körperschaften besser regeln zu können .;prozess;frequenziellPROZ;done;;frei;+;+;nd;nd;nd;nd;nd;nd;nd;nd;nd;nd;nd;nd;nd;nd;nd;nd;nd;nd;nd;nd
37;VMFIN;ADJA;sollen;3;NZZ_1996_03_01_a27_seg6_s2;9;Mod|3|Sg|Pres|Ind;Der Investitionsanteil soll dementsprechend von jetzt 4 Prozent sukzessive auf knapp über 30 Prozent im Jahre 2001 gesteigert werden .;prozess;frequenziellPROZ;done;;frei;+;+;nd;nd;nd;nd;nd;nd;nd;nd;nd;nd;nd;nd;nd;nd;nd;nd;nd;nd;nd;nd
38;VVFIN;ADJA;zuspitzen;16;NZZ_1994_04_06_a97_seg4_s19;15;Full|3|Sg|Past|Ind;Die Diagnose lautete alsbald auf « paranoide Schizophrenie », wobei sich das Krankheitsbild sukzessive zuspitzte .;prozess;frequenziellPROZ;done;;frei;+;+;nd;nd;nd;nd;nd;nd;nd;nd;nd;nd;nd;nd;nd;nd;nd;nd;nd;nd;nd;nd
39;VVFIN;ADJA;rutschen;28;NZZ_1993_12_06_a102_seg3_s3;24;Full|3|Sg|Past|Ind;Seit dem 11. September musste die Mannschaft Jaras auf diesen Erfolg warten, eine Zeit, in der sie vom Kopf der Tabelle sukzessive in untere Ranglistengefilde rutschte .;prozess;frequenziellPROZ;done;;frei;+;+;nd;nd;nd;nd;nd;nd;nd;nd;nd;nd;nd;nd;nd;nd;nd;nd;nd;nd;nd;nd
40;VVPP;ADJA;heranführen;11;NZZ_1996_11_05_a45_seg4_s18;7;Full|Psp;Im Laufe der zweiten Wochenhälfte wird sukzessive wieder kühlere Luft herangeführt, so dass die Schneefallgrenze erneut unter 1500 Meter absinkt .;prozess;frequenziellPROZ;done;;frei;+;+;nd;nd;nd;nd;nd;nd;nd;nd;nd;nd;nd;nd;nd;nd;nd;nd;nd;nd;nd;nd
41;VVFIN;ADJA;diversifizieren;26;NZZ_1998_12_28_a83_seg3_s14;23;Full|3|Sg|Past|Ind;Damit bleibt als möglicher Käufer noch die global tätige Unilever-Gruppe, welche in den letzten Jahren von ihrer traditionellen Waschpulver- und Seifenproduktion sukzessive ins Parfumgeschäft diversifizierte und bereits über international bedeutsame Marken wie Elisabeth Arden, Helene Curtis und Calvin Klein verfügt .;prozess;frequenziellPROZ;done;;frei;+;+;nd;nd;nd;nd;nd;nd;nd;nd;nd;nd;nd;nd;nd;nd;nd;nd;nd;nd;nd;nd
42;VVINF;ADJA;schließen;8;NZZ_1996_06_07_a29_seg1_s17;7;Full|-2;Das neue Gleichstellungsgesetz wird diese Lücke sukzessive schliessen .;prozess;frequenziellPROZ;done;;frei;+;+;nd;nd;nd;nd;nd;nd;nd;nd;nd;nd;nd;nd;nd;nd;nd;nd;nd;nd;nd;nd
43;VVPP;ADJA;abbauen;38;NZZ_1998_12_03_a78_seg4_s5;37;Full|Psp;Im Bereich der Fiskalpolitik vertritt die Pariser Organisation wie schon im Vorjahr die Meinung, es sei darauf hinzuwirken, dass das im OECD-Vergleich immer noch ( zu ) hohe Verhältnis von öffentlicher Verschuldung zum Bruttoinlandprodukt sukzessive abgebaut werden müsse, was indessen gezielte Steuerreduktionen nicht ausschliesse .;prozess;frequenziellPROZ;done;;frei;+;+;nd;nd;nd;nd;nd;nd;nd;nd;nd;nd;nd;nd;nd;nd;nd;nd;nd;nd;nd;nd
44;VVFIN;ADJA;steigern;10;NZZ_1995_07_19_a2_seg3_s10;15;Full|3|Sg|Pres|Ind;Laut Angaben des Sprechers des Kremls, Medwedjew, steigert Jelzin sein Arbeitspensum wieder sukzessive .;prozess;frequenziellPROZ;done;;frei;+;+;nd;nd;nd;nd;nd;nd;nd;nd;nd;nd;nd;nd;nd;nd;nd;nd;nd;nd;nd;nd
45;VVPP;ADJA;abbauen;25;NZZ_1995_08_26_a59_seg4_s9;24;Full|Psp;Dann aber dehnt sich das Azorenhoch nach Norden aus, und sein zu den Alpen reichender Keil wird durch aus Nordwesten heranziehende Störungszonen sukzessive abgebaut, wobei uns der Sonntag stark veränderliches Wetter mit zeitweisem Regen und nur noch gelegentlichen Sonnenschein bringt .;prozess;frequenziellPROZ;done;;frei;+;+;nd;nd;nd;nd;nd;nd;nd;nd;nd;nd;nd;nd;nd;nd;nd;nd;nd;nd;nd;nd
46;VVINF;ADJA;erfolgen;14;NZZ_1994_11_21_a190_seg11_s7;13;Full|-2;Auch die Inbetriebnahme der Führungssimulatoren in Kriens, Winterthur und Colombier wird sukzessive erfolgen .;prozess;frequenziellPROZ;done;;frei;+;+;nd;nd;nd;nd;nd;nd;nd;nd;nd;nd;nd;nd;nd;nd;nd;nd;nd;nd;nd;nd
47;VVINF;ADJA;steigen;9;NZZ_1994_10_07_a101_seg57_s6;7;Full|-2;Auf der Alpennordseite begann das Thermometer sukzessive zu steigen, speziell als vom 23. an der Föhn einsetzte und die Temperatur vor allem im Churer Rheintal bis nahe an die 30-Grad-Grenze hinauf trieb .;prozess;frequenziellPROZ;done;;frei;+;+;nd;nd;nd;nd;nd;nd;nd;nd;nd;nd;nd;nd;nd;nd;nd;nd;nd;nd;nd;nd
48;VVPP;ADJA;hochfahren;31;NZZ_1993_04_02_a187_seg10_s8;30;Full|Psp;Der in der Konzernleitung dafür zuständige René M. Lüthy meinte, nach den Mitte März durchgeführten Abnahmeversuchen könne in den nächsten sechs Monaten die Organisation eingespielt und die Anlage sukzessive hochgefahren werden .;prozess;frequenziellPROZ;done;;frei;+;+;nd;nd;nd;nd;nd;nd;nd;nd;nd;nd;nd;nd;nd;nd;nd;nd;nd;nd;nd;nd
49;VVFIN;ADJA;verbessern;4;NZZ_1997_10_16_a171_seg11_s3;9;Full|3|Sg|Past|Ind;Nach dem Comeback verbesserte sich die Mannschaft Anaheims sukzessive und erreichte das Rennen um den Stanley-Cup zum erstenmal in der kurzen Geschichte .;prozess;frequenziellPROZ;done;;frei;+;+;nd;nd;nd;nd;nd;nd;nd;nd;nd;nd;nd;nd;nd;nd;nd;nd;nd;nd;nd;nd
50;VVINF;ADJA;gehen;31;NZZ_1996_01_24_a95_seg2_s9;26;Full|-2;Das Aktienkapital hätte gemäss den damaligen Plänen nur vorübergehend bei den eigens zu diesem Zweck gegründeten Bankstiftungen « parkiert » werden sollen, um anschliessend sukzessive an den Markt zu gehen .;prozess;frequenziellPROZ;done;;frei;+;+;nd;nd;nd;nd;nd;nd;nd;nd;nd;nd;nd;nd;nd;nd;nd;nd;nd;nd;nd;nd
51;VVPP;ADJA;zerstören;8;NZZ_1994_09_28_a116_seg4_s5;7;Full|Psp;Die sozialen Strukturen der Bevölkerung würden sukzessive zerstört .;prozess;frequenziellPROZ;done;;frei;+;+;nd;nd;nd;nd;nd;nd;nd;nd;nd;nd;nd;nd;nd;nd;nd;nd;nd;nd;nd;nd
52;VMFIN;ADJA;dürfen;25;NZZ_1998_10_20_a212_seg15_s1;6;Mod|3|Pl|Past|Subj;Da die höheren Fachschulen inzwischen sukzessive zu Fachhochschulen werden, ihre Absolventen somit - von der realen Qualifikation einmal abgesehen - an Ansehen gewinnen dürften, ist ein Vergleich zwischen diesen und den Hochschulabgängern von besonderem Interesse .;prozess;frequenziellPROZ;done;;frei;+;+;nd;nd;nd;nd;nd;nd;nd;nd;nd;nd;nd;nd;nd;nd;nd;nd;nd;nd;nd;nd
53;VVFIN;ADJA;vorschieben;15;NZZ_1995_03_25_a55_seg4_s2;10;Full|3|Sg|Past|Ind;Die Hochdruckzone, die sich seit Wochenbeginn vom Ostatlantik sukzessive in den Kontinent hinein vorschob, konnte ihren Einfluss auf den Wetterablauf in unserem Lande nur zögernd durchsetzen .;prozess;frequenziellPROZ;done;;frei;+;+;nd;nd;nd;nd;nd;nd;nd;nd;nd;nd;nd;nd;nd;nd;nd;nd;nd;nd;nd;nd
54;VVPP;ADJA;abwickeln;8;NZZ_1997_02_01_a105_seg3_s3;4;Full|Psp;Die Verkäufe wurden sukzessive über den Markt abgewickelt .;prozess;frequenziellPROZ;done;;frei;+;+;nd;nd;nd;nd;nd;nd;nd;nd;nd;nd;nd;nd;nd;nd;nd;nd;nd;nd;nd;nd
55;VVPP;ADJA;drosseln;6;NZZ_1997_02_15_a25_seg12_s16;5;Full|Psp;Dann musste die Produktion sukzessive gedrosselt werden, und seit einigen Tagen sind die Backöfen kalt .;prozess;frequenziellPROZ;done;;frei;+;+;nd;nd;nd;nd;nd;nd;nd;nd;nd;nd;nd;nd;nd;nd;nd;nd;nd;nd;nd;nd
56;VVFIN;ADJA;steigen;3;NZZ_1999_12_02_a229_seg5_s1;9;Full|3|Sg|Past|Ind;FTI Schweiz stieg bereits in den letzten Jahren sukzessive mit direkten Flügen ab Basel, Friedrichshafen und Genf in die Dominikanische Republik und nach Kuba ins Karibik-Geschäft ein .;prozess;frequenziellPROZ;done;;frei;+;+;nd;nd;nd;nd;nd;nd;nd;nd;nd;nd;nd;nd;nd;nd;nd;nd;nd;nd;nd;nd
57;VVPP;ADJA;abbauen;16;NZZ_1994_04_20_a148_seg8_s11;15;Full|Psp;Die behördliche Betreuung im Heim Lilienberg, die schon seit Juni des vergangenen Jahres sukzessive abgebaut wurde, kann nun praktisch ganz eingestellt werden .;prozess;frequenziellPROZ;done;;frei;+;+;nd;nd;nd;nd;nd;nd;nd;nd;nd;nd;nd;nd;nd;nd;nd;nd;nd;nd;nd;nd
58;VVINF;ADJA;steigern;13;NZZ_1994_09_02_a147_seg5_s5;11;Full|-2;Sie ermöglicht es, die Strahlendosen ohne Gefährdung der Patienten sukzessive zu steigern .;prozess;frequenziellPROZ;done;;frei;+;+;nd;nd;nd;nd;nd;nd;nd;nd;nd;nd;nd;nd;nd;nd;nd;nd;nd;nd;nd;nd
59;VVFIN;ADJA;verschieben;5;NZZ_1998_08_04_a44_seg4_s14;13;Full|3|Sg|Pres|Ind;In der zweiten Wochenhälfte verschiebt sich der Schwerpunkt der zonal ausgerichteten Antizyklone sukzessive in den Kontinent hinein, wo sich ein aus Warmluft aufgebautes Hoch entwickelt, auf dessen Nordflanke die atlantischen Störungen in einer Westströmung nach Osten ziehen .;prozess;frequenziellPROZ;done;;frei;+;+;nd;nd;nd;nd;nd;nd;nd;nd;nd;nd;nd;nd;nd;nd;nd;nd;nd;nd;nd;nd
60;VVPP;ADJA;verlieren;12;NZZ_1996_03_08_a28_seg8_s9;9;Full|Psp;Basel hat damit als Standort innerhalb der Konzerne sukzessive an Bedeutung verloren .;prozess;frequenziellPROZ;done;;frei;+;+;nd;nd;nd;nd;nd;nd;nd;nd;nd;nd;nd;nd;nd;nd;nd;nd;nd;nd;nd;nd
61;VVIZU;ADJA;wiederaufbauen;26;NZZ_1994_06_18_a150_seg9_s2;25;Full|zu;Ihre - wenn auch begrenzten - Erfolge ermöglichten den Palästinensern, das 1948 durch den gewaltsamen Abbruch aller persönlichen und kollektiven Identitätsmomente zerstörte Selbstwertgefühl sukzessive wiederaufzubauen .;prozess;frequenziellPROZ;done;;frei;+;+;nd;nd;nd;nd;nd;nd;nd;nd;nd;nd;nd;nd;nd;nd;nd;nd;nd;nd;nd;nd
62;VVPP;ADJA;steigern;7;NZZ_1997_04_04_a170_seg5_s14;6;Full|Psp;Die Intensität der Trainingseinheiten wurde sukzessive gesteigert .;prozess;frequenziellPROZ;done;;frei;+;+;nd;nd;nd;nd;nd;nd;nd;nd;nd;nd;nd;nd;nd;nd;nd;nd;nd;nd;nd;nd
63;VVPP;ADJA;reduzieren;33;NZZ_1997_03_01_a88_seg3_s3;32;Full|Psp;Dass der Konzern mit strukturellen Problemen zu kämpfen hat, war schon in den letzten Jahren erkennbar geworden : Nachdem sich der Betriebsgewinn bei der Personenwagenherstellung seit Beginn der neunziger Jahre sukzessive reduziert hatte, erlitt Renault im Jahr 1995 in diesem zentralen Unternehmensbereich sogar erstmals wieder einen Verlust .;prozess;frequenziellPROZ;done;;frei;+;+;nd;nd;nd;nd;nd;nd;nd;nd;nd;nd;nd;nd;nd;nd;nd;nd;nd;nd;nd;nd
64;VVPP;ADJA;verlieren;24;NZZ_1994_12_21_a171_seg3_s3;21;Full|Psp;Gemessen an ihrer Leistungsfähigkeit bei der Erzeugung von künstlichem Licht, hat die Kerze in den vergangenen zweihundert Jahren zwar sukzessive an Bedeutung verloren .;prozess;frequenziellPROZ;done;;frei;+;+;nd;nd;nd;nd;nd;nd;nd;nd;nd;nd;nd;nd;nd;nd;nd;nd;nd;nd;nd;nd
65;VVINF;ADJA;spielen;16;NZZ_1999_04_16_a92_seg5_s3;14;Full|-2;Freilich ist zu berücksichtigen, dass der Wettbewerb erst im Verlauf des Jahres sukzessive zu spielen begann .;prozess;frequenziellPROZ;done;;frei;+;+;nd;nd;nd;nd;nd;nd;nd;nd;nd;nd;nd;nd;nd;nd;nd;nd;nd;nd;nd;nd
66;VVFIN;ADJA;machen;6;NZZ_1996_01_22_a148_seg3_s7;12;Full|3|Sg|Past|Ind;Auch der Favorit Fort Nelson machte in dieser Phase des Rennens sukzessive Boden gut .;prozess;frequenziellPROZ;done;;frei;+;+;nd;nd;nd;nd;nd;nd;nd;nd;nd;nd;nd;nd;nd;nd;nd;nd;nd;nd;nd;nd
67;VVPP;ADJA;reduzieren;17;NZZ_1998_03_09_a24_seg6_s11;16;Full|Psp;Savimbi hält in der Anfangsphase ein Minimum von 400 Mann für nötig, welche dann sukzessive reduziert werden .;prozess;frequenziellPROZ;done;;frei;+;+;nd;nd;nd;nd;nd;nd;nd;nd;nd;nd;nd;nd;nd;nd;nd;nd;nd;nd;nd;nd
68;VAFIN;ADJA;arbeiten;18;NZZ_1995_02_25_a162_seg5_s15;12;Haben|3|Pl|Pres|Ind;Oft ist die definitive Bestimmung von Güssen einzelner Bildhauer, die sukzessive in einer grossen Werkstatt gearbeitet haben, unmöglich .;prozess;frequenziellPROZ;done;;frei;+;+;nd;nd;nd;nd;nd;nd;nd;nd;nd;nd;nd;nd;nd;nd;nd;nd;nd;nd;nd;nd
69;VMFIN;ADJA;müssen;39;NZZ_1999_09_04_a83_seg5_s1;33;Mod|3|Sg|Pres|Ind;Die ganze Diskussion in Deutschland geht wohl von der Annahme aus, dass die historisch gewachsene, weitgehend regional orientierte und über Minderheitsbeteiligungen miteinander verkettete Struktur der hiesigen Elektrizitätswirtschaft überholt ist und sukzessive zumindest in europäische Dimensionen hineinwachsen muss .;prozess;frequenziellPROZ;done;;frei;+;+;nd;nd;nd;nd;nd;nd;nd;nd;nd;nd;nd;nd;nd;nd;nd;nd;nd;nd;nd;nd
70;VVPP;ADJA;einführen;27;NZZ_1996_06_28_a41_seg6_s1;17;Full|Psp;Die Arbeitnehmerversicherung wurde vom Reichskanzler Otto von Bismarck konzipiert und in Deutschland in den Jahren 1883-1889 sukzessive für die Kranken-, Unfall-, Invaliditäts- und Altersversicherung eingeführt .;prozess;frequenziellPROZ;done;;frei;+;+;nd;nd;nd;nd;nd;nd;nd;nd;nd;nd;nd;nd;nd;nd;nd;nd;nd;nd;nd;nd
71;VVPP;ADJA;zurückgehen;18;NZZ_1995_01_25_a84_seg8_s5;17;Full|Psp;Da die Lebenserwartung seit der Einführung der AHV stark zugenommen hat, während gleichzeitig die Geburtenzahl sukzessive zurückgegangen ist, wird indessen die Alterslastquote - d. h. der Anteil der Bevölkerung mit 65 und mehr Jahren in Relation zu den Personen zwischen 20 und 64 Jahren - immer ungünstiger .;prozess;frequenziellPROZ;done;;frei;+;+;nd;nd;nd;nd;nd;nd;nd;nd;nd;nd;nd;nd;nd;nd;nd;nd;nd;nd;nd;nd
72;VVFIN;ADJA;ziehen;18;NZZ_1999_09_10_a178_seg12_s3;19;Full|3|Pl|Pres|Ind;Wenn jemand beispielsweise im Kreis 4 in einem Block mit acht Schweizer Familien wohnt, und diese ziehen sukzessive aus, dafür ziehen neue Familien ein, aus Afrika oder aus Ex-Jugoslawien, dann gibt es Reibungen .;prozess;frequenziellPROZ;done;;frei;+;+;nd;nd;nd;nd;nd;nd;nd;nd;nd;nd;nd;nd;nd;nd;nd;nd;nd;nd;nd;nd
73;VVFIN;ADJA;erwerben;24;NZZ_1997_10_18_a99_seg7_s8;10;Full|-2;Ein Beispiel : Ernst Beyeler konnte mit viel Geschick sukzessive die vielleicht bedeutendste Privatsammlung Klassischer Moderne, die Thompson-Collection ( Pittsburgh ), erwerben, die neben 340 Werken von Cézanne, Picasso, Matisse, Léger, Schwitters, Pollock u. a. das gewichtigste Giacometti-Ensemble umfasste sowie auch 100 Gemälde von Paul Klee .;prozess;frequenziellPROZ;done;;frei;+;+;nd;nd;nd;nd;nd;nd;nd;nd;nd;nd;nd;nd;nd;nd;nd;nd;nd;nd;nd;nd
74;VVPP;ADJA;ausbauen;8;NZZ_1993_08_04_a53_seg7_s4;7;Full|Psp;Der Vertrag wurde im materiellen Bereich sukzessive ausgebaut und mit Vorschriften zum Schutz des Arbeitnehmers bei Betriebsschliessungen, Empfehlungen über die Freizügigkeit in der beruflichen Vorsorge, Partnerschaftsaktionen u. a. erweitert .;prozess;frequenziellPROZ;done;;frei;+;+;nd;nd;nd;nd;nd;nd;nd;nd;nd;nd;nd;nd;nd;nd;nd;nd;nd;nd;nd;nd
75;VMINF;ADJA;sollen;15;NZZ_1995_07_04_a132_seg3_s11;6;Mod|3|Pl|Pres|Ind;Dieser hätte den seit 1988 sukzessive in eine naturnahe Parkanlage umgewandelten Friedhof zusätzlich aufwerten sollen .;prozess;frequenziellPROZ;done;;frei;+;+;nd;nd;nd;nd;nd;nd;nd;nd;nd;nd;nd;nd;nd;nd;nd;nd;nd;nd;nd;nd
76;VVPP;ADJA;abbauen;16;NZZ_1998_09_19_a118_seg25_s7;15;Full|Psp;Im übrigen sollten die vielfältigen Subventionierungen des Energieverbrauchs, die heute noch bestehen, sukzessive abgebaut werden .;prozess;frequenziellPROZ;done;;frei;+;+;nd;nd;nd;nd;nd;nd;nd;nd;nd;nd;nd;nd;nd;nd;nd;nd;nd;nd;nd;nd
77;VVINF;ADJA;reduzieren;20;NZZ_1999_03_24_a98_seg3_s11;19;Full|-2;Die beide Fusionspartner sind indessen zuversichtlich, dass der Staat sein Engagement - entsprechend einem parlamentarischen Beschluss - sukzessive reduzieren wird .;prozess;frequenziellPROZ;done;;frei;+;+;nd;nd;nd;nd;nd;nd;nd;nd;nd;nd;nd;nd;nd;nd;nd;nd;nd;nd;nd;nd
78;VVINF;ADJA;stehen;22;NZZ_1997_09_17_a25_seg8_s4;19;Full|-2;Der kollektive Teil umfasst auch die Schaffung von Wohnraum für rund 1000 Rückkehrer, der ab Mitte Oktober sukzessive zur Verfügung stehen soll .;prozess;frequenziellPROZ;done;;frei;+;+;nd;nd;nd;nd;nd;nd;nd;nd;nd;nd;nd;nd;nd;nd;nd;nd;nd;nd;nd;nd
79;VVPP;ADJA;abbauen;18;NZZ_1997_12_13_a16_seg11_s2;17;Full|Psp;Zur militärischen Stabilisierung ist die Präsenz der Nato noch länger nötig, wobei die Mannschaftsbestände wohl sukzessive abgebaut werden können .;prozess;frequenziellPROZ;done;;frei;+;+;nd;nd;nd;nd;nd;nd;nd;nd;nd;nd;nd;nd;nd;nd;nd;nd;nd;nd;nd;nd
80;VVFIN;ADJA;fallen;17;NZZ_1998_02_17_a196_seg4_s22;25;Full|3|Sg|Past|Ind;"Einen augenfälligen Fehler beging sie darauf nicht ; auf der durch die Sonneneinstrahlung weich gewordenen Piste fiel die Fahrerin mit der Nummer 27 dennoch sukzessive zurück .";prozess;frequenziellPROZ;done;;frei;+;+;nd;nd;nd;nd;nd;nd;nd;nd;nd;nd;nd;nd;nd;nd;nd;nd;nd;nd;nd;nd
81;VVIZU;ADJA;vorbereiten;21;NZZ_1999_03_12_a182_seg8_s10;16;Full|zu;Gestützt auf zwei unabhängige Gutachten, wurden Portmann dann aber Vollzugslockerungen gewährt, um ihn sukzessive auf die bedingte Entlassung vorzubereiten .;prozess;frequenziellPROZ;done;;frei;+;+;nd;nd;nd;nd;nd;nd;nd;nd;nd;nd;nd;nd;nd;nd;nd;nd;nd;nd;nd;nd
82;VVPP;ADJA;integrieren;13;NZZ_1995_06_09_a106_seg2_s13;8;Full|Psp;Nun wird eröffnet, das K3000-Verkaufsstellennetz werde sukzessive in den Coop- Kanal integriert - ein schon vor Jahren prognostizierbarer Schritt .;prozess;frequenziellPROZ;done;;frei;+;+;nd;nd;nd;nd;nd;nd;nd;nd;nd;nd;nd;nd;nd;nd;nd;nd;nd;nd;nd;nd
83;VVPP;ADJA;zentralisieren;7;NZZ_1996_11_29_a95_seg3_s23;6;Full|Psp;Während Teile des Bereichs Technik sukzessive zentralisiert werden, geschieht bei der Kundenbetreuung das Gegenteil .;prozess;frequenziellPROZ;done;;frei;+;+;nd;nd;nd;nd;nd;nd;nd;nd;nd;nd;nd;nd;nd;nd;nd;nd;nd;nd;nd;nd
84;VVINF;ADJA;ausziehen;11;NZZ_1998_07_18_a26_seg2_s7;7;Full|-2;Die UBS werde bis Ende 1998 sukzessive aus dem Botta-Gebäude ausziehen .;prozess;frequenziellPROZ;done;;frei;+;+;nd;nd;nd;nd;nd;nd;nd;nd;nd;nd;nd;nd;nd;nd;nd;nd;nd;nd;nd;nd
85;VVFIN;ADJA;ergreifen;34;NZZ_1999_05_08_a152_seg4_s5;38;Full|3|Sg|Past|Ind;Auch wenn die Glasherstellung in Nancy gleichsam als Leitdisziplin galt - 1893 gründeten die Brüder Daum ihre eigene Manufaktur, die sich als ebenbürtige Konkurrenz zu den Werkstätten Gallés etablierte -, so ergriff die neue Formgesinnung sukzessive auch die übrigen Bereiche künstlerischen Schaffens .;prozess;frequenziellPROZ;done;;frei;+;+;nd;nd;nd;nd;nd;nd;nd;nd;nd;nd;nd;nd;nd;nd;nd;nd;nd;nd;nd;nd
86;VVINF;ADJA;einsetzen;6;NZZ_1997_10_01_a49_seg28_s6;5;Full|-2;Die Steuerausfälle werden erst sukzessive einsetzen .;prozess;frequenziellPROZ;done;;frei;+;+;nd;nd;nd;nd;nd;nd;nd;nd;nd;nd;nd;nd;nd;nd;nd;nd;nd;nd;nd;nd
87;VVINF;ADJA;verhärten;42;NZZ_1998_03_11_a77_seg7_s8;40;Full|-2;Und dies trotz einer sukzessiven Währungsverhärtung : 1995 war die Lira wegen der intransigenten politischen Opposition von Silvio Berlusconi noch abrupt zusammengebrochen, um sich dann aber - unter der nunmehr bereits 22 Monate amtierenden Regierung Prodi - wieder sukzessive zu verhärten .;prozess;frequenziellPROZ;done;;frei;+;+;nd;nd;nd;nd;nd;nd;nd;nd;nd;nd;nd;nd;nd;nd;nd;nd;nd;nd;nd;nd
88;VAINF;ADJA;haben;16;NZZ_1995_08_25_a80_seg5_s3;14;Haben|-2;Gemäss inoffiziellen Berichten soll sich die staatliche Unterstützung in den letzten Jahren überhaupt sukzessive reduziert haben : Hatte sie bei der A-300 noch 100% der gesamten Herstellungskosten ausgemacht, so erreichte sie bei der A-310 nur noch 90%, bei der A-320 bloss 75% und bei den Modellen A-330/340 sogar nur noch 60% .;prozess;frequenziellPROZ;done;;frei;+;+;nd;nd;nd;nd;nd;nd;nd;nd;nd;nd;nd;nd;nd;nd;nd;nd;nd;nd;nd;nd
89;VVINF;ADJA;steigen;21;NZZ_1999_01_07_a65_seg3_s18;20;Full|-2;In den nächsten Jahren könnten die Überschüsse laut CBO - bei einem zugrunde gelegten Wirtschaftswachstum von gut 2% - sukzessive steigen und kumuliert bis zum Jahr 2008 rund 1550 Mrd. $ ausmachen .;prozess;frequenziellPROZ;done;;frei;+;+;nd;nd;nd;nd;nd;nd;nd;nd;nd;nd;nd;nd;nd;nd;nd;nd;nd;nd;nd;nd
90;VVPP;ADJA;schließen;20;NZZ_1997_11_14_a180_seg5_s4;19;Full|Psp;Hinzu kommt, dass vom nächsten Frühjahr an in Folgebänden auch jene Lücken der « Digitalen Bibliothek » sukzessive geschlossen werden sollen .;prozess;frequenziellPROZ;done;;frei;+;+;nd;nd;nd;nd;nd;nd;nd;nd;nd;nd;nd;nd;nd;nd;nd;nd;nd;nd;nd;nd
91;VVPP;ADJA;erhöhen;23;NZZ_1995_07_28_a33_seg8_s8;22;Full|Psp;Auffallend ist zudem, dass vielfach Ersatzfrauen auf die Annahme des ihnen zufallenden Mandats verzichten und sich die Vertretung der Männer sukzessive erhöht - nicht weil es die Wählenden so gewollt hatten, sondern weil es sich die weiter hinten Placierten inzwischen anders überlegt haben .;prozess;frequenziellPROZ;done;;frei;+;+;nd;nd;nd;nd;nd;nd;nd;nd;nd;nd;nd;nd;nd;nd;nd;nd;nd;nd;nd;nd
92;VVPP;ADJA;aufgeben;16;NZZ_1999_05_18_a151_seg6_s11;15;Full|Psp;Die bisherigen dezentralen Unterkünfte für Asylsuchende sollen, sobald es die Lage zulässt, sukzessive aufgegeben werden .;prozess;frequenziellPROZ;done;;frei;+;+;nd;nd;nd;nd;nd;nd;nd;nd;nd;nd;nd;nd;nd;nd;nd;nd;nd;nd;nd;nd
93;VVFIN;ADJA;dünnen;25;NZZ_1997_03_27_a189_seg7_s6;30;Full|3|Sg|Past|Ind;Noch immer ist ein Verteidiger die dominierende Figur ( Ray Bourque ), doch die restriktive Sparpolitik des Klubpräsidenten und General Managers Harry Sinden dünnte die Klasse des Kaders sukzessive aus .;prozess;frequenziellPROZ;done;;frei;+;+;nd;nd;nd;nd;nd;nd;nd;nd;nd;nd;nd;nd;nd;nd;nd;nd;nd;nd;nd;nd
94;VVPP;ADJA;drängen;34;NZZ_1999_04_01_a124_seg7_s2;30;Full|Psp;Wie der scheidende Präsident der SFA und Vorsitzende der Geschäftsleitung von Credit Suisse Asset Management Funds, Heinz Hofmann, in Bern ausführte, werden nationale Eigenheiten und Präferenzen sukzessive in den Hintergrund gedrängt, obwohl die neuen Ucits-Richtlinien nach seiner Einschätzung den einzelnen Ländern einen grossen Gestaltungsspielraum einräumen .;prozess;frequenziellPROZ;done;;frei;+;+;nd;nd;nd;nd;nd;nd;nd;nd;nd;nd;nd;nd;nd;nd;nd;nd;nd;nd;nd;nd
95;VVIMP;ADJA;lockern;13;NZZ_1994_06_06_a90_seg36_s7;17;Full|3|Sg|Pres|Ind;Von der Mitte Deutschlands nach Frankreich und zu den Britischen Inseln hin lockert sich die Bewölkung sukzessive auf .;prozess;frequenziellPROZ;done;;frei;+;+;nd;nd;nd;nd;nd;nd;nd;nd;nd;nd;nd;nd;nd;nd;nd;nd;nd;nd;nd;nd
96;VVPP;ADJA;wiederherstellen;29;NZZ_1999_01_04_a109_seg11_s2;28;Full|Psp;Aller Wahrscheinlichkeit nach wird es zu keiner Abwertung kommen, da das Vertrauen der Anleger im Zuge einer geplanten Steuerreform und der Zusage eines umfassenden internationalen Hilfspaketes sukzessive wiederhergestellt werden dürfte .;prozess;frequenziellPROZ;done;;frei;+;+;nd;nd;nd;nd;nd;nd;nd;nd;nd;nd;nd;nd;nd;nd;nd;nd;nd;nd;nd;nd
97;VVPP;ADJA;wandeln;35;NZZ_1995_09_07_a78_seg3_s10;31;Full|Psp;In diesem Zeitraum hat sich die Unctad von einem dirigistisch und interventionistisch orientierten Forum, das seinen Ausdruck insbesondere in der inzwischen fehlgeschlagenen « integrierten Rohstoffpolitik » gefunden hatte, sukzessive in ein Uno-Unterorgan gewandelt, das auch mit seinem spezifischen Drittweltbezug auf den Fundamenten marktwirtschaftlicher Prinzipien ruht .;prozess;frequenziellPROZ;done;;frei;+;+;nd;nd;nd;nd;nd;nd;nd;nd;nd;nd;nd;nd;nd;nd;nd;nd;nd;nd;nd;nd
98;VVINF;ADJA;verwandeln;17;NZZ_1999_06_28_a69_seg8_s2;13;Full|-2;$, die bisher von den Policeninhabern gehalten wurden und sich zurzeit sukzessive in kotierte Unternehmen verwandeln, ab sofort breit gestreut sein .;prozess;frequenziellPROZ;done;;frei;+;+;nd;nd;nd;nd;nd;nd;nd;nd;nd;nd;nd;nd;nd;nd;nd;nd;nd;nd;nd;nd
99;VVPP;ADJA;reduzieren;40;NZZ_1994_10_21_a71_seg5_s4;36;Full|Psp;Seit dem Börsenkrach von 1987 hatte sich nämlich die Zahl der Kleinaktionäre in Frankreich von einem Höchststand von 2 Mio. im Frühling 1987 - sechs Monate vor dem « crash » - bis Ende 1992 sukzessive auf 5 Mio. reduziert .;prozess;frequenziellPROZ;done;;frei;+;+;nd;nd;nd;nd;nd;nd;nd;nd;nd;nd;nd;nd;nd;nd;nd;nd;nd;nd;nd;nd
100;VVIZU;ADJA;nachgeben;37;NZZ_1995_01_17_a93_seg4_s3;33;Full|zu;Ein gleiches Bild vermittelt der Devisenmarkt : Die D-Mark stiess in der Frühe des Freitags kurz vor Bekanntwerden des Mandates noch auf 1063 L. hoch, um dann aber bis Montag abend sukzessive auf 1048 L. nachzugeben .;prozess;frequenziellPROZ;done;;frei;+;+;nd;nd;nd;nd;nd;nd;nd;nd;nd;nd;nd;nd;nd;nd;nd;nd;nd;nd;nd;nd
101;VVPP;ADJA;vermindern;11;NZZ_1996_09_19_a144_seg6_s4;10;Full|Psp;Montreux ' ursprünglich drei Millionen Franken öffentliche Subventionen sind sukzessive vermindert worden - und künftig auf null .;prozess;frequenziellPROZ;done;;frei;+;+;nd;nd;nd;nd;nd;nd;nd;nd;nd;nd;nd;nd;nd;nd;nd;nd;nd;nd;nd;nd
102;VVPP;ADJA;abbauen;6;NZZ_1995_10_07_a191_seg3_s67;5;Full|Psp;Dementsprechend wurde die Belegschaft sukzessive abgebaut : von 2400 auf knapp 600 .;prozess;frequenziellPROZ;done;;frei;+;+;nd;nd;nd;nd;nd;nd;nd;nd;nd;nd;nd;nd;nd;nd;nd;nd;nd;nd;nd;nd
103;VVPP;ADJA;nachrüsten;15;NZZ_1996_08_03_a36_seg6_s11;14;Full|Psp;Am Freitag erklärte Misak nun, Bohunice 1 und 2 würden bis 1999 sukzessive nachgerüstet, sowohl im Bereich der Notkühlung als auch in jenem des Containments .;prozess;frequenziellPROZ;done;;frei;+;+;nd;nd;nd;nd;nd;nd;nd;nd;nd;nd;nd;nd;nd;nd;nd;nd;nd;nd;nd;nd
104;VMFIN;ADJA;sollen;8;NZZ_1999_04_23_a53_seg7_s2;22;Mod|3|Pl|Pres|Ind;Gemäss den Anträgen von Bundesrat und Mehrheit sollen die jährlichen Beiträge an die Prämienverbilligung von 2213 Millionen Franken im Jahr 2000 sukzessive auf 2314 Millionen im Jahr 2003 steigen .;prozess;frequenziellPROZ;done;;frei;+;+;nd;nd;nd;nd;nd;nd;nd;nd;nd;nd;nd;nd;nd;nd;nd;nd;nd;nd;nd;nd
105;VVFIN;ADJA;vordringen;24;NZZ_1994_10_06_a143_seg4_s7;18;Full|3|Sg|Past|Ind;Diese hand- und fussbetriebenen Maschinen sind heute eindrückliche Zeugen des Zeitalters der Industrialisierung, als die Mechanik sukzessive in die Haushalte und Gewerbebetriebe vordrang .;prozess;frequenziellPROZ;done;;frei;+;+;nd;nd;nd;nd;nd;nd;nd;nd;nd;nd;nd;nd;nd;nd;nd;nd;nd;nd;nd;nd
106;VVPP;ADJA;zurückgehen;6;NZZ_1995_12_12_a80_seg3_s7;5;Full|Psp;Seither ist der Leitzins sukzessive zurückgegangen .;prozess;frequenziellPROZ;done;;frei;+;+;nd;nd;nd;nd;nd;nd;nd;nd;nd;nd;nd;nd;nd;nd;nd;nd;nd;nd;nd;nd
107;VVPP;ADJA;ausweiten;12;NZZ_1999_08_25_a125_seg2_s6;8;Full|Psp;Im nächsten Jahr allerdings wird das System sukzessive auf andere Anleihemärkte ausgeweitet, wobei Belgien, Frankreich, Grossbritannien und Italien Vorrang haben werden .;prozess;frequenziellPROZ;done;;frei;+;+;nd;nd;nd;nd;nd;nd;nd;nd;nd;nd;nd;nd;nd;nd;nd;nd;nd;nd;nd;nd
108;VVPP;ADJA;aufweichen;22;NZZ_1995_08_28_a90_seg3_s7;21;Full|Psp;Das Dach in der rund 150 Meter langen Einstellhalle sei wasserdurchlässig gewesen, und die Dachträger aus Holz hätten sich sukzessive aufgeweicht .;prozess;frequenziellPROZ;done;;frei;+;+;nd;nd;nd;nd;nd;nd;nd;nd;nd;nd;nd;nd;nd;nd;nd;nd;nd;nd;nd;nd
109;VVINF;ADJA;klären;3;NZZ_1998_05_27_a5_seg15_s2;4;Full|3|Pl|Pres|Ind;Die Urteile klären sukzessive den Flüchtlingsbegriff und die Verfahrensrechte .;prozess;frequenziellPROZ;done;;frei;+;+;nd;nd;nd;nd;nd;nd;nd;nd;nd;nd;nd;nd;nd;nd;nd;nd;nd;nd;nd;nd
110;VVPP;ADJA;sinken;33;NZZ_1996_09_28_a98_seg7_s4;30;Full|Psp;In den vergangenen vier Jahren sind über 10 Mio. neue Arbeitsplätze geschaffen worden - die Mehrzahl davon in gut und überdurchschnittlich zahlenden Dienstleistungssegmenten -, und die Arbeitslosenquote ist sukzessive auf 1% gesunken, ein Stand, der nach herkömmlicher Interpretation eigentlich schon Überbeschäftigung anzeigt .;prozess;frequenziellPROZ;done;;frei;+;+;nd;nd;nd;nd;nd;nd;nd;nd;nd;nd;nd;nd;nd;nd;nd;nd;nd;nd;nd;nd
111;VVPP;ADJA;abbauen;14;NZZ_1997_05_29_a25_seg7_s2;13;Full|Psp;Sollten die Räte dem Revisionsvorschlag der Regierung folgen, würde das Swissair-Monopol sukzessive abgebaut .;prozess;frequenziellPROZ;done;;frei;+;+;nd;nd;nd;nd;nd;nd;nd;nd;nd;nd;nd;nd;nd;nd;nd;nd;nd;nd;nd;nd
112;VVPP;ADJA;rekonstruieren;24;NZZ_1999_05_26_a155_seg3_s6;23;Full|2|Pl|Pres|Ind;In den vergangenen Jahren wurde die heute öffentliche Anlage anhand eines Parkpflegekonzeptes durch das Gartenarchitekturbüro Stöckli, Kienast und Koeppel aus Wettingen sukzessive rekonstruiert, restauriert, vervollständigt und damit wieder weitgehend in ihren ursprünglichen Zustand gebracht .;prozess;frequenziellPROZ;done;;frei;+;+;nd;nd;nd;nd;nd;nd;nd;nd;nd;nd;nd;nd;nd;nd;nd;nd;nd;nd;nd;nd
113;VVPP;ADJA;ersetzen;14;NZZ_1999_03_24_a244_seg4_s4;10;Full|Psp;Im Verlauf des Heilungsprozesses wird die aufgelegte Haut offenbar sukzessive durch körpereigene Hautzellen ersetzt .;prozess;frequenziellPROZ;done;;frei;+;+;nd;nd;nd;nd;nd;nd;nd;nd;nd;nd;nd;nd;nd;nd;nd;nd;nd;nd;nd;nd
114;VVINF;ADJA;knüpfen;12;NZZ_1994_08_24_a56_seg2_s18;9;Full|-2;Das Netz ist unter Einbezug aller staatlichen Ebenen sukzessive enger zu knüpfen .;prozess;frequenziellPROZ;done;;frei;+;+;nd;nd;nd;nd;nd;nd;nd;nd;nd;nd;nd;nd;nd;nd;nd;nd;nd;nd;nd;nd
115;VVPP;ADJA;einengen;6;NZZ_1999_04_17_a21_seg10_s11;5;Full|Psp;Sein Herrschaftsgebiet würde zwar sukzessive eingeengt, am Schluss sässe er in Belgrad fest .;prozess;frequenziellPROZ;done;;frei;+;+;nd;nd;nd;nd;nd;nd;nd;nd;nd;nd;nd;nd;nd;nd;nd;nd;nd;nd;nd;nd
116;VVINF;ADJA;verbessern;18;NZZ_1997_03_07_a95_seg2_s12;17;Full|-2;Die betriebliche Lage sollte sich nämlich in den kommenden zwei Jahren nicht nur aus konjunkturellen Gründen sukzessive verbessern, sondern auch auf Grund der bedeutenden Lizenzeinnahmen, welche dem Unternehmen in nächster Zeit neu zufliessen werden .;prozess;frequenziellPROZ;done;;frei;+;+;nd;nd;nd;nd;nd;nd;nd;nd;nd;nd;nd;nd;nd;nd;nd;nd;nd;nd;nd;nd
117;VVFIN;ADJA;bauen;17;NZZ_1998_02_18_a161_seg4_s2;21;Full|3|Sg|Past|Ind;Unter neuem Namen - Stiftung für Alterswohnungen der Stadt Zürich - bereinigte sie ihre Strukturen und baute gleichzeitig das Dienstleistungsangebot sukzessive aus .;prozess;frequenziellPROZ;done;;frei;+;+;nd;nd;nd;nd;nd;nd;nd;nd;nd;nd;nd;nd;nd;nd;nd;nd;nd;nd;nd;nd
118;VVPP;ADJA;einschwenken;36;NZZ_1996_02_16_a2_seg4_s4;31;Full|Psp;In der einstündigen Rede liess er seine fünfjährige Amtszeit Revue passieren, in der er sich anfangs entschlossen für einen Bruch mit der sowjetischen Vergangenheit eingesetzt hatte, dann aber sukzessive auf einen konservativen Kurs eingeschwenkt war .;prozess;frequenziellPROZ;done;;frei;+;+;nd;nd;nd;nd;nd;nd;nd;nd;nd;nd;nd;nd;nd;nd;nd;nd;nd;nd;nd;nd
119;VVPP;ADJA;zurückbilden;26;NZZ_1998_05_09_a100_seg2_s11;13;Full|Psp;Von einem Höchststand von 5% hat sich die Arbeitslosenquote innert eines Jahres sukzessive auf zuletzt 2%, den tiefsten Wert seit dem November 1995, zurückgebildet .;prozess;frequenziellPROZ;done;;frei;+;+;nd;nd;nd;nd;nd;nd;nd;nd;nd;nd;nd;nd;nd;nd;nd;nd;nd;nd;nd;nd
120;VVPP;ADJA;aufhellen;13;NZZ_1995_05_09_a133_seg10_s5;12;Full|Psp;Diese Vergehen würden in den letzten Jahren im Lichte präziser Quellenkenntnis sukzessive aufgehellt .;prozess;frequenziellPROZ;done;;frei;+;+;nd;nd;nd;nd;nd;nd;nd;nd;nd;nd;nd;nd;nd;nd;nd;nd;nd;nd;nd;nd
121;VVPP;ADJA;erhöhen;20;NZZ_1998_02_06_a141_seg3_s28;19;Full|Psp;Und bringt immer weniger ein, nachdem die Regierung in Washington die Gebühren zur Nutzung von staatlichem Weidegebiet sukzessive erhöht hat .;prozess;frequenziellPROZ;done;;frei;+;+;nd;nd;nd;nd;nd;nd;nd;nd;nd;nd;nd;nd;nd;nd;nd;nd;nd;nd;nd;nd
122;VVINF;ADJA;ergänzen;22;NZZ_1998_08_08_a106_seg8_s4;18;Full|-2;Allgemein wird angenommen, dass sich die CME dem Entscheid der CBOT anschliessen wird, den Parketthandel sukzessive mit Bildschirmen zu ergänzen, welche den Handel global rund um die Uhr ermöglichen werden .;prozess;frequenziellPROZ;done;;frei;+;+;nd;nd;nd;nd;nd;nd;nd;nd;nd;nd;nd;nd;nd;nd;nd;nd;nd;nd;nd;nd
123;VVINF;ADJA;verstärken;8;NZZ_1994_11_23_a157_seg3_s6;6;Full|-2;Der IFK Göteborg vermochte sich sukzessive zu verstärken, der neuerliche Titelgewinn war somit lediglich Formsache .;prozess;frequenziellPROZ;done;;frei;+;+;nd;nd;nd;nd;nd;nd;nd;nd;nd;nd;nd;nd;nd;nd;nd;nd;nd;nd;nd;nd
124;VVIZU;ADJA;einschränken;12;NZZ_1999_07_06_a87_seg13_s1;6;Full|zu;Die Einflussnahme des Bundes ist sukzessive auf die Gestaltung überregionaler Infrastrukturprojekte einzuschränken .;prozess;frequenziellPROZ;done;;frei;+;+;nd;nd;nd;nd;nd;nd;nd;nd;nd;nd;nd;nd;nd;nd;nd;nd;nd;nd;nd;nd
125;VVINF;ADJA;zunehmen;27;NZZ_1997_08_20_a82_seg4_s9;26;Full|-2;"Zwar wird in der laufenden Periode der Marktbereinigungsprozess weitergehen und damit der Gesamtumsatz abnehmen ; indessen wird mit deutlich steigendem Anteil des Lagergeschäfts die Ertragskraft sukzessive zunehmen .";prozess;frequenziellPROZ;done;;frei;+;+;nd;nd;nd;nd;nd;nd;nd;nd;nd;nd;nd;nd;nd;nd;nd;nd;nd;nd;nd;nd
126;VVFIN;ADJA;erhöhen;7;NZZ_1998_10_20_a235_seg13_s1;6;Full|3|Pl|Pres|Ind;Obwohl die Kantone die Studiengebühren sukzessive erhöhen, stellen sie bei der Vergabe von Stipendien immer rigorosere Anforderungen .;prozess;frequenziellPROZ;done;;frei;+;+;nd;nd;nd;nd;nd;nd;nd;nd;nd;nd;nd;nd;nd;nd;nd;nd;nd;nd;nd;nd
127;VVPP;ADJA;sinken;18;NZZ_1998_08_04_a61_seg2_s4;17;Full|Psp;Seit März, als noch ein Wert von 8% gemessen worden war, ist der PMI sukzessive gesunken .;prozess;frequenziellPROZ;done;;frei;+;+;nd;nd;nd;nd;nd;nd;nd;nd;nd;nd;nd;nd;nd;nd;nd;nd;nd;nd;nd;nd
128;VVFIN;ADJA;sanieren;32;NZZ_1997_08_16_a179_seg9_s5;31;Full|3|Sg|Past|Ind;Die Bahn selber entspricht zwar nach wie vor den Anforderungen, zumal sie vor Jahren mit einem grossen Bogen erweitert worden ist und man die Hindernisse in den letzten Jahren sukzessive sanierte .;prozess;frequenziellPROZ;done;;frei;+;+;nd;nd;nd;nd;nd;nd;nd;nd;nd;nd;nd;nd;nd;nd;nd;nd;nd;nd;nd;nd
129;VVFIN;ADJA;stocken;20;NZZ_1999_04_06_a175_seg9_s16;28;Full|3|Sg|Past|Ind;Er sprach gewählt von Joint ventures, Diversifikationen, Outsourcing, Licensing, Branding, Aktienkursen und Drei-Kreis-Ring-Konzepten, stockte den Bestand an nicht gerade billigem Personal sukzessive auf - und verlor dabei das Wesentliche aus den Augen : den Fussball .;prozess;frequenziellPROZ;done;;frei;+;+;nd;nd;nd;nd;nd;nd;nd;nd;nd;nd;nd;nd;nd;nd;nd;nd;nd;nd;nd;nd
130;VVPP;ADJA;entfalten;10;NZZ_1997_08_29_a141_seg3_s27;9;Full|3|Sg|Pres|Ind;Die Wiederkehr des Verdrängten, die sich hier sukzessive entfaltet, wird aber keinesfalls besserwisserisch oder bilderbuchartig aufgerollt, sondern bleibt ganz innerlich, kulminiert in einem lautlosen Schrei und einem gefrierenden Bild, das endgültig Ablösung, aber für das Publikum nicht unbedingt Auflösung verheisst .;prozess;frequenziellPROZ;done;;frei;+;+;nd;nd;nd;nd;nd;nd;nd;nd;nd;nd;nd;nd;nd;nd;nd;nd;nd;nd;nd;nd
131;VVPP;ADJA;restrukturieren;9;NZZ_1996_07_04_a145_seg11_s2;8;Full|Psp;Der Betrieb sei in den letzten Jahren sukzessive restrukturiert und der gesamte Personalbestand von 880 auf 501 Personen - 443 in der Schweiz und 58 in Deutschland ( Stand Juni 96 ) - verringert worden .;prozess;frequenziellPROZ;done;;frei;+;+;nd;nd;nd;nd;nd;nd;nd;nd;nd;nd;nd;nd;nd;nd;nd;nd;nd;nd;nd;nd
132;VVPP;ADJA;restaurieren;6;NZZ_1993_04_01_a130_seg5_s22;5;Full|Psp;Seit 1950 werden sie sukzessive restauriert .;prozess;frequenziellPROZ;done;;frei;+;+;nd;nd;nd;nd;nd;nd;nd;nd;nd;nd;nd;nd;nd;nd;nd;nd;nd;nd;nd;nd
133;VVFIN;ADJA;verschieben;26;NZZ_1995_07_07_a44_seg4_s1;23;Full|3|Sg|Past|Ind;hd. Der wiederholte Aufbau kräftiger, weit nach Norden ausgreifender Antizyklonen über dem Atlantik, deren Position sich im Laufe des Monats sukzessive nach Osten verschob, gab dem Wetterablauf im Juni sein Gepräge, indem auf der Ostflanke der Hochdruckzonen Polarluft zum Kontinent gesteuert wurde .;prozess;frequenziellPROZ;done;;frei;+;+;nd;nd;nd;nd;nd;nd;nd;nd;nd;nd;nd;nd;nd;nd;nd;nd;nd;nd;nd;nd
134;VVFIN;ADJA;ablösen;20;NZZ_1994_04_20_a214_seg16_s18;19;Full|3|Sg|Pres|Ind;Dies ist jedoch nur mit einem entsprechenden Übertragungsnetz möglich, dessen zugrundeliegende Technologie die vorhandene Infrastrukur einbindet und sukzessive ablöst, dabei aber auch offen bleibt für zukünftige Entwicklungen .;prozess;frequenziellPROZ;done;;frei;+;+;nd;nd;nd;nd;nd;nd;nd;nd;nd;nd;nd;nd;nd;nd;nd;nd;nd;nd;nd;nd
135;VVFIN;ADJA;zerfallen;22;NZZ_1998_03_03_a56_seg4_s6;21;Full|3|Sg|Past|Ind;Das mächtige Zentraltief im hohen Norden hat sich am Wochenende nach Nordskandinavien verschoben, während die bisher wetterbestimmende mitteleuropäische Hochdruckbrücke sukzessive zerfiel und nach Süden abgedrängt wurde .;prozess;frequenziellPROZ;done;;frei;+;+;nd;nd;nd;nd;nd;nd;nd;nd;nd;nd;nd;nd;nd;nd;nd;nd;nd;nd;nd;nd
136;VVINF;ADJA;erhöhen;16;NZZ_1997_08_15_a3_seg8_s1;15;Full|-2;Offensichtlich wollen Washington und die Nato den Druck auf Karadzic in einem intensiven Nervenkrieg sukzessive erhöhen, dabei aber eine gewaltsame Konfrontation nach Möglichkeit vermeiden .;prozess;frequenziellPROZ;done;;frei;+;+;nd;nd;nd;nd;nd;nd;nd;nd;nd;nd;nd;nd;nd;nd;nd;nd;nd;nd;nd;nd
137;VVFIN;ADJA;steigen;6;NZZ_1998_09_15_a83_seg3_s4;8;Full|3|Sg|Past|Ind;Vom damaligen Tiefstwert von 43% stieg sie sukzessive auf jetzt 85%, doch hat sich der Aufwärtstrend im letzten Jahr verlangsamt .;prozess;frequenziellPROZ;done;;frei;+;+;nd;nd;nd;nd;nd;nd;nd;nd;nd;nd;nd;nd;nd;nd;nd;nd;nd;nd;nd;nd
138;VVINF;ADJA;bringen;33;NZZ_1996_07_01_a123_seg7_s14;29;Full|-2;Ganz im Gegenteil - nach zehnminütigen Schwierigkeiten, den Tritt zu fassen, begann das Uhrin-Ensemble die Vorzüge seines Bollwerkes und des schnellen Umschalten mit Direktspielen auf Konter sukzessive zur Geltung zu bringen .;prozess;frequenziellPROZ;done;;frei;+;+;nd;nd;nd;nd;nd;nd;nd;nd;nd;nd;nd;nd;nd;nd;nd;nd;nd;nd;nd;nd
139;VVPP;ADJA;arbeiten;31;NZZ_1997_11_20_a194_seg3_s12;25;Full|Psp;Nach den ersten fünf trügerischen Minuten, in denen die Basler die homogenere, spielerisch bessere Equipe zu sein schienen, wurde dem Platzklub sukzessive in die Hände bzw. Füsse gearbeitet .;prozess;frequenziellPROZ;done;;frei;+;+;nd;nd;nd;nd;nd;nd;nd;nd;nd;nd;nd;nd;nd;nd;nd;nd;nd;nd;nd;nd
140;VVIZU;ADJA;buchen;24;NZZ_1998_12_04_a27_seg4_s9;23;Full|zu;Daneben soll auch die Möglichkeit bestehen, einen bestimmten Betrag im voraus auf den Chip zu laden und dann Fahrkosten bei Benutzung sukzessive abzubuchen .;prozess;frequenziellPROZ;done;;frei;+;+;nd;nd;nd;nd;nd;nd;nd;nd;nd;nd;nd;nd;nd;nd;nd;nd;nd;nd;nd;nd
141;VVINF;ADJA;gewinnen;20;NZZ_1999_04_28_a92_seg4_s1;16;Full|-2;Nach einer markanten Wachstumsverlangsamung auf geschätzte 7% im Jahr 1999 soll die deutsche Wirtschaft jetzt sukzessive wieder an Dynamik gewinnen und im Jahr 2000 mit einer Zunahme des Bruttoinlandprodukts von 6% konjunkturell deutlich besser dastehen .;prozess;frequenziellPROZ;done;;frei;+;+;nd;nd;nd;nd;nd;nd;nd;nd;nd;nd;nd;nd;nd;nd;nd;nd;nd;nd;nd;nd
142;VVIZU;ADJA;heranführen;15;NZZ_1995_08_05_a80_seg11_s7;11;Full|zu;Sie soll den assoziierten Staaten die Möglichkeit geben, sich sukzessive an die Union heranzuführen, und zwar erstens über die Europaverträge, zweitens über die finanziellen Hilfeleistungen und drittens über den strukturierten politischen Dialog .;prozess;frequenziellPROZ;done;;frei;+;+;nd;nd;nd;nd;nd;nd;nd;nd;nd;nd;nd;nd;nd;nd;nd;nd;nd;nd;nd;nd
143;VVPP;ADJA;verbessern;14;NZZ_1994_12_03_a32_seg7_s9;13;Full|Psp;Ausserdem habe sich das wirtschaftliche Los der Franzosen seit dem ersten Erdölschock sukzessive verbessert .;prozess;frequenziellPROZ;done;;frei;+;+;nd;nd;nd;nd;nd;nd;nd;nd;nd;nd;nd;nd;nd;nd;nd;nd;nd;nd;nd;nd
144;VVPP;ADJA;erhöhen;31;NZZ_1994_10_12_a44_seg6_s1;30;Full|Psp;T. K. Rom, 11. Oktober Der von der Sheraton kontrollierte Anteil am Kapital der Ciga - Compagnia Italiana Grandi Alberghi S. p. A. - ist über den Sommer sukzessive erhöht und in den letzten Tagen dann sogar verdoppelt worden .;prozess;frequenziellPROZ;done;;frei;+;+;nd;nd;nd;nd;nd;nd;nd;nd;nd;nd;nd;nd;nd;nd;nd;nd;nd;nd;nd;nd
145;VVPP;ADJA;schwächen;7;NZZ_1996_01_26_a19_seg1_s14;6;Full|Psp;"Die Reformkräfte im Innern wurden sukzessive geschwächt, nicht etwa gestärkt ; die Zukunft lässt hier wenig Gutes erahnen .";prozess;frequenziellPROZ;done;;frei;+;+;nd;nd;nd;nd;nd;nd;nd;nd;nd;nd;nd;nd;nd;nd;nd;nd;nd;nd;nd;nd
146;VVINF;ADJA;auslaufen;24;NZZ_1998_11_21_a116_seg2_s2;23;Full|-2;Zusammen mit Standard & Poor ' s gab die TSE bekannt, dass die « kleineren » Indizes der wichtigsten kanadischen Börse sukzessive auslaufen sollen, derweil mit Beginn des neuen Jahres ein neuer S& P/TSE-60-Index geschaffen wird .;prozess;frequenziellPROZ;done;;frei;+;+;nd;nd;nd;nd;nd;nd;nd;nd;nd;nd;nd;nd;nd;nd;nd;nd;nd;nd;nd;nd
147;VVPP;ADJA;ersetzen;19;NZZ_1997_01_31_a23_seg6_s12;13;Full|Psp;"Das Geschwader der mit Atomwaffen beladenen Bomber wurde in den folgenden Jahren sukzessive durch ein Arsenal strategischer Raketen ersetzt, die anderswo stationiert wurden ; der Bedarf nach fliegenden Patrouillen über dem arktisch-dänischen Territorium wurde damit immer geringer .";prozess;frequenziellPROZ;done;;frei;+;+;nd;nd;nd;nd;nd;nd;nd;nd;nd;nd;nd;nd;nd;nd;nd;nd;nd;nd;nd;nd
148;VVPP;ADJA;erweitern;6;NZZ_1998_08_12_a149_seg21_s2;5;Full|Psp;Dieser Kreis wird nun sukzessive erweitert .;prozess;frequenziellPROZ;done;;frei;+;+;nd;nd;nd;nd;nd;nd;nd;nd;nd;nd;nd;nd;nd;nd;nd;nd;nd;nd;nd;nd
149;VVPP;ADJA;umrüsten;28;NZZ_1997_03_27_a46_seg3_s6;22;Full|Psp;Wie die Telecom PTT mitteilte, wurden nach einem erfolgreich verlaufenen Versuch in Bern seit Anfang März ein Grossteil der Publifone sukzessive für die Benützung mit Kreditkarten umgerüstet .;prozess;frequenziellPROZ;done;;frei;+;+;nd;nd;nd;nd;nd;nd;nd;nd;nd;nd;nd;nd;nd;nd;nd;nd;nd;nd;nd;nd
150;VVINF;ADJA;nachvollziehen;14;NZZ_1997_05_17_a207_seg19_s17;13;Full|-2;"Diese unmittelbaren, ungefilterten Mitschriften aus einem Leben mit Kaspar Hauser lassen sukzessive nachvollziehen, wie Kaspar Hauser staunend Welt rezipiert, seine Identität findet und somit, hätte man ihn nicht umgebracht, vielleicht zum Prinzen seines Lebens geworden wäre : « Da ging ihm auf einmal ein Licht auf ; er sagte, ja freilich, denn er wäre ja selbst der Kaspar, und er sähe jetzt wie einfältig er gewesen sei .";prozess;frequenziellPROZ;done;;frei;+;+;nd;nd;nd;nd;nd;nd;nd;nd;nd;nd;nd;nd;nd;nd;nd;nd;nd;nd;nd;nd
151;VVPP;ADJA;zurückgehen;20;NZZ_1998_09_29_a91_seg3_s4;19;Full|Psp;Die dämpfenden Wirkungen kommen durchwegs von aussen, das heisst die Exportnachfrage ist im Gefolge der Asien- Krise sukzessive zurückgegangen, während die Inlandnachfrage lebhaft blieb .;prozess;frequenziellPROZ;done;;frei;+;+;nd;nd;nd;nd;nd;nd;nd;nd;nd;nd;nd;nd;nd;nd;nd;nd;nd;nd;nd;nd
152;VVPP;ADJA;starten;20;NZZ_1996_05_06_a132_seg3_s13;22;Full|Psp;Aarau zählte neben den Grasshoppers zu den beständigsten Teams des Frühlings und überholte - aus zweitletzter Tabellenpositionen im Februar gestartet - sukzessive besser placierte Equipen .;nd;nd;not of interest;ModADV;;nd;nd;nd;nd;nd;nd;nd;nd;nd;nd;nd;nd;nd;nd;nd;nd;nd;nd;nd;nd;nd;nd
153;VVFIN;ADJA;weichen;2;NZZ_1998_10_23_a212_seg4_s28;9;Full|3|Sg|Pres|Ind;Offensichtlich weicht die anfängliche Skepsis gegenüber dem Internet sukzessive einer wachsenden Begeisterung für den « réseau des réseaux » .;prozess;frequenziellPROZ;done;;frei;+;+;nd;nd;nd;nd;nd;nd;nd;nd;nd;nd;nd;nd;nd;nd;nd;nd;nd;nd;nd;nd
154;VVINF;ADJA;reduzieren;12;NZZ_1996_09_07_a91_seg6_s3;11;Full|-2;In der Folge werden Staaten ihre Steuersätze auf mobilen Produktionsfaktoren sukzessive reduzieren, um sie ins Land zu locken .;prozess;frequenziellPROZ;done;;frei;+;+;nd;nd;nd;nd;nd;nd;nd;nd;nd;nd;nd;nd;nd;nd;nd;nd;nd;nd;nd;nd
155;VMFIN;ADJA;können;21;NZZ_1998_04_15_a151_seg4_s13;18;Mod|3|Pl|Pres|Ind;Alle Beteiligten hoffen auf einen Baubeginn im Herbst dieses Jahres, damit die Neubauten ab Herbst 2001 sukzessive bezogen werden können .;prozess;frequenziellPROZ;done;;frei;+;+;nd;nd;nd;nd;nd;nd;nd;nd;nd;nd;nd;nd;nd;nd;nd;nd;nd;nd;nd;nd
156;VVPP;ADJA;verschärfen;20;NZZ_1998_06_22_a15_seg2_s7;19;Full|Psp;Ein regelrechter Krieg brach 1992 aus, nachdem sich die latenten Spannungen zwischen georgischer Mehrheit und ossetischer Minderheit sukzessive verschärft hatten .;prozess;frequenziellPROZ;done;;frei;+;+;nd;nd;nd;nd;nd;nd;nd;nd;nd;nd;nd;nd;nd;nd;nd;nd;nd;nd;nd;nd
157;VVIZU;ADJA;zurückziehen;24;NZZ_1997_10_10_a76_seg3_s16;23;Full|zu;Die gegenüber dem Vorjahr niedrigeren Budgetzahlen setzte er in Zusammenhang mit dem Bestreben des Staates, sich aus einzelnen Bereichen der Wirtschaft sukzessive zurückzuziehen .;prozess;frequenziellPROZ;done;;frei;+;+;nd;nd;nd;nd;nd;nd;nd;nd;nd;nd;nd;nd;nd;nd;nd;nd;nd;nd;nd;nd
158;VVINF;ADJA;erschöpfen;13;NZZ_1997_12_15_a155_seg5_s6;11;Full|-2;Aus einer schier hoffnungslosen Situation heraus vermochte er Torsten May sukzessive zu erschöpfen, indem er unermüdlich und mit den letzten Reserven fightete .;prozess;frequenziellPROZ;done;;frei;+;+;nd;nd;nd;nd;nd;nd;nd;nd;nd;nd;nd;nd;nd;nd;nd;nd;nd;nd;nd;nd
159;VVINF;ADJA;relativieren;19;NZZ_1999_08_02_a24_seg16_s19;16;Full|-2;Das Verhältnis zur bisherigen Bündnisvormacht USA aber könnte sich im Zuge einer kecken europäischen Sicherheitsrhetorik sukzessive so weit relativieren, dass die USA, wo einschlägiges Gedankengut ja schon lange wuchert, zu einer Politik zurückfinden könnten, die in Schillers « Tell » ebenfalls seinen klassischen Niederschlag gefunden hat : « Der Starke ist am mächtigsten allein . »;prozess;frequenziellPROZ;done;;frei;+;+;nd;nd;nd;nd;nd;nd;nd;nd;nd;nd;nd;nd;nd;nd;nd;nd;nd;nd;nd;nd
160;VVPP;ADJA;perfektionieren;35;NZZ_1994_03_26_a118_seg7_s8;34;Full|Psp;Im Rahmen der berühmten « Zehnten Epoche » seiner Esquisse denkt der Philosoph über « künftige Fortschritte des menschlichen Geistes » nach : Auf dem Boden eines prinzipiell unbeschränkten Fortschrittes werden die Wissenschaften sukzessive perfektioniert .;prozess;frequenziellPROZ;done;;frei;+;+;nd;nd;nd;nd;nd;nd;nd;nd;nd;nd;nd;nd;nd;nd;nd;nd;nd;nd;nd;nd
161;VVFIN;ADJA;stehen;26;NZZ_1997_11_01_a223_seg17_s2;19;Full|3|Pl|Pres|Ind;Das hat zur Folge, dass in den ersten Jahren die Erträge aus der Bewirtschaftung des Stiftungskapitals nur sukzessive wachsend für die Stiftungsaktivitäten zur Verfügung stehen .;nd;nd;not of interest;ModSekPräd;;nd;nd;nd;nd;nd;nd;nd;nd;nd;nd;nd;nd;nd;nd;nd;nd;nd;nd;nd;nd;nd;nd
162;VVFIN;ADJA;entwickeln;18;NZZ_1999_08_26_a31_seg5_s3;29;Full|3|Pl|Past|Ind;Vor dem Hintergrund des Elends, das sich in den offenen Szenen verschiedener Schweizer Städte manifestierte, entwickelten die Behörden aller staatlichen Ebenen in den neunziger Jahren gemeinsam sukzessive das drogenpolitische Vier-Säulen-Modell .;prozess;frequenziellPROZ;done;;frei;+;+;nd;nd;nd;nd;nd;nd;nd;nd;nd;nd;nd;nd;nd;nd;nd;nd;nd;nd;nd;nd
163;VVPP;ADJA;stilisieren;23;NZZ_1996_05_02_a226_seg14_s3;17;Full|Psp;Pestalozzi wird in Liedern und Oden, anlässlich von Feiern, Festen und Ritualen verewigt und sukzessive zur Identifikationsfigur des jungen Bundesstaates stilisiert .;prozess;frequenziellPROZ;done;;frei;+;+;nd;nd;nd;nd;nd;nd;nd;nd;nd;nd;nd;nd;nd;nd;nd;nd;nd;nd;nd;nd
164;VVINF;ADJA;einspeisen;26;NZZ_1997_09_25_a78_seg4_s8;25;Full|-2;Um diese Knacknuss zu lösen, musste die Exekutive einen speziellen « Stabilisationsfonds » ins Leben rufen, in den sie die überschüssigen Haushaltgelder sukzessive einspeisen kann .;prozess;frequenziellPROZ;done;;frei;+;+;nd;nd;nd;nd;nd;nd;nd;nd;nd;nd;nd;nd;nd;nd;nd;nd;nd;nd;nd;nd
165;VVPP;ADJA;beheben;25;NZZ_1995_07_18_a126_seg4_s2;24;Full|Psp;Zwei veraltete Anlagen sollen nur noch mit nicht fluchtgefährlichen Häftlingen belegt, zwanzig neue Aufseherstellen möglichst rasch besetzt sowie technische und bauliche Mängel sukzessive behoben werden .;prozess;frequenziellPROZ;done;;frei;+;+;nd;nd;nd;nd;nd;nd;nd;nd;nd;nd;nd;nd;nd;nd;nd;nd;nd;nd;nd;nd
166;VMFIN;ADJA;wollen;5;NZZ_1999_03_16_a228_seg5_s1;9;Mod|3|Sg|Pres|Ind;In der kommenden Legislaturperiode will der Kanton Zürich sukzessive die ganze Verwaltung den Grundsätzen des New Public Management ( NPM ) unterstellen .;prozess;frequenziellPROZ;done;;frei;+;+;nd;nd;nd;nd;nd;nd;nd;nd;nd;nd;nd;nd;nd;nd;nd;nd;nd;nd;nd;nd
167;VVIZU;ADJA;umsetzen;18;NZZ_1998_08_31_a121_seg2_s8;14;Full|zu;Vorgesehen ist, diesen Ende Jahr auf Grund der Umfrageergebnisse zu konkretisieren und sukzessive in die Praxis umzusetzen .;prozess;frequenziellPROZ;done;;frei;+;+;nd;nd;nd;nd;nd;nd;nd;nd;nd;nd;nd;nd;nd;nd;nd;nd;nd;nd;nd;nd
168;VVINF;ADJA;entledigen;12;NZZ_1995_07_07_a17_seg6_s9;10;Full|-2;Ohnehin hat Ter-Petrosjan 1994 begonnen, sich seiner Gegner sukzessive zu entledigen und die demokratischen Freiheiten einzuschränken .;prozess;frequenziellPROZ;done;;frei;+;+;nd;nd;nd;nd;nd;nd;nd;nd;nd;nd;nd;nd;nd;nd;nd;nd;nd;nd;nd;nd
169;VVPP;ADJA;verlieren;8;NZZ_1998_10_17_a229_seg7_s5;5;Full|Psp;Die Schweizer Schirmindustrie hat sukzessive an Terrain verloren .;prozess;frequenziellPROZ;done;;frei;+;+;nd;nd;nd;nd;nd;nd;nd;nd;nd;nd;nd;nd;nd;nd;nd;nd;nd;nd;nd;nd
170;VVPP;ADJA;ansteigen;12;NZZ_1995_10_10_a47_seg4_s4;11;Full|Psp;"Das Thermometer ist bei uns vor allem in den Bergen sukzessive angestiegen und erreichte am Sonntag auf dem Säntis und auf dem Weissfluhjoch 13 Wärmegrade und damit ein Tagesmittel, das etwa 12 Grad über der langjährigen Norm liegt ; dies sind trotzdem keine Rekorde .";prozess;frequenziellPROZ;done;;frei;+;+;nd;nd;nd;nd;nd;nd;nd;nd;nd;nd;nd;nd;nd;nd;nd;nd;nd;nd;nd;nd
171;VVINF;ADJA;verringern;22;NZZ_1995_09_15_a62_seg3_s3;20;Full|-2;Bundespräsident Herzog erinnerte in seiner Festansprache die Autohersteller an ihr vor Jahren abgegebenes Versprechen, den Treibstoffverbrauch ihrer Produkte sukzessive zu verringern, forderte aber auch die Automobilisten auf, für ihre Mobilitätsbedürfnisse nach Möglichkeit umweltschonendere Alternativen zu nutzen .;prozess;frequenziellPROZ;done;;frei;+;+;nd;nd;nd;nd;nd;nd;nd;nd;nd;nd;nd;nd;nd;nd;nd;nd;nd;nd;nd;nd
172;VVFIN;ADJA;ausbreiten;21;NZZ_1998_01_23_a206_seg3_s6;16;Full|3|Sg|Pres|Ind;Omnipoint ist in den Staaten der viertgrösste Mobilphone-Betreiber, der sein Netz von New York sukzessive über die ganze Ostküste ausbreitet .;prozess;frequenziellPROZ;done;;frei;+;+;nd;nd;nd;nd;nd;nd;nd;nd;nd;nd;nd;nd;nd;nd;nd;nd;nd;nd;nd;nd
173;VVPP;ADJA;entmachten;4;NZZ_1996_04_20_a23_seg20_s4;3;Full|Psp;Sie wurden sukzessive entmachtet, auf unwichtige Posten abgeschoben, degradiert und aus der Partei ausgeschlossen .;prozess;frequenziellPROZ;done;;frei;+;+;nd;nd;nd;nd;nd;nd;nd;nd;nd;nd;nd;nd;nd;nd;nd;nd;nd;nd;nd;nd
174;VVINF;ADJA;verringern;28;NZZ_1997_04_23_a69_seg4_s6;27;Full|-2;Bisher hatte die Gefahr bestanden, dass die für das Marktgeschehen so bedeutsamen ausländischen Investoren im Vorfeld der nächsten Wahlen ihr Engagement an der Pariser Börse sukzessive verringern und mit ihrem Exodus eine mehrmonatige Baisse auslösen konnten .;prozess;frequenziellPROZ;done;;frei;+;+;nd;nd;nd;nd;nd;nd;nd;nd;nd;nd;nd;nd;nd;nd;nd;nd;nd;nd;nd;nd
175;VVIZU;ADJA;ausdehnen;25;NZZ_1999_09_20_a24_seg9_s1;24;Full|zu;In der Marginalie kam die Essenz der Adenauerschen Aussenpolitik zum Ausdruck : das für die nächsten Jahre bestimmende Bestreben, die schmalen Befugnisse sukzessive auszudehnen und die alliierte Prärogative zurückzudrängen .;prozess;frequenziellPROZ;done;;frei;+;+;nd;nd;nd;nd;nd;nd;nd;nd;nd;nd;nd;nd;nd;nd;nd;nd;nd;nd;nd;nd
176;VVPP;ADJA;aufstocken;17;NZZ_1997_04_01_a3_seg8_s3;13;Full|Psp;"In einer ersten Phase werden 2500 Mann nach Albanien entsandt, die sukzessive auf das Doppelte aufgestockt werden ; mit rund 2000 stellt Italien das grösste Kontingent vor den Franzosen, Spaniern, Portugiesen, Griechen, Österreichern, Ungarn, Rumänen und Slowenen .";prozess;frequenziellPROZ;done;;frei;+;+;nd;nd;nd;nd;nd;nd;nd;nd;nd;nd;nd;nd;nd;nd;nd;nd;nd;nd;nd;nd
177;VVIZU;ADJA;einbüßen;44;NZZ_1997_10_09_a180_seg3_s6;43;Full|zu;Die Missstände im SBSV dürften nun den Präsidenten des SOV, René Burkhalter, dazu bewogen haben, die Zügel straffer anzuziehen und nicht mehr länger zuzusehen, wie der Schweizer Bobsport nicht nur an Ansehen, sondern auch an sportlicher Substanz sukzessive einzubüssen drohte .;prozess;frequenziellPROZ;done;;frei;+;+;nd;nd;nd;nd;nd;nd;nd;nd;nd;nd;nd;nd;nd;nd;nd;nd;nd;nd;nd;nd
178;VVPP;ADJA;machen;41;NZZ_1994_02_25_a96_seg2_s12;38;Full|Psp;Ich könnte weitere Beispiele aufzählen und stelle aus zusätzlichen Beobachtungen fest, dass, schon lange bevor das Publikum und die betreffenden Regionen etwas merken, die SBB nach Liquidationsplänen arbeiten, gemäss welchen nicht bevorzugte Linien sukzessive so unattraktiv gemacht werden, dass die Kundschaft diese Verbindungen aufgibt .;prozess;frequenziellPROZ;done;;frei;+;+;nd;nd;nd;nd;nd;nd;nd;nd;nd;nd;nd;nd;nd;nd;nd;nd;nd;nd;nd;nd
179;VVINF;ADJA;ansteigen;43;NZZ_1995_07_01_a55_seg4_s12;39;Full|-2;Bis Mittwoch schiebt das Atlantikhoch, das nun wieder seine normale Lage bei den Azoren einnimmt, einen Ausläufer zu den Alpen vor, so dass mit mindestens teilweise sonnigem Wetter gerechnet werden kann und die Tagesmaxima wieder sukzessive über 20 Grad ansteigen .;prozess;frequenziellPROZ;done;;frei;+;+;nd;nd;nd;nd;nd;nd;nd;nd;nd;nd;nd;nd;nd;nd;nd;nd;nd;nd;nd;nd
180;VVPP;ADJA;gewinnen;19;NZZ_1998_08_12_a190_seg3_s1;16;Full|Psp;Der Begriff « Galatasaray » steht für eine starke Mannschaft, die in der Vergangenheit sukzessive an Substanz gewonnen hat .;prozess;frequenziellPROZ;done;;frei;+;+;nd;nd;nd;nd;nd;nd;nd;nd;nd;nd;nd;nd;nd;nd;nd;nd;nd;nd;nd;nd
181;VVPP;ADJA;verbessern;22;NZZ_1994_03_11_a117_seg2_s12;21;Full|Psp;Mit einer Zwangszirkulation und einer Belüftung des Gewässers mit Sauerstoff konnten die Wasserqualität und der Sauerstoffgehalt in den vergangenen Jahren sukzessive verbessert werden .;prozess;frequenziellPROZ;done;;frei;+;+;nd;nd;nd;nd;nd;nd;nd;nd;nd;nd;nd;nd;nd;nd;nd;nd;nd;nd;nd;nd
182;VVPP;ADJA;aufhellen;20;NZZ_1999_05_03_a101_seg3_s4;19;Full|Psp;Diese Erwartung gründet unter anderem darauf, dass sich die Geschäftsentwicklung von einem schlechten Januar bis zum März sukzessive aufgehellt hat .;prozess;frequenziellPROZ;done;;frei;+;+;nd;nd;nd;nd;nd;nd;nd;nd;nd;nd;nd;nd;nd;nd;nd;nd;nd;nd;nd;nd
183;VVPP;ADJA;verstärken;33;NZZ_1998_10_22_a101_seg3_s6;32;Full|Psp;Die Diskriminierung der schwarzen Bewohner Südafrikas im Bodenrecht des Landes geht zurück auf die Zeit vor der Apartheid-Ära ( 1948-94 ), wurde aber durch die verschiedenen Kabinette der Nationalen Partei sukzessive verstärkt .;prozess;frequenziellPROZ;done;;frei;+;+;nd;nd;nd;nd;nd;nd;nd;nd;nd;nd;nd;nd;nd;nd;nd;nd;nd;nd;nd;nd
184;VVINF;ADJA;übergehen;71;NZZ_1996_01_23_a37_seg4_s6;63;Full|-2;"Die Aussichten für die kommenden Jahre sind freilich weniger rosig ; die verzinsliche Nettoschuld wird sich - als Folge der ausserordentlich starken Bautätigkeit der öffentlichen Hand in jüngster Zeit und der noch geplanten Hoch- und Tiefbauten - laut Finanzplan bis zum Jahr 2000 von 4 Mio. Fr. auf 4 Mio. Fr. erhöhen, und der Ertragsüberschuss von fast 3 Mio. Fr. wird sukzessive in einen Negativsaldo von 6 Mio. Fr. übergehen .";prozess;frequenziellPROZ;done;;frei;+;+;nd;nd;nd;nd;nd;nd;nd;nd;nd;nd;nd;nd;nd;nd;nd;nd;nd;nd;nd;nd
185;VVPP;ADJA;erhöhen;17;NZZ_1999_04_01_a274_seg2_s8;16;Full|Psp;Von diesem Betrag versichern die Betreiber heute - die Summe wurde im Lauf der Zeit sukzessive erhöht - bei der Privatassekuranz 700 Millionen Franken .;prozess;frequenziellPROZ;done;;frei;+;+;nd;nd;nd;nd;nd;nd;nd;nd;nd;nd;nd;nd;nd;nd;nd;nd;nd;nd;nd;nd
186;VVPP;ADJA;gewinnen;9;NZZ_1998_08_12_a8_seg25_s1;6;Full|Psp;Die Fussballmannschaft Galatasaray Istanbul hat sukzessive an Substanz gewonnen .;prozess;frequenziellPROZ;done;;frei;+;+;nd;nd;nd;nd;nd;nd;nd;nd;nd;nd;nd;nd;nd;nd;nd;nd;nd;nd;nd;nd
187;VVINF;ADJA;reduzieren;74;NZZ_1995_07_20_a70_seg3_s10;68;Full|-2;Trotz der rapiden Erhöhung der indonesischen Aussenschulden - diese stiegen allein in den letzten beiden Jahren um fast 30% - waren die Mitglieder der Konsultativgruppe und besonders der die Konferenz leitende Weltbankverantwortliche, Russel Cheetham, unbesorgt und voller Lob für die indonesische Wirtschaftspolitik und besonders für Jakartas jüngsten, im Mai getroffenen Entscheid, die notorisch hohen Einfuhrzölle von derzeit durchschnittlich 15% bis zum Jahr 2003 sukzessive im Mittel auf 7% zu reduzieren .;prozess;frequenziellPROZ;done;;frei;+;+;nd;nd;nd;nd;nd;nd;nd;nd;nd;nd;nd;nd;nd;nd;nd;nd;nd;nd;nd;nd
188;VVFIN;ADJA;handeln;32;NZZ_1997_10_30_a58_seg5_s7;26;Full|3|Sg|Pres|Ind;Die Übereinstimmung der Urteilsdaten bzw. die thematische Deckungsgleichheit schliessen im Einzelfall nicht aus, dass es sich um verschiedene, parallel am gleichen Tage bzw. sukzessive in ähnlicher Sache gefällte Entscheide handelt - nicht aber um das gleiche Urteil .;prozess;frequenziellPROZ;done;;frei;+;+;nd;nd;nd;nd;nd;nd;nd;nd;nd;nd;nd;nd;nd;nd;nd;nd;nd;nd;nd;nd
189;VVINF;ADJA;erweitern;39;NZZ_1999_06_26_a141_seg8_s1;27;Full|-2;Als geschicktem Taktiker war es ihm gelungen, das konservative Angebot seiner Chefs, die für ihre Salon-Künstler bekannt waren ( Bouguereau, Gerôme ), sukzessive um Werke von Daubigny, Corot, Daumier oder Millet zu erweitern .;prozess;frequenziellPROZ;done;;frei;+;+;nd;nd;nd;nd;nd;nd;nd;nd;nd;nd;nd;nd;nd;nd;nd;nd;nd;nd;nd;nd
190;VVINF;ADJA;übergehen;30;NZZ_1996_10_21_a114_seg4_s3;22;Full|-2;"Offizielle Betriebsaufnahme ist am 1. November ; ab diesem Zeitpunkt werden die Aufgaben der Arbeitsämter der 14 Gemeinden des Knonauer Amtes sukzessive in den Verantwortungsbereich der neuen regionalen Institution übergehen .";prozess;frequenziellPROZ;done;;frei;+;+;nd;nd;nd;nd;nd;nd;nd;nd;nd;nd;nd;nd;nd;nd;nd;nd;nd;nd;nd;nd
191;VVINF;ADJA;ausscheiden;31;NZZ_1998_05_25_a117_seg3_s4;24;Full|-2;Nach ergänzenden Angaben von Bruno Lang, Präsident des Zweckverbandes Spitalregion Linkes Zürichseeufer ( LZU ), wird von Planta bis Ende Jahr sukzessive aus der operativen Führung des Spitals ausscheiden .;prozess;frequenziellPROZ;done;;frei;+;+;nd;nd;nd;nd;nd;nd;nd;nd;nd;nd;nd;nd;nd;nd;nd;nd;nd;nd;nd;nd
192;VVPP;ADJA;erniedrigen;19;NZZ_1994_04_19_a89_seg1_s9;18;Full|Psp;Mit Depot-Medikamenten ( Pflaster ), mit denen die unmittelbaren Entzugserscheinungen gemildert werden und die Dosis dennoch sukzessive erniedrigt werden kann, wurde ein durchschlagender Erfolg erzielt .;prozess;frequenziellPROZ;done;;frei;+;+;nd;nd;nd;nd;nd;nd;nd;nd;nd;nd;nd;nd;nd;nd;nd;nd;nd;nd;nd;nd
193;VVFIN;ADJA;bauen;18;NZZ_1994_08_22_a97_seg2_s4;29;Full|3|Sg|Past|Ind;Duzellier riss im steilen Aufstieg nach Regensberg aus einer kurz zuvor dem Hauptfeld enteilten Fünfergruppe aus und baute mit einer starken Willensleistung auf den letzten Kilometern den Vorsprung sukzessive aus .;prozess;frequenziellPROZ;done;;frei;+;+;nd;nd;nd;nd;nd;nd;nd;nd;nd;nd;nd;nd;nd;nd;nd;nd;nd;nd;nd;nd
194;VVINF;ADJA;gelten;40;NZZ_1997_12_17_a35_seg2_s4;28;Full|3|Pl|Pres|Ind;Im Gegenzug wird die durchschnittliche Wochenarbeitszeit pro Jahr von 40 1 / 2 Stunden in der Zone Stadt ( Genf, Basel, Zürich, Bern ) sukzessive auch in der restlichen Schweiz eingeführt, wo bisher 41 Stunden gelten .;prozess;frequenziellPROZ;done;;frei;+;+;nd;nd;nd;nd;nd;nd;nd;nd;nd;nd;nd;nd;nd;nd;nd;nd;nd;nd;nd;nd
195;VVFIN;ADJA;erwärmen;4;NZZ_1997_07_12_a198_seg3_s5;13;Full|3|Sg|Pres|Ind;Die starke Sonneneinstrahlung erwärmt über dem nach Norden ( Richtung Schweiz ) sukzessive ansteigenden Relief die Luftmassen, zuerst an den höher gelegenen und möglichst rechtwinklig zur Sonneneinstrahlung gelegenen Felsen, dann auch an tiefer und etwas weniger ideal geneigten « radiateurs » .;prozess;frequenziellPROZ;done;;frei;+;+;nd;nd;nd;nd;nd;nd;nd;nd;nd;nd;nd;nd;nd;nd;nd;nd;nd;nd;nd;nd
196;VVPP;ADJA;vertiefen;19;NZZ_1999_02_02_a78_seg3_s1;18;Full|Psp;Cls. Washington, 1. Februar Die Flaute in der amerikanischen Industrie, die sich im zweiten Halbjahr sukzessive vertieft hatte, die aber nicht verhinderte, dass die Wirtschaft insgesamt in rascherem Tempo expandierte ( 7% im dritten und 6% im Schlussquartal, nach 8% im Abschnitt April bis Juni ), scheint ausgestanden zu sein .;prozess;frequenziellPROZ;done;;frei;+;+;nd;nd;nd;nd;nd;nd;nd;nd;nd;nd;nd;nd;nd;nd;nd;nd;nd;nd;nd;nd
197;VVPP;ADJA;verlieren;23;NZZ_1995_06_10_a228_seg7_s10;19;Full|Psp;Tobias Kästli führt den Wandel darauf zurück, dass für Ernst Nobs die programmatisch verankerte Oppositionsrolle der SP sukzessive an praktischer Bedeutung verloren habe .;prozess;frequenziellPROZ;done;;frei;+;+;nd;nd;nd;nd;nd;nd;nd;nd;nd;nd;nd;nd;nd;nd;nd;nd;nd;nd;nd;nd
198;VVINF;ADJA;erholen;17;NZZ_1998_01_13_a105_seg2_s3;16;Full|-2;Vor allem die überraschende Standfestigkeit der Wall Street, die sich nach einer schwächeren Eröffnung sukzessive erholen konnte, war den europäischen Börsen am Ende des Handelstages eine Stütze .;prozess;frequenziellPROZ;done;;frei;+;+;nd;nd;nd;nd;nd;nd;nd;nd;nd;nd;nd;nd;nd;nd;nd;nd;nd;nd;nd;nd
199;VVFIN;ADJA;rutschen;28;NZZ_1993_12_06_a102_seg3_s3;24;Full|3|Sg|Past|Ind;Seit dem 11. September musste die Mannschaft Jaras auf diesen Erfolg warten, eine Zeit, in der sie vom Kopf der Tabelle sukzessive in untere Ranglistengefilde rutschte .;prozess;frequenziellPROZ;done;;frei;+;+;nd;nd;nd;nd;nd;nd;nd;nd;nd;nd;nd;nd;nd;nd;nd;nd;nd;nd;nd;nd
200;VVPP;ADJA;reduzieren;14;NZZ_1993_12_08_a154_seg6_s7;13;Full|Psp;Denn sie bildet, da ja die EG-Produktion und damit die Ausfuhren sukzessive reduziert werden sollen, nach wie vor den Kern des EG-Agraropfers in der Uruguay-Runde .;prozess;frequenziellPROZ;done;;frei;+;+;nd;nd;nd;nd;nd;nd;nd;nd;nd;nd;nd;nd;nd;nd;nd;nd;nd;nd;nd;nd
