﻿Interne-ID;Function-Head;Funktion-Hit;Head;ID-Head;ID-NZZ;ID-Token;Meta-Kopf;sentence;Oberkategorie;Unterkategorie;Status;Kommentar;externe Funktion;prozess;pFREQ;AuW;pure;agent;method;degree;proposition;KONJ;FRAME;SADV;extern;KAUS;TEMP;FREQ;BU;LOC;intern;INST;KOM;SH;iLOC
1;VVINF;ADJD;kreisen;48;NZZ_1998_01_05_a88_seg3_s30;46;Full|-2;Die Arie Henry Purcells, die der Butler alias Lynton Black ( noch nie hat man einen Opernsänger so hervorragend spielen gesehen und so wenig singen gehört ) unter dem Porträt des Komponisten ( links ) leiert, kommt noch arg ins Schlottern und beginnt unablässig zu kreisen .;prozess;frequenziellPROZ;done;;frei;+;+;nd;nd;nd;nd;nd;nd;nd;nd;nd;nd;nd;nd;nd;nd;nd;nd;nd;nd;nd;nd
2;VVFIN;ADJD;gelangen;13;NZZ_1996_07_19_a69_seg6_s2;20;Full|3|Pl|Pres|Ind;Während das belgische Parlament im Eiltempo Sondervollmachten für die Regierung absegnet, gelangen aus den Reihen des schwarz-roten Kabinetts unablässig « Versuchsballons » in die Öffentlichkeit, die ausschliesslich mit neuen Steuerideen befrachtet sind .;prozess;frequenziellPROZ;done;;frei;+;+;nd;nd;nd;nd;nd;nd;nd;nd;nd;nd;nd;nd;nd;nd;nd;nd;nd;nd;nd;nd
3;VVFIN;ADJD;stören;9;NZZ_1994_10_25_a78_seg3_s4;11;Full|3|Pl|Pres|Ind;Hehre Erbauung lassen sie nicht zu, sie stören sie unablässig durch jene erfrischende Respektlosigkeit, die an Bernard Shaws Deutung von Wagners « Ring » erinnert .;prozess;frequenziellPROZ;done;;frei;+;+;nd;nd;nd;nd;nd;nd;nd;nd;nd;nd;nd;nd;nd;nd;nd;nd;nd;nd;nd;nd
4;VVPP;ADJD;predigen;10;NZZ_1999_03_16_a90_seg13_s9;5;Full|Psp;Schon seit Jahren wird unablässig eine Diversifizierung der Produktionsstruktur gepredigt .;prozess;frequenziellPROZ;done;;frei;+;+;nd;nd;nd;nd;nd;nd;nd;nd;nd;nd;nd;nd;nd;nd;nd;nd;nd;nd;nd;nd
5;VVFIN;ADJD;ziehen;43;NZZ_1997_10_14_a20_seg4_s3;40;Full|3|Pl|Pres|Ind;Regenfälle und günstige Windverhältnisse haben gleichzeitig auch der malaysischen Hauptstadt Kuala Lumpur etwas Erleichterung gebracht, doch während der gut sechs Stunden dauernden Eisenbahnfahrt von Singapur nach Kuala Lumpur dominieren zwei Farben, das Grün der Palmölplantagen, die unablässig am Zugfenster vorbeziehen, sowie das eintönige Grau des dichten Dunstschleiers, der nach wie vor wie Hochnebel über weiten Gebieten der malaysischen Halbinsel liegt .;prozess;frequenziellPROZ;done;;frei;+;+;nd;nd;nd;nd;nd;nd;nd;nd;nd;nd;nd;nd;nd;nd;nd;nd;nd;nd;nd;nd
6;VVFIN;ADJD;fordern;34;NZZ_1996_10_08_a152_seg2_s20;33;Full|3|Sg|Past|Ind;Passarela nominierte daraufhin Berrizo und Galvan ( von Racing ) nach, die Medienkritiker erinnerten Bilardo an jene glorreichen Zeiten, als er selber das Amt des « Seleccionador » innehatte und unablässig forderte, die Klubs müssten sich den Interessen der Nationalmannschaft unterordnen .;prozess;frequenziellPROZ;done;;frei;+;+;nd;nd;nd;nd;nd;nd;nd;nd;nd;nd;nd;nd;nd;nd;nd;nd;nd;nd;nd;nd
7;VVFIN;ADJD;schwadronieren;3;NZZ_1997_11_04_a121_seg3_s15;5;Full|3|Sg|Pres|Ind;Und dann schwadroniert er unablässig : Die Rezitation eines Rilke-Gedichts - « passend zur Dekoration » - kündigt er an, unterlässt sie aber immer wieder, wirft Zitattrümmer von verschiedenen Autoren ein, hat Lebensweisheiten im Sechserpack parat und kokettiert ohne Ende mit seinem Alter .;prozess;frequenziellPROZ;done;;frei;+;+;nd;nd;nd;nd;nd;nd;nd;nd;nd;nd;nd;nd;nd;nd;nd;nd;nd;nd;nd;nd
8;VVFIN;ADJD;vervielfachen;35;NZZ_1999_09_30_a140_seg5_s18;34;Full|3|Pl|Pres|Ind;"Es impliziert bereits ein Stück Kulturkritik - eine Phänomenologie der sogenannten Globalisierung ; des ungehemmt sich entfaltenden Kapitalismus ; der funktional gesteigerten Arbeitswelt ; schliesslich der virtual reality, welche die neuen Medien unablässig vervielfachen .";prozess;frequenziellPROZ;done;;frei;+;+;nd;nd;nd;nd;nd;nd;nd;nd;nd;nd;nd;nd;nd;nd;nd;nd;nd;nd;nd;nd
9;VVFIN;ADJD;warnen;8;NZZ_1997_09_17_a72_seg6_s2;10;Full|3|Pl|Pres|Ind;Vor allem Wirtschaftsminister Wijers und Finanzminister Zalm warnen jedoch unablässig vor überzogener Selbstzufriedenheit, die angesichts der überschäumenden Bewunderung aus dem Ausland nur allzu verlockend ist .;prozess;frequenziellPROZ;done;;frei;+;+;nd;nd;nd;nd;nd;nd;nd;nd;nd;nd;nd;nd;nd;nd;nd;nd;nd;nd;nd;nd
10;VVIMP;ADJD;zitieren;18;NZZ_1998_11_20_a142_seg3_s11;22;Full|3|Sg|Pres|Ind;"« Mädchen sind wie Blumen ; setzen wir sie der Sonne aus, verwelken sie », zitiert der sehbehinderte Vater unablässig die in lyrische Phrase verklärte Regel der traditionellen persischen Lebensweise .";prozess;frequenziellPROZ;done;;frei;+;+;nd;nd;nd;nd;nd;nd;nd;nd;nd;nd;nd;nd;nd;nd;nd;nd;nd;nd;nd;nd
11;VVFIN;ADJD;nehmen;9;NZZ_1999_12_16_a18_seg6_s4;11;Full|3|Pl|Pres|Ind;Die russischen Truppen haben die Stadt eingekesselt und nehmen sie unablässig unter Beschuss .;prozess;frequenziellPROZ;done;;frei;+;+;nd;nd;nd;nd;nd;nd;nd;nd;nd;nd;nd;nd;nd;nd;nd;nd;nd;nd;nd;nd
12;VVFIN;ADJD;schlagen;53;NZZ_1994_09_16_a19_seg10_s8;49;Full|3|Pl|Past|Ind;"Der Anblick von Nato-Truppen wie jenen der Amerikaner in Polen mutete gleichwohl ganz ungewöhnlich an ; auf der militärischen Alltagsebene schien sich für die Teilnehmer aus ehemals konträren Bündnissystemen fast schon eine Routine eingespielt zu haben, nicht zuletzt dank den vielen amerikanischen Reserveoffizieren polnischer Herkunft, die unablässig als Sprachpioniere Brücken schlugen .";prozess;frequenziellPROZ;done;;frei;+;+;nd;nd;nd;nd;nd;nd;nd;nd;nd;nd;nd;nd;nd;nd;nd;nd;nd;nd;nd;nd
13;VVFIN;ADJD;begleiten;36;NZZ_1999_07_29_a132_seg6_s3;43;Full|Psp;Herr Direktor Strasser - André Jung mit einer Bananenschale in der Hand - schlurfte durch die Szene und brach auf der Rezeptions-Kanzel seines heruntergekommenen Etablissements in Tränen aus, derweil Jürg Kienberg am Tasteninstrument, begleitet vom Gejaule der beiden Angestellten, unablässig « Don ' t cry for me Argentina » wummerte .;prozess;frequenziellPROZ;done;;frei;+;+;nd;nd;nd;nd;nd;nd;nd;nd;nd;nd;nd;nd;nd;nd;nd;nd;nd;nd;nd;nd
14;VVFIN;ADJD;anpreisen;33;NZZ_1997_06_13_a181_seg3_s13;31;Full|3|Sg|Pres|Ind;Bedeutung und Glanz werden angestrebt, wenn das Hamburger Management in Tateinheit mit dem live übertragenden Bezahl-Kanal « Premiere », zu Zeiten der RTL-Ikone Maske immer zweiter Sieger, unablässig Einmaligkeiten anpreist .;prozess;frequenziellPROZ;done;;frei;+;+;nd;nd;nd;nd;nd;nd;nd;nd;nd;nd;nd;nd;nd;nd;nd;nd;nd;nd;nd;nd
15;VVFIN;ADJD;schaffen;14;NZZ_1993_02_06_a199_seg18_s2;11;Full|3|Sg|Pres|Ind;Schon Marx hatte eine Formel für eine Gesellschaft, die unablässig neue Problemsituationen schafft und damit zu einer systematisch unsicheren Gesellschaft geworden ist : « Alle festen eingerosteten Verhältnisse mit ihrem Gefolge von altehrwürdigen Vorstellungen und Anschauungen werden gelöst, alle neugebildeten veralten, ehe sie verknöchern können . »;prozess;frequenziellPROZ;done;;frei;+;+;nd;nd;nd;nd;nd;nd;nd;nd;nd;nd;nd;nd;nd;nd;nd;nd;nd;nd;nd;nd
16;VVINF;ADJD;schielen;19;NZZ_1997_06_28_a196_seg3_s7;11;Full|-2;Obwohl eine ganze Menge junger ( und älterer ) Rennfahrer unablässig nach einem Platz in der Formel 1 schielen und sich den Teamchefs bei allen möglichen Vorkommnissen fast dutzendweise als Lückenbüsser anbieten, taten sich Prost und Sauber bei der Rekrutierung ihrer Ersatzleute schwer .;prozess;frequenziellPROZ;done;;frei;+;+;nd;nd;nd;nd;nd;nd;nd;nd;nd;nd;nd;nd;nd;nd;nd;nd;nd;nd;nd;nd
17;VVFIN;ADJD;machen;3;NZZ_1996_04_26_a136_seg7_s15;6;Full|3|Sg|Pres|Ind;Der eine macht dem andern unablässig Striche durch eine Rechnung, die für beide nicht aufgehen kann .;prozess;frequenziellPROZ;done;;frei;+;+;nd;nd;nd;nd;nd;nd;nd;nd;nd;nd;nd;nd;nd;nd;nd;nd;nd;nd;nd;nd
18;VVFIN;ADJD;sprechen;18;NZZ_1998_10_02_a219_seg4_s36;14;Full|3|Sg|Pres|Ind;Jedermann wiederum kann bestätigen, dass er wie in einem Marketingseminar oder Missionszelt unablässig von seinen Aktivitäten spricht und seinen Projekten .;prozess;frequenziellPROZ;done;;frei;+;+;nd;nd;nd;nd;nd;nd;nd;nd;nd;nd;nd;nd;nd;nd;nd;nd;nd;nd;nd;nd
19;VVINF;ADJD;verlangen;31;NZZ_1994_05_07_a23_seg8_s9;25;Full|-2;So bleibt Aznar vorerst nichts anderes übrig, als auf die Enthüllung weiterer Skandale zu bauen, seine Kritik am Kochen zu halten und unablässig den Rücktritt von González zu verlangen .;prozess;frequenziellPROZ;done;;frei;+;+;nd;nd;nd;nd;nd;nd;nd;nd;nd;nd;nd;nd;nd;nd;nd;nd;nd;nd;nd;nd
20;VVPP;ADJD;singen;26;NZZ_1999_07_03_a285_seg5_s19;25;Full|Psp;Von weitem erkannte man die Züge der Bianchi an dem grossen Kreuz, das man vorantrug, und an den frommen Liedern, die unablässig gesungen wurden und bald die Gassen ober- und mittelitalienischer Städte erfüllten .;prozess;frequenziellPROZ;done;;frei;+;+;nd;nd;nd;nd;nd;nd;nd;nd;nd;nd;nd;nd;nd;nd;nd;nd;nd;nd;nd;nd
21;VMFIN;ADJD;müssen;3;NZZ_1998_09_22_a225_seg7_s6;4;Mod|3|Pl|Pres|Ind;Die Systeme müssen unablässig auf dem neuesten Stand gehalten werden .;prozess;frequenziellPROZ;done;;frei;+;+;nd;nd;nd;nd;nd;nd;nd;nd;nd;nd;nd;nd;nd;nd;nd;nd;nd;nd;nd;nd
22;VVFIN;ADJD;befehlen;21;NZZ_1998_01_07_a111_seg4_s9;20;Full|3|Sg|Pres|Ind;In einem weissen Raum, in dem keine Lautsprecher zu erkennen sind, hört man eine Stimme, die unablässig befiehlt : « Get out of my mind, geht out of this room . »;prozess;frequenziellPROZ;done;;frei;+;+;nd;nd;nd;nd;nd;nd;nd;nd;nd;nd;nd;nd;nd;nd;nd;nd;nd;nd;nd;nd
23;VVFIN;ADJD;liefern;21;NZZ_1998_05_04_a150_seg3_s13;19;Full|3|Sg|Past|Ind;Dazu kam das neue mobile Dach über der Anlage, für knapp 20 Millionen Mark angeschafft, das unablässig Schlagzeilen lieferte .;prozess;frequenziellPROZ;done;;frei;+;+;nd;nd;nd;nd;nd;nd;nd;nd;nd;nd;nd;nd;nd;nd;nd;nd;nd;nd;nd;nd
24;VVFIN;ADJD;steigen;7;NZZ_1993_04_15_a175_seg2_s1;13;Full|3|Sg|Pres|Ind;( sda ) Im Kanton Zürich steigt die Arbeitslosigkeit seit Herbst 1990 unablässig weiter .;prozess;frequenziellPROZ;done;;frei;+;+;nd;nd;nd;nd;nd;nd;nd;nd;nd;nd;nd;nd;nd;nd;nd;nd;nd;nd;nd;nd
25;VVINF;ADJD;sorgen;14;NZZ_1996_05_25_a130_seg2_s21;9;Full|-2;Die positiven Aussichten bei Zinsen und Inflation würden unablässig für Nachfrage im Aktienmarkt sorgen, berichteten Händler .;prozess;frequenziellPROZ;done;;frei;+;+;nd;nd;nd;nd;nd;nd;nd;nd;nd;nd;nd;nd;nd;nd;nd;nd;nd;nd;nd;nd
26;VVPP;ADJD;formulieren;19;NZZ_1993_04_24_a39_seg2_s11;17;Full|3|Sg|Pres|Ind;Anderseits war - und ist - Kurt von Fischer durch eine unbezähmbare Neugier charakterisiert, die unablässig Fragen formuliert, nachbohrt und die niemals sich mit einem erreichten Wissen selbstgefällig zufriedengibt .;prozess;frequenziellPROZ;done;;frei;+;+;nd;nd;nd;nd;nd;nd;nd;nd;nd;nd;nd;nd;nd;nd;nd;nd;nd;nd;nd;nd
27;VVINF;ADJD;erinnern;26;NZZ_1999_06_03_a21_seg9_s3;27;Full|3|Pl|Pres|Ind;Die Häuserruinen am Stadtrand zeugen noch immer von den Bombenangriffen, und die Erinnerungstafel bei der Einfahrt nach Halabja sowie die Gedenkstätte neben dem Rathaus erinnern unablässig an die furchtbaren Geschehnisse .;prozess;frequenziellPROZ;done;;frei;+;+;nd;nd;nd;nd;nd;nd;nd;nd;nd;nd;nd;nd;nd;nd;nd;nd;nd;nd;nd;nd
28;VVFIN;ADJD;setzen;38;NZZ_1999_05_25_a118_seg7_s7;33;Full|3|Sg|Pres|Ind;Und sieht zuletzt doch eigentümlich versöhnt einen lächelnden, ganz verzauberten Klaus Kinski, der nicht genug bekommen kann vom Schmetterling, der nichts vom Tobsüchtigen weiss, dem er sich da unablässig auf Gesicht und Hände setzt .;prozess;frequenziellPROZ;done;;frei;+;+;nd;nd;nd;nd;nd;nd;nd;nd;nd;nd;nd;nd;nd;nd;nd;nd;nd;nd;nd;nd
29;VVPP;ADJD;durchwandern;27;NZZ_1997_04_19_a215_seg5_s2;26;Full|Psp;"Dabei war Roud kein bloss häuslicher Mensch ; immer wieder zog es ihn hinaus in die Welt, und die Landstriche des Haut-Jorat hat er unablässig durchwandert .";prozess;frequenziellPROZ;done;;frei;+;+;nd;nd;nd;nd;nd;nd;nd;nd;nd;nd;nd;nd;nd;nd;nd;nd;nd;nd;nd;nd
30;VVFIN;ADJD;schreiben;42;NZZ_1996_09_07_a212_seg9_s13;43;Full|1|Sg|Pres|Ind;"Um solcher « Abkühlung » entgegenzuwirken, zieht Rosanow sich die Literatur kurzerhand als « Hose » an, als etwas ganz Nahes, Eigenes, als ein intimes Kleidungsstück : « Du schonst sie, &lt;trägst sie immer&gt; ( ich schreibe unablässig ) .";prozess;frequenziellPROZ;done;;frei;+;+;nd;nd;nd;nd;nd;nd;nd;nd;nd;nd;nd;nd;nd;nd;nd;nd;nd;nd;nd;nd
31;VVFIN;ADJD;backpfeifen;32;NZZ_1997_04_26_a157_seg8_s12;31;Full|Psp;Wohl eine erzieherische Nebenaufgabe oblag einem aufziehbaren Blechautomobil mit « ruppigem Bub » ( so die Bezeichnung ), der dem Vater unablässig ins Steuer greift und von diesem ebenso unablässig gebackpfeift wird .;prozess;frequenziellPROZ;done;;frei;+;+;nd;nd;nd;nd;nd;nd;nd;nd;nd;nd;nd;nd;nd;nd;nd;nd;nd;nd;nd;nd
32;VVFIN;ADJD;beschwören;13;NZZ_1994_10_10_a27_seg12_s5;15;Full|3|Sg|Pres|Ind;Dass das letzte Jahrzehnt dieses Jahrhunderts für Deutschland das glücklichste werde, beschwört Kohl unablässig zu Ende seiner kämpferischen Auftritte, mit denen er seine eigene Kontinuität an der Regierungsspitze zu sichern sucht .;prozess;frequenziellPROZ;done;;frei;+;+;nd;nd;nd;nd;nd;nd;nd;nd;nd;nd;nd;nd;nd;nd;nd;nd;nd;nd;nd;nd
33;VVFIN;ADJD;investieren;3;NZZ_1996_11_18_a176_seg11_s5;5;Full|3|Sg|Pres|Ind;Seit Jahren investiert er unablässig Tranche um Tranche in seinen « Schweizerhof » in Bern, und derzeit wird unter seiner Leitung das « Lausanne Palace » mit Investitionen der Besitzerfamilie von weit über 20 Millionen Franken für die Zukunft gerüstet .;prozess;frequenziellPROZ;done;;frei;+;+;nd;nd;nd;nd;nd;nd;nd;nd;nd;nd;nd;nd;nd;nd;nd;nd;nd;nd;nd;nd
34;VVPP;ADJD;knipsen;27;NZZ_1996_01_18_a171_seg4_s19;26;Full|Psp;Auf dem Parkplatz reiht sich ein Bus an den anderen, in den Räumen drängen sich Neugierige aus aller Welt, im weitläufigen Garten wird unablässig geknipst und gefilmt .;prozess;frequenziellPROZ;done;;frei;+;+;nd;nd;nd;nd;nd;nd;nd;nd;nd;nd;nd;nd;nd;nd;nd;nd;nd;nd;nd;nd
35;VVFIN;ADJD;malen;12;NZZ_1997_10_18_a186_seg4_s10;11;Full|3|Sg|Past|Ind;Die ewige Urszene ist das Bild, das er einst unablässig malte : Ein buckliger Alter sitzt einem indischen Asketen gleich unter einer Zypresse, ein Mädchen im schwarzen Kleid reicht ihm über einen Bach eine Windenblüte .;prozess;frequenziellPROZ;done;;frei;+;+;nd;nd;nd;nd;nd;nd;nd;nd;nd;nd;nd;nd;nd;nd;nd;nd;nd;nd;nd;nd
36;VVFIN;ADJD;bemühen;13;NZZ_1994_06_13_a24_seg6_s1;15;Full|3|Sg|Past|Ind;Schneerson, einer der markantesten Führer des religiösen Judentums dieses Jahrhunderts, bemühte sich unablässig darum, ungläubige Juden der Religion und den Traditionen der Vorväter näherzubringen .;prozess;frequenziellPROZ;done;;frei;+;+;nd;nd;nd;nd;nd;nd;nd;nd;nd;nd;nd;nd;nd;nd;nd;nd;nd;nd;nd;nd
37;VVFIN;ADJD;bohren;40;NZZ_1998_02_17_a29_seg2_s4;42;Full|3|Sg|Pres|Ind;Diese Verletzungen zu ertragen ist gerade in diesen Tagen besonders schwierig : Der Schock der ersten Wochen ist gewichen, die Realität des Verlustes von Angehörigen senkt sich erst richtig ins Bewusstsein ein, die Frage nach dem Warum bohrt innerlich unablässig weiter .;prozess;frequenziellPROZ;done;;frei;+;+;nd;nd;nd;nd;nd;nd;nd;nd;nd;nd;nd;nd;nd;nd;nd;nd;nd;nd;nd;nd
38;VVFIN;ADJD;stellen;19;NZZ_1996_05_09_a140_seg7_s7;18;Full|3|Sg|Pres|Ind;Die Frage nach einem Sinn oder richtigen Unsinn des Daseins, seinem zweifelhaften Vorzugscharakter, die Schopenhauer unablässig stellt, hat Freud als « krank » zurückgewiesen .;prozess;frequenziellPROZ;done;;frei;+;+;nd;nd;nd;nd;nd;nd;nd;nd;nd;nd;nd;nd;nd;nd;nd;nd;nd;nd;nd;nd
39;VVFIN;ADJD;erklären;11;NZZ_1995_09_23_a108_seg3_s12;13;Full|3|Sg|Pres|Ind;Er hat sich, scheint es, darauf eingerichtet und erklärt ihnen unablässig plaudernd die Welt ( « Man muss wissen, wie deprimierend Kalkutta auf einen Besucher wirkt » ) .;nd;nd;not of interest;ModSekPräd;;nd;nd;nd;nd;nd;nd;nd;nd;nd;nd;nd;nd;nd;nd;nd;nd;nd;nd;nd;nd;nd;nd
40;VVFIN;ADJD;plärren;52;NZZ_1996_10_05_a190_seg13_s16;49;Full|3|Sg|Pres|Ind;"Inzwischen füllt sich Basts Arbeitszimmer mit dem Strandgut von JRs Transaktionen ; wie das unter dem Ansturm der Technologie kollabierende Schulgebäude wird auch dieser Raum, wo unablässig heisses Wasser aus defekten Hahnen schiesst, die Uhrzeiger rückwärts laufen und unter Gebirgszügen von Kartons voll Toilettenpapier und Kartoffelchips unablässig ein Radio plärrt, zum entropischen Mikrosystem .";prozess;frequenziellPROZ;done;;frei;+;+;nd;nd;nd;nd;nd;nd;nd;nd;nd;nd;nd;nd;nd;nd;nd;nd;nd;nd;nd;nd
41;VVFIN;ADJD;weitergehen;20;NZZ_1995_04_26_a182_seg4_s3;19;Full|3|Sg|Pres|Ind;Die Produktionskapazität der beiden Marktführer Citizen und Seiko ist so gross, dass der Druck auf die Preise unablässig weitergeht .;prozess;frequenziellPROZ;done;;frei;+;+;nd;nd;nd;nd;nd;nd;nd;nd;nd;nd;nd;nd;nd;nd;nd;nd;nd;nd;nd;nd
42;VVFIN;ADJD;plätschern;4;NZZ_1996_02_10_a215_seg5_s8;5;Full|3|Sg|Pres|Ind;Aus dem Radio plätschert unablässig seichtes Geplauder, die Männer an den Werkbänken, die hintereinander in einer Reihe stehen, arbeiten mit gesenkten Köpfen, schweigend .;prozess;frequenziellPROZ;done;;frei;+;+;nd;nd;nd;nd;nd;nd;nd;nd;nd;nd;nd;nd;nd;nd;nd;nd;nd;nd;nd;nd
43;VVFIN;ADJD;rufen;13;NZZ_1994_10_29_a24_seg6_s6;9;Full|3|Sg|Pres|Ind;Während die neue Regierung in Kigali seit Monaten unablässig nach internationalen Beobachtern ruft, sind für die weiterreichenden, gegen die Kämpfer der Patriotischen Front gerichteten Anschuldigungen der Uno, die neuerdings auch Amnesty International vorgebracht hat, noch immer keine Beweise beigebracht worden .;prozess;frequenziellPROZ;done;;frei;+;+;nd;nd;nd;nd;nd;nd;nd;nd;nd;nd;nd;nd;nd;nd;nd;nd;nd;nd;nd;nd
44;VVPP;ADJD;befördern;11;NZZ_1998_11_16_a1_seg7_s7;5;Full|Psp;Mit Helikoptern wurden Soldaten unablässig von einem Unruheherd zum nächsten befördert .;prozess;frequenziellPROZ;done;;frei;+;+;nd;nd;nd;nd;nd;nd;nd;nd;nd;nd;nd;nd;nd;nd;nd;nd;nd;nd;nd;nd
45;VVPP;ADJD;beschäftigen;14;NZZ_1996_03_21_a119_seg2_s12;12;Full|Psp;"Das Wachpersonal ist wegen des Fehlens von Abstandhaltern vor den Bildern unablässig damit beschäftigt, die Kunstwerke vor Berührung und Erschütterung durch die bewegte Menge zu schützen und zugleich die vielen, verständlicherweise schon nach kurzer Zeit erschöpften Personen davon abzuhalten, sich auf die einladenden Bänke zwischen den Fenstern zu setzen ; aus diesen bläst nämlich der eisige Luftstrom der Klimaanlage .";prozess;frequenziellPROZ;done;;frei;+;+;nd;nd;nd;nd;nd;nd;nd;nd;nd;nd;nd;nd;nd;nd;nd;nd;nd;nd;nd;nd
46;VVPP;ADJD;beschäftigen;18;NZZ_1994_05_14_a154_seg3_s11;17;Full|Psp;Zwar, es ist alles eifrig engagiert erdacht und emsig dargestellt, was diese beiden Künstlerinnen unablässig beschäftigt : Unterdrückung und Emanzipation der Frau .;prozess;frequenziellPROZ;done;;frei;+;+;nd;nd;nd;nd;nd;nd;nd;nd;nd;nd;nd;nd;nd;nd;nd;nd;nd;nd;nd;nd
47;VVFIN;ADJD;wachsen;8;NZZ_1996_07_05_a229_seg7_s4;16;Full|3|Pl|Pres|Ind;In China, Indonesien und den Philippinen wachsen die mittelständischen Zonen auf der sozialen Landkarte unablässig .;prozess;frequenziellPROZ;done;;frei;+;+;nd;nd;nd;nd;nd;nd;nd;nd;nd;nd;nd;nd;nd;nd;nd;nd;nd;nd;nd;nd
48;VVFIN;ADJD;gellen;7;NZZ_1997_06_18_a146_seg3_s2;8;Full|3|Pl|Pres|Ind;Schon seit fast einer halben Stunde gellen unablässig verzweifelte Schreie aus dem Bahnwagen : « So chömmed emol go hälfe, de Lokifüerer schtirbt !;prozess;frequenziellPROZ;done;;frei;+;+;nd;nd;nd;nd;nd;nd;nd;nd;nd;nd;nd;nd;nd;nd;nd;nd;nd;nd;nd;nd
49;VVFIN;ADJD;wandern;38;NZZ_1996_10_19_a25_seg12_s5;34;Full|3|Pl|Pres|Ind;Clinton lobt noch einmal die Stadt und ihre Bürger und steigt dann ein ins warme Bad in der Menge, begleitet von nervösen, kurzgeschorenen und gut sichtbar verdrahteten Leibwächtern, deren Augen unablässig durch den Saal wandern .;prozess;frequenziellPROZ;done;;frei;+;+;nd;nd;nd;nd;nd;nd;nd;nd;nd;nd;nd;nd;nd;nd;nd;nd;nd;nd;nd;nd
50;VVFIN;ADJD;zelebrieren;26;NZZ_1999_06_03_a194_seg3_s3;23;Full|3|Pl|Past|Ind;Während einige Mitglieder der « Séction Grenat », des Hardcore-Fanklubs von Servette, mit nacktem Oberkörper im doch empfindlich abgekühlten Stadionrund unablässig ihre Helden zelebrierten, hatten zwei Hauptdarsteller bereits die Katakomben aufgesucht, um so zu feiern, wie es ihre Art ist : still .;prozess;frequenziellPROZ;done;;frei;+;+;nd;nd;nd;nd;nd;nd;nd;nd;nd;nd;nd;nd;nd;nd;nd;nd;nd;nd;nd;nd
51;VVFIN;ADJD;vorstellen;34;NZZ_1995_08_09_a91_seg3_s8;32;Full|3|Sg|Pres|Ind;"Bei dem Versuch, ihre Liebe anhand angehäufter Zeichen und überflüssiger Reste zu materialisieren, drückt sie ihre Verlustangst aus ; deutlicher noch wird diese neurotische Anlage, wenn sie sich unablässig Situationen vorstellt, in denen der Geliebte mit seiner Frau und seinen Kindern in alltäglichen Situationen zusammentrifft, beim Frühstück etwa oder beim Shopping in der City .";prozess;frequenziellPROZ;done;;frei;+;+;nd;nd;nd;nd;nd;nd;nd;nd;nd;nd;nd;nd;nd;nd;nd;nd;nd;nd;nd;nd
52;VVFIN;ADJD;klingen;39;NZZ_1998_07_27_a106_seg15_s10;40;Full|3|Sg|Pres|Ind;Auf der Bühne ist man keine eigenständige und widerständige Person mehr, sondern nur noch ein durch und durch trainierter Körper, ein ideales Instrument - vor lauter Kunstfertigkeit spricht die Stimme nicht mehr, sondern singt und klingt unablässig .;prozess;frequenziellPROZ;done;;frei;+;+;nd;nd;nd;nd;nd;nd;nd;nd;nd;nd;nd;nd;nd;nd;nd;nd;nd;nd;nd;nd
53;VVPP;ADJD;studieren;11;NZZ_1997_07_05_a219_seg11_s8;8;Full|3|Sg|Pres|Ind;Und da er im Fond seines Wagens unablässig die Börsenkurse studiert, wird er nicht einmal merken, dass die Pappeln der grossen Ausfallstrassen, an denen er fast geräuschlos vorbeikutschiert wird, sich wenigstens seinem Herrenblick zur kompakten Ehrenformation einer richtigen Allee fügen könnten .;prozess;frequenziellPROZ;done;;frei;+;+;nd;nd;nd;nd;nd;nd;nd;nd;nd;nd;nd;nd;nd;nd;nd;nd;nd;nd;nd;nd
54;VVFIN;ADJD;singen;40;NZZ_1998_11_10_a133_seg3_s2;39;Full|-2;Autofahrer auf märkischen Alleen sollten vorsichtig sein : Es kann passieren, dass sie an manchen Tagen einen Mann und eine Frau mitten auf der Strasse vor sich her hüpfen sehen, die mit den Armen schlagen und unablässig singen : « Stell dich mal vor, heute abend unter die Brandeburger Tor ! »;prozess;frequenziellPROZ;done;;frei;+;+;nd;nd;nd;nd;nd;nd;nd;nd;nd;nd;nd;nd;nd;nd;nd;nd;nd;nd;nd;nd
55;VVFIN;ADJD;changieren;3;NZZ_1995_06_24_a119_seg3_s17;5;Full|3|Sg|Pres|Ind;Das Stück changiert vielmehr unablässig zwischen Oper und Oratorium .;prozess;frequenziellPROZ;done;;frei;+;+;nd;nd;nd;nd;nd;nd;nd;nd;nd;nd;nd;nd;nd;nd;nd;nd;nd;nd;nd;nd
56;VVPP;ADJD;nagen;29;NZZ_1995_06_17_a68_seg1_s10;24;Full|Psp;Wie in vielen anderen Bereichen ( am anschaulichsten wohl in der Telekommunikation ) hat auch in der Luftfahrt der seither eingetretene technische Fortschritt unablässig an dieser marktwidrigen Ordnung genagt .;prozess;frequenziellPROZ;done;;frei;+;+;nd;nd;nd;nd;nd;nd;nd;nd;nd;nd;nd;nd;nd;nd;nd;nd;nd;nd;nd;nd
57;VVPP;ADJD;versuchen;10;NZZ_1994_04_05_a20_seg4_s6;9;Full|Psp;In Reden und inoffiziellen Kontakten hatte Premierminister Reynolds unablässig versucht, Sinn Fein in den demokratischen Prozess zu locken - und war dabei beträchtliche politische Risiken eingegangen .;prozess;frequenziellPROZ;done;;frei;+;+;nd;nd;nd;nd;nd;nd;nd;nd;nd;nd;nd;nd;nd;nd;nd;nd;nd;nd;nd;nd
58;VVPP;ADJD;beteuern;11;NZZ_1997_12_27_a79_seg7_s1;8;Full|3|Sg|Pres|Ind;Mittlerweile hat sich Lord Moyne, der unablässig seine Unschuld beteuert, von seinem Trustor-Aktienpaket getrennt .;prozess;frequenziellPROZ;done;;frei;+;+;nd;nd;nd;nd;nd;nd;nd;nd;nd;nd;nd;nd;nd;nd;nd;nd;nd;nd;nd;nd
59;VVFIN;ADJD;pendeln;19;NZZ_1997_07_19_a111_seg3_s8;18;Full|3|Sg|Pres|Ind;So stellt sich Gegenwart in der Wahrnehmung ein, die den Radius zwischen vergessener und zukünftiger Wirklichkeit unablässig auspendelt .;prozess;frequenziellPROZ;done;;frei;+;+;nd;nd;nd;nd;nd;nd;nd;nd;nd;nd;nd;nd;nd;nd;nd;nd;nd;nd;nd;nd
60;VVFIN;ADJD;arbeiten;26;NZZ_1997_05_24_a149_seg3_s5;28;Full|3|Pl|Pres|Ind;Hausers Kugelkopf und der schnauzbartbewehrte Kienzle treten einander als physiognomische Embleme zweier Weltanschauungen gegenüber : Das Runde, in sich unendlich Vergnügte und das Stachlig-Widerborstige arbeiten sich unablässig aneinander ab .;prozess;frequenziellPROZ;done;;frei;+;+;nd;nd;nd;nd;nd;nd;nd;nd;nd;nd;nd;nd;nd;nd;nd;nd;nd;nd;nd;nd
61;VVFIN;ADJD;führen;36;NZZ_1996_06_22_a125_seg8_s3;33;Full|-2;Dass die luzideste Kritik jedoch nicht aus der Metropole kommt, sondern sich in Minneapolis ' « City Pages » findet, dürfte kaum mehr überraschen, wo die Künstler uns doch unablässig vor Augen führen, dass der plötzliche Lichteinfall in einer tristen Vorstadt mindestens so schön sein kann wie eine Ansicht der Pyramiden von Gise !;prozess;frequenziellPROZ;done;;frei;+;+;nd;nd;nd;nd;nd;nd;nd;nd;nd;nd;nd;nd;nd;nd;nd;nd;nd;nd;nd;nd
62;VVFIN;ADJD;ausbauen;28;NZZ_1997_06_17_a223_seg2_s25;27;Full|3|Sg|Pres|Ind;Besonders vielfältig sind die Such- und Bestellmöglichkeiten bei der Buchhandlung Freihofer 8 in Zürich, die bereits seit zwei Jahren eine Filiale im Netz betreibt und unablässig ausbaut .;prozess;frequenziellPROZ;done;;frei;+;+;nd;nd;nd;nd;nd;nd;nd;nd;nd;nd;nd;nd;nd;nd;nd;nd;nd;nd;nd;nd
63;VVFIN;ADJD;wiederholen;2;NZZ_1999_06_25_a19_seg6_s6;3;Full|3|Pl|Pres|Ind;Sinn-Fein-Politiker wiederholen unablässig ihre Überzeugung, dass die Entwaffnung erst nach dem Aufbau kollektiver Institutionen und nach der Normalisierung des nordirischen Sicherheitsapparats erfolgen könne .;prozess;frequenziellPROZ;done;;frei;+;+;nd;nd;nd;nd;nd;nd;nd;nd;nd;nd;nd;nd;nd;nd;nd;nd;nd;nd;nd;nd
64;VVINF;ADJD;beobachten;27;NZZ_1994_12_19_a91_seg8_s3;25;Full|-2;Gerade seine Tagebücher zeigen, dass er die « reale Gegenwart » nicht unbedingt als Epiphanie des Göttlichen verstand, sondern als Auftrag, unablässig zu beobachten, Ordnungsgefüge im Beobachteten zu entdecken und den instress der Dinge frei wirken zu lassen .;prozess;frequenziellPROZ;done;;frei;+;+;nd;nd;nd;nd;nd;nd;nd;nd;nd;nd;nd;nd;nd;nd;nd;nd;nd;nd;nd;nd
65;VVFIN;ADJD;weisen;23;NZZ_1999_02_15_a13_seg4_s4;24;Full|3|Pl|Past|Ind;Senatoren beider Parteien auf dem Capitol Hill betonten ein ums andere Mal die Vorteile überparteilicher Zusammenarbeit, und vor allem die Republikaner wiesen unablässig darauf hin, dass man sich im Verlaufe des Prozesses in der kleinen Kammer nicht etwa verfeindet habe, sondern einander nähergekommen sei .;prozess;frequenziellPROZ;done;;frei;+;+;nd;nd;nd;nd;nd;nd;nd;nd;nd;nd;nd;nd;nd;nd;nd;nd;nd;nd;nd;nd
66;VMFIN;ADJD;wollen;38;NZZ_1998_02_03_a230_seg2_s6;33;Mod|3|Sg|Pres|Ind;In Ledergerbers wirtschaftlichen Überlegungen kommt jene modeliberale Haltung, mit der die Zürcher SP die Fehler der Vergangenheit vertuschen will, ebensosehr zum Ausdruck wie jener linke Zug des Altachtundsechzigers, der unablässig « radikale Reformen » will .;prozess;frequenziellPROZ;done;;frei;+;+;nd;nd;nd;nd;nd;nd;nd;nd;nd;nd;nd;nd;nd;nd;nd;nd;nd;nd;nd;nd
67;VVFIN;ADJD;betonen;7;NZZ_1997_10_04_a116_seg5_s9;6;Full|3|Sg|Pres|Ind;Während Strasberg in seinen Schriften unablässig betont, dass es ihm nicht um ein schauspieltechnisches System gehe, sondern im Gegenteil um einen extrem individualistischen Zugang, zeigt die Ratgeberliteratur für angehende Schauspieler, wie stark Strasbergs Ansatz trivialisiert und missverstanden wurde .;prozess;frequenziellPROZ;done;;frei;+;+;nd;nd;nd;nd;nd;nd;nd;nd;nd;nd;nd;nd;nd;nd;nd;nd;nd;nd;nd;nd
68;VVFIN;ADJD;picken;24;NZZ_1999_08_19_a205_seg8_s28;20;Full|3|Pl|Past|Ind;Einige Indianer, die zusammen am Seeufer Pfeife rauchten, sollen Tausende dieser fleissigen Wichte gesehen haben, die unablässig im Gestein herum pickten .;prozess;frequenziellPROZ;done;;frei;+;+;nd;nd;nd;nd;nd;nd;nd;nd;nd;nd;nd;nd;nd;nd;nd;nd;nd;nd;nd;nd
69;VVPP;ADJD;beschäftigen;15;NZZ_1995_11_24_a124_seg5_s10;13;Full|Psp;« Hier kommentieren Bilder Bilder », verspricht eine Stimme, die unablässig damit beschäftigt ist, den Bildern ihre bedeutsame Sprache zu soufflieren : « Ich schreibe in die Bilder hinein und lese etwas heraus . »;prozess;frequenziellPROZ;done;;frei;+;+;nd;nd;nd;nd;nd;nd;nd;nd;nd;nd;nd;nd;nd;nd;nd;nd;nd;nd;nd;nd
70;VVFIN;ADJD;erfordern;21;NZZ_1994_10_28_a46_seg6_s4;19;Full|3|Sg|Pres|Subj;Die Mitarbeiter von Unternehmungen müssten lernen, permanent in Prozessen zu denken, da das heutige wirtschaftliche Umfeld unablässig Anpassungen erfordere .;prozess;frequenziellPROZ;done;;frei;+;+;nd;nd;nd;nd;nd;nd;nd;nd;nd;nd;nd;nd;nd;nd;nd;nd;nd;nd;nd;nd
71;VVFIN;ADJD;bemühen;24;NZZ_1996_01_04_a59_seg3_s1;22;Full|-2;Der vom Fernmeldekonzern AT& T angekündigte Abbau von 40 000 Stellen signalisiert, dass sich Amerikas Unternehmen zur Behauptung im Wettbewerb unablässig darum bemühen, « lean and mean » zu sein .;prozess;frequenziellPROZ;done;;frei;+;+;nd;nd;nd;nd;nd;nd;nd;nd;nd;nd;nd;nd;nd;nd;nd;nd;nd;nd;nd;nd
72;VVFIN;ADJD;erfinden;29;NZZ_1999_10_30_a235_seg15_s25;21;Full|3|Sg|Pres|Ind;Der Tagtraum ist für sie ein sprachlich geordnetes, und das heisst : ein wieder erzählbares Zeichen, das ein unablässig sich selbst reproduzierendes Leben über sich selbst erfindet : Im Spiel, als Zuschauer seiner selbst .;prozess;frequenziellPROZ;done;;frei;+;+;nd;nd;nd;nd;nd;nd;nd;nd;nd;nd;nd;nd;nd;nd;nd;nd;nd;nd;nd;nd
73;VVINF;ADJD;weiterdrehen;28;NZZ_1999_01_23_a184_seg1_s33;27;Full|-2;In ihrem eigenen Interesse und im Interesse der Glaubwürdigkeit ihrer Anliegen wird sich die Stadtzürcher SVP aber gründlich überlegen müssen, ob sie die populistische Spirale unablässig weiterdrehen will .;prozess;frequenziellPROZ;done;;frei;+;+;nd;nd;nd;nd;nd;nd;nd;nd;nd;nd;nd;nd;nd;nd;nd;nd;nd;nd;nd;nd
74;VVFIN;ADJD;reproduzieren;55;NZZ_1995_09_01_a173_seg7_s13;52;Full|3|Sg|Pres|Ind;"Da heisst es etwa : « Die Wanderung Thomas Gottschalks durch die Kanäle des öffentlichrechtlichen und privaten Fernsehens belegt, dass die Unterhaltungsabteilungen, notorisch unfähig zu jeder &lt;strukturellen Erneuerung&gt;, nur Revenuen und Revenants hervorbringen : eben dies ist ihr spezifischer Beitrag zur Entwicklung eines Mediums, das per definitionem unablässig sich selber reproduziert . »";prozess;frequenziellPROZ;done;;frei;+;+;nd;nd;nd;nd;nd;nd;nd;nd;nd;nd;nd;nd;nd;nd;nd;nd;nd;nd;nd;nd
75;VVINF;ADJD;beschäftigen;36;NZZ_1994_11_10_a87_seg18_s8;35;Full|3|Pl|Pres|Ind;Gesundheit und Krankheit - Leben und Tod - wer darf und muss welche und wieviel Behandlung erhalten - das sind Fragen, die Ärzte, Patienten, Angehörige, Ethiker, Ökonomen, Politiker unablässig beschäftigen und die letztlich nie ein für allemal zu beantworten sind .;prozess;frequenziellPROZ;done;;frei;+;+;nd;nd;nd;nd;nd;nd;nd;nd;nd;nd;nd;nd;nd;nd;nd;nd;nd;nd;nd;nd
76;VVPP;ADJD;hinweisen;20;NZZ_1994_12_03_a33_seg3_s2;8;Full|Psp;Obwohl schon seit Monaten von verschiedenster Seite unablässig auf eine in der zweiten Jahreshälfte nachlassende Konjunkturdynamik in der Schweiz hingewiesen wird, scheint sich diese Voraussage erst in jüngster Zeit - und auch bloss unter gewissen Vorbehalten - etwas stärker zu bewahrheiten .;prozess;frequenziellPROZ;done;;frei;+;+;nd;nd;nd;nd;nd;nd;nd;nd;nd;nd;nd;nd;nd;nd;nd;nd;nd;nd;nd;nd
77;VVFIN;ADJD;springen;3;NZZ_1994_09_29_a206_seg8_s7;5;Full|3|Sg|Pres|Ind;Der Roman springt dabei unablässig von einer Zeitebene in die nächste, von einer Erzählperspektive in die andere, von Blickwinkel zu Blickwinkel, manchmal in ganz schnellen Schnitten .;prozess;frequenziellPROZ;done;;frei;+;+;nd;nd;nd;nd;nd;nd;nd;nd;nd;nd;nd;nd;nd;nd;nd;nd;nd;nd;nd;nd
78;VVFIN;ADJD;steigen;22;NZZ_1995_02_04_a86_seg10_s7;21;Full|3|Sg|Pres|Ind;Das triste Bild ist unterdessen so deutlich geworden, dass selbst der auf offensichtliche Weise manipulierte Moskauer Börsenindex nicht mehr unablässig steigt, sondern ab und zu nach unten zeigt .;prozess;frequenziellPROZ;done;;frei;+;+;nd;nd;nd;nd;nd;nd;nd;nd;nd;nd;nd;nd;nd;nd;nd;nd;nd;nd;nd;nd
79;VVPP;ADJD;bemühen;18;NZZ_1994_10_15_a123_seg13_s1;17;Full|Psp;Aus den Untersuchungsakten zum Fall Pilnjak weiss man heute, dass der angeklagte Autor bis zuletzt unablässig bemüht war, auf jede Weise ( auch durch die namentliche Nennung von « mitschuldigen » Freunden oder Kollegen ) mit den zuständigen Behörden zu kooperieren, um dadurch, wie er wohl meinte, eine Milderung seines Strafmasses zu erreichen .;prozess;frequenziellPROZ;done;;frei;+;+;nd;nd;nd;nd;nd;nd;nd;nd;nd;nd;nd;nd;nd;nd;nd;nd;nd;nd;nd;nd
80;VVFIN;ADJD;erinnern;2;NZZ_1995_11_18_a8_seg6_s3;7;Full|3|Sg|Past|Ind;Walesa erinnerte in den beiden Fernsehdebatten unablässig an die kommunistische Vergangenheit Kwasniewskis und warnte vor einem Staat, in dem alle Schalthebel der Macht in Hand einer einzigen Partei seien .;prozess;frequenziellPROZ;done;;frei;+;+;nd;nd;nd;nd;nd;nd;nd;nd;nd;nd;nd;nd;nd;nd;nd;nd;nd;nd;nd;nd
81;VVFIN;ADJD;erörtern;4;NZZ_1996_03_26_a20_seg9_s8;10;Full|3|Pl|Pres|Ind;Und nur deshalb erörtern die amerikanischen Medien heute fast unablässig die Frage, wie der republikanische Kandidat Dole im Herbst wohl gegen Clinton abschneiden werde .;prozess;frequenziellPROZ;done;;frei;+;+;nd;nd;nd;nd;nd;nd;nd;nd;nd;nd;nd;nd;nd;nd;nd;nd;nd;nd;nd;nd
82;VVFIN;ADJD;suchen;3;NZZ_1995_05_03_a184_seg19_s28;5;Full|1|Pl|Past|Subj;Zwei Tage suchten wir unablässig eine Paketkolonne .;prozess;frequenziellPROZ;done;;frei;+;+;nd;nd;nd;nd;nd;nd;nd;nd;nd;nd;nd;nd;nd;nd;nd;nd;nd;nd;nd;nd
83;VVFIN;ADJD;fragen;19;NZZ_1997_10_07_a129_seg5_s13;20;Full|3|Sg|Pres|Ind;"Denn eigentlich hat nicht Fausto, sondern Massimo etwas « Faustisches », Unruhig-Suchendes an sich ; er fragt unablässig nach den eigenen Wurzeln, nach dem Lebenssinn, dem Wesen der Schönheit ; er ist es, der nirgends sesshaft werden kann .";prozess;frequenziellPROZ;done;;frei;+;+;nd;nd;nd;nd;nd;nd;nd;nd;nd;nd;nd;nd;nd;nd;nd;nd;nd;nd;nd;nd
84;VVFIN;ADJD;sitzen;10;NZZ_1998_08_07_a210_seg2_s16;7;Full|3|Pl|Pres|Ind;Ausserdem gibt es Arbitrage-Spezialisten, die unablässig am Bildschirm sitzen, fortwährend Wechselkursrisiken eingehen und dabei sogar Geld verdienen .;prozess;frequenziellPROZ;done;;frei;+;+;nd;nd;nd;nd;nd;nd;nd;nd;nd;nd;nd;nd;nd;nd;nd;nd;nd;nd;nd;nd
85;VVFIN;ADJD;pendeln;5;NZZ_1997_03_20_a106_seg2_s3;7;Full|3|Sg|Past|Ind;Der Swiss Market Index pendelte praktisch unablässig zwischen dem Niveau von 4540 und 4520 Punkten hin und her und schloss zuletzt um 34% höher als am Vorabend .;prozess;frequenziellPROZ;done;;frei;+;+;nd;nd;nd;nd;nd;nd;nd;nd;nd;nd;nd;nd;nd;nd;nd;nd;nd;nd;nd;nd
86;VVFIN;ADJD;betonen;8;NZZ_1993_02_12_a190_seg15_s5;7;Full|3|Sg|Pres|Ind;Kann es ferner, wenn man unablässig betont, der gewählte Politikansatz sei « geprägt durch Liberalismus, Wettbewerb sowie Föderalismus », Aufgabe des Staates sein, « kleine und mittlere Unternehmen von den Spätphasen des Produktionszyklus wegzulocken und zur systematischen Nutzung von Frühphasen der Adaption anzuleiten » ?;prozess;frequenziellPROZ;done;;frei;+;+;nd;nd;nd;nd;nd;nd;nd;nd;nd;nd;nd;nd;nd;nd;nd;nd;nd;nd;nd;nd
87;VVFIN;ADJD;wechseln;9;NZZ_1994_02_19_a129_seg3_s30;12;Full|3|Sg|Pres|Ind;Auf der Hut vor Beschönigung und Verschleierung, wechselt der Erzähler unablässig Zeit, Ort und Perspektive und offenbart mit Erinnerungen und Träumen, dass er selber in vielfältiger Weise mit dem Schicksal des Jugendfreundes verstrickt ist, ohne freilich das über diesen hereinbrechende Unheil abwenden zu können .;prozess;frequenziellPROZ;done;;frei;+;+;nd;nd;nd;nd;nd;nd;nd;nd;nd;nd;nd;nd;nd;nd;nd;nd;nd;nd;nd;nd
88;VVFIN;ADJD;fordern;18;NZZ_1994_04_06_a3_seg7_s13;19;Full|3|Sg|Pres|Ind;Damaskus bezeichnet diese Anklagen als reine politische Druckmanöver zugunsten Israels, welche keine Wahrheitsbasis hätten, und fordert unablässig Beweise .;prozess;frequenziellPROZ;done;;frei;+;+;nd;nd;nd;nd;nd;nd;nd;nd;nd;nd;nd;nd;nd;nd;nd;nd;nd;nd;nd;nd
89;VVPP;ADJD;zeichnen;7;NZZ_1995_12_04_a90_seg3_s18;3;Full|Psp;Er soll unablässig in jeder Situation gezeichnet haben .;prozess;frequenziellPROZ;done;;frei;+;+;nd;nd;nd;nd;nd;nd;nd;nd;nd;nd;nd;nd;nd;nd;nd;nd;nd;nd;nd;nd
90;VVPP;ADJD;reflektieren;12;NZZ_1994_10_15_a122_seg16_s8;11;Full|3|Sg|Pres|Ind;Dazwischen liegen stilistische Entwicklungsstufen, die er in seinen Briefen unablässig reflektiert und die in seinen Schriften Phasen seines Philosophierens markieren .;prozess;frequenziellPROZ;done;;frei;+;+;nd;nd;nd;nd;nd;nd;nd;nd;nd;nd;nd;nd;nd;nd;nd;nd;nd;nd;nd;nd
91;VVFIN;ADJD;spähen;5;NZZ_1995_02_20_a16_seg6_s6;6;Full|3|Pl|Pres|Ind;Aus Seiten- und Heckfenstern spähen unablässig zwei Mann, die Maschinengewehre im Anschlag, während der Bordingenieur mehr den Horizont als das Armaturenbrett im Auge behält .;prozess;frequenziellPROZ;done;;frei;+;+;nd;nd;nd;nd;nd;nd;nd;nd;nd;nd;nd;nd;nd;nd;nd;nd;nd;nd;nd;nd
92;VVFIN;ADJD;heulen;15;NZZ_1998_11_27_a157_seg8_s9;14;Full|3|Sg|Past|Ind;Insgesamt sei er über zehn Minuten im Taxi gesessen, während die Sirene unablässig heulte .;prozess;frequenziellPROZ;done;;frei;+;+;nd;nd;nd;nd;nd;nd;nd;nd;nd;nd;nd;nd;nd;nd;nd;nd;nd;nd;nd;nd
93;VVPP;ADJD;nehmen;14;NZZ_1994_03_17_a117_seg7_s2;8;Full|Psp;Als kritischer und fordernder Bürger habe er unablässig die Schweiz unter die Lupe genommen und Widersprüche blossgelegt, etwa jenen zwischen Rede und Realität in der Koexistenz verschiedener Kulturen .;prozess;frequenziellPROZ;done;;frei;+;+;nd;nd;nd;nd;nd;nd;nd;nd;nd;nd;nd;nd;nd;nd;nd;nd;nd;nd;nd;nd
94;VVFIN;ADJD;konterkarieren;42;NZZ_1996_04_25_a144_seg3_s18;41;Full|3|Pl|Pres|Ind;Indem Hill die gewohnten medialen Verfahrensweisen wie auch die verwendeten Apparaturen zergliedert, baut er ein neues, herausforderndes Irritationssystem auf, das sowohl aus pikturalen, textualen, schriftbildlichen wie auch verschiedenen akustischen Elementen besteht, die sich zudem unablässig konterkarieren .;prozess;frequenziellPROZ;done;;frei;+;+;nd;nd;nd;nd;nd;nd;nd;nd;nd;nd;nd;nd;nd;nd;nd;nd;nd;nd;nd;nd
95;VVINF;ADJD;bemühen;25;NZZ_1997_11_24_a124_seg8_s6;18;Full|-2;Für ihn haben sich vor allem die Wissenschafter, aber auch die Schulen, Universitäten und Medien unablässig um die Erweiterung unseres Wissens zu bemühen .;prozess;frequenziellPROZ;done;;frei;+;+;nd;nd;nd;nd;nd;nd;nd;nd;nd;nd;nd;nd;nd;nd;nd;nd;nd;nd;nd;nd
96;VVFIN;ADJD;stellen;3;NZZ_1998_01_10_a92_seg2_s20;13;Full|3|Sg|Past|Ind;Aber er stellte seine umfassenden Kenntnisse nicht in penetranter und aufdringlicher Weise unablässig zur Schau .;prozess;frequenziellPROZ;done;;frei;+;+;nd;nd;nd;nd;nd;nd;nd;nd;nd;nd;nd;nd;nd;nd;nd;nd;nd;nd;nd;nd
97;VVFIN;ADJD;arbeiten;32;NZZ_1994_03_07_a71_seg10_s20;33;Full|3|Pl|Pres|Ind;"Von sieben Uhr morgens bis neun Uhr abends sitzen die Bäuerinnen mit ihren Töchtern hinter den Ständen, welche Plätze und Strassen um die Markthalle herum in Beschlag nehmen, und arbeiten unablässig vor sich hin : Hühner werden ausgenommen, Fische eingelegt, Nopal-Blätter kleingeschnitten, Käse - der an Mozzarella erinnernde « quesillo » - wird in lange Streifen zerrissen und zu Knoten gewickelt ; durch Schreien versucht man, sich die Kundschaft abzuwerben .";prozess;frequenziellPROZ;done;;frei;+;+;nd;nd;nd;nd;nd;nd;nd;nd;nd;nd;nd;nd;nd;nd;nd;nd;nd;nd;nd;nd
98;VVIMP;ADJD;verwandeln;5;NZZ_1997_02_04_a123_seg3_s16;7;Full|3|Sg|Pres|Ind;Der « Wetterkanal » verwandelt Wetter unablässig in Abstraktionen, um solche Zeichen und Datenbündel rasch als Informations-Accessoires den in Kurzfilmen vorgestellten Reisezielen zuordnen zu können .;prozess;frequenziellPROZ;done;;frei;+;+;nd;nd;nd;nd;nd;nd;nd;nd;nd;nd;nd;nd;nd;nd;nd;nd;nd;nd;nd;nd
99;VVIMP;ADJD;nähern;17;NZZ_1999_09_15_a135_seg2_s2;19;Full|3|Sg|Pres|Ind;Der Kakaopreis, in London zum Jahresbeginn noch bei rund 900 £ je t gehandelt, nähert sich unablässig der Marke von 600 £ je t .;prozess;frequenziellPROZ;done;;frei;+;+;nd;nd;nd;nd;nd;nd;nd;nd;nd;nd;nd;nd;nd;nd;nd;nd;nd;nd;nd;nd
100;VVFIN;ADJD;greifen;8;NZZ_1996_04_22_a3_seg3_s3;10;Full|3|Sg|Past|Ind;Während der Hizbullah weitere Katjuscha-Raketen abfeuerte, griff Israel unablässig Südlibanon an .;prozess;frequenziellPROZ;done;;frei;+;+;nd;nd;nd;nd;nd;nd;nd;nd;nd;nd;nd;nd;nd;nd;nd;nd;nd;nd;nd;nd
101;VVFIN;ADJD;steigen;5;NZZ_1998_08_08_a21_seg12_s13;10;Full|3|Sg|Pres|Ind;Trotz bissig kalter Klimatisierung steigt die Temperatur der Gemütlichkeit unablässig .;prozess;frequenziellPROZ;done;;frei;+;+;nd;nd;nd;nd;nd;nd;nd;nd;nd;nd;nd;nd;nd;nd;nd;nd;nd;nd;nd;nd
102;VVFIN;ADJD;greifen;18;NZZ_1995_11_03_a121_seg9_s10;17;Full|3|Sg|Pres|Ind;Der Regisseur zieht sich auf das reine Arrangieren zurück, die Figuren bewegen sich hilflos : unablässig greift sich Enrico bedeutungsschwanger an den Bart - wie es ein rechter Opernbösewicht halt tut.;prozess;frequenziellPROZ;done;;frei;+;+;nd;nd;nd;nd;nd;nd;nd;nd;nd;nd;nd;nd;nd;nd;nd;nd;nd;nd;nd;nd
103;VVFIN;ADJD;warnen;6;NZZ_1998_09_05_a33_seg1_s8;10;Full|3|Pl|Pres|Ind;Vor einem Scheitern dieser Verhandlungen warnen aber andrerseits auch unablässig die LSVA-Befürworter .;prozess;frequenziellPROZ;done;;frei;+;+;nd;nd;nd;nd;nd;nd;nd;nd;nd;nd;nd;nd;nd;nd;nd;nd;nd;nd;nd;nd
104;VVPP;ADJD;führen;54;NZZ_1996_01_19_a142_seg3_s36;44;Full|Psp;Von Klasse in Amerika spricht kaum jemand, obwohl Michael Lind vor kurzem im « Harper ' s Magazine » behauptet hat : « Die amerikanischen Eliten, welche sowohl die Republikanische wie die Demokratische Partei mit Geld und Stabsmitgliedern versorgen, haben unablässig einen generationenlangen Klassenkampf gegen die Mittelklasse und die Arbeiterklasse geführt . »;prozess;frequenziellPROZ;done;;frei;+;+;nd;nd;nd;nd;nd;nd;nd;nd;nd;nd;nd;nd;nd;nd;nd;nd;nd;nd;nd;nd
105;VVFIN;ADJD;suchen;2;NZZ_1995_12_16_a216_seg11_s3;3;Full|3|Sg|Pres|Ind;Sie sucht unablässig nach dem Mann, der ihre verschiedenen Ichs vereinigen kann, zu ihrem « Inneren » vordringt, das « beständig unsicher, immer nahe dem Zusammenbruch » ist .;prozess;frequenziellPROZ;done;;frei;+;+;nd;nd;nd;nd;nd;nd;nd;nd;nd;nd;nd;nd;nd;nd;nd;nd;nd;nd;nd;nd
106;VVPP;ADJD;bemühen;16;NZZ_1996_12_14_a22_seg10_s1;15;Full|Psp;Um die Verfassungsdiskussion in Gang zu bringen, ist PDS-Sekretär Massimo D ' Alema unablässig bemüht, mit der Opposition Kontakte anzuknüpfen .;prozess;frequenziellPROZ;done;;frei;+;+;nd;nd;nd;nd;nd;nd;nd;nd;nd;nd;nd;nd;nd;nd;nd;nd;nd;nd;nd;nd
107;VVPP;ADJD;geben;24;NZZ_1999_10_23_a62_seg3_s10;20;Full|Psp;Die Familie Wüthrich war am Freitag für eine Stellungnahme nicht zu erreichen, obwohl sie in den letzten Tagen unablässig Pressekonferenzen und Interviews gegeben hatte .;prozess;frequenziellPROZ;done;;frei;+;+;nd;nd;nd;nd;nd;nd;nd;nd;nd;nd;nd;nd;nd;nd;nd;nd;nd;nd;nd;nd
108;VVINF;ADJD;vorüberziehen;30;NZZ_1997_03_15_a136_seg3_s13;27;Full|-2;Einige Passagiere versuchen zu schlafen, andere träumen vor sich hin : Fragmente aus dem Leben dieser Zwangsgenossen auf Zeit werden während der nächsten eineinhalb Stunden unablässig an uns vorüberziehen .;prozess;frequenziellPROZ;done;;frei;+;+;nd;nd;nd;nd;nd;nd;nd;nd;nd;nd;nd;nd;nd;nd;nd;nd;nd;nd;nd;nd
109;VVINF;ADJD;zeichnen;14;NZZ_1995_12_09_a116_seg3_s20;12;Full|-2;Und wenn Henri Michaux, aufgepeitscht von der Droge Mescalin, unablässig Gesichter zeichnen muss, dann solche, die nicht sehen können .;prozess;frequenziellPROZ;done;;frei;+;+;nd;nd;nd;nd;nd;nd;nd;nd;nd;nd;nd;nd;nd;nd;nd;nd;nd;nd;nd;nd
110;VVFIN;ADJD;kochen;35;NZZ_1995_01_19_a121_seg8_s5;36;Full|3|Sg|Past|Ind;"Die Jahreszeiten änderten sich nicht mehr auf der Schillerstrasse, abgesehen von einigen Tagen mit nackter, sengender Sonne im Sommer blieb die Witterung immer trüb, nasskalt, wolkenverhangen ; in dieser Atmosphäre kochte unablässig der Lärm ... » Diese Welt wird keine Grenzen mehr kennen .";prozess;frequenziellPROZ;done;;frei;+;+;nd;nd;nd;nd;nd;nd;nd;nd;nd;nd;nd;nd;nd;nd;nd;nd;nd;nd;nd;nd
111;VVFIN;ADJD;schlagen;36;NZZ_1994_04_02_a108_seg4_s2;41;Full|3|Pl|Pres|Ind;Der Vormittag gehört in San Fernando zunächst allerdings einer anderen Kategorie von Selbstpeinigern : In grossen oder kleineren Gruppen, aber auch im Alleingang ziehen Männer barfuss und mit nackten Oberkörper durch die Strassen und schlagen sich dabei mit Peitschen unablässig auf den Rücken .;prozess;frequenziellPROZ;done;;frei;+;+;nd;nd;nd;nd;nd;nd;nd;nd;nd;nd;nd;nd;nd;nd;nd;nd;nd;nd;nd;nd
112;VVINF;ADJD;brausen;26;NZZ_1995_04_08_a207_seg12_s4;19;Full|-2;Eines der Freizeitvergnügen der Jugendlichen in dieser Stadt scheint darin zu bestehen, am Abend auf ihren Motorrädern unablässig durch die Strassen des Zentrums zu brausen .;prozess;frequenziellPROZ;done;;frei;+;+;nd;nd;nd;nd;nd;nd;nd;nd;nd;nd;nd;nd;nd;nd;nd;nd;nd;nd;nd;nd
113;VVIMP;ADJD;wirbeln;27;NZZ_1996_04_03_a127_seg3_s8;32;Full|3|Sg|Pres|Ind;Nicht nur hält Isabelle Huppert im Londoner Nationaltheater einen streckenweise unverständlichen französischen Akzent für angebracht : genau wie im Film « Heaven ' s Gate » wirbelt sie hier als Schottenkönigin unablässig - und wild gestikulierend - über die Bühne .;prozess;frequenziellPROZ;done;;frei;+;+;nd;nd;nd;nd;nd;nd;nd;nd;nd;nd;nd;nd;nd;nd;nd;nd;nd;nd;nd;nd
114;VVIZU;ADJD;auffordern;18;NZZ_1999_11_27_a16_seg10_s14;13;Full|zu;Kurzfristig bleibt dem Westen nicht viel mehr übrig, als die Kriegsparteien unablässig zur Schonung der Zivilbevölkerung aufzufordern .;prozess;frequenziellPROZ;done;;frei;+;+;nd;nd;nd;nd;nd;nd;nd;nd;nd;nd;nd;nd;nd;nd;nd;nd;nd;nd;nd;nd
115;VVFIN;ADJD;sprechen;16;NZZ_1994_08_20_a110_seg2_s12;11;Full|3|Sg|Past|Ind;Er legte das Geheimnis der Literatur offen, indem er unablässig über ihre menschenleeren Ränder sprach : über den Körper, die Macht, den Tod, die Leidenschaft, die Sprache .;prozess;frequenziellPROZ;done;;frei;+;+;nd;nd;nd;nd;nd;nd;nd;nd;nd;nd;nd;nd;nd;nd;nd;nd;nd;nd;nd;nd
116;VVFIN;ADJD;fordern;4;NZZ_1994_03_24_a4_seg6_s5;13;Full|3|Pl|Pres|Ind;Die oppositionellen Republikaner fordern seit dem Auflodern der Whitewater-Affäre im vergangenen Dezember unablässig die Durchführung öffentlicher Anhörungen .;prozess;frequenziellPROZ;done;;frei;+;+;nd;nd;nd;nd;nd;nd;nd;nd;nd;nd;nd;nd;nd;nd;nd;nd;nd;nd;nd;nd
117;VVFIN;ADJD;liefern;76;NZZ_1999_09_20_a123_seg3_s13;64;Full|3|Sg|Pres|Ind;Obwohl im Radio die Bilder fehlen, geht Josef Schnelles Kalkül grandios auf : So wie der Stummfilm darauf vertrauen musste, dass die Zuschauer aus der Mimik die Dialoge rekonstruierten und aus dem Agieren der Körper die Pointen erkannten, so setzt « Boulevard der Dämmerung » einen komplementären Prozess in Gang : Die Drehbuchtexte erzeugen ein Kino im Kopf, das unablässig die Bilder zu den Geschichten voller grosser Gefühle und bizarrer Komik liefert .;prozess;frequenziellPROZ;done;;frei;+;+;nd;nd;nd;nd;nd;nd;nd;nd;nd;nd;nd;nd;nd;nd;nd;nd;nd;nd;nd;nd
118;VVFIN;ADJD;herüberdringen;11;NZZ_1999_10_30_a40_seg4_s5;10;Full|3|Sg|Pres|Ind;Nur der Verkehrslärm, der von der nahen Autobahnzufahrt unablässig herüberdringt, ist lauter geworden .;prozess;frequenziellPROZ;done;;frei;+;+;nd;nd;nd;nd;nd;nd;nd;nd;nd;nd;nd;nd;nd;nd;nd;nd;nd;nd;nd;nd
119;VVFIN;ADJD;bewegen;16;NZZ_1999_01_12_a126_seg7_s2;15;Full|3|Sg|Pres|Ind;Erst nach einigen Sekunden bemerkt man, dass sich das Laub des grossen Baumes unablässig bewegt, vom Wind zum Wispern und Rascheln gebracht .;prozess;frequenziellPROZ;done;;frei;+;+;nd;nd;nd;nd;nd;nd;nd;nd;nd;nd;nd;nd;nd;nd;nd;nd;nd;nd;nd;nd
120;VVFIN;ADJD;eröffnen;23;NZZ_1994_09_01_a184_seg5_s2;25;Full|3|Pl|Past|Ind;Der Belagerungszustand nahm zuweilen erdrückende Formen an, die Zürcher fuhren ihre « Geschütze » auf der ganzen Angriffsfront in Stellung, eröffneten fast unablässig über die ganze Feldbreite verteilt das « Feuer », doch ein Treffer war nicht anzuzeigen .;prozess;frequenziellPROZ;done;;frei;+;+;nd;nd;nd;nd;nd;nd;nd;nd;nd;nd;nd;nd;nd;nd;nd;nd;nd;nd;nd;nd
121;VVINF;ADJD;ändern;10;NZZ_1998_01_10_a211_seg7_s12;11;Full|3|Pl|Pres|Ind;Alices Körper wächst und schrumpft, Personen und Gegenstände ändern unablässig ihre Erscheinungsform, das Baby der hässlichen Herzogin wandelt sich in Alices Armen zum Schwein, jedem viktorianischen Schulkind bekannte Reime werden durch den Austausch einzelner Worte entstellt und bergen neuen Sinn, der den alten im Ton, im Rhythmus stets mitdenkt .;prozess;frequenziellPROZ;done;;frei;+;+;nd;nd;nd;nd;nd;nd;nd;nd;nd;nd;nd;nd;nd;nd;nd;nd;nd;nd;nd;nd
122;VVFIN;ADJD;arbeiten;39;NZZ_1999_07_26_a100_seg9_s2;38;Full|3|Pl|Pres|Ind;"Jedes Jahr fängt die Geldbeschaffung beim Punkt Null an ; die einzige Möglichkeit einer Sockelfinanzierung besteht in einem eigenen Endowment ( Stiftungsvermögen ), an dessen Äufnung alle grossen Kulturinstitutionen ( wie auch die privaten Universitäten ) unablässig arbeiten .";prozess;frequenziellPROZ;done;;frei;+;+;nd;nd;nd;nd;nd;nd;nd;nd;nd;nd;nd;nd;nd;nd;nd;nd;nd;nd;nd;nd
123;VVFIN;ADJD;konspirieren;36;NZZ_1998_07_25_a136_seg7_s3;33;Full|3|Pl|Pres|Ind;Die verschiedenen Gesichter Miamis schillern zwischen Traum und Albtraum : Miami ist die Stadt der Urlauber auf Lebenszeit, des dekadenten Modebusiness, des weit vernetzten Drogenhandels und der Exilkubaner, die unablässig gegen Castro konspirieren .;prozess;frequenziellPROZ;done;;frei;+;+;nd;nd;nd;nd;nd;nd;nd;nd;nd;nd;nd;nd;nd;nd;nd;nd;nd;nd;nd;nd
124;VVFIN;ADJD;sprechen;5;NZZ_1996_01_27_a231_seg7_s6;9;Full|3|Sg|Pres|Ind;In dieser geheimen Sprache spricht sich meine Identität unablässig aus . »;prozess;frequenziellPROZ;done;;frei;+;+;nd;nd;nd;nd;nd;nd;nd;nd;nd;nd;nd;nd;nd;nd;nd;nd;nd;nd;nd;nd
125;VVFIN;ADJD;schwappen;19;NZZ_1996_12_04_a108_seg6_s28;14;Full|3|Sg|Pres|Ind;Ein Grund dafür liegt sicherlich in der Nostalgiewelle, die seit dem Fünfziger-Jahre-Boom unablässig durch alle gesellschaftlichen Bereiche schwappt .;prozess;frequenziellPROZ;done;;frei;+;+;nd;nd;nd;nd;nd;nd;nd;nd;nd;nd;nd;nd;nd;nd;nd;nd;nd;nd;nd;nd
126;VVFIN;ADJD;zeichnen;11;NZZ_1995_11_30_a103_seg8_s4;21;Full|3|Sg|Pres|Ind;Als wären den Figuren Elektroden an ihren Köpfen befestigt, zeichnet der Autor als Medium einer zeitgemäss verstandenen écriture automatique unablässig deren Hirnstromkurven nach .;prozess;frequenziellPROZ;done;;frei;+;+;nd;nd;nd;nd;nd;nd;nd;nd;nd;nd;nd;nd;nd;nd;nd;nd;nd;nd;nd;nd
127;VVFIN;ADJD;reden;28;NZZ_1999_01_23_a76_seg1_s28;22;Full|3|Sg|Pres|Ind;Aber nicht nur dessen Höhe hat schliesslich zu einem Vertrauensverlust geführt, sondern vorab die Tatsache, dass man seit 1995 unablässig von der Notwendigkeit sinkender Ausgabenüberschüsse redet, die entsprechenden Korrekturen aber nie zu realisieren vermochte .;prozess;frequenziellPROZ;done;;frei;+;+;nd;nd;nd;nd;nd;nd;nd;nd;nd;nd;nd;nd;nd;nd;nd;nd;nd;nd;nd;nd
128;VVFIN;ADJD;nehmen;7;NZZ_1998_04_03_a176_seg3_s11;10;Full|3|Pl|Pres|Ind;Im Spiel und Gegenspiel geben und nehmen beide Partner unablässig .;prozess;frequenziellPROZ;done;;frei;+;+;nd;nd;nd;nd;nd;nd;nd;nd;nd;nd;nd;nd;nd;nd;nd;nd;nd;nd;nd;nd
129;VVPP;ADJD;komponieren;12;NZZ_1999_11_08_a94_seg7_s2;11;Full|Psp;Nach Kriegsende war er in die Schweiz gekommen und hatte unablässig komponiert : Bläserstücke wie das Oboenkonzert .;prozess;frequenziellPROZ;done;;frei;+;+;nd;nd;nd;nd;nd;nd;nd;nd;nd;nd;nd;nd;nd;nd;nd;nd;nd;nd;nd;nd
130;VVPP;ADJD;stellen;17;NZZ_1996_03_26_a41_seg8_s3;14;Full|Psp;Es hat etwas Tragisches an sich, zu sehen, wie die Regierung unablässig in Frage gestellt wird, während sich ihre Mitglieder aufrichtig bemühen, dieses Land zu modernisieren .;prozess;frequenziellPROZ;done;;frei;+;+;nd;nd;nd;nd;nd;nd;nd;nd;nd;nd;nd;nd;nd;nd;nd;nd;nd;nd;nd;nd
131;VVFIN;ADJD;donnern;45;NZZ_1994_03_26_a204_seg4_s50;47;Full|3|Pl|Past|Ind;Und als Sachse schliesslich auch die Firma Büwe, deren Firmenlogo so rot ist wie ein Schweizerpass, mit der vielversprechenden Sache Ost vertraut machte, sah sich denn der Präsident des Lauchaer Karnevalsvereins eines Tages - rote Schweizer Lastwagen, Kleinbusse, Bagger donnerten schon unablässig durch das Dorf - veranlasst, in einer launigen Rede anlässlich der lustigsten Tage im Jahr Laucha an der Unstrut als 24 .;prozess;frequenziellPROZ;done;;frei;+;+;nd;nd;nd;nd;nd;nd;nd;nd;nd;nd;nd;nd;nd;nd;nd;nd;nd;nd;nd;nd
132;VVFIN;ADJD;halten;17;NZZ_1996_07_13_a126_seg3_s11;13;Full|3|Sg|Pres|Ind;Ein Stückchen Orangenschale etwa ist es, das die in Einzelhaft Genommene unablässig in den Händen hält, der Geruch der Orange verbindet sie mit der Welt draussen, mit Natur und Freiheit .;prozess;frequenziellPROZ;done;;frei;+;+;nd;nd;nd;nd;nd;nd;nd;nd;nd;nd;nd;nd;nd;nd;nd;nd;nd;nd;nd;nd
133;VVPP;ADJD;verschütten;20;NZZ_1999_09_23_a155_seg8_s6;14;Full|Psp;Allein, was eine subtile Geschichte eines imaginären Matriarchats sein könnte, wird unablässig durch neu herandrängende Motive wieder verschüttet .;prozess;frequenziellPROZ;done;;frei;+;+;nd;nd;nd;nd;nd;nd;nd;nd;nd;nd;nd;nd;nd;nd;nd;nd;nd;nd;nd;nd
134;VVFIN;ADJD;ansetzen;35;NZZ_1996_07_19_a21_seg8_s9;21;Full|3|Sg|Past|Ind;Tatsächlich gerieten denn ab 1993, als die Sozialisten ihre absolute Mehrheit im Parlament verloren und der PP angesichts der unablässig ans Tageslicht gelangenden Korruptionsskandale im Umfeld der Regierung zu einer unverhältnismässig aggressiven Strategie ansetzte, die Justiz und ihre politisch gezeichneten « Regierungsmitglieder » mehr und mehr in den Sog des ausufernden Parteiengerangels .;nd;nd;not of interest;ModADJ;;nd;nd;nd;nd;nd;nd;nd;nd;nd;nd;nd;nd;nd;nd;nd;nd;nd;nd;nd;nd;nd;nd
135;VVFIN;ADJD;quälen;19;NZZ_1995_12_09_a186_seg11_s13;15;Full|3|Sg|Past|Ind;» - Cromwell war ein Held nach Carlyles Geschmack, einer, der sich unablässig mit der Frage quälte, was er tun müsse, und es dann zu tun wagte, wie schrecklich es sei und wieviel Gewalt es erfordere : « To see and dare, and decide . »;prozess;frequenziellPROZ;done;;frei;+;+;nd;nd;nd;nd;nd;nd;nd;nd;nd;nd;nd;nd;nd;nd;nd;nd;nd;nd;nd;nd
136;VVPP;ADJD;kühlen;20;NZZ_1997_06_14_a91_seg3_s5;19;Full|Psp;Die Elemente, die von einem ausserhalb des Zugs angebrachten Kontrollraum abschnittsweise unter Strom gesetzt werden, müssen unablässig gekühlt werden, um entstehende Wärme zu absorbieren .;prozess;frequenziellPROZ;done;;frei;+;+;nd;nd;nd;nd;nd;nd;nd;nd;nd;nd;nd;nd;nd;nd;nd;nd;nd;nd;nd;nd
137;VVFIN;ADJD;fallen;11;NZZ_1999_01_29_a68_seg6_s1;14;Full|3|Sg|Past|Ind;pra. Davos, 28. Januar Während des Eröffnungstags des Weltwirtschaftsforums fiel der Schnee unablässig über Davos und hüllte den Ort in eine trügerische Ruhe ein .;prozess;frequenziellPROZ;done;;frei;+;+;nd;nd;nd;nd;nd;nd;nd;nd;nd;nd;nd;nd;nd;nd;nd;nd;nd;nd;nd;nd
138;VVINF;ADJD;hören;25;NZZ_1998_04_22_a150_seg3_s22;19;Full|-2;Zwischen Nachrichten über die Trauerfeierlichkeiten und Reminiszenzen zum Leben des Dichters und streitbaren Zeitgenossen war dessen vertraute Stimme unablässig aus Archivaufnahmen der Radiostationen zu hören .;prozess;frequenziellPROZ;done;;frei;+;+;nd;nd;nd;nd;nd;nd;nd;nd;nd;nd;nd;nd;nd;nd;nd;nd;nd;nd;nd;nd
139;VVFIN;ADJD;erzählen;9;NZZ_1999_04_29_a150_seg3_s14;8;Full|3|Sg|Pres|Ind;Man kann die Geschichte, da sie unablässig erzählt, dass es nicht um wahr und falsch geht, auch ganz anders nacherzählen .;prozess;frequenziellPROZ;done;;frei;+;+;nd;nd;nd;nd;nd;nd;nd;nd;nd;nd;nd;nd;nd;nd;nd;nd;nd;nd;nd;nd
140;VVFIN;ADJD;treiben;32;NZZ_1999_10_19_a131_seg3_s29;29;Full|3|Sg|Pres|Ind;Andererseits stehen aber auch jene Manager und Medienrepräsentanten, die wir eingangs namentlich aufgeführt haben, unverhofft sehr viel besser da als vermutet : Ein Kaiser, der unablässig seine Medienfussballgeschäfte treibt, indem er auf allen Kanälen redet und redet bis zum Überdruss - was für eine harmlose, ja fast schon humane, was für eine spielerische Figur !;prozess;frequenziellPROZ;done;;frei;+;+;nd;nd;nd;nd;nd;nd;nd;nd;nd;nd;nd;nd;nd;nd;nd;nd;nd;nd;nd;nd
141;VVPP;ADJD;präzisieren;8;NZZ_1997_07_05_a1_seg8_s19;7;Full|Psp;Entsprechend muss die unklare Ankündigung seither unablässig präzisiert und verfeinert werden .;prozess;frequenziellPROZ;done;;frei;+;+;nd;nd;nd;nd;nd;nd;nd;nd;nd;nd;nd;nd;nd;nd;nd;nd;nd;nd;nd;nd
142;VVPP;ADJD;aussetzen;13;NZZ_1996_08_29_a90_seg6_s10;12;Full|Psp;Der hohe Strukturanpassungszwang, dem Japans Wirtschaft auf Grund konkurrenzkräftiger Neuanbieter unablässig ausgesetzt ist, trifft laut der Tankan-Umfrage vor allem die Branchen Stahl, Textilien, Erdölverarbeitung und Basischemie .;prozess;frequenziellPROZ;done;;frei;+;+;nd;nd;nd;nd;nd;nd;nd;nd;nd;nd;nd;nd;nd;nd;nd;nd;nd;nd;nd;nd
143;VVINF;ADJD;umsetzen;38;NZZ_1998_04_01_a62_seg5_s13;37;Full|-2;Voraussetzung für ein Überleben im Regenwald war die Entwicklung landwirtschaftlicher Techniken - keine einfache Sache auf tropischen Böden, deren Humusschicht äusserst dünn und leicht abschwemmbar ist und wo zahlreiche gefrässige Insekten und Bakterien die Nährstoffe unablässig umsetzen .;prozess;frequenziellPROZ;done;;frei;+;+;nd;nd;nd;nd;nd;nd;nd;nd;nd;nd;nd;nd;nd;nd;nd;nd;nd;nd;nd;nd
144;VVPP;ADJD;treten;20;NZZ_1998_06_29_a103_seg3_s1;19;Full|Psp;Wie kaum eine andere ist Felix Mendelssohn Bartholdys Musik umstellt von unzähligen Klischees und Fettnäpfchen, in die unablässig getreten wird .;prozess;frequenziellPROZ;done;;frei;+;+;nd;nd;nd;nd;nd;nd;nd;nd;nd;nd;nd;nd;nd;nd;nd;nd;nd;nd;nd;nd
145;VVPP;ADJD;erwähnen;14;NZZ_1993_04_07_a190_seg2_s1;13;Full|Psp;kl. Trotz offensichtlich beträchtlichen Zuschüssen von fünf potenten Sponsoren, deren Namen unablässig erwähnt und gezeigt wurden, musste man sogar für einen Stehplatz im hinteren Teil von Ueli Steinles gestilter « Magic Factory » noch 65 Franken hinblättern - Sitzplätze am Bühnenrand gab es für 110 Franken .;prozess;frequenziellPROZ;done;;frei;+;+;nd;nd;nd;nd;nd;nd;nd;nd;nd;nd;nd;nd;nd;nd;nd;nd;nd;nd;nd;nd
146;VVFIN;ADJD;brabbeln;11;NZZ_1998_06_04_a220_seg6_s5;13;Full|3|Sg|Past|Ind;Die aber, nämlich « heilige Jungfrau Maria », brabbelte er unablässig vor sich hin .;prozess;frequenziellPROZ;done;;frei;+;+;nd;nd;nd;nd;nd;nd;nd;nd;nd;nd;nd;nd;nd;nd;nd;nd;nd;nd;nd;nd
147;VVINF;ADJD;drehen;12;NZZ_1998_09_08_a174_seg4_s22;8;Full|-2;Nicht nur die Gedanken Slominskis scheinen sich unablässig um Fallen zu drehen, diese sind auch Ausgangspunkt seiner bildnerischen Vorstellungswelt .;prozess;frequenziellPROZ;done;;frei;+;+;nd;nd;nd;nd;nd;nd;nd;nd;nd;nd;nd;nd;nd;nd;nd;nd;nd;nd;nd;nd
148;VVFIN;ADJD;huldigen;18;NZZ_1994_09_12_a127_seg3_s12;15;Full|3|Sg|Past|Ind;Dieses erstaunliche Manko an Angriffsideen entsprang zum einen der Spielanlage, der GC ebenso unablässig wie erfolglos huldigte : nämlich dem eigentlichen « Kick and Rush » .;prozess;frequenziellPROZ;done;;frei;+;+;nd;nd;nd;nd;nd;nd;nd;nd;nd;nd;nd;nd;nd;nd;nd;nd;nd;nd;nd;nd
149;VVPP;ADJD;steigen;8;NZZ_1999_04_27_a88_seg6_s1;7;Full|Psp;Hongkongs Arbeitslosenquote ist in diesem Winter unablässig gestiegen und hat mit 5% einen Rekordstand erreicht .;prozess;frequenziellPROZ;done;;frei;+;+;nd;nd;nd;nd;nd;nd;nd;nd;nd;nd;nd;nd;nd;nd;nd;nd;nd;nd;nd;nd
150;VVINF;ADJD;herlaufen;17;NZZ_1997_06_05_a188_seg4_s33;11;Full|-2;Irland ist ohnehin zu schön, als dass man hier unablässig hinter dem kleinen harten Ball herlaufen sollte, so ( ent ) spannend das auch ist .;prozess;frequenziellPROZ;done;;frei;+;+;nd;nd;nd;nd;nd;nd;nd;nd;nd;nd;nd;nd;nd;nd;nd;nd;nd;nd;nd;nd
151;VVFIN;ADJD;suchen;16;NZZ_1999_08_18_a112_seg6_s3;19;Full|3|Pl|Past|Ind;Ungeachtet der leichten Entschärfung der Unterscheide zwischen Staatsanleihen und Swap- Sätzen während der vergangenen Handelstage suchten die Auguren unablässig nach Erklärungen für das von vielen als alarmierend bezeichnete Niveau und die hohen Schwankungen .;prozess;frequenziellPROZ;done;;frei;+;+;nd;nd;nd;nd;nd;nd;nd;nd;nd;nd;nd;nd;nd;nd;nd;nd;nd;nd;nd;nd
152;VVFIN;ADJD;pochen;19;NZZ_1999_06_09_a46_seg1_s9;20;Full|3|Sg|Pres|Ind;"Dass auch die Bundesratspartei SVP erneut gegen die bundesrätliche Drogenpolitik anrennt, ist zweifach inkonsistent : Die SVP pocht unablässig auf Volkes Stimme ; in diesem Fall ist dies nicht relevant .";prozess;frequenziellPROZ;done;;frei;+;+;nd;nd;nd;nd;nd;nd;nd;nd;nd;nd;nd;nd;nd;nd;nd;nd;nd;nd;nd;nd
153;VVFIN;ADJD;knattern;6;NZZ_1998_01_24_a235_seg7_s56;7;Full|3|Pl|Pres|Ind;Die zu Werbezwecken aufgestellten Baulandfähnchen knattern unablässig im Wind .;prozess;frequenziellPROZ;done;;frei;+;+;nd;nd;nd;nd;nd;nd;nd;nd;nd;nd;nd;nd;nd;nd;nd;nd;nd;nd;nd;nd
154;VVINF;ADJD;abhalten;17;NZZ_1994_05_28_a206_seg4_s6;14;Full|-2;Der willfährige Architekt, der freudig die Abrissbirne schwang, damit der Diktator unablässig seine Paraden abhalten und die Hüter des grossen Geldes Flankenschutz geben konnten mit ihren kalten Kästen, das war ein Bild so ganz nach ihrem Herzenswunsch .;prozess;frequenziellPROZ;done;;frei;+;+;nd;nd;nd;nd;nd;nd;nd;nd;nd;nd;nd;nd;nd;nd;nd;nd;nd;nd;nd;nd
155;VVPP;ADJD;dominieren;27;NZZ_1994_04_18_a84_seg3_s10;23;Full|Psp;Doch wer mit dem Wort « Alltag » ein friedliches Landleben assoziiert, hat sich geirrt : Das Leben dieser Menschen wird unablässig von willkürlichen Einbrüchen dominiert, die sich als marodierende Räuberbanden und gewalttätige japanische Eroberer manifestieren .;prozess;frequenziellPROZ;done;;frei;+;+;nd;nd;nd;nd;nd;nd;nd;nd;nd;nd;nd;nd;nd;nd;nd;nd;nd;nd;nd;nd
156;VVIMP;ADJD;prüfen;18;NZZ_1996_07_27_a216_seg3_s100;20;Full|3|Sg|Pres|Ind;Hubli wurstet ganz nach Gefühl, misst nichts ab, lässt seine Augen nicht vom Brät, prüft es unablässig mit der Hand .;prozess;frequenziellPROZ;done;;frei;+;+;nd;nd;nd;nd;nd;nd;nd;nd;nd;nd;nd;nd;nd;nd;nd;nd;nd;nd;nd;nd
157;VVFIN;ADJD;türmen;32;NZZ_1997_01_03_a119_seg3_s14;30;Full|3|Sg|Pres|Ind;Zu dieser Distanzierung tragen nicht nur die szenischen Einfälle Wernickes bei - die Einfügung einer Frauenfigur etwa ( Nikola Weisse ), die unablässig einen Abschiedsbrief weiterdenkt und ebenso unablässig Reisekoffer türmt -, sondern auch die musikalischen Eingriffe des Pianisten Jürg Henneberger .;prozess;frequenziellPROZ;done;;frei;+;+;nd;nd;nd;nd;nd;nd;nd;nd;nd;nd;nd;nd;nd;nd;nd;nd;nd;nd;nd;nd
158;VVFIN;ADJD;gären;2;NZZ_1998_10_20_a117_seg3_s23;4;Full|3|Sg|Past|Ind;Allerorten gärte es unablässig .;prozess;frequenziellPROZ;done;;frei;+;+;nd;nd;nd;nd;nd;nd;nd;nd;nd;nd;nd;nd;nd;nd;nd;nd;nd;nd;nd;nd
159;VVFIN;ADJD;quasseln;37;NZZ_1998_11_19_a139_seg3_s1;36;Full|3|Pl|Pres|Ind;"In Düsseldorf « Frankenstein » frei nach Mary Shelley, in Bonn « Bunbury » von Oscar Wilde : die eigenwillige junge Regisseurin Thirza Bruncken lässt im ersten Fall fast nichts sagen, im zweiten unablässig quasseln ; und bettet die Szenen in graziös-schräge Bilder .";prozess;frequenziellPROZ;done;;frei;+;+;nd;nd;nd;nd;nd;nd;nd;nd;nd;nd;nd;nd;nd;nd;nd;nd;nd;nd;nd;nd
160;VVFIN;ADJD;agitieren;18;NZZ_1999_01_22_a239_seg4_s31;17;Full|3|Sg|Pres|Subj;Gleichsam als Katalysator dieser Entwicklung wirke Fürst Schujsky, der die Unsicherheit des Zaren ausnütze und unablässig agitiere .;prozess;frequenziellPROZ;done;;frei;+;+;nd;nd;nd;nd;nd;nd;nd;nd;nd;nd;nd;nd;nd;nd;nd;nd;nd;nd;nd;nd
161;VVFIN;ADJD;zunehmen;32;NZZ_1997_05_23_a7_seg8_s12;31;Full|3|Sg|Pres|Ind;In der ganzen Kontroverse verdient ein weiteresmal mit Nachdruck festgehalten zu werden, dass die Zwielichtigkeit der Ostpolitik der deutschen Sozialdemokratie im Verlaufe ihrer noch längst nicht abgeschlossenen historischen Durchleuchtung unablässig zunimmt und weder Wehners noch Bahrs Rolle ansehnlicher geworden ist .;prozess;frequenziellPROZ;done;;frei;+;+;nd;nd;nd;nd;nd;nd;nd;nd;nd;nd;nd;nd;nd;nd;nd;nd;nd;nd;nd;nd
162;VVFIN;ADJD;beschießen;39;NZZ_1996_01_19_a7_seg3_s2;36;Full|3|Sg|Pres|Ind;Der nach Kabul gereiste Beauftragte sagte zu Journalisten, er werde mit Präsident Rabbani und Vertretern der gegen diesen kämpfenden Taliban-Miliz zusammentreffen, die von Stellungen in der südlichen und westlichen Umgebung aus die Hauptstadt unablässig mit Raketen beschiesst .;prozess;frequenziellPROZ;done;;frei;+;+;nd;nd;nd;nd;nd;nd;nd;nd;nd;nd;nd;nd;nd;nd;nd;nd;nd;nd;nd;nd
163;VVPP;ADJD;verlangen;29;NZZ_1994_05_11_a23_seg5_s5;22;Full|Psp;Burlakows Extratour fügte sich indes in das allgemeine Bild eines zunehmend übersteigerten Prestigedenkens der Russen, die es angesichts eigener Schwäche unablässig nach noch mehr Respektbezeugungen von aussen verlangt .;prozess;frequenziellPROZ;done;;frei;+;+;nd;nd;nd;nd;nd;nd;nd;nd;nd;nd;nd;nd;nd;nd;nd;nd;nd;nd;nd;nd
164;VVFIN;ADJD;setzen;2;NZZ_1999_01_27_a50_seg3_s11;4;Full|3|Sg|Past|Ind;Er setzte sich unablässig für eine verstärkte Zusammenarbeit unter den frankophonen Ländern ein, was ihm namentlich unter seinen Ratskollegen aus der Deutschschweiz nicht überall Sympathien eingetragen hat .;prozess;frequenziellPROZ;done;;frei;+;+;nd;nd;nd;nd;nd;nd;nd;nd;nd;nd;nd;nd;nd;nd;nd;nd;nd;nd;nd;nd
165;VVPP;ADJD;überfordern;38;NZZ_1998_03_23_a205_seg5_s5;37;Full|Psp;Niemand hat dort höhere Einsätze gezeichnet als die einsame letzte Supermacht, die sich selbst unablässig überfordert - unter anderem mit dem double containment Irans und des Iraks - und von allen anderen Spielern der Region unablässig überfordert wird - zum Beispiel mit dem notleidenden Friedensprozess .;prozess;frequenziellPROZ;done;;frei;+;+;nd;nd;nd;nd;nd;nd;nd;nd;nd;nd;nd;nd;nd;nd;nd;nd;nd;nd;nd;nd
166;VVFIN;ADJD;zunehmen;14;NZZ_1999_05_18_a228_seg12_s11;13;Full|3|Sg|Pres|Ind;Und deren Arbeitsbedingungen haben sich zuletzt schlagartig geändert : Während der Druck unablässig zunimmt, sinkt das Zeitbudget für die Weiterbildung .;prozess;frequenziellPROZ;done;;frei;+;+;nd;nd;nd;nd;nd;nd;nd;nd;nd;nd;nd;nd;nd;nd;nd;nd;nd;nd;nd;nd
167;VVFIN;ADJD;sprechen;15;NZZ_1998_03_16_a97_seg3_s15;16;Full|3|Pl|Pres|Ind;Noch schläft sie im Off, doch schon alle, Bauernchor und Dienerpaar, sprechen unablässig von ihr, erzählen in einer Chorszene und zwei Arien, dass Nina den Verstand verloren habe, dass sie ihren Geliebten, Lindoro, tot glaubt und dass - dies ist der eigentliche Grund der Tragödie - ihr Vater sie an einen reicheren Mann verschachern wollte .;prozess;frequenziellPROZ;done;;frei;+;+;nd;nd;nd;nd;nd;nd;nd;nd;nd;nd;nd;nd;nd;nd;nd;nd;nd;nd;nd;nd
168;VVPP;ADJD;schreiben;10;NZZ_1999_12_24_a261_seg5_s5;9;Full|Psp;Dabei hat der Mann selbst sein Leben lang unablässig geschrieben und das Geschriebene unter die Leute gebracht, in dünnen roten Heftchen, die heute zusammen eine Reihe schwerer Bände ausmachen .;prozess;frequenziellPROZ;done;;frei;+;+;nd;nd;nd;nd;nd;nd;nd;nd;nd;nd;nd;nd;nd;nd;nd;nd;nd;nd;nd;nd
169;VVFIN;ADJD;sagen;17;NZZ_1996_06_18_a18_seg10_s2;10;Full|3|Sg|Past|Ind;Dole, angesichts des nur langsam schwindenden Popularitätsvorsprungs Clintons unablässig auf der Suche nach Profilierungsmöglichkeiten, sagte in New Jersey, Amerika müsse ungeachtet des endgültigen Resultats in Russland seine Interessen wahrnehmen und er glaube, dass diese Interessen bisher vernachlässigt worden seien .;prozess;frequenziellPROZ;done;;frei;+;+;nd;nd;nd;nd;nd;nd;nd;nd;nd;nd;nd;nd;nd;nd;nd;nd;nd;nd;nd;nd
170;VVPP;ADJD;behaupten;18;NZZ_1994_05_20_a7_seg3_s3;17;Full|Psp;Sinn Fein, der politische Flügel der IRA, hatte bekanntlich während der letzten fünf Monate unablässig behauptet, ohne derartige Erläuterungen sei ein Entscheid über einen Gewaltverzicht unmöglich .;prozess;frequenziellPROZ;done;;frei;+;+;nd;nd;nd;nd;nd;nd;nd;nd;nd;nd;nd;nd;nd;nd;nd;nd;nd;nd;nd;nd
171;VVFIN;ADJD;spucken;29;NZZ_1997_11_03_a113_seg6_s1;27;Full|3|Pl|Past|Ind;In den Läden wurde hundertfach befingert, was in den Gestellen lag, das Geschnatter der Menschen mischte sich mit dem Geratter der Kassen, die unablässig Quittungen ausspuckten .;prozess;frequenziellPROZ;done;;frei;+;+;nd;nd;nd;nd;nd;nd;nd;nd;nd;nd;nd;nd;nd;nd;nd;nd;nd;nd;nd;nd
172;VVPP;ADJD;überschreiten;17;NZZ_1995_12_29_a53_seg9_s6;16;Full|Psp;Jahrzehntelang hat die Sowjetregierung gegenüber der Internationalen Walfangkommission ihre Angaben gefälscht und ihre zugebilligten Fangquoten unablässig überschritten .;prozess;frequenziellPROZ;done;;frei;+;+;nd;nd;nd;nd;nd;nd;nd;nd;nd;nd;nd;nd;nd;nd;nd;nd;nd;nd;nd;nd
173;VVPP;ADJD;hämmern;19;NZZ_1997_10_29_a18_seg6_s4;18;Full|Psp;Sie beruht auf dem nationalen Opferkomplex, der den Kroaten seit Jahren von den staatlich kontrollierten Medien unablässig eingehämmert wird .;prozess;frequenziellPROZ;done;;frei;+;+;nd;nd;nd;nd;nd;nd;nd;nd;nd;nd;nd;nd;nd;nd;nd;nd;nd;nd;nd;nd
174;VVFIN;ADJD;starten;11;NZZ_1995_02_07_a12_seg6_s1;22;Full|-2;Während in Jaén die vaterländische Rhetorik überbordet, landen und starten auf dem eine Stunde vom Städtchen entfernten Flugfeld von Valor unablässig Militärmaschinen und Helikopter .;prozess;frequenziellPROZ;done;;frei;+;+;nd;nd;nd;nd;nd;nd;nd;nd;nd;nd;nd;nd;nd;nd;nd;nd;nd;nd;nd;nd
175;VVPP;ADJD;einsetzen;14;NZZ_1998_10_16_a21_seg4_s5;10;Full|Psp;Kudirat, eine der Frauen Abiolas, hatte sich unablässig für dessen Freilassung eingesetzt und war vor zwei Jahren unter immer noch ungeklärten Umständen ermordet worden .;prozess;frequenziellPROZ;done;;frei;+;+;nd;nd;nd;nd;nd;nd;nd;nd;nd;nd;nd;nd;nd;nd;nd;nd;nd;nd;nd;nd
176;VVFIN;ADJD;bringen;13;NZZ_1993_08_27_a3_seg12_s13;17;Full|3|Sg|Pres|Ind;"Tagsüber herrscht grosse Hitze von mehr als 35 Grad ; leichter Wind bringt mit etwas Abkühlung unablässig viel Staub .";prozess;frequenziellPROZ;done;;frei;+;+;nd;nd;nd;nd;nd;nd;nd;nd;nd;nd;nd;nd;nd;nd;nd;nd;nd;nd;nd;nd
177;VVFIN;ADJD;pochen;17;NZZ_1996_08_23_a17_seg8_s2;18;Full|3|Sg|Past|Ind;Gerade im Umgang mit Teheran bezog Bonn immer wieder eine konträre Position zu den Amerikanern und pochte unablässig auf die Notwendigkeit einer Fortführung des von den Europäern beschlossenen « kritischen Dialogs » mit dem Regime der Mullahs .;prozess;frequenziellPROZ;done;;frei;+;+;nd;nd;nd;nd;nd;nd;nd;nd;nd;nd;nd;nd;nd;nd;nd;nd;nd;nd;nd;nd
178;VVPP;ADJD;beschießen;15;NZZ_1995_07_26_a1_seg5_s4;10;Full|Psp;Zepa wurde von den bosnischen Serben seit einer Woche unablässig mit Artillerie und Panzern beschossen und von den bosnischen Regierungstruppen hartnäckig verteidigt .;prozess;frequenziellPROZ;done;;frei;+;+;nd;nd;nd;nd;nd;nd;nd;nd;nd;nd;nd;nd;nd;nd;nd;nd;nd;nd;nd;nd
179;VVIZU;ADJD;weiterverfolgen;13;NZZ_1997_09_10_a23_seg10_s8;12;Full|zu;Dem Nachfolger und der Truppe legte er ans Herz, es unablässig weiterzuverfolgen .;prozess;frequenziellPROZ;done;;frei;+;+;nd;nd;nd;nd;nd;nd;nd;nd;nd;nd;nd;nd;nd;nd;nd;nd;nd;nd;nd;nd
180;VVFIN;ADJD;tupfen;24;NZZ_1995_07_08_a195_seg5_s7;21;Full|3|Sg|Pres|Ind;Mit gebrochener Stimme spricht sie die Ave Marias, in der Faust ein zusammengepresstes Taschentuch, mit dem sie sich unablässig die Augen tupft .;prozess;frequenziellPROZ;done;;frei;+;+;nd;nd;nd;nd;nd;nd;nd;nd;nd;nd;nd;nd;nd;nd;nd;nd;nd;nd;nd;nd
181;VVPP;ADJD;beweihräuchern;23;NZZ_1999_04_17_a139_seg3_s14;22;Full|Psp;Eine der beliebten Möglichkeiten, einer Auseinandersetzung mit ihm aus dem Weg zu gehen : Gerade im Jubeljahr wird seine Büste unablässig beweihräuchert, oder dann wirbelt sein Häufchen Hirn in den Medien viel Staub auf .;prozess;frequenziellPROZ;done;;frei;+;+;nd;nd;nd;nd;nd;nd;nd;nd;nd;nd;nd;nd;nd;nd;nd;nd;nd;nd;nd;nd
182;VVFIN;ADJD;häufen;22;NZZ_1999_12_10_a230_seg8_s4;18;Full|3|Sg|Pres|Ind;Wo eine Kette von Begebenheiten vor uns erscheint, da sieht er eine einzige Katastrophe, die unablässig Trümmer auf Trümmer häuft und sie ihm vor die Füsse schleudert .;prozess;frequenziellPROZ;done;;frei;+;+;nd;nd;nd;nd;nd;nd;nd;nd;nd;nd;nd;nd;nd;nd;nd;nd;nd;nd;nd;nd
183;VVFIN;ADJD;tanzen;21;NZZ_1993_02_16_a46_seg2_s24;25;Full|3|Pl|Pres|Ind;Beim Staat dagegen gelten andere Regeln : praktisch alle Preise, bei denen er die Hände im Spiel hat, tanzen auf der Spirale unablässig nach oben .;prozess;frequenziellPROZ;done;;frei;+;+;nd;nd;nd;nd;nd;nd;nd;nd;nd;nd;nd;nd;nd;nd;nd;nd;nd;nd;nd;nd
184;VVFIN;ADJD;weisen;5;NZZ_1996_11_06_a42_seg7_s8;6;Full|3|Pl|Pres|Ind;Die Befürworter von Steuererhöhungen weisen unablässig darauf hin, dass unsere Fiskalquote im Vergleich mit anderen OECD-Staaten doch unter dem Durchschnitt von 7 Prozent liege .;prozess;frequenziellPROZ;done;;frei;+;+;nd;nd;nd;nd;nd;nd;nd;nd;nd;nd;nd;nd;nd;nd;nd;nd;nd;nd;nd;nd
185;VVINF;ADJD;wandeln;28;NZZ_1998_04_24_a141_seg3_s20;26;Full|-2;Also ist sein Nat Tate - ein Zugeständnis an die genarrten Amerikaner - eine von Woody Allen inspirierte Hintergrundfigur : ein Zelig, der sich unablässig zu wandeln und in bester Gesellschaft zu zeigen versteht .;prozess;frequenziellPROZ;done;;frei;+;+;nd;nd;nd;nd;nd;nd;nd;nd;nd;nd;nd;nd;nd;nd;nd;nd;nd;nd;nd;nd
186;VVFIN;ADJD;zwingen;33;NZZ_1994_12_01_a39_seg10_s4;25;Full|3|Sg|Pres|Subj;Nur leicht abschwächen dürfte sich hingegen die Wachstumsrate bei den Ausrüstungsinvestitionen, da der scharfe Wettbewerb und die Aussicht auf neue Absatzmärkte die Unternehmen unablässig zu Rationalisierungen und zur Erneuerung des Kapitalstocks zwinge .;prozess;frequenziellPROZ;done;;frei;+;+;nd;nd;nd;nd;nd;nd;nd;nd;nd;nd;nd;nd;nd;nd;nd;nd;nd;nd;nd;nd
187;VVFIN;ADJD;drehen;9;NZZ_1996_11_28_a30_seg7_s6;8;Full|3|Sg|Pres|Ind;Obschon sich das 22 Meter hohe Schaufelrad unablässig dreht und auf einem Ausleger 200 Meter weiter hinten Kubikmeter um Kubikmeter Löss auf ein Förderband prasselt, dringt bloss ein schwaches Surren durch den Verkehrslärm von der nahen Autobahn ans Ohr des Beobachters .;prozess;frequenziellPROZ;done;;frei;+;+;nd;nd;nd;nd;nd;nd;nd;nd;nd;nd;nd;nd;nd;nd;nd;nd;nd;nd;nd;nd
188;VVFIN;ADJD;wechseln;7;NZZ_1997_10_14_a179_seg5_s14;4;Full|3|Sg|Pres|Ind;Belice, die unablässig die Grösse wechselt, dabei aber meistens die Empfindung hat, im falschen Körper zu sein, also im Traum die Verwirrungen der Pubertät durchlebt, ist beiden Erfahrungen ausgesetzt .;prozess;frequenziellPROZ;done;;frei;+;+;nd;nd;nd;nd;nd;nd;nd;nd;nd;nd;nd;nd;nd;nd;nd;nd;nd;nd;nd;nd
189;VVINF;ADJD;zielen;21;NZZ_1994_11_16_a151_seg2_s17;15;Full|-2;Die Absicht der Türken entsprach somit dem berechnenden Vorgehen, mit den eigenen Stärken unablässig auf die gegnerischen Schwächen zu zielen .;prozess;frequenziellPROZ;done;;frei;+;+;nd;nd;nd;nd;nd;nd;nd;nd;nd;nd;nd;nd;nd;nd;nd;nd;nd;nd;nd;nd
190;VVFIN;ADJD;leiden;13;NZZ_1994_09_17_a7_seg3_s8;17;Full|3|Pl|Pres|Ind;Während die im Prinzip ebenfalls heterogene Formation Lettischer Weg bisher zusammenhielt, leiden mehrere kleinere Parteien unablässig unter Richtungskämpfen .;prozess;frequenziellPROZ;done;;frei;+;+;nd;nd;nd;nd;nd;nd;nd;nd;nd;nd;nd;nd;nd;nd;nd;nd;nd;nd;nd;nd
191;VVPP;ADJD;zulegen;26;NZZ_1999_07_06_a13_seg6_s9;24;Full|Psp;Im Blick auf die Präsidentschaftswahlen vom Juli 2000 werden die beiden wichtigsten Oppositionsparteien, PAN und PRD, die in den letzten Jahren unablässig Stimmen zugelegt haben, über die Bücher gehen müssen .;prozess;frequenziellPROZ;done;;frei;+;+;nd;nd;nd;nd;nd;nd;nd;nd;nd;nd;nd;nd;nd;nd;nd;nd;nd;nd;nd;nd
192;VVFIN;ADJD;patrouillieren;33;NZZ_1996_01_06_a23_seg12_s6;19;Full|-2;Bei einem Kontrollposten an der einzigen Zufahrtsstrasse werden sämtliche Fahrzeuge minuziös durchsucht, während im Innern der Plantage unablässig Fahrzeuge mit Mitgliedern des offiziell für die Drogenbekämpfung eingesetzten « Comando Buitre » patrouillieren .;prozess;frequenziellPROZ;done;;frei;+;+;nd;nd;nd;nd;nd;nd;nd;nd;nd;nd;nd;nd;nd;nd;nd;nd;nd;nd;nd;nd
193;VVPP;ADJD;wachsen;11;NZZ_1993_12_16_a212_seg9_s4;10;Full|Psp;Während aber der Wirtschaftsraum Zürich in den letzten Jahren unablässig gewachsen ist, seien die politischen Grenzen bei zwei Eingemeindungen stehengeblieben .;prozess;frequenziellPROZ;done;;frei;+;+;nd;nd;nd;nd;nd;nd;nd;nd;nd;nd;nd;nd;nd;nd;nd;nd;nd;nd;nd;nd
194;VVFIN;ADJD;ereignen;15;NZZ_1999_06_02_a157_seg5_s1;17;Full|3|Pl|Pres|Ind;In einem Ambiente, das durch Harmonie und Diskretion bezaubert und irritiert zugleich, ereignen sich unablässig winzige Explosionen, in denen Verborgenes an die Oberfläche drängt, aber scheinbar nur von der Besucherin wahrgenommen wird .;prozess;frequenziellPROZ;done;;frei;+;+;nd;nd;nd;nd;nd;nd;nd;nd;nd;nd;nd;nd;nd;nd;nd;nd;nd;nd;nd;nd
195;VVFIN;ADJD;suggerieren;2;NZZ_1996_01_16_a20_seg8_s5;3;Full|3|Sg|Pres|Ind;"Sie suggeriert unablässig die im Grund eher fragliche Tatsache, dass ein Palästinenserstaat mit Hauptstadt Al- Kuds unausweichlich zustande kommen müsse ; Genaueres sagt sie jedoch nicht .";prozess;frequenziellPROZ;done;;frei;+;+;nd;nd;nd;nd;nd;nd;nd;nd;nd;nd;nd;nd;nd;nd;nd;nd;nd;nd;nd;nd
196;VVINF;ADJD;weismachen;40;NZZ_1999_10_30_a29_seg3_s4;39;Full|-2;Denn der ernüchterte Blick auf die definitiv-provisorischen Wahlresultate, aber auch die angezeigte Erinnerung an die durchaus intelligenten Spielregeln unseres Regierungssystems begründen ganz andere Beurteilungen und Folgerungen als jene, welche uns nicht zuletzt auch die SVP selbst unablässig weismachen will .;prozess;frequenziellPROZ;done;;frei;+;+;nd;nd;nd;nd;nd;nd;nd;nd;nd;nd;nd;nd;nd;nd;nd;nd;nd;nd;nd;nd
197;VVFIN;ADJD;wälzen;5;NZZ_1996_06_25_a59_seg3_s3;7;Full|3|Sg|Pres|Ind;Durch die engen Gässchen wälzt sich unablässig ein dichter Verkehr aus Lastwagen, Motorrädern und Eselskarren .;prozess;frequenziellPROZ;done;;frei;+;+;nd;nd;nd;nd;nd;nd;nd;nd;nd;nd;nd;nd;nd;nd;nd;nd;nd;nd;nd;nd
198;VVFIN;ADJD;sprechen;41;NZZ_1993_02_02_a42_seg2_s29;38;Full|3|Sg|Pres|Ind;Nur, wenn sie von ihrer eigenen Logik an den Abgrund der Unerträglichkeit getrieben wird, wenn sie vor dem Entsetzen ins Hohnlachen ausweicht, gibt sich der Zyniker Drach als verkappter Moralist zu erkennen, der unablässig vom Ende spricht, um dem Anfang die Schutzzonen des Schweigens offenzuhalten .;prozess;frequenziellPROZ;done;;frei;+;+;nd;nd;nd;nd;nd;nd;nd;nd;nd;nd;nd;nd;nd;nd;nd;nd;nd;nd;nd;nd
199;VVPP;ADJD;zitieren;43;NZZ_1999_12_18_a230_seg9_s12;42;Full|Psp;Dass Andrejew, der seine eschatologische Geschichtsphilosophie ( « Die Weltrose » ) noch unter Stalin in langjähriger Kerkerhaft entwickelt und niedergeschrieben, sie jedoch nie gedruckt gesehen hat, heute als Meisterdenker der « russischen Idee » weithin verehrt und unablässig zitiert wird, unterstreicht deren fortdauernde Aktualität .;prozess;frequenziellPROZ;done;;frei;+;+;nd;nd;nd;nd;nd;nd;nd;nd;nd;nd;nd;nd;nd;nd;nd;nd;nd;nd;nd;nd
200;VVFIN;ADJD;sprechen;16;NZZ_1994_08_20_a110_seg2_s12;11;Full|3|Sg|Past|Ind;Er legte das Geheimnis der Literatur offen, indem er unablässig über ihre menschenleeren Ränder sprach : über den Körper, die Macht, den Tod, die Leidenschaft, die Sprache .;prozess;frequenziellPROZ;done;;frei;+;+;nd;nd;nd;nd;nd;nd;nd;nd;nd;nd;nd;nd;nd;nd;nd;nd;nd;nd;nd;nd
