﻿Interne-ID;Function-Head;Funktion-Hit;Head;ID-Head;ID-NZZ;ID-Token;Meta-Kopf;sentence;Oberkategorie;Unterkategorie;Status;Kommentar;externe Funktion;prozess;pFREQ;AuW;pure;agent;method;degree;proposition;KONJ;FRAME;SADV;extern;KAUS;TEMP;FREQ;BU;LOC;intern;INST;KOM;SH;iLOC
1;VVFIN;ADJD;tagen;4;NZZ_1994_07_23_a16_seg12_s7;5;Full|3|Sg|Pres|Ind;Vor dem Hotel tagt ununterbrochen eine Meute von rwandischen Militärs und Milizionären .;prozess;frequenziellPROZ;done;;frei;+;+;nd;nd;nd;nd;nd;nd;nd;nd;nd;nd;nd;nd;nd;nd;nd;nd;nd;nd;nd;nd
2;VVFIN;ADJD;sprechen;5;NZZ_1998_05_08_a202_seg3_s22;4;Full|3|Pl|Past|Ind;Während die einen ununterbrochen sprachen , waren andere völlig in sich gekehrt , und eine dritte Gruppe lief pausenlos nervös hin und her .;prozess;frequenziellPROZ;done;;frei;+;+;nd;nd;nd;nd;nd;nd;nd;nd;nd;nd;nd;nd;nd;nd;nd;nd;nd;nd;nd;nd
3;VVINF;ADJD;helfen;27;NZZ_1994_12_16_a184_seg4_s15;21;Full|-2;Auf jeden Fall rechtfertigt es den Verzicht auf jede spielerische Ästhetik nach der Pause , als sich die Mannschaft fast ununterbrochen nur mehr mit Befreiungsschlägen zu helfen wusste und kaum mehr zu konstruktivem Zusammenspiel fand .;prozess;frequenziellPROZ;done;;frei;+;+;nd;nd;nd;nd;nd;nd;nd;nd;nd;nd;nd;nd;nd;nd;nd;nd;nd;nd;nd;nd
4;VVINF;ADJD;leben;30;NZZ_1997_11_22_a67_seg7_s14;24;Full|-2;Und der Rockstar John Bon Jovi verkündete in New York nach der Rückkehr von einem Konzert in Brasilien : « Die Brasilianer scheinen ununterbrochen wie auf einem Fest zu leben . »;prozess;frequenziellPROZ;done;;frei;+;+;nd;nd;nd;nd;nd;nd;nd;nd;nd;nd;nd;nd;nd;nd;nd;nd;nd;nd;nd;nd
5;VVPP;ADJD;erfassen;13;NZZ_1999_01_15_a222_seg21_s5;12;Full|Psp;Dies hat den Vorteil , dass z. B. auch umfangreiche Wertschriftenverzeichnisse ununterbrochen erfasst und geordnet werden können , ohne dass man auf Seitenumbrüche achten muss .;prozess;frequenziellPROZ;done;;frei;+;+;nd;nd;nd;nd;nd;nd;nd;nd;nd;nd;nd;nd;nd;nd;nd;nd;nd;nd;nd;nd
6;VVFIN;ADJD;führen;16;NZZ_1996_03_28_a14_seg7_s1;14;Full|3|Sg|Past|Ind;Offenbar geniessen hohe Offiziere in dem Land , das seit seiner Entstehung fast ununterbrochen Kriege führte , hohes Ansehen .;prozess;frequenziellPROZ;done;;frei;+;+;nd;nd;nd;nd;nd;nd;nd;nd;nd;nd;nd;nd;nd;nd;nd;nd;nd;nd;nd;nd
7;VVFIN;ADJD;senden;2;NZZ_1995_07_08_a124_seg8_s11;3;Full|1|Pl|Pres|Ind;Wir senden ununterbrochen Faxe hin und her , und wir ringen um verschiedene Dispositionen , weil ich ja nicht nur das Schaffen von Gubaidulina und Suslin berücksichtigen darf , sondern auch alle Interpreten zu Wort kommen lassen will .;prozess;frequenziellPROZ;done;;frei;+;+;nd;nd;nd;nd;nd;nd;nd;nd;nd;nd;nd;nd;nd;nd;nd;nd;nd;nd;nd;nd
8;VVPP;ADJD;besetzen;29;NZZ_1995_01_30_a35_seg4_s3;21;Full|Psp;Erstmals seit Jahrzehnten konnte die Vaterländische Union ( VU ) den Bürgermeistersitz in der Residenz Vaduz , der seit 1927 ununterbrochen von der Fortschrittlichen Bürgerpartei ( FBP ) besetzt worden war , für sich gewinnen .;prozess;frequenziellPROZ;done;;frei;+;+;nd;nd;nd;nd;nd;nd;nd;nd;nd;nd;nd;nd;nd;nd;nd;nd;nd;nd;nd;nd
9;VVINF;ADJD;halten;35;NZZ_1996_09_12_a71_seg5_s2;31;Full|-2;In der Tat hat sie die britische Wirtschaft seit dem Debakel vor vier Jahren , als das Pfund Sterling unzeremoniell aus dem Wechselkursmechanismus des europäischen Währungssystems ausscheiden musste , praktisch ununterbrochen auf einem Wachstumspfad halten können .;prozess;frequenziellPROZ;done;;frei;+;+;nd;nd;nd;nd;nd;nd;nd;nd;nd;nd;nd;nd;nd;nd;nd;nd;nd;nd;nd;nd
10;VVINF;ADJD;beobachten;20;NZZ_1999_08_12_a70_seg3_s14;19;Full|-2;Ab halb zwölf Uhr liess sich die allmähliche Bedeckung der Sonne durch den Mond trotz gelegentlichen Schauern fast ununterbrochen beobachten .;prozess;frequenziellPROZ;done;;frei;+;+;nd;nd;nd;nd;nd;nd;nd;nd;nd;nd;nd;nd;nd;nd;nd;nd;nd;nd;nd;nd
11;VVFIN;ADJD;wachsen;13;NZZ_1996_03_30_a246_seg7_s5;15;Full|3|Sg|Past|Ind;Gesellschaftspolitische Anliegen liessen sich aus dem wachsenden Kuchen - das reale Bruttoinlandprodukt wuchs fast ununterbrochen mit Raten von mehr als 3% - leicht finanzieren .;prozess;frequenziellPROZ;done;;frei;+;+;nd;nd;nd;nd;nd;nd;nd;nd;nd;nd;nd;nd;nd;nd;nd;nd;nd;nd;nd;nd
12;VVPP;ADJD;registrieren;28;NZZ_1996_04_06_a184_seg5_s3;27;Full|Psp;Nachdem die fünf Festgenommenen gegen 15 Uhr zwei Wohnungen am Gmeimeriweg verlassen hatten , um ihrer täglichen Arbeit nachzugehen , wurde jede ihrer Bewegungen von Beamten ununterbrochen registriert und über Funk weitergemeldet .;prozess;frequenziellPROZ;done;;frei;+;+;nd;nd;nd;nd;nd;nd;nd;nd;nd;nd;nd;nd;nd;nd;nd;nd;nd;nd;nd;nd
13;VVPP;ADJD;angehören;26;NZZ_1999_10_18_a147_seg3_s6;25;Full|3|Sg|Pres|Ind;Je ein vierter Rang in Crans-Montana 1989 und in Forest-of-Arden 1998 waren zuvor Quiricis beste Leistungen auf der Europa-Tour , der er seit 1995 ununterbrochen angehört .;prozess;frequenziellPROZ;done;;frei;+;+;nd;nd;nd;nd;nd;nd;nd;nd;nd;nd;nd;nd;nd;nd;nd;nd;nd;nd;nd;nd
14;VVFIN;ADJD;fließen;31;NZZ_1995_12_16_a212_seg18_s1;30;Full|3|Sg|Pres|Ind;Auf der einen Seite also die Überschwemmung mit Klassik , die aus allen Poren des öffentlichen und privaten Lebens quillt , die auf leichteste Weise zugänglich gemacht wird , ununterbrochen fliesst und keine reinigende Schwelle mehr überwinden und kein Purgatorium durchschreiten muss .;prozess;frequenziellPROZ;done;;frei;+;+;nd;nd;nd;nd;nd;nd;nd;nd;nd;nd;nd;nd;nd;nd;nd;nd;nd;nd;nd;nd
15;VVINF;ADJD;verlaufen;10;NZZ_1998_08_24_a65_seg5_s6;9;Full|-2;Doch aus politischen Gründen darf die Linie nicht ununterbrochen verlaufen , sondern muss löchrig bleiben .;prozess;rein;done;;notwendig;+;nd;+;+;nd;nd;nd;nd;nd;nd;nd;nd;nd;nd;nd;nd;nd;nd;nd;nd;nd;nd
16;VVPP;ADJD;angehören;15;NZZ_1999_04_01_a238_seg3_s1;12;Full|3|Sg|Pres|Ind;( si ) Gegen den Vorjahresfinalisten Italien , der seit 1981 ununterbrochen der Weltgruppe angehört , versucht das Schweizer Davis-Cup-Team am Osterwochenende in Neuenburg sich zum drittenmal seit 1992 für die Viertelfinals zu qualifizieren .;prozess;frequenziellPROZ;done;;frei;+;+;nd;nd;nd;nd;nd;nd;nd;nd;nd;nd;nd;nd;nd;nd;nd;nd;nd;nd;nd;nd
17;VVFIN;ADJD;verlaufen;15;NZZ_1997_09_10_a172_seg8_s8;14;Full|3|Sg|Pres|Ind;Doch nahm man bisher an , dass sie unter den Alpen der Ostschweiz ununterbrochen verläuft .;prozess;rein;done;;notwendig;+;nd;+;+;nd;nd;nd;nd;nd;nd;nd;nd;nd;nd;nd;nd;nd;nd;nd;nd;nd;nd
18;VVFIN;ADJD;begleiten;4;NZZ_1994_11_03_a176_seg3_s3;8;Full|3|Sg|Pres|Ind;Auch die Eisenbahn begleitet den Fluss fast ununterbrochen , wobei die Strecken am Oberlauf zwischen Immendingen und Mengen , aber auch unten zwischen Osterhofen und Passau zu den landschaftlich reizvollsten Deutschlands zählen .;prozess;frequenziellPROZ;done;Metaphorisch;frei;+;+;nd;nd;nd;nd;nd;nd;nd;nd;nd;nd;nd;nd;nd;nd;nd;nd;nd;nd;nd;nd
19;VVPP;ADJD;angehören|anhören;11;NZZ_1998_06_20_a22_seg4_s3;7;Full|Psp;Der 50jährige Minister hatte der Regierung ununterbrochen seit 19 Jahren angehört .;prozess;frequenziellPROZ;done;;frei;+;+;nd;nd;nd;nd;nd;nd;nd;nd;nd;nd;nd;nd;nd;nd;nd;nd;nd;nd;nd;nd
20;VVPP;ADJD;regnen;8;NZZ_1998_09_12_a205_seg3_s4;5;Full|Psp;Am Montag hatte es ununterbrochen in Strömen geregnet , am Freitag ebenfalls .;prozess;frequenziellPROZ;done;;frei;+;+;nd;nd;nd;nd;nd;nd;nd;nd;nd;nd;nd;nd;nd;nd;nd;nd;nd;nd;nd;nd
21;VVFIN;ADJD;halten;3;NZZ_1996_02_09_a72_seg4_s5;14;Full|3|Sg|Pres|Ind;Der Umsatzschwund hält damit von Quartal zu Quartal seit rund vier Jahren praktisch ununterbrochen an , wobei für das Berichtsquartal noch rund 2% Teuerung und die Mehrwertsteuer zu berücksichtigen sind .;prozess;frequenziellPROZ;done;;frei;+;+;nd;nd;nd;nd;nd;nd;nd;nd;nd;nd;nd;nd;nd;nd;nd;nd;nd;nd;nd;nd
22;VVPP;ADJD;identifizieren;11;NZZ_1999_07_12_a88_seg11_s9;8;Full|Psp;Seit 1991 hat sich die serbische Gemeinschaft ununterbrochen mit Milosevic identifiziert , und es ist bezeichnend , dass selbst einer der Anführer der Opposition , Vuk Draskovic , zu seinem Gehilfen avancierte .;prozess;frequenziellPROZ;done;;frei;+;+;nd;nd;nd;nd;nd;nd;nd;nd;nd;nd;nd;nd;nd;nd;nd;nd;nd;nd;nd;nd
23;VVINF;ADJD;schreien;88;NZZ_1996_10_23_a129_seg5_s13;81;Full|3|Pl|Pres|Ind;Bernhard nämlich habe schon vor vielen Jahren jene Situation vorausschauend kommentiert , die nun mit dem Triumph des FPÖ-Führers bei den Wahlen zum Europäischen Parlament und zum Wiener Gemeinderat ( in dem die Sozialisten zum erstenmal seit 1945 die absolute Mehrheit verloren haben ) auch real eingetreten sei , wenn er Professor Schuster im « Heldenplatz » sagen lässt : « Die Österreicher insgesamt als Masse sind heute ein dummes Volk ... / sechseinhalb Millionen Debile und Tobsüchtige / die ununterbrochen aus vollem Hals nach einem Regisseur schreien / Der Regisseur wird kommen / und sie endgültig in den Abgrund hinunterstossen / ...;prozess;frequenziellPROZ;done;;frei;+;+;nd;nd;nd;nd;nd;nd;nd;nd;nd;nd;nd;nd;nd;nd;nd;nd;nd;nd;nd;nd
24;VVPP;ADJD;angehören|anhören;36;NZZ_1995_02_25_a18_seg4_s2;35;Full|Psp;In erster Runde soll abgeklärt werden , ob der Prozess gegen den Römer Spitzenpolitiker , der sieben italienische Regierungen anführte und dem italienischen Parlament seit 1945 ( seit 1991 als Senator auf Lebzeiten ) ununterbrochen angehört , in Palermo formell eröffnet werden kann oder - wie die Verteidigung verlangt - nach Rom transferiert werden muss .;prozess;frequenziellPROZ;done;;frei;+;+;nd;nd;nd;nd;nd;nd;nd;nd;nd;nd;nd;nd;nd;nd;nd;nd;nd;nd;nd;nd
25;VVFIN;ADJD;stellen;27;NZZ_1997_10_03_a214_seg6_s4;24;Full|3|Pl|Pres|Ind;Kam hinzu die im Grunde antiurbane , vom Misstrauen gegen städtische Durchmischung geprägte Ideologie der gemässigten Nationalisten , die in Bilbao seit 1979 ununterbrochen den Bürgermeister stellen .;prozess;frequenziellPROZ;done;;frei;+;+;nd;nd;nd;nd;nd;nd;nd;nd;nd;nd;nd;nd;nd;nd;nd;nd;nd;nd;nd;nd
26;VVFIN;ADJD;treiben;5;NZZ_1995_10_26_a185_seg5_s8;13;Full|3|Sg|Pres|Ind;Den Augsburger Christian Funk treibt « der Spass an der Freud » ununterbrochen in die Stadien .;prozess;frequenziellPROZ;done;;frei;+;+;nd;nd;nd;nd;nd;nd;nd;nd;nd;nd;nd;nd;nd;nd;nd;nd;nd;nd;nd;nd
27;VVFIN;ADJD;kämpfen;7;NZZ_1995_05_04_a70_seg5_s9;12;Full|3|Pl|Past|Ind;"Am Wochenende vor dem 1. Mai kämpften TC und CV fast ununterbrochen um die Vorherrschaft ; Bewohner des einst zu den touristischen Perlen Rios zählenden Viertels sprachen von Nächten des Terrors , in denen niemand zur Ruhe bzw. zum Schlafen gekommen sei .";prozess;frequenziellPROZ;done;;frei;+;+;nd;nd;nd;nd;nd;nd;nd;nd;nd;nd;nd;nd;nd;nd;nd;nd;nd;nd;nd;nd
28;VVFIN;ADJD;tummeln;8;NZZ_1998_06_20_a8_seg3_s5;12;Full|3|Pl|Pres|Ind;Vor jenem Prunkbau am Ufer der Moskwa tummeln sich freilich fast ununterbrochen auch Exponenten zahlreicher anderer Gruppen , auf deren Spruchbändern sowohl Forderungen nach materiellem Beistand durch die Regierung als auch rein politische , zumeist regierungsfeindliche , Postulate artikuliert werden .;prozess;frequenziellPROZ;done;;frei;+;+;nd;nd;nd;nd;nd;nd;nd;nd;nd;nd;nd;nd;nd;nd;nd;nd;nd;nd;nd;nd
29;VVFIN;ADJD;angehören;26;NZZ_1994_02_24_a108_seg2_s11;25;Full|3|Sg|Past|Ind;1964 wählte ihn das Zugervolk in den Ständerat , ein Gremium , in dem er sich besonders wohl fühlte und dem er bis 1973 ununterbrochen angehörte .;prozess;frequenziellPROZ;done;;frei;+;+;nd;nd;nd;nd;nd;nd;nd;nd;nd;nd;nd;nd;nd;nd;nd;nd;nd;nd;nd;nd
30;VVPP;ADJD;dauern;19;NZZ_1994_08_18_a108_seg3_s8;18;Full|Psp;Es kam - so notierte Goethe weiter - zu « eine ( m ) Bund , der ununterbrochen gedauert und für uns und andere manches Gute gewirkt hat » .;prozess;frequenziellPROZ;done;;frei;+;+;nd;nd;nd;nd;nd;nd;nd;nd;nd;nd;nd;nd;nd;nd;nd;nd;nd;nd;nd;nd
31;VVPP;ADJD;führen;8;NZZ_1994_03_18_a118_seg7_s1;5;Full|Psp;Seit 1970 haben Sie ununterbrochen das Sozialamt geführt .;prozess;frequenziellPROZ;done;;frei;+;+;nd;nd;nd;nd;nd;nd;nd;nd;nd;nd;nd;nd;nd;nd;nd;nd;nd;nd;nd;nd
32;VVFIN;ADJD;laufen;2;NZZ_1996_04_13_a234_seg8_s22;3;Full|3|Sg|Pres|Ind;Dazu läuft ununterbrochen ein Fernseher mit amerikanischen Comics und Zeichentrickfilmen .;prozess;frequenziellPROZ;done;;frei;+;+;nd;nd;nd;nd;nd;nd;nd;nd;nd;nd;nd;nd;nd;nd;nd;nd;nd;nd;nd;nd
33;VVPP;ADJD;weiterlaufen;9;NZZ_1996_01_24_a157_seg3_s9;8;Full|Psp;Während der 20monatigen Umbauzeit war der Betrieb ununterbrochen weitergelaufen .;prozess;frequenziellPROZ;done;;frei;+;+;nd;nd;nd;nd;nd;nd;nd;nd;nd;nd;nd;nd;nd;nd;nd;nd;nd;nd;nd;nd
34;VVFIN;ADJD;beschallen;9;NZZ_1998_05_30_a226_seg3_s11;12;Full|3|Pl|Pres|Ind;Auch die nationalen und regionalen Radio- und Fernsehstationen beschallen die Franzosen ununterbrochen mit Beiträgen und Hintergrundberichten über die Fussballstars , die Mannschaften und die Austragungsorte .;prozess;frequenziellPROZ;done;;frei;+;+;nd;nd;nd;nd;nd;nd;nd;nd;nd;nd;nd;nd;nd;nd;nd;nd;nd;nd;nd;nd
35;VMINF;ADJD;führen;26;NZZ_1999_02_19_a24_seg9_s1;13;Mod|3|Pl|Pres|Ind;Ich habe 1975/76 als Dekan des Fachbereichs 08 ( Germanistische Sprachwissenschaft ) ununterbrochen Auseinandersetzungen mit den kommunistischen Basisgruppen ( MSB Spartakus und andere ) führen müssen .;prozess;frequenziellPROZ;done;;frei;+;+;nd;nd;nd;nd;nd;nd;nd;nd;nd;nd;nd;nd;nd;nd;nd;nd;nd;nd;nd;nd
36;VVFIN;ADJD;stehen;12;NZZ_1995_03_08_a151_seg2_s14;17;Full|3|Pl|Past|Ind;Die Rettungs- und Strassenunterhaltsdienste wurden von der Witterung nicht überrascht und standen während der ganzen Zeit ununterbrochen im Einsatz .;prozess;frequenziellPROZ;done;;frei;+;+;nd;nd;nd;nd;nd;nd;nd;nd;nd;nd;nd;nd;nd;nd;nd;nd;nd;nd;nd;nd
37;VVINF;ADJD;versuchen;14;NZZ_1995_10_07_a187_seg16_s16;13;Full|-2;Nein , das meine ich nicht , sonst würden die Menschen nicht ununterbrochen versuchen , ihren Besitz zu mehren .;prozess;frequenziellPROZ;done;;frei;+;+;nd;nd;nd;nd;nd;nd;nd;nd;nd;nd;nd;nd;nd;nd;nd;nd;nd;nd;nd;nd
38;VVINF;ADJD;leuchten;14;NZZ_1997_11_12_a185_seg2_s16;13;Full|-2;Beim heutigen Stand der Technik können sie ohne weiteres zehn Jahre lang ununterbrochen leuchten , ohne an Helligkeit zu verlieren .;prozess;frequenziellPROZ;done;;frei;+;+;nd;nd;nd;nd;nd;nd;nd;nd;nd;nd;nd;nd;nd;nd;nd;nd;nd;nd;nd;nd
39;VVFIN;ADJD;treten;6;NZZ_1996_06_03_a49_seg3_s5;8;Full|3|Sg|Pres|Ind;Aus dem Krater des Stromboli tritt fast ununterbrochen Rauch aus , die zwölf Sekunden währende Eruption in der Nacht zum Sonntag galt aber als aussergewöhnlich heftig .;prozess;frequenziellPROZ;done;;frei;+;+;nd;nd;nd;nd;nd;nd;nd;nd;nd;nd;nd;nd;nd;nd;nd;nd;nd;nd;nd;nd
40;VVPP;ADJD;durchführen;5;NZZ_1995_11_29_a168_seg4_s3;2;Full|Psp;Mal ununterbrochen in Tokio durchgeführt , muss man nicht gesehen haben .;prozess;frequenziellPROZ;done;;frei;+;+;nd;nd;nd;nd;nd;nd;nd;nd;nd;nd;nd;nd;nd;nd;nd;nd;nd;nd;nd;nd
41;VVINF;ADJD;raufen;53;NZZ_1998_09_04_a140_seg3_s13;50;Full|-2;Und wenn es Catherine Deneuve noch gibt , wenn sie noch nicht verschwunden ist , wie so viele ihrer gleichaltrigen Kolleginnen sang- und klanglos untergegangen im Jugendwahn der Leinwand , dann , ja dann gibt es noch Hoffnung fürs Kino - und Hoffnung für uns , die wir uns ununterbrochen die Haare raufen müssen angesichts der Bilder von seelenamputierten , körperperfektionierten Frauen ( und Männern ) , die es uns vorsetzt .;prozess;frequenziellPROZ;done;;frei;+;+;nd;nd;nd;nd;nd;nd;nd;nd;nd;nd;nd;nd;nd;nd;nd;nd;nd;nd;nd;nd
42;VVFIN;ADJD;wählen;4;NZZ_1998_05_22_a225_seg8_s3;8;Full|3|Pl|Past|Ind;Vier skriptgesteuerte Rechner wählten eine Woche lang ununterbrochen die Telefonnummern der Testkandidaten .;prozess;frequenziellPROZ;done;;frei;+;+;nd;nd;nd;nd;nd;nd;nd;nd;nd;nd;nd;nd;nd;nd;nd;nd;nd;nd;nd;nd
43;VVPP;ADJD;bauen;30;NZZ_1996_08_30_a156_seg3_s4;29;Full|Psp;Der Mantel denkmalpflegerischen Schutzes , 1976 über den Bahnhof gestülpt , machte den Spekulationen ein vermeintliches Ende , denn seit zwanzig Jahren wird am und unter dem Bahnhof ununterbrochen gebaut , und ein Ende ist nicht abzusehen .;prozess;frequenziellPROZ;done;;frei;+;+;nd;nd;nd;nd;nd;nd;nd;nd;nd;nd;nd;nd;nd;nd;nd;nd;nd;nd;nd;nd
44;VVFIN;ADJD;schneien;7;NZZ_1997_11_27_a180_seg2_s8;6;Full|3|Sg|Past|Ind;"Weil es seit 24 Stunden ununterbrochen schneite , liess sich die Piste nicht rechtzeitig präparieren ; zudem herrschte Lawinengefahr .";prozess;frequenziellPROZ;done;;frei;+;+;nd;nd;nd;nd;nd;nd;nd;nd;nd;nd;nd;nd;nd;nd;nd;nd;nd;nd;nd;nd
45;VVFIN;ADJD;befinden;33;NZZ_1996_06_19_a191_seg9_s18;29;Full|3|Pl|Pres|Ind;"Die Augenringmuskulatur der Betroffenen zieht sich ständig zusammen ; in besonders schlimmen Fällen können die krampfartigen Zuckungen gar einer funktionellen Blindheit gleichkommen , da sich die Augen fast ununterbrochen im geschlossenen Zustand befinden .";prozess;frequenziellPROZ;done;;frei;+;+;nd;nd;nd;nd;nd;nd;nd;nd;nd;nd;nd;nd;nd;nd;nd;nd;nd;nd;nd;nd
46;VVPP;ADJD;zunehmen;30;NZZ_1997_10_24_a91_seg3_s5;29;Full|Psp;"Die Aufträge konnten um 41% auf 74 ( 63 ) Mrd. sKr. gesteigert werden ; damit hat der Ordereingang nach den Berechnungen der Unternehmung in 24 Quartalen hintereinander ununterbrochen zugenommen .";prozess;frequenziellPROZ;done;;frei;+;+;nd;nd;nd;nd;nd;nd;nd;nd;nd;nd;nd;nd;nd;nd;nd;nd;nd;nd;nd;nd
47;VVFIN;ADJD;prasseln;5;NZZ_1994_06_18_a209_seg7_s5;6;Full|3|Pl|Past|Ind;Solche oder ähnliche Fragen prasselten ununterbrochen auf den Coach nieder .;prozess;frequenziellPROZ;done;;frei;+;+;nd;nd;nd;nd;nd;nd;nd;nd;nd;nd;nd;nd;nd;nd;nd;nd;nd;nd;nd;nd
48;VVFIN;ADJD;regnen;4;NZZ_1993_02_08_a69_seg2_s1;11;Full|3|Sg|Past|Ind;kla. In Morioka regnete es am Wochenende nur einmal - ununterbrochen seit Freitag abend .;prozess;frequenziellPROZ;done;;frei;+;+;nd;nd;nd;nd;nd;nd;nd;nd;nd;nd;nd;nd;nd;nd;nd;nd;nd;nd;nd;nd
49;VVFIN;ADJD;innehaben;34;NZZ_1999_12_30_a15_seg3_s19;33;Full|3|Pl|Pres|Ind;Sicher ist ihm eine bestimmte Vorstellung im höchsten Mass zuwider : dass die ÖVP der SPÖ für eine weitere Legislaturperiode die Vormacht im Land sichern soll , die die Sozialdemokraten seit 1970 ununterbrochen innehaben .;prozess;frequenziellPROZ;done;;frei;+;+;nd;nd;nd;nd;nd;nd;nd;nd;nd;nd;nd;nd;nd;nd;nd;nd;nd;nd;nd;nd
50;VVFIN;ADJD;anhalten;23;NZZ_1998_12_08_a63_seg4_s9;18;Full|3|Pl|Past|Ind;Sie lösten Schneefälle aus , die in den Niederungen abgesehen von kurzen Aufheiterungen und in den Bergen ununterbrochen über das ganze Wochenende anhielten .;prozess;frequenziellPROZ;done;;frei;+;+;nd;nd;nd;nd;nd;nd;nd;nd;nd;nd;nd;nd;nd;nd;nd;nd;nd;nd;nd;nd
51;VVPP;ADJD;bewohnen;11;NZZ_1998_11_13_a133_seg8_s12;10;Full|Psp;Die Chigi hatten ihn über mehr als 350 Jahren ununterbrochen bewohnt .;prozess;frequenziellPROZ;done;;frei;+;+;nd;nd;nd;nd;nd;nd;nd;nd;nd;nd;nd;nd;nd;nd;nd;nd;nd;nd;nd;nd
52;VVFIN;ADJD;machen;22;NZZ_1996_02_10_a208_seg6_s2;20;Full|3|Sg|Past|Ind;Folglich fand sich zu dem gewöhnlichen Publikum des Zirkels ein « auffällig unauffälliger » Herr ein , der sich ununterbrochen Notizen machte .;prozess;frequenziellPROZ;done;;frei;+;+;nd;nd;nd;nd;nd;nd;nd;nd;nd;nd;nd;nd;nd;nd;nd;nd;nd;nd;nd;nd
53;VVPP;ADJD;anpflanzen;10;NZZ_1996_10_24_a176_seg3_s25;8;Full|Psp;Seit dem 14. Jahrhundert wird in Mund ununterbrochen Safran angepflanzt .;prozess;frequenziellPROZ;done;;frei;+;+;nd;nd;nd;nd;nd;nd;nd;nd;nd;nd;nd;nd;nd;nd;nd;nd;nd;nd;nd;nd
54;VVPP;ADJD;anführen;12;NZZ_1994_01_18_a162_seg3_s13;11;Full|Psp;Sogar in der Freiwurfrangliste , die er fünf Jahre lang ununterbrochen angeführt hatte , belegt « The Mailman » hinter David Robinson ( San Antonio ) und Shaquille O ' Neal ( Orlando ) nur noch Platz drei .;prozess;frequenziellPROZ;done;;frei;+;+;nd;nd;nd;nd;nd;nd;nd;nd;nd;nd;nd;nd;nd;nd;nd;nd;nd;nd;nd;nd
55;VVFIN;ADJD;landen;6;NZZ_1999_02_22_a45_seg5_s11;16;Full|3|Pl|Past|Ind;Vor dem Gemeindehaus starteten und landeten auf den drei Startfeldern die Helikopter verschiedener privater Flugtransportunternehmen ununterbrochen .;prozess;frequenziellPROZ;done;;frei;+;+;nd;nd;nd;nd;nd;nd;nd;nd;nd;nd;nd;nd;nd;nd;nd;nd;nd;nd;nd;nd
56;VVFIN;ADJD;sitzen;44;NZZ_1996_02_02_a164_seg6_s10;41;Full|3|Sg|Past|Ind;Bedeutung mass Brunner auch dem Umstand zu , dass das Fahrzeug gemäss Spurensicherung nach der Schussabgabe noch um 75 Meter weitergefahren worden sei und demnach nur der Angeklagte , der gemäss eigener Aussage vom Zeitpunkt des Schusses bis zum Aufwachen ununterbrochen am Lenkrad sass , das Auto gelenkt haben könne - was der Version der Verteidigung widerspräche .;prozess;frequenziellPROZ;done;;frei;+;+;nd;nd;nd;nd;nd;nd;nd;nd;nd;nd;nd;nd;nd;nd;nd;nd;nd;nd;nd;nd
57;VVFIN;ADJD;arbeiten;2;NZZ_1995_08_05_a178_seg3_s28;3;Full|3|Sg|Pres|Ind;Er arbeitet ununterbrochen .;prozess;frequenziellPROZ;done;;frei;+;+;nd;nd;nd;nd;nd;nd;nd;nd;nd;nd;nd;nd;nd;nd;nd;nd;nd;nd;nd;nd
58;VVFIN;ADJD;stehen;23;NZZ_1998_07_04_a1_seg6_s7;15;Full|3|Sg|Past|Ind;In den frühen Morgenstunden gelang es schliesslich dem israelischen General Yomtov Samia , der ununterbrochen mit palästinensischen Offizieren und Politikern in Kontakt stand , einen Kompromiss auszuhandeln .;prozess;frequenziellPROZ;done;;frei;+;+;nd;nd;nd;nd;nd;nd;nd;nd;nd;nd;nd;nd;nd;nd;nd;nd;nd;nd;nd;nd
59;VVPP;ADJD;beschäftigen;5;NZZ_1998_07_02_a20_seg6_s3;3;Full|Psp;Er sei ununterbrochen damit beschäftigt , einen für Israel vorteilhaften Vertrag mit den Palästinensern auszuhandeln , und Kritiken wie die des Präsidenten bestärkten die Palästinenser bloss in ihrer Meinung , dass sie nur zu warten brauchten , bis er , Netanyahu , das Feld räumen werde .;prozess;frequenziellPROZ;done;;frei;+;+;nd;nd;nd;nd;nd;nd;nd;nd;nd;nd;nd;nd;nd;nd;nd;nd;nd;nd;nd;nd
60;VVFIN;ADJD;rauchen;7;NZZ_1996_01_27_a31_seg11_s8;6;Full|3|Sg|Pres|Ind;Dass der Tempeldiener im Heiligtum ununterbrochen raucht , scheint niemanden zu stören .;prozess;frequenziellPROZ;done;;frei;+;+;nd;nd;nd;nd;nd;nd;nd;nd;nd;nd;nd;nd;nd;nd;nd;nd;nd;nd;nd;nd
61;VVFIN;ADJD;schlagen;49;NZZ_1995_08_14_a76_seg5_s15;43;Full|3|Sg|Pres|Ind;Gewiss doch lassen sie : in « Tokyo Fist » , einem Film über « die Liebe als Kampfsport » , wie Regisseur Tsukamoto sagt , in welchem jeder und jede jedem und jeder , oder jede und jeder sich selbst , ununterbrochen den Kopf zu blutigem Brei schlägt .;prozess;frequenziellPROZ;done;;frei;+;+;nd;nd;nd;nd;nd;nd;nd;nd;nd;nd;nd;nd;nd;nd;nd;nd;nd;nd;nd;nd
62;VVFIN;ADJD;lärmen;16;NZZ_1997_04_21_a104_seg5_s13;15;Full|3|Sg|Pres|Ind;Nun erst werden wir gewahr , dass auf der Tonspur der Strassenverkehr im Hintergrund ununterbrochen lärmt .;prozess;frequenziellPROZ;done;;frei;+;+;nd;nd;nd;nd;nd;nd;nd;nd;nd;nd;nd;nd;nd;nd;nd;nd;nd;nd;nd;nd
63;VVPP;ADJD;verfolgen;25;NZZ_1995_11_28_a62_seg3_s20;22;Full|Psp;In Brasilien hatten ihm die Sicherheitsbehörden den nötigen Schutz verweigert - Santos musste in Brasilien sechsmal den Wohnort wechseln , wurde ununterbrochen von Polizisten verfolgt und von sechs Schüssen getroffen und unternahm sogar einen Selbstmordversuch .;prozess;frequenziellPROZ;done;;frei;+;+;nd;nd;nd;nd;nd;nd;nd;nd;nd;nd;nd;nd;nd;nd;nd;nd;nd;nd;nd;nd
64;VAFIN;ADJD;gehören;22;NZZ_1995_05_08_a12_seg1_s3;12;Haben|3|Sg|Pres|Ind;Die Mairie von Paris gehört Chirac in der Tat seit 1977 ununterbrochen , aber zur Eroberung des höchsten Amtes der Republik hat er trotz allem Selbstbewusstsein drei Anläufe benötigt .;prozess;frequenziellPROZ;done;;frei;+;+;nd;nd;nd;nd;nd;nd;nd;nd;nd;nd;nd;nd;nd;nd;nd;nd;nd;nd;nd;nd
65;VVPP;ADJD;angehören;25;NZZ_1997_06_21_a81_seg3_s12;24;Full|3|Sg|Pres|Ind;In den Niederlanden denkt allerdings niemand ernsthaft an einen Austritt aus dem Wechselkursverbund , dem der Gulden seit seiner Gründung im Jahre 1979 ununterbrochen angehört .;prozess;frequenziellPROZ;done;;frei;+;+;nd;nd;nd;nd;nd;nd;nd;nd;nd;nd;nd;nd;nd;nd;nd;nd;nd;nd;nd;nd
66;VVPP;ADJD;ausharren;21;NZZ_1997_04_29_a57_seg3_s5;17;Full|Psp;Die Hinterbliebenen der Opfer und zahlreiche andere Bewohner von Slumsiedlungen , die während der vier Prozesstage ununterbrochen vor dem Gerichtsgebäude ausgeharrt hatten , fassten sich nach der Urteilsverkündung an den Händen und weinten .;prozess;frequenziellPROZ;done;;frei;+;+;nd;nd;nd;nd;nd;nd;nd;nd;nd;nd;nd;nd;nd;nd;nd;nd;nd;nd;nd;nd
67;VVIMP;ADJD;rollen;3;NZZ_1996_08_05_a30_seg6_s9;6;Full|3|Sg|Pres|Ind;Auf ihr rollt der Verkehr ununterbrochen in beiden Fahrtrichtungen .;prozess;frequenziellPROZ;done;;frei;+;+;nd;nd;nd;nd;nd;nd;nd;nd;nd;nd;nd;nd;nd;nd;nd;nd;nd;nd;nd;nd
68;VVFIN;ADJD;schreien;19;NZZ_1995_06_27_a63_seg4_s2;18;Full|3|Sg|Past|Ind;Eine 22jährige Mutter in Fürth hat nach Polizeiangaben ihre sechs Monate alte Tochter erwürgt , weil sie ununterbrochen schrie .;prozess;frequenziellPROZ;done;;frei;+;+;nd;nd;nd;nd;nd;nd;nd;nd;nd;nd;nd;nd;nd;nd;nd;nd;nd;nd;nd;nd
69;VVFIN;ADJD;teilen;14;NZZ_1998_01_21_a193_seg5_s10;16;Full|3|Pl|Pres|Ind;Wie die Autoren erläutern , besitzen menschliche Stammzellen eine ständig aktive Telomerase und teilen sich ununterbrochen , ohne dass diese Zellen entarten .;prozess;frequenziellPROZ;done;;frei;+;+;nd;nd;nd;nd;nd;nd;nd;nd;nd;nd;nd;nd;nd;nd;nd;nd;nd;nd;nd;nd
70;VVFIN;ADJD;strahlen;2;NZZ_1993_08_06_a81_seg7_s5;5;Full|3|Sg|Past|Ind;Mai strahlte die Anstalt ununterbrochen Unterhaltungs- und Musiksendungen , Animationsfilme , Sportreportagen aus .;prozess;frequenziellPROZ;done;;frei;+;+;nd;nd;nd;nd;nd;nd;nd;nd;nd;nd;nd;nd;nd;nd;nd;nd;nd;nd;nd;nd
71;VVFIN;ADJD;spielen;46;NZZ_1997_01_27_a78_seg3_s6;45;Full|3|Sg|Past|Ind;"Mit knapp dreissig Jahren brachte der unklassischste der französischen Klassiker das « seltsame Monster » - so bezeichnete der Autor die « pièce capricieuse » , die jeden Gattungsbegriff sprengt - in das Pariser Théâtre du Marais , wo man das Stück drei Jahre ununterbrochen spielte ; noch ein Vierteljahrhundert später wurde es mit Erfolg aufgeführt .";prozess;frequenziellPROZ;done;;frei;+;+;nd;nd;nd;nd;nd;nd;nd;nd;nd;nd;nd;nd;nd;nd;nd;nd;nd;nd;nd;nd
72;VVFIN;ADJD;singen;28;NZZ_1998_10_08_a206_seg8_s18;21;Full|3|Sg|Pres|Ind;Der Sonntagmorgen ist die beste Zeit für einen Besuch , wenn Vater Gavril in der kleinen Klosterkirche vier Stunden lang ununterbrochen mit seiner schönen Bassstimme religiöse Litaneien singt .;prozess;frequenziellPROZ;done;;frei;+;+;nd;nd;nd;nd;nd;nd;nd;nd;nd;nd;nd;nd;nd;nd;nd;nd;nd;nd;nd;nd
73;VVPP;ADJD;verhören;14;NZZ_1994_11_15_a21_seg8_s2;13;Full|Psp;Der verhaftete Mittäter war damals entgegen den geltenden Verordnungen während 36 Stunden ununterbrochen verhört worden und unterlag neben dem Schlafentzug wahrscheinlich noch weiteren Misshandlungen , bevor er das Versteck preisgab .;prozess;frequenziellPROZ;done;;frei;+;+;nd;nd;nd;nd;nd;nd;nd;nd;nd;nd;nd;nd;nd;nd;nd;nd;nd;nd;nd;nd
74;VVFIN;ADJD;liefern;17;NZZ_1999_06_16_a173_seg3_s8;19;Full|3|Pl|Past|Ind;Die vier Alouette III und der Super-Puma hatten am Morgen die Rettungsmannschaften zum Katastrophenplatz eingeflogen , lieferten dann ununterbrochen Material an und transportierten die Verwundeten ab .;prozess;frequenziellPROZ;done;;frei;+;+;nd;nd;nd;nd;nd;nd;nd;nd;nd;nd;nd;nd;nd;nd;nd;nd;nd;nd;nd;nd
75;VVFIN;ADJD;fallen;3;NZZ_1995_05_16_a48_seg4_s3;8;Full|3|Sg|Past|Ind;In Zürich fiel während etwa vierzig Stunden ununterbrochen zum Teil kräftiger Regen .;prozess;frequenziellPROZ;done;;frei;+;+;nd;nd;nd;nd;nd;nd;nd;nd;nd;nd;nd;nd;nd;nd;nd;nd;nd;nd;nd;nd
76;VVFIN;ADJD;existieren;10;NZZ_1998_05_15_a146_seg3_s7;9;Full|3|Pl|Pres|Ind;In Klöstern , die seit über tausend Jahren ununterbrochen existieren , wird der Duft des Weihrauchs durch Zugabe von Rosenblättern verstärkt .;prozess;frequenziellPROZ;done;;frei;+;+;nd;nd;nd;nd;nd;nd;nd;nd;nd;nd;nd;nd;nd;nd;nd;nd;nd;nd;nd;nd
77;VVPP;ADJD;zunehmen;10;NZZ_1995_07_06_a43_seg6_s4;9;Full|Psp;Die Statistik zeigt , dass die ausländische Bevölkerung ununterbrochen zugenommen hat , obschon die Kontingente selten ganz ausgeschöpft wurden .;prozess;frequenziellPROZ;done;;frei;+;+;nd;nd;nd;nd;nd;nd;nd;nd;nd;nd;nd;nd;nd;nd;nd;nd;nd;nd;nd;nd
78;VVFIN;ADJD;kommen;4;NZZ_1997_08_25_a2_seg4_s4;6;Full|3|Sg|Past|Ind;Während des Wochenendes kam es ununterbrochen zu Scharmützeln .;prozess;frequenziellPROZ;done;;frei;+;+;nd;nd;nd;nd;nd;nd;nd;nd;nd;nd;nd;nd;nd;nd;nd;nd;nd;nd;nd;nd
79;VVFIN;ADJD;spielen;8;NZZ_1998_05_12_a114_seg7_s8;9;Full|3|Sg|Pres|Ind;- Etwas freilich verstimmt : Gert Voss spielt ununterbrochen den augenrollend-grimassierenden Clown , als müsse er sich vom Ensemble abheben , in welchem sonst jede der zahlreichen Genre-Figuren den richtigen Ton trifft .;prozess;frequenziellPROZ;done;;frei;+;+;nd;nd;nd;nd;nd;nd;nd;nd;nd;nd;nd;nd;nd;nd;nd;nd;nd;nd;nd;nd
80;VVFIN;ADJD;segeln;24;NZZ_1999_06_10_a208_seg4_s23;25;Full|3|Pl|Pres|Ind;In kleinsten Nischen , auf kaum handbreiten Felsbändern hocken die Weibchen nahezu regungslos in ihren Nestern , und rund um die Klippe herum segeln ununterbrochen ihre krächzenden Gefährten .;prozess;frequenziellPROZ;done;;frei;+;+;nd;nd;nd;nd;nd;nd;nd;nd;nd;nd;nd;nd;nd;nd;nd;nd;nd;nd;nd;nd
81;VVPP;ADJD;steigen;15;NZZ_1999_03_02_a78_seg3_s1;14;Full|Psp;"Die Zahl der ausländisch kontrollierten Unternehmen in Kanada ist in den letzten Jahren ununterbrochen gestiegen ; das gibt nationalistischen Kreisen Auftrieb , welche im Jahre 1973 unter dem damaligen Premierminister Trudeau die protektionistische Foreign Investment Review Act eingeführt haben .";prozess;frequenziellPROZ;done;;frei;+;+;nd;nd;nd;nd;nd;nd;nd;nd;nd;nd;nd;nd;nd;nd;nd;nd;nd;nd;nd;nd
82;VVFIN;ADJD;läuten;10;NZZ_1995_01_19_a67_seg2_s4;17;Full|3|Pl|Past|Ind;Wie der Vizepräsident der BMW-Vertretung in Taiwan berichtete , läuteten die Telefone seit Veröffentlichung der Anzeige ununterbrochen .;prozess;frequenziellPROZ;done;;frei;+;+;nd;nd;nd;nd;nd;nd;nd;nd;nd;nd;nd;nd;nd;nd;nd;nd;nd;nd;nd;nd
83;VVFIN;ADJD;reden;5;NZZ_1994_04_09_a196_seg8_s20;7;Full|3|Sg|Pres|Ind;« Am einen Tag redet er ununterbrochen , am nächsten sitzt er in einer Ecke und schweigt stundenlang . »;prozess;frequenziellPROZ;done;;frei;+;+;nd;nd;nd;nd;nd;nd;nd;nd;nd;nd;nd;nd;nd;nd;nd;nd;nd;nd;nd;nd
84;VVPP;ADJD;zusammensitzen;13;NZZ_1995_01_11_a144_seg2_s7;12;Full|Psp;Nachdem Bettman und Goodenow bereits am Montag während 17 Stunden nahezu ununterbrochen zusammengesessen waren , setzten sie die Verhandlungen am Dienstag fort .;prozess;frequenziellPROZ;done;;frei;+;+;nd;nd;nd;nd;nd;nd;nd;nd;nd;nd;nd;nd;nd;nd;nd;nd;nd;nd;nd;nd
85;VAFIN;ADJD;haben;2;NZZ_1993_02_13_a125_seg1_s2;7;Haben|3|Sg|Pres|Ind;Tafers hat zum zehntenmal ( neunmal ununterbrochen ) den Titel eines Luftgewehr-Mannschaftsmeisters gewonnen .;prozess;frequenziellPROZ;done;;frei;+;+;nd;nd;nd;nd;nd;nd;nd;nd;nd;nd;nd;nd;nd;nd;nd;nd;nd;nd;nd;nd
86;VVPP;ADJD;ausweisen;27;NZZ_1997_06_14_a89_seg10_s7;24;Full|Psp;Der konsolidierte Umsatz stagnierte in den vergangenen fünf Jahren bei jeweils 1100 Mrd. Yen ( rund 13 Mrd. Fr. ) , doch wurde ununterbrochen ein Reingewinn ausgewiesen .;prozess;frequenziellPROZ;done;;frei;+;+;nd;nd;nd;nd;nd;nd;nd;nd;nd;nd;nd;nd;nd;nd;nd;nd;nd;nd;nd;nd
87;VVFIN;ADJD;tragen;30;NZZ_1995_05_20_a32_seg3_s1;28;Full|3|Sg|Pres|Ind;fre. Bern , 19. Mai Dass der Bundespräsident der Schweiz ein Liberaler ist und als solcher Mitglied der einzigen politischen Partei der Welt , die seit 1848 ununterbrochen Regierungsverantwortung trägt , war Gegenstand der Begrüssungsworte von Sir David Steel , Präsident der Liberalen Internationale ( LI ) , zu Beginn des Exekutivtreffens am Freitag und Samstag in Bern .;prozess;frequenziellPROZ;done;;frei;+;+;nd;nd;nd;nd;nd;nd;nd;nd;nd;nd;nd;nd;nd;nd;nd;nd;nd;nd;nd;nd
88;VVFIN;ADJD;tragen;16;NZZ_1995_03_18_a206_seg5_s31;18;Full|1|Sg|Pres|Ind;Ich lebe hier in Paris , ich bin hier überaus glücklich , aber mein Heimatdorf trage ich ununterbrochen in mir mit .;prozess;frequenziellPROZ;done;;frei;+;+;nd;nd;nd;nd;nd;nd;nd;nd;nd;nd;nd;nd;nd;nd;nd;nd;nd;nd;nd;nd
89;VVFIN;ADJD;stehen;12;NZZ_1999_01_04_a142_seg3_s4;14;Full|3|Sg|Past|Ind;Von Silvesterabend um 17 Uhr 45 bis Neujahrsmorgen um 6 Uhr stand Hess ununterbrochen während 12 Stunden am Telefon und am Funk im Einsatz .;prozess;frequenziellPROZ;done;;frei;+;+;nd;nd;nd;nd;nd;nd;nd;nd;nd;nd;nd;nd;nd;nd;nd;nd;nd;nd;nd;nd
90;VVPP;ADJD;arbeiten;32;NZZ_1996_07_25_a7_seg4_s6;31;Full|Psp;"Mancher Tourist mag sich fragen , weshalb diese Reparaturen ausgerechnet in der Ferienzeit durchgeführt werden müssen ; wer die « autosole » häufiger befährt , weiss jedoch , dass praktisch ununterbrochen gearbeitet wird .";prozess;frequenziellPROZ;done;;frei;+;+;nd;nd;nd;nd;nd;nd;nd;nd;nd;nd;nd;nd;nd;nd;nd;nd;nd;nd;nd;nd
91;VVFIN;ADJD;branden;6;NZZ_1995_08_12_a150_seg3_s5;12;Full|3|Pl|Pres|Ind;« Wellen der Freundschaft » branden gemäss dem Motto dieser Titelkämpfe ununterbrochen vom Meer die Flaniermeile « Kungsportsavenyn » hinauf und spülen Menschenmassen an , durch die sich oft nur noch die Strassenbahn im Schrittempo vorwärts zu bewegen vermag .;prozess;frequenziellPROZ;done;;frei;+;+;nd;nd;nd;nd;nd;nd;nd;nd;nd;nd;nd;nd;nd;nd;nd;nd;nd;nd;nd;nd
92;VVFIN;ADJD;stoßen;4;NZZ_1994_11_03_a4_seg3_s13;8;Full|3|Pl|Pres|Ind;« Im Moment stossen die bosnischen Regierungstruppen ununterbrochen gegen die in Bosanska Krupa eingekesselten serbischen Verbände vor » , sagte ein Uno-Sprecher .;prozess;frequenziellPROZ;done;;frei;+;+;nd;nd;nd;nd;nd;nd;nd;nd;nd;nd;nd;nd;nd;nd;nd;nd;nd;nd;nd;nd
93;VVFIN;ADJD;sehen;11;NZZ_1998_07_08_a143_seg7_s2;14;Full|3|Sg|Pres|Ind;Klar : man « lernt » dabei auch sehen , sieht man doch ununterbrochen , wie Mittel - vom Blecheimer bis zum Bildschirm - zu Effekten verkommen .;prozess;frequenziellPROZ;done;;frei;+;+;nd;nd;nd;nd;nd;nd;nd;nd;nd;nd;nd;nd;nd;nd;nd;nd;nd;nd;nd;nd
94;VVPP;ADJD;spielen;12;NZZ_1999_03_29_a152_seg3_s2;6;Full|Psp;Seit Jahren wird in Chur ununterbrochen Hockey in der Nationalliga A gespielt - Unihockey , um genau zu sein .;prozess;frequenziellPROZ;done;;frei;+;+;nd;nd;nd;nd;nd;nd;nd;nd;nd;nd;nd;nd;nd;nd;nd;nd;nd;nd;nd;nd
95;VVFIN;ADJD;gehen;3;NZZ_1998_12_02_a2_seg3_s2;4;Full|3|Sg|Pres|Ind;Der Verfassungsstreit geht ununterbrochen weiter , und ein neues Referendum zur Sezessionsfrage ist nicht auszuschliessen .;prozess;frequenziellPROZ;done;;frei;+;+;nd;nd;nd;nd;nd;nd;nd;nd;nd;nd;nd;nd;nd;nd;nd;nd;nd;nd;nd;nd
96;VVINF;ADJD;wachsen;22;NZZ_1997_09_17_a74_seg5_s2;20;Full|-2;Die Weltwirtschaft hat im Urteil des Internationalen Währungsfonds ( IMF ) gute Chancen , bis ins nächste Jahrtausend hinein ununterbrochen zu wachsen .;prozess;frequenziellPROZ;done;;frei;+;+;nd;nd;nd;nd;nd;nd;nd;nd;nd;nd;nd;nd;nd;nd;nd;nd;nd;nd;nd;nd
97;VVFIN;ADJD;schneien;4;NZZ_1999_02_08_a74_seg4_s4;8;Full|3|Sg|Pres|Ind;Seit Freitag früh schneit es am Arlberg ununterbrochen , die Lawinengefahr ist auf die höchste Alarmstufe geklettert .;prozess;frequenziellPROZ;done;;frei;+;+;nd;nd;nd;nd;nd;nd;nd;nd;nd;nd;nd;nd;nd;nd;nd;nd;nd;nd;nd;nd
98;VVPP;ADJD;strapazieren;26;NZZ_1999_09_25_a246_seg3_s10;25;Full|Psp;Und dazu denke dir schliesslich noch den Haarauszupfer , der seine dünne und heisere Stimme , um sich nur recht bemerkbar zu machen , ununterbrochen strapaziert und keinen Augenblick Ruhe gibt - oder höchstens , solange er einem die Achseln auszupft und derweil diesen anderen für sich schreien lässt .;prozess;frequenziellPROZ;done;;frei;+;+;nd;nd;nd;nd;nd;nd;nd;nd;nd;nd;nd;nd;nd;nd;nd;nd;nd;nd;nd;nd
99;VVFIN;ADJD;herrschen;18;NZZ_1999_02_25_a21_seg9_s3;15;Full|3|Sg|Pres|Ind;Keskin stammt aus dem kurdischen Städtchen Nüsaybin , in dem seit zwanzig Jahren faktisch ununterbrochen der Kriegszustand herrscht .;prozess;frequenziellPROZ;done;;frei;+;+;nd;nd;nd;nd;nd;nd;nd;nd;nd;nd;nd;nd;nd;nd;nd;nd;nd;nd;nd;nd
100;VVFIN;ADJD;rollen;2;NZZ_1998_09_17_a207_seg5_s2;3;Full|3|Pl|Pres|Ind;Heute rollen ununterbrochen Lastwagenkarawanen über den Pass .;prozess;frequenziellPROZ;done;;frei;+;+;nd;nd;nd;nd;nd;nd;nd;nd;nd;nd;nd;nd;nd;nd;nd;nd;nd;nd;nd;nd
101;VVFIN;ADJD;regieren;4;NZZ_1998_12_11_a17_seg2_s4;10;Full|3|Sg|Pres|Ind;Der 63jährige Bongo regiert das Land seit 31 Jahren ununterbrochen .;prozess;frequenziellPROZ;done;;frei;+;+;nd;nd;nd;nd;nd;nd;nd;nd;nd;nd;nd;nd;nd;nd;nd;nd;nd;nd;nd;nd
102;VVFIN;ADJD;halten;17;NZZ_1996_10_19_a49_seg4_s9;23;Full|3|Sg|Past|Ind;"Da sich diese Situation bei nur langsamem Vordringen der kalten Luft nach Osten kaum veränderte , hielt der Regen während 40 Stunden ununterbrochen an ; dabei wurden in Zürich 45 , in Luzern 60 , in der Ajoie 70 Millimeter totalisiert , während im Süden Zermatt 80 und Lugano fast 100 Liter pro Quadratmeter erhielten .";prozess;frequenziellPROZ;done;;frei;+;+;nd;nd;nd;nd;nd;nd;nd;nd;nd;nd;nd;nd;nd;nd;nd;nd;nd;nd;nd;nd
103;VVPP;ADJD;wohnen;24;NZZ_1995_10_23_a64_seg3_s6;20;Full|Psp;Die Initiative wollte neu jenen Ausländern das Stimm- und Wahlrecht in kantonalen Angelegenheiten zugestehen , die während fünf Jahren ununterbrochen im Kanton Uri gewohnt haben .;prozess;frequenziellPROZ;done;;frei;+;+;nd;nd;nd;nd;nd;nd;nd;nd;nd;nd;nd;nd;nd;nd;nd;nd;nd;nd;nd;nd
104;VVINF;ADJD;produzieren;17;NZZ_1994_01_07_a43_seg1_s3;16;Full|-2;Statt wie bisher während 5 Tagen pro Woche sollen die Stahlöfen künftig während 7 Tagen ununterbrochen produzieren .;prozess;frequenziellPROZ;done;;frei;+;+;nd;nd;nd;nd;nd;nd;nd;nd;nd;nd;nd;nd;nd;nd;nd;nd;nd;nd;nd;nd
105;VVFIN;ADJD;teilen;17;NZZ_1997_09_03_a200_seg3_s18;16;Full|3|Pl|Pres|Ind;Die Zellen der Immorto-Maus können sich , wenn sie bei 33 Grad gezüchtet werden , ununterbrochen teilen , sie sind also unsterblich - daher der Name dieser transgenen Maus .;prozess;frequenziellPROZ;done;;frei;+;+;nd;nd;nd;nd;nd;nd;nd;nd;nd;nd;nd;nd;nd;nd;nd;nd;nd;nd;nd;nd
106;VVINF;ADJD;erzielen;28;NZZ_1995_06_15_a84_seg3_s1;24;Full|-2;fb. Paris , 14. Juni Der westafrikanische Staat Ghana zählt zu den wenigen Ländern des Schwarzen Kontinentes , die in den letzten Jahren ununterbrochen ein Wirtschaftswachstum zu erzielen vermochten .;prozess;frequenziellPROZ;done;;frei;+;+;nd;nd;nd;nd;nd;nd;nd;nd;nd;nd;nd;nd;nd;nd;nd;nd;nd;nd;nd;nd
107;VVFIN;ADJD;sprechen;2;NZZ_1997_07_04_a198_seg13_s6;4;Full|3|Sg|Pres|Ind;Es spricht zwar ununterbrochen von Qualität , misst das Kulturprogramm aber an quantitativen Vorstellungen und geht der Tatsache aus dem Weg , dass nicht Inhalte allein entscheidend sind , sondern auch Formen und die mit ihnen beim Publikum erzielten oder eben nicht erzielten Wirkungen .;prozess;frequenziellPROZ;done;;frei;+;+;nd;nd;nd;nd;nd;nd;nd;nd;nd;nd;nd;nd;nd;nd;nd;nd;nd;nd;nd;nd
108;VVPP;ADJD;halten;16;NZZ_1996_05_23_a167_seg6_s4;15;Full|Psp;Für die SP entwickelte sich die Verteidigung einer Bastion , die sie seit 1932 ununterbrochen gehalten hatte , gleichsam zu einer Vertrauensfrage .;prozess;frequenziellPROZ;done;;frei;+;+;nd;nd;nd;nd;nd;nd;nd;nd;nd;nd;nd;nd;nd;nd;nd;nd;nd;nd;nd;nd
109;VVINF;ADJD;beobachten;12;NZZ_1999_08_12_a192_seg6_s16;11;Full|-2;Die « Schatten » müssen die Athleten nach ihrem Einsatz ununterbrochen beobachten und zur Registration begleiten .;prozess;frequenziellPROZ;done;;frei;+;+;nd;nd;nd;nd;nd;nd;nd;nd;nd;nd;nd;nd;nd;nd;nd;nd;nd;nd;nd;nd
110;VVFIN;ADJD;führen;7;NZZ_1997_04_29_a237_seg3_s7;17;Full|3|Sg|Past|Ind;Der « König der Grundlinie » führte 269 Wochen das ATP-Ranking an , davon 157 Wochen ununterbrochen .;prozess;frequenziellPROZ;done;;frei;+;+;nd;nd;nd;nd;nd;nd;nd;nd;nd;nd;nd;nd;nd;nd;nd;nd;nd;nd;nd;nd
111;VVFIN;ADJD;kitzeln;17;NZZ_1996_07_27_a111_seg3_s2;18;Full|3|Sg|Pres|Ind;Brennende Sonnenstrahlen und prasselnder Gewitterregen bearbeiten die Haut , der Geruch von Kulinarischem aus aller Welt kitzelt ununterbrochen in der Nase , musikalische Dauerbeschallung verstopft die Ohren , und das kunterbunte Treiben auf dem Festivalgelände lässt einem die Augen flimmern .;prozess;frequenziellPROZ;done;;frei;+;+;nd;nd;nd;nd;nd;nd;nd;nd;nd;nd;nd;nd;nd;nd;nd;nd;nd;nd;nd;nd
112;VVFIN;ADJD;schauen;24;NZZ_1999_12_22_a207_seg7_s7;30;Full|3|Pl|Pres|Ind;Denn Flauten gibt es im « Päcklipalast » selten , und weil der Platz im Zelt zum Hinterlegen von Büchern nicht ausreicht , schauen die Kunden den arbeitenden Frauen ununterbrochen auf die Finger .;prozess;frequenziellPROZ;done;;frei;+;+;nd;nd;nd;nd;nd;nd;nd;nd;nd;nd;nd;nd;nd;nd;nd;nd;nd;nd;nd;nd
113;VVFIN;ADJD;spucken;3;NZZ_1997_08_13_a47_seg2_s4;10;Full|3|Sg|Pres|Ind;Der Kilauea spuckt seit dem 3. Januar 1983 fast ununterbrochen Lava .;prozess;frequenziellPROZ;done;;frei;+;+;nd;nd;nd;nd;nd;nd;nd;nd;nd;nd;nd;nd;nd;nd;nd;nd;nd;nd;nd;nd
114;VVFIN;ADJD;existieren;27;NZZ_1998_10_31_a170_seg3_s5;30;Full|3|Sg|Past|Ind;Auch wenn die späteren Epochen von harten Kämpfen um die Bildung - die gegen Armut und lokalen Starrsinn ausgefochten werden mussten - nicht verschont blieben , existierte der Erziehungsrat ununterbrochen , als Mahnmal sozusagen für die Vernunftideale der Aufklärung .;prozess;frequenziellPROZ;done;;frei;+;+;nd;nd;nd;nd;nd;nd;nd;nd;nd;nd;nd;nd;nd;nd;nd;nd;nd;nd;nd;nd
115;VVFIN;ADJD;steigen;4;NZZ_1999_09_25_a240_seg11_s6;19;Full|3|Sg|Past|Ind;Nach offiziellen Statistiken stieg die Relation von Sparguthaben zum Jahresende und Bruttoinlandprodukt desselben Jahres in den letzten Jahren ununterbrochen .;prozess;frequenziellPROZ;done;;frei;+;+;nd;nd;nd;nd;nd;nd;nd;nd;nd;nd;nd;nd;nd;nd;nd;nd;nd;nd;nd;nd
116;VVPP;ADJD;erfassen;19;NZZ_1993_02_01_a56_seg5_s15;18;Full|3|Sg|Pres|Ind;Am Erlenbach im Alptal im Kanton Schwyz betreibt die WSL eine hydrologische Messanlage , die den Abfluss ununterbrochen erfasst und mit Unterwassermikrophonen das Poltern der Steine und damit den Geschiebetransport registriert .;prozess;frequenziellPROZ;done;;frei;+;+;nd;nd;nd;nd;nd;nd;nd;nd;nd;nd;nd;nd;nd;nd;nd;nd;nd;nd;nd;nd
117;VVPP;ADJD;verfolgen;12;NZZ_1998_08_27_a61_seg3_s5;9;Full|Psp;Nach dem Massaker war Santos wegen fehlenden Zeugenschutzes ununterbrochen von Beamten verfolgt worden .;prozess;frequenziellPROZ;done;;frei;+;+;nd;nd;nd;nd;nd;nd;nd;nd;nd;nd;nd;nd;nd;nd;nd;nd;nd;nd;nd;nd
118;VVFIN;ADJD;stehen;30;NZZ_1996_09_21_a76_seg8_s2;27;Full|3|Pl|Pres|Ind;Bereits seit einiger Zeit warnen Sachverständige , dass es unter den gegebenen Regeln vor allem selbständig Erwerbenden mit stark schwankenden Einkommen und Frauen , die nicht ununterbrochen im Erwerbsleben stehen , schwer fällt , eine ausreichende private Altersvorsorge aufzubauen .;prozess;frequenziellPROZ;done;;frei;+;+;nd;nd;nd;nd;nd;nd;nd;nd;nd;nd;nd;nd;nd;nd;nd;nd;nd;nd;nd;nd
119;VVFIN;ADJD;tagen;4;NZZ_1997_01_14_a8_seg3_s3;9;Full|3|Pl|Past|Ind;Doch am Montag tagten die Verhandlungsdelegationen immer noch ununterbrochen in einem Hotel in Jerusalem .;prozess;frequenziellPROZ;done;;frei;+;+;nd;nd;nd;nd;nd;nd;nd;nd;nd;nd;nd;nd;nd;nd;nd;nd;nd;nd;nd;nd
120;VVPP;ADJD;angehören;23;NZZ_1995_12_28_a24_seg5_s4;22;Full|3|Sg|Pres|Ind;Der 53jährige Ozawa studierte an der renommierten privaten Keio-Universität Wirtschaftswissenschaften und wurde 1969 erstmals ins Unterhaus gewählt , dem er seitdem ununterbrochen angehört .;prozess;frequenziellPROZ;done;;frei;+;+;nd;nd;nd;nd;nd;nd;nd;nd;nd;nd;nd;nd;nd;nd;nd;nd;nd;nd;nd;nd
121;VVFIN;ADJD;schallen;36;NZZ_1999_09_27_a60_seg7_s2;27;Full|3|Sg|Pres|Ind;Jetzt fahren die hohen Offiziere und Kabinettsmitglieder vor , die minderen in Mittelklassewagen , die wichtigeren mit Polizeieskorte und in noblen Autos aus Stuttgart , derweil ununterbrochen das monotone Bumm-tschaka-tschak-tschak der Trommler über den Platz schallt .;prozess;frequenziellPROZ;done;;frei;+;+;nd;nd;nd;nd;nd;nd;nd;nd;nd;nd;nd;nd;nd;nd;nd;nd;nd;nd;nd;nd
122;VVPP;ADJD;befassen;35;NZZ_1998_10_30_a215_seg7_s7;31;Full|3|Sg|Pres|Ind;B-92 ist der einzige Sender , der aus Kosovo beharrlich berichtete , noch bevor die Krise in der Provinz die neue Phase erreichte , und der einzige , der sich ununterbrochen mit den Kriegsflüchtlingen befasst .;prozess;frequenziellPROZ;done;;frei;+;+;nd;nd;nd;nd;nd;nd;nd;nd;nd;nd;nd;nd;nd;nd;nd;nd;nd;nd;nd;nd
123;VVPP;ADJD;erhöhen;29;NZZ_1997_08_07_a63_seg3_s3;28;Full|Psp;Die KOF bezeichnete daher die Aussichten auf eine Belebung der Schweizer Konjunktur als weiterhin intakt - immerhin hat sich der Indikator seit dem Oktober des letzten Jahres ununterbrochen erhöht und lag zuletzt in der trendbereinigten Form deutlich über dem längerfristigen Durchschnitt .;prozess;frequenziellPROZ;done;;frei;+;+;nd;nd;nd;nd;nd;nd;nd;nd;nd;nd;nd;nd;nd;nd;nd;nd;nd;nd;nd;nd
124;VVFIN;ADJD;halten;5;NZZ_1999_09_01_a77_seg3_s4;12;Full|3|Sg|Pres|Ind;Die Reduktion der Gesamtbeschäftigung hält in Japan mittlerweile seit anderthalb Jahren ununterbrochen an .;prozess;frequenziellPROZ;done;;frei;+;+;nd;nd;nd;nd;nd;nd;nd;nd;nd;nd;nd;nd;nd;nd;nd;nd;nd;nd;nd;nd
125;VVFIN;ADJD;sprechen;3;NZZ_1994_11_08_a3_seg8_s2;10;Full|3|Sg|Past|Ind;Vesa Laukkanen sprach in der Nacht auf den Samstag ununterbrochen sechseinhalb Stunden .;prozess;frequenziellPROZ;done;;frei;+;+;nd;nd;nd;nd;nd;nd;nd;nd;nd;nd;nd;nd;nd;nd;nd;nd;nd;nd;nd;nd
126;VVFIN;ADJD;sinken;3;NZZ_1996_03_30_a246_seg27_s10;9;Full|3|Pl|Past|Ind;Die Lohnstückkosten sanken im industriellen Sektor seit 1991 ununterbrochen .;prozess;frequenziellPROZ;done;;frei;+;+;nd;nd;nd;nd;nd;nd;nd;nd;nd;nd;nd;nd;nd;nd;nd;nd;nd;nd;nd;nd
127;VVFIN;ADJD;drehen;30;NZZ_1995_03_31_a22_seg15_s4;18;Full|3|Sg|Past|Ind;Diese historische Tat hat indessen nicht verhindert , dass die weitere Geschichte des karibischen Inselstaates sich praktisch ununterbrochen in einem Teufelskreis unversöhnlicher sozialer Gegensätze und brutaler Gewaltherrschaften skrupelloser Emporkömmlinge drehte .;prozess;frequenziellPROZ;done;;frei;+;+;nd;nd;nd;nd;nd;nd;nd;nd;nd;nd;nd;nd;nd;nd;nd;nd;nd;nd;nd;nd
128;VVFIN;ADJD;konsumieren;52;NZZ_1997_04_17_a41_seg7_s5;51;Full|-2;Vor allem aber - und das ist wohl das gewichtigste Argument , das gegen die Strafbarkeit des Drogenkonsums spricht - wirkt der Konsumtatbestand geradezu störend im Falle von Personen , die « nur » noch als Folge einer krankhaften Drogenabhängigkeit und nicht mehr auf Grund eines freien Willens Drogen praktisch ununterbrochen konsumieren .;prozess;frequenziellPROZ;done;;frei;+;+;nd;nd;nd;nd;nd;nd;nd;nd;nd;nd;nd;nd;nd;nd;nd;nd;nd;nd;nd;nd
129;VVFIN;ADJD;sehen;14;NZZ_1993_04_08_a105_seg3_s9;18;Full|3|Sg|Pres|Ind;Ende letzten Jahres reichte Couples ' Frau Deborah die Scheidung ein , seitdem sieht sich der Amerikaner ununterbrochen Fragen nach seinem Privatleben ausgesetzt .;prozess;frequenziellPROZ;done;;frei;+;+;nd;nd;nd;nd;nd;nd;nd;nd;nd;nd;nd;nd;nd;nd;nd;nd;nd;nd;nd;nd
130;VVFIN;ADJD;sitzen;14;NZZ_1999_07_28_a2_seg6_s10;15;Full|3|Pl|Pres|Ind;Eine solche hat das Land seit Anfang 1987 regiert , und seit 1970 sitzen ununterbrochen immer nur Sozialdemokraten auf dem Chefsessel im Kanzleramt .;prozess;frequenziellPROZ;done;;frei;+;+;nd;nd;nd;nd;nd;nd;nd;nd;nd;nd;nd;nd;nd;nd;nd;nd;nd;nd;nd;nd
131;VVFIN;ADJD;laufen;6;NZZ_1999_09_03_a138_seg4_s23;2;Full|3|Sg|Pres|Ind;Dass ununterbrochen dazu banalste Musik läuft , schafft Distanz .;prozess;frequenziellPROZ;done;;frei;+;+;nd;nd;nd;nd;nd;nd;nd;nd;nd;nd;nd;nd;nd;nd;nd;nd;nd;nd;nd;nd
132;VVFIN;ADJD;befinden;15;NZZ_1997_08_04_a47_seg3_s9;12;Full|3|Sg|Pres|Ind;Die Rettungsarbeiten gestalten sich äusserst schwierig , weil sich das Gelände ununterbrochen in Bewegung befindet .;prozess;frequenziellPROZ;done;;frei;+;+;nd;nd;nd;nd;nd;nd;nd;nd;nd;nd;nd;nd;nd;nd;nd;nd;nd;nd;nd;nd
133;VVPP;ADJD;stehen;10;NZZ_1998_11_03_a147_seg11_s13;7;Full|Psp;Während ungefähr sechseinhalb Stunden ist Grünenfelder ununterbrochen im Operationssaal gestanden .;prozess;frequenziellPROZ;done;sd;frei;+;+;nd;nd;nd;nd;nd;nd;nd;nd;nd;nd;nd;nd;nd;nd;nd;nd;nd;nd;nd;nd
134;VVFIN;ADJD;tagen;14;NZZ_1997_12_12_a13_seg5_s2;16;Full|3|Pl|Past|Ind;Vor allem die USA , die Europäische Union ( EU ) und Japan tagten fast ununterbrochen und immer wieder hinter geschlossenen Türen , um in den vielen noch offenen Fragen Kompromisse zu finden .;prozess;frequenziellPROZ;done;;frei;+;+;nd;nd;nd;nd;nd;nd;nd;nd;nd;nd;nd;nd;nd;nd;nd;nd;nd;nd;nd;nd
135;VVPP;ADJD;tanzen;14;NZZ_1997_08_18_a87_seg2_s16;13;Full|Psp;In und auf den Mobiles sowie darum herum wurde während fünf Stunden ununterbrochen getanzt und gefestet , als gäbe es im Leben nichts anderes .;prozess;frequenziellPROZ;done;;frei;+;+;nd;nd;nd;nd;nd;nd;nd;nd;nd;nd;nd;nd;nd;nd;nd;nd;nd;nd;nd;nd
136;VVFIN;ADJD;agitieren;12;NZZ_1996_02_10_a206_seg7_s9;8;Full|3|Sg|Past|Ind;Es ist klar , dass die Partei ununterbrochen gegen die Kirche agitierte und versuchte , den Einflussbereich der Kirche zu beschränken .;prozess;frequenziellPROZ;done;;frei;+;+;nd;nd;nd;nd;nd;nd;nd;nd;nd;nd;nd;nd;nd;nd;nd;nd;nd;nd;nd;nd
137;VVFIN;ADJD;klingeln;19;NZZ_1999_09_04_a225_seg8_s10;18;Full|3|Sg|Pres|Ind;« As-Salam aleikum , Edhi » , ruft der unermüdliche Arbeiter in sein Telefon , das fast ununterbrochen klingelt .;prozess;frequenziellPROZ;done;;frei;+;+;nd;nd;nd;nd;nd;nd;nd;nd;nd;nd;nd;nd;nd;nd;nd;nd;nd;nd;nd;nd
138;VVPP;ADJD;stehen;21;NZZ_1997_02_15_a201_seg2_s5;18;Full|Psp;Nachdem das traditionell hochklassig besetzte internationale Damen-Volleyballturnier in Montreux ( BCV Volley Cup ) während dreizehn Jahren ununterbrochen im Wettkampfkalender gestanden hat , erfährt diese Serie heuer eine Unterbrechung .;prozess;frequenziellPROZ;done;;frei;+;+;nd;nd;nd;nd;nd;nd;nd;nd;nd;nd;nd;nd;nd;nd;nd;nd;nd;nd;nd;nd
139;VVINF;ADJD;kämpfen;57;NZZ_1998_12_29_a173_seg3_s17;56;Full|-2;Höchstens vielleicht , darin sind sich sowohl Kernen wie Cuche einig : Die « Stelvio » fordert zur Offensive heraus , Aggressivität ist verlangt , « man geht hier mehr als anderswo an die Grenzen » ( Cuche ) , « kann nie durchatmen und in Stellung bleiben » ( Kernen ) und « muss ununterbrochen kämpfen » ( Besse ) .;prozess;frequenziellPROZ;done;;frei;+;+;nd;nd;nd;nd;nd;nd;nd;nd;nd;nd;nd;nd;nd;nd;nd;nd;nd;nd;nd;nd
140;VVFIN;ADJD;befinden;15;NZZ_1999_06_21_a20_seg10_s10;20;Full|3|Pl|Pres|Ind;16 Prozent des peruanischen Staatsgebietes , in dem 23 Prozent der Gesamtbevölkerung leben , befinden sich jedenfalls seit 1980 ununterbrochen im Ausnahmezustand , wovon heute selten gesprochen wird .;prozess;frequenziellPROZ;done;;frei;+;+;nd;nd;nd;nd;nd;nd;nd;nd;nd;nd;nd;nd;nd;nd;nd;nd;nd;nd;nd;nd
141;VVFIN;ADJD;arbeiten;25;NZZ_1994_07_07_a28_seg3_s4;24;Full|3|Sg|Past|Ind;Liebenberg , der bis vor einigen Monaten den drittgrössten Bankenkonzern Südafrikas ( Nedcor ) geleitet hatte , für den er 42 Jahre lang ununterbrochen arbeitete , kommt eine dreimonatige Einführungsphase zugute : Er wird erst im Oktober sein neues Amt übernehmen .;prozess;frequenziellPROZ;done;;frei;+;+;nd;nd;nd;nd;nd;nd;nd;nd;nd;nd;nd;nd;nd;nd;nd;nd;nd;nd;nd;nd
142;VVFIN;ADJD;reden;2;NZZ_1994_07_16_a125_seg12_s9;4;Full|3|Sg|Past|Ind;Herbert redete so ununterbrochen , wie er es früher getan hatte , bis ihm die Sorgen den Mund verschlossen .;prozess;frequenziellPROZ;done;;frei;+;+;nd;nd;nd;nd;nd;nd;nd;nd;nd;nd;nd;nd;nd;nd;nd;nd;nd;nd;nd;nd
143;VVINF;ADJD;reden;3;NZZ_1996_05_04_a151_seg2_s3;5;Full|3|Pl|Pres|Ind;Und alle reden sie ununterbrochen , was das Zeug hält .;prozess;frequenziellPROZ;done;;frei;+;+;nd;nd;nd;nd;nd;nd;nd;nd;nd;nd;nd;nd;nd;nd;nd;nd;nd;nd;nd;nd
144;VVPP;ADJD;anhalten;14;NZZ_1996_05_30_a112_seg5_s7;13;Full|Psp;Immerhin hat jedoch der Netto-Kapitalfluss nach Südafrika auch während der Rand-Krise fast ununterbrochen angehalten .;prozess;frequenziellPROZ;done;;frei;+;+;nd;nd;nd;nd;nd;nd;nd;nd;nd;nd;nd;nd;nd;nd;nd;nd;nd;nd;nd;nd
145;VVFIN;ADJD;teilnehmen;17;NZZ_1998_10_30_a32_seg8_s3;13;Full|3|Sg|Past|Ind;Der in Bochum geborene 66jährige Jurist war der einzige Anwalt , der ununterbrochen an dem Prozess teilnahm , in dem die RAF-Mitglieder Ensslin , Andreas Bader und Jan Carl Raspe zu lebenslanger Haft verurteilt wurden .;prozess;frequenziellPROZ;done;;frei;+;+;nd;nd;nd;nd;nd;nd;nd;nd;nd;nd;nd;nd;nd;nd;nd;nd;nd;nd;nd;nd
146;VVPP;ADJD;zurückgehen;29;NZZ_1998_11_11_a102_seg4_s6;28;Full|Psp;Das entspricht einer leichten Zunahme um 7 ( i. V. 3 ) % gegenüber der Vorperiode , nachdem das Volumen seit 1990/91 von damals 48 Mio. l ununterbrochen zurückgegangen war .;prozess;frequenziellPROZ;done;;frei;+;+;nd;nd;nd;nd;nd;nd;nd;nd;nd;nd;nd;nd;nd;nd;nd;nd;nd;nd;nd;nd
147;VVPP;ADJD;regnen;12;NZZ_1997_02_08_a50_seg3_s4;11;Full|Psp;Seit Samstag vergangener Woche hatte es in der Region Pilbara ununterbrochen geregnet .;prozess;frequenziellPROZ;done;;frei;+;+;nd;nd;nd;nd;nd;nd;nd;nd;nd;nd;nd;nd;nd;nd;nd;nd;nd;nd;nd;nd
148;VVFIN;ADJD;stürmen;16;NZZ_1996_03_04_a122_seg5_s2;22;Full|3|Sg|Past|Ind;In Hakuba , einem der Wettkampforte der Olympischen Spiele 1998 in Nagano , schneite und stürmte es während 48 Stunden fast ununterbrochen .;prozess;frequenziellPROZ;done;;frei;+;+;nd;nd;nd;nd;nd;nd;nd;nd;nd;nd;nd;nd;nd;nd;nd;nd;nd;nd;nd;nd
149;VVPP;ADJD;zurückgehen;12;NZZ_1999_12_29_a32_seg2_s9;11;Full|Psp;Die Ausgaben für Investitionen im Bildungsbereich sind dagegen seit 1992 ununterbrochen zurückgegangen : von 1 auf 8 Milliarden .;prozess;frequenziellPROZ;done;;frei;+;+;nd;nd;nd;nd;nd;nd;nd;nd;nd;nd;nd;nd;nd;nd;nd;nd;nd;nd;nd;nd
150;VVFIN;ADJD;regeln;6;NZZ_1998_09_23_a32_seg8_s10;8;Full|3|Pl|Pres|Ind;In der Eunet-Zentrale in Amsterdam regeln sie ununterbrochen die Verkehrsflüsse mit dem In- und Ausland .;prozess;frequenziellPROZ;done;;frei;+;+;nd;nd;nd;nd;nd;nd;nd;nd;nd;nd;nd;nd;nd;nd;nd;nd;nd;nd;nd;nd
151;VVFIN;ADJD;laufen;7;NZZ_1999_05_25_a57_seg6_s6;6;Full|3|Pl|Pres|Ind;Weil die Pumpen seit Tagen ununterbrochen laufen , blieb wertvolles Museumsgut in den Kellerräumen bisher im Trockenen .;prozess;frequenziellPROZ;done;;frei;+;+;nd;nd;nd;nd;nd;nd;nd;nd;nd;nd;nd;nd;nd;nd;nd;nd;nd;nd;nd;nd
152;VVINF;ADJD;modifizieren;11;NZZ_1994_09_05_a21_seg4_s10;9;Full|-2;So auch jetzt : Diese scheine ihre Haltung ununterbrochen zu modifizieren und laufe damit Gefahr , Ulster allmählich aus dem Vereinigten Königreich zu verdrängen .;prozess;frequenziellPROZ;done;;frei;+;+;nd;nd;nd;nd;nd;nd;nd;nd;nd;nd;nd;nd;nd;nd;nd;nd;nd;nd;nd;nd
153;VVFIN;ADJD;arbeiten;2;NZZ_1999_10_30_a193_seg7_s18;3;Full|3|Sg|Past|Ind;Er arbeitete ununterbrochen , sparte das wenige Geld , das er verdiente , und kaufte sich damit in Zürich Gerät zum Auswuchten der Räder .;prozess;frequenziellPROZ;done;;frei;+;+;nd;nd;nd;nd;nd;nd;nd;nd;nd;nd;nd;nd;nd;nd;nd;nd;nd;nd;nd;nd
154;VVPP;ADJD;angehören|anhören;39;NZZ_1999_04_15_a54_seg4_s1;36;Full|Psp;fel. Ein ohne sein Verschulden entlassener Beamter oder Angestellter der Eidgenossenschaft erhält gemäss den Statuten der Pensionskasse des Bundes eine Rente , sofern er über 50 Jahre alt ist und « während mindestens 19 Jahren ununterbrochen der Pensionskasse angehört hat » ( Art .;prozess;frequenziellPROZ;done;;frei;+;+;nd;nd;nd;nd;nd;nd;nd;nd;nd;nd;nd;nd;nd;nd;nd;nd;nd;nd;nd;nd
155;VVPP;ADJD;attackieren;13;NZZ_1995_06_19_a142_seg4_s18;12;Full|Psp;Am Samstag beispielsweise , zwischen Lenzburg und Wil SG , wurde ununterbrochen attackiert .;prozess;frequenziellPROZ;done;;frei;+;+;nd;nd;nd;nd;nd;nd;nd;nd;nd;nd;nd;nd;nd;nd;nd;nd;nd;nd;nd;nd
156;VVPP;ADJD;jagen;13;NZZ_1996_05_17_a63_seg3_s8;10;Full|Psp;Dos Santos war als wichtigster Zeuge nach dem Blutbad ununterbrochen von Polizisten gejagt und von sechs Schüssen getroffen worden , bevor die Anwältin seine Übersiedlung in die Schweiz erreichte .;prozess;frequenziellPROZ;done;;frei;+;+;nd;nd;nd;nd;nd;nd;nd;nd;nd;nd;nd;nd;nd;nd;nd;nd;nd;nd;nd;nd
157;VVFIN;ADJD;schneien;8;NZZ_1994_12_10_a201_seg3_s1;14;Full|3|Sg|Past|Ind;"wag. Tignes , 9. Dezember Am Freitag schneite es in den Savoyer Alpen ununterbrochen ; in Tignes lagen am Abend bereits über 30 cm Naturschnee .";prozess;frequenziellPROZ;done;;frei;+;+;nd;nd;nd;nd;nd;nd;nd;nd;nd;nd;nd;nd;nd;nd;nd;nd;nd;nd;nd;nd
158;VVFIN;ADJD;regieren;18;NZZ_1997_03_22_a3_seg1_s25;23;Full|3|Pl|Pres|Ind;Völlig unähnlich sind sich die beiden Parteien und ihre Chefs immerhin noch im Tatbeweis - die Tories regieren an die zwei Jahrzehnte ununterbrochen .;prozess;frequenziellPROZ;done;;frei;+;+;nd;nd;nd;nd;nd;nd;nd;nd;nd;nd;nd;nd;nd;nd;nd;nd;nd;nd;nd;nd
159;VVPP;ADJD;vertreten;18;NZZ_1996_01_30_a164_seg3_s7;8;Full|Psp;Seit dem Zweiten Weltkrieg war die Domstadt ununterbrochen mit einem Verein in der höchsten Fussball-Liga des Landes vertreten .;prozess;frequenziellPROZ;done;;frei;+;+;nd;nd;nd;nd;nd;nd;nd;nd;nd;nd;nd;nd;nd;nd;nd;nd;nd;nd;nd;nd
160;VVFIN;ADJD;gehen;4;NZZ_1998_11_02_a23_seg8_s4;8;Full|3|Sg|Pres|Ind;Hinter den Kulissen geht das Ringen jedoch ununterbrochen weiter .;prozess;frequenziellPROZ;done;;frei;+;+;nd;nd;nd;nd;nd;nd;nd;nd;nd;nd;nd;nd;nd;nd;nd;nd;nd;nd;nd;nd
161;VVFIN;ADJD;suchen;2;NZZ_1999_03_16_a169_seg17_s5;4;Full|1|Pl|Pres|Ind;Deshalb suchen wir ununterbrochen nach neuen Möglichkeiten , um den Grundsatz « Arbeit statt Fürsorge » wo auch immer zu realisieren .;prozess;frequenziellPROZ;done;;frei;+;+;nd;nd;nd;nd;nd;nd;nd;nd;nd;nd;nd;nd;nd;nd;nd;nd;nd;nd;nd;nd
162;VVPP;ADJD;setzen;16;NZZ_1999_08_31_a46_seg27_s16;13;Full|Psp;Was heute vorliegt , sind schlechte Verträge , weil man sich selber ununterbrochen unter Zeitdruck gesetzt hat .;prozess;frequenziellPROZ;done;;frei;+;+;nd;nd;nd;nd;nd;nd;nd;nd;nd;nd;nd;nd;nd;nd;nd;nd;nd;nd;nd;nd
163;VVIMP;ADJD;quasseln;5;NZZ_1995_07_18_a113_seg3_s16;7;Full|3|Sg|Pres|Ind;Im « Kaukasus » quasselt er ununterbrochen : Wie schön es jetzt wäre , Schlittschuh zu laufen , und wie schön es ist , dass er Ljusja wieder getroffen hat .;prozess;frequenziellPROZ;done;;frei;+;+;nd;nd;nd;nd;nd;nd;nd;nd;nd;nd;nd;nd;nd;nd;nd;nd;nd;nd;nd;nd
164;VVFIN;ADJD;stellen;41;NZZ_1998_01_13_a27_seg8_s1;38;Full|3|Sg|Pres|Ind;Die angestrebte Allianz zwischen den wallonischen Liberalen und Christlichsozialen richtete sich somit indirekt auch gegen die flämische Vorherrschaft im Bundesstaat Belgien und insbesondere gegen die Christliche Volkspartei ( CVP ) Flanderns , die seit einem Vierteljahrhundert fast ununterbrochen den Premierminister stellt .;prozess;frequenziellPROZ;done;;frei;+;+;nd;nd;nd;nd;nd;nd;nd;nd;nd;nd;nd;nd;nd;nd;nd;nd;nd;nd;nd;nd
165;VVFIN;ADJD;halten;45;NZZ_1998_10_31_a249_seg2_s7;42;Full|1|Sg|Pres|Ind;In diesem Augenblick füge ich die Teigwaren hinzu , würze vorsichtig mit Salz , je einer Spur frisch gemahlenem weissem Pfeffer und frisch geriebener Muskatnuss und überlasse sie während ein paar Sekunden der brutzelnden Butter , wobei ich gleichzeitig die Bratpfanne ununterbrochen in Bewegung halte .;prozess;frequenziellPROZ;done;;frei;+;+;nd;nd;nd;nd;nd;nd;nd;nd;nd;nd;nd;nd;nd;nd;nd;nd;nd;nd;nd;nd
166;VVPP;ADJD;zählen;10;NZZ_1998_10_12_a138_seg7_s12;6;Full|Psp;Seit 1992 hatten die Profis ununterbrochen zu den WM-Favoriten gezählt .;prozess;frequenziellPROZ;done;;frei;+;+;nd;nd;nd;nd;nd;nd;nd;nd;nd;nd;nd;nd;nd;nd;nd;nd;nd;nd;nd;nd
167;VVFIN;ADJD;anhalten;24;NZZ_1996_05_29_a123_seg3_s6;23;Full|3|Sg|Past|Ind;Derweil setzte die D-Mark ihre Schwächeneigung gegenüber der Peseta fort ( 22 Pta. je DM ) , während der Höhenflug des Dollars ununterbrochen anhielt ( 77 Pta. je $ ) .;prozess;frequenziellPROZ;done;;frei;+;+;nd;nd;nd;nd;nd;nd;nd;nd;nd;nd;nd;nd;nd;nd;nd;nd;nd;nd;nd;nd
168;VVINF;ADJD;fallen;33;NZZ_1998_11_20_a192_seg3_s9;28;Full|-2;- lacht man sich halb krank , wenn zwei Idioten ( Matt Dillon und Ben Stiller ) besagter Mary ( Cameron Diaz ) ununterbrochen hinterhersteigen , um ununterbrochen auf die Nase zu fallen .;prozess;frequenziellPROZ;done;;frei;+;+;nd;nd;nd;nd;nd;nd;nd;nd;nd;nd;nd;nd;nd;nd;nd;nd;nd;nd;nd;nd
169;VVFIN;ADJD;anschauen;18;NZZ_1996_10_09_a181_seg2_s12;15;Full|3|Pl|Past|Ind;Es zeigte sich , dass die Kinder bei den konsonanten Klängen während längerer Zeit ununterbrochen die Musikquelle anschauten .;prozess;frequenziellPROZ;done;;frei;+;+;nd;nd;nd;nd;nd;nd;nd;nd;nd;nd;nd;nd;nd;nd;nd;nd;nd;nd;nd;nd
170;VVFIN;ADJD;fallen|fällen;10;NZZ_1993_08_24_a122_seg12_s5;16;Full|3|Sg|Pres|Ind;In Zambales und anderen Provinzen der nordphilippinischen Insel Luzon fällt seit Mitte der vergangenen Woche ununterbrochen Monsunregen .;prozess;frequenziellPROZ;done;;frei;+;+;nd;nd;nd;nd;nd;nd;nd;nd;nd;nd;nd;nd;nd;nd;nd;nd;nd;nd;nd;nd
171;VVFIN;ADJD;husten;3;NZZ_1999_02_08_a183_seg4_s34;6;Full|3|Sg|Past|Subj;Der eine hustete im Zielraum ununterbrochen , gab dennoch aber zu Protokoll , die Grippeerkrankung nicht mehr zu spüren .;prozess;frequenziellPROZ;done;;frei;+;+;nd;nd;nd;nd;nd;nd;nd;nd;nd;nd;nd;nd;nd;nd;nd;nd;nd;nd;nd;nd
172;VVFIN;ADJD;darstellen;32;NZZ_1999_03_31_a14_seg6_s3;26;Full|3|Sg|Pres|Ind;Doch die Beziehungen gehen über das bloss Persönliche hinaus : Die argentinischen Peronisten und den paraguayischen Partido Colorado , der seit über einem halben Jahrhundert ununterbrochen die Regierungspartei dieser problematischen Nation darstellt , verbindet eine traditionelle Freundschaft .;prozess;frequenziellPROZ;done;;frei;+;+;nd;nd;nd;nd;nd;nd;nd;nd;nd;nd;nd;nd;nd;nd;nd;nd;nd;nd;nd;nd
173;VVFIN;ADJD;tragen;37;NZZ_1999_11_06_a224_seg4_s7;32;Full|3|Sg|Pres|Ind;Denn Donnie Burns ist nicht irgendwer , sondern im Tanzsport eine ähnliche Figur wie Michael Schumacher in der Formel 1 - mit dem feinen Unterschied , dass Burns seit 15 Jahren ununterbrochen den Weltmeistertitel der Professionals trägt .;prozess;frequenziellPROZ;done;;frei;+;+;nd;nd;nd;nd;nd;nd;nd;nd;nd;nd;nd;nd;nd;nd;nd;nd;nd;nd;nd;nd
174;VVFIN;ADJD;aufrechterhalten;17;NZZ_1998_07_17_a21_seg8_s8;13;Full|3|Pl|Past|Subj;Die israelische Regierung wisse genau , meinte sie , dass israelische Firmen ununterbrochen Handelsbeziehungen mit Iran aufrechterhielten .;prozess;frequenziellPROZ;done;;frei;+;+;nd;nd;nd;nd;nd;nd;nd;nd;nd;nd;nd;nd;nd;nd;nd;nd;nd;nd;nd;nd
175;VVPP;ADJD;beanspruchen;22;NZZ_1995_10_09_a26_seg7_s13;21;Full|Psp;Sie verlor im Kanton Schwyz einen Sitz an die FDP und damit ihre Doppelvertretung , die sie dort seit 1848 ununterbrochen beansprucht hatte .;prozess;frequenziellPROZ;done;;frei;+;+;nd;nd;nd;nd;nd;nd;nd;nd;nd;nd;nd;nd;nd;nd;nd;nd;nd;nd;nd;nd
176;VVPP;ADJD;vertreten;20;NZZ_1995_05_18_a218_seg13_s4;19;Full|Psp;Es ist daher nicht erstaunlich , dass wir jahrelang sowohl in den Verwaltungsräten des UNDP/UNFPA und der Unicef ununterbrochen vertreten waren und es auch , im restrukturierten System mit drastisch verkleinerter Mitgliederzahl , regelmässig sein werden .;prozess;frequenziellPROZ;done;;frei;+;+;nd;nd;nd;nd;nd;nd;nd;nd;nd;nd;nd;nd;nd;nd;nd;nd;nd;nd;nd;nd
177;VVPP;ADJD;feiern;16;NZZ_1993_04_08_a27_seg6_s1;15;Full|Psp;Die Priester des Todaiji beteuern , dass das letztgenannte Fest seit dem Jahre 752 ununterbrochen gefeiert wird .;prozess;frequenziellPROZ;done;;frei;+;+;nd;nd;nd;nd;nd;nd;nd;nd;nd;nd;nd;nd;nd;nd;nd;nd;nd;nd;nd;nd
178;VVFIN;ADJD;kreischen;18;NZZ_1995_02_18_a29_seg4_s2;19;Full|3|Sg|Pres|Ind;Sein ausgewaschenes lila T-Shirt und der Strohhut tragen überreichlich Schlammspuren , eine am Boden sitzende gezähmte Möwe kreischt ununterbrochen , nackte kleine Kinder flitzen mit Hühnern und Hunden herum .;prozess;frequenziellPROZ;done;;frei;+;+;nd;nd;nd;nd;nd;nd;nd;nd;nd;nd;nd;nd;nd;nd;nd;nd;nd;nd;nd;nd
179;VVPP;ADJD;angehören;22;NZZ_1996_01_06_a16_seg6_s1;21;Full|3|Sg|Pres|Ind;Der 58jährige Hashimoto studierte an der renommierten Keio-Universität Rechtswissenschaften und wurde 1963 erstmals ins Unterhaus gewählt , dem er seitdem ununterbrochen angehört .;prozess;frequenziellPROZ;done;;frei;+;+;nd;nd;nd;nd;nd;nd;nd;nd;nd;nd;nd;nd;nd;nd;nd;nd;nd;nd;nd;nd
180;VVFIN;ADJD;bekleiden;13;NZZ_1996_03_21_a12_seg6_s5;11;Full|3|Sg|Past|Ind;Der langjährige Weggefährte von Felipe González , der seit 1982 ununterbrochen Ministerposten bekleidete , hinterlässt denn auch den Eindruck eines mit der Materie wohlvertrauten Politikers .;prozess;frequenziellPROZ;done;;frei;+;+;nd;nd;nd;nd;nd;nd;nd;nd;nd;nd;nd;nd;nd;nd;nd;nd;nd;nd;nd;nd
181;VVPP;ADJD;verhandeln;29;NZZ_1995_06_29_a92_seg4_s3;27;Full|Psp;Nach einigen Vorgeplänkeln wurde seit dem Eintreffen der beiden Chefunterhändler , des amerikanischen Handelsbeauftragten Mickey Kantor und des japanischen Handelsministers Ryutaro Hashimoto , zu Wochenbeginn praktisch ununterbrochen miteinander verhandelt .;prozess;frequenziellPROZ;done;;frei;+;+;nd;nd;nd;nd;nd;nd;nd;nd;nd;nd;nd;nd;nd;nd;nd;nd;nd;nd;nd;nd
182;VVFIN;ADJD;schneien;4;NZZ_1995_11_30_a167_seg2_s3;7;Full|3|Sg|Pres|Ind;Seit drei Tagen schneit es fast ununterbrochen , so dass weder die Piste noch die Sichtverhältnisse reguläre Fahrten zugelassen hätten .;prozess;frequenziellPROZ;done;;frei;+;+;nd;nd;nd;nd;nd;nd;nd;nd;nd;nd;nd;nd;nd;nd;nd;nd;nd;nd;nd;nd
183;VVINF;ADJD;absorbieren;15;NZZ_1998_11_02_a86_seg9_s2;13;Full|-2;Da die optimale Grösse solcher Teams beschränkt ist , können diese nicht ununterbrochen Kapital absorbieren .;prozess;frequenziellPROZ;done;;frei;+;+;nd;nd;nd;nd;nd;nd;nd;nd;nd;nd;nd;nd;nd;nd;nd;nd;nd;nd;nd;nd
184;VVFIN;ADJD;nehmen;3;NZZ_1997_01_09_a73_seg3_s7;10;Full|3|Pl|Pres|Ind;Die Direktinvestitionsbestände nehmen dabei als einzige Anlageform seit 1985 ununterbrochen zu .;prozess;frequenziellPROZ;done;;frei;+;+;nd;nd;nd;nd;nd;nd;nd;nd;nd;nd;nd;nd;nd;nd;nd;nd;nd;nd;nd;nd
185;VVFIN;ADJD;suchen;8;NZZ_1999_02_26_a65_seg3_s3;10;Full|3|Pl|Past|Ind;Auf den Lawinenkegeln in Galtür und Valzur suchten Retter ununterbrochen nach Opfern .;prozess;frequenziellPROZ;done;;frei;+;+;nd;nd;nd;nd;nd;nd;nd;nd;nd;nd;nd;nd;nd;nd;nd;nd;nd;nd;nd;nd
186;VVFIN;ADJD;kommen;4;NZZ_1998_04_11_a61_seg4_s5;11;Full|3|Sg|Past|Ind;Seit Donnerstag mittag kam es auf den Nord- Süd-Transitachsen praktisch ununterbrochen zu Staus , wie den Verkehrsmeldungen des Touringclubs der Schweiz zu entnehmen war .;prozess;frequenziellPROZ;done;;frei;+;+;nd;nd;nd;nd;nd;nd;nd;nd;nd;nd;nd;nd;nd;nd;nd;nd;nd;nd;nd;nd
187;VVFIN;ADJD;gehören;5;NZZ_1997_04_11_a201_seg2_s5;12;Full|3|Sg|Pres|Ind;Der 56jährige Journalist Widmer gehört der Sportredaktion des Ringier-Blattes seit 1963 ununterbrochen an .;prozess;frequenziellPROZ;done;;frei;+;+;nd;nd;nd;nd;nd;nd;nd;nd;nd;nd;nd;nd;nd;nd;nd;nd;nd;nd;nd;nd
188;VVFIN;ADJD;schneien;7;NZZ_1996_04_04_a51_seg4_s3;12;Full|3|Sg|Pres|Ind;Vor allem im Osten des Landes schneit es seit Dienstag fast ununterbrochen .;prozess;frequenziellPROZ;done;;frei;+;+;nd;nd;nd;nd;nd;nd;nd;nd;nd;nd;nd;nd;nd;nd;nd;nd;nd;nd;nd;nd
189;VVFIN;ADJD;stehen;23;NZZ_1997_11_24_a155_seg2_s14;19;Full|3|Pl|Pres|Ind;Keine Faser ihres Körpers zeigt bis zur Siegerehrung nach Mitternacht an , dass sie seit 13 Uhr fast ununterbrochen auf dem Parkett stehen .;prozess;frequenziellPROZ;done;;frei;+;+;nd;nd;nd;nd;nd;nd;nd;nd;nd;nd;nd;nd;nd;nd;nd;nd;nd;nd;nd;nd
190;VVFIN;ADJD;androhen;22;NZZ_1995_05_29_a84_seg9_s8;21;Full|2|Pl|Pres|Ind;Die drei Stunden , die der Film dauert , ergeben in der Tat , was uns A. mit erstickter Stimme ununterbrochen androht , « a long , long journey » - eine Reise der Erkenntnis ins Herz der Dunkelheit sind sie gewiss nicht .;prozess;frequenziellPROZ;done;;frei;+;+;nd;nd;nd;nd;nd;nd;nd;nd;nd;nd;nd;nd;nd;nd;nd;nd;nd;nd;nd;nd
191;VVINF;ADJD;mißachten;41;NZZ_1995_10_03_a189_seg13_s1;40;Full|-2;Wer Gewalt sät , ist nicht Christoph Blocher , sondern Parteien wie CVP , FDP und SP , die in den wichtigsten Fragen zur Zukunft unseres Landes den in Abstimmungen wiederholt geäusserten Volkswillen zur Erhaltung von Neutralität und Souveränität ununterbrochen missachten und am liebsten via EU-Beitritt die für sie so lästigen Volksrechte massiv einschränken möchten .;prozess;frequenziellPROZ;done;;frei;+;+;nd;nd;nd;nd;nd;nd;nd;nd;nd;nd;nd;nd;nd;nd;nd;nd;nd;nd;nd;nd
192;VVFIN;ADJD;machen;4;NZZ_1994_03_10_a224_seg8_s10;20;Full|3|Sg|Pres|Ind;"Die ständige Banditenpräsenz macht ihr heute ebenso wie den Kindern und Jugendlichen zu schaffen ; in Spannungszeiten reden alle ununterbrochen , rennen selbst dann ans Fenster , wenn das Geräusch draussen kein Schuss war .";prozess;frequenziellPROZ;done;;frei;+;+;nd;nd;nd;nd;nd;nd;nd;nd;nd;nd;nd;nd;nd;nd;nd;nd;nd;nd;nd;nd
193;VVFIN;ADJD;gehen;7;NZZ_1994_05_14_a219_seg4_s44;8;Full|3|Sg|Pres|Ind;Ein Herr in auffallend gutem Anzug geht ununterbrochen auf und ab , spricht und diskutiert angeregt mit einem nicht vorhandenen Begleiter und schreit diesen nach immer gleich vielen Schritten an , er werde sich nie auf der Strasse ausstrecken .;prozess;frequenziellPROZ;done;;frei;+;+;nd;nd;nd;nd;nd;nd;nd;nd;nd;nd;nd;nd;nd;nd;nd;nd;nd;nd;nd;nd
194;VVPP;ADJD;vertreten;29;NZZ_1997_09_17_a133_seg5_s1;26;Full|Psp;Stadtparteipräsidentin Andrea Widmer Graf wies zu Beginn der von zahlreichen Journalisten verfolgten Versammlung darauf hin , dass der Landesring der Unabhängigen zwischen 1949 und 1990 ununterbrochen im Stadtrat vertreten war und die Partei diese Tradition wieder aufleben lassen wolle .;prozess;frequenziellPROZ;done;;frei;+;+;nd;nd;nd;nd;nd;nd;nd;nd;nd;nd;nd;nd;nd;nd;nd;nd;nd;nd;nd;nd
195;VVFIN;ADJD;regnen;3;NZZ_1995_12_22_a153_seg3_s20;8;Full|3|Sg|Past|Ind;In Durban regnete es am vierten Tag ununterbrochen .;prozess;frequenziellPROZ;done;;frei;+;+;nd;nd;nd;nd;nd;nd;nd;nd;nd;nd;nd;nd;nd;nd;nd;nd;nd;nd;nd;nd
196;VVFIN;ADJD;aufweisen;21;NZZ_1996_10_10_a66_seg3_s1;14;Full|3|Sg|Pres|Ind;nz. Tokio , 9. Oktober Am Tatbestand , dass der japanische Leistungsbilanzüberschuss nunmehr ununterbrochen seit 21 Monaten eine rückläufige Tendenz aufweist , hat sich auch im August nichts geändert .;prozess;frequenziellPROZ;done;;frei;+;+;nd;nd;nd;nd;nd;nd;nd;nd;nd;nd;nd;nd;nd;nd;nd;nd;nd;nd;nd;nd
197;VVFIN;ADJD;befinden;39;NZZ_1995_06_26_a23_seg4_s10;35;Full|3|Sg|Pres|Ind;Die Rückkehr des « ewigen Zweiten » war schon deshalb stark bezweifelt worden , weil von frankophoner Seite begehrliche Augen auf das Aussenressort geworfen wurden , das sich bereits seit mehr als zwei Jahrzehnten ununterbrochen in flämischer Hand befindet .;prozess;frequenziellPROZ;done;;frei;+;+;nd;nd;nd;nd;nd;nd;nd;nd;nd;nd;nd;nd;nd;nd;nd;nd;nd;nd;nd;nd
198;VVFIN;ADJD;starten;8;NZZ_1995_05_20_a7_seg3_s11;9;Full|3|Pl|Past|Ind;Von den zwei Flughäfen der Hauptstadt Grosny starteten ununterbrochen russische Helikopter in Richtung Süden .;prozess;frequenziellPROZ;done;;frei;+;+;nd;nd;nd;nd;nd;nd;nd;nd;nd;nd;nd;nd;nd;nd;nd;nd;nd;nd;nd;nd
199;VVFIN;ADJD;fallen;33;NZZ_1996_12_07_a62_seg14_s9;41;Full|3|Sg|Past|Ind;"Nach kurzer Beruhigung steuerten stürmische Nordwestwinde ( 180 km/h auf dem Jungfraujoch ) feucht-kühle Meeresluft gegen die Alpen ; während die zunächst intensiven Schneefälle in den Niederungen wieder in Regen übergingen , fiel in den Bergen fast zwei Tage lang ununterbrochen Schnee , wobei vor allem das Zentralalpengebiet sowie Teile Graubündens und des Wallis betroffen waren ( Neuschneesumme 115 cm auf dem Gütsch ob Andermatt ) , womit eine erhebliche Schneebrettgefahr entstand .";prozess;frequenziellPROZ;done;;frei;+;+;nd;nd;nd;nd;nd;nd;nd;nd;nd;nd;nd;nd;nd;nd;nd;nd;nd;nd;nd;nd
200;VVPP;ADJD;bilden;17;NZZ_1999_04_29_a19_seg4_s3;14;Full|Psp;Das Spektrum rechts der Mitte , das in den letzten 40 Jahren fast ununterbrochen die Regierungen gebildet hatte , ist zusammengebrochen .;prozess;frequenziellPROZ;done;;frei;+;+;nd;nd;nd;nd;nd;nd;nd;nd;nd;nd;nd;nd;nd;nd;nd;nd;nd;nd;nd;nd
