﻿Interne-ID;Function-Head;Funktion-Hit;Head;ID-Head;ID-NZZ;ID-Token;Meta-Kopf;sentence;Oberkategorie;Unterkategorie;Status;Kommentar;externe Funktion;prozess;pFREQ;AuW;pure;agent;method;degree;proposition;KONJ;FRAME;SADV;extern;KAUS;TEMP;FREQ;BU;LOC;intern;INST;KOM;SH;iLOC
1;VMINF;ADV;müssen;26;NZZ_1999_07_12_a136_seg6_s8;21;Mod|-2;Über den zehnten Titelgewinn seiner Karriere freut sich der Mann aus Lerida schon deshalb, weil er wegen Rückenbeschwerden einmal beinahe seine Laufbahn hätte beenden müssen .;prozess;Gradadverbial;done;;frei;+;nd;+;nd;nd;nd;+;nd;nd;nd;nd;nd;nd;nd;nd;nd;nd;nd;nd;nd;nd;nd
2;VMFIN;ADV;müssen;11;NZZ_1996_07_05_a206_seg4_s1;12;Mod|3|Sg|Past|Subj;Wer das Meldeergebnis für das Swiss Stamp Open analysiert, müsste beinahe zu folgender Deutung kommen : Die Sammlerschaft hat geradezu auf die Offene Klasse gewartet .;prozess;Gradadverbial;done;;frei;+;nd;+;nd;nd;nd;+;nd;nd;nd;nd;nd;nd;nd;nd;nd;nd;nd;nd;nd;nd;nd
3;VVFIN;ADV;wecken;7;NZZ_1996_02_08_a158_seg2_s8;10;Full|3|Sg|Pres|Ind;Doch mehr Interesse als dieser Verlauf weckt das schon beinahe erotische Verhältnis zwischen der Singstimme, die sich in die Resonanzen des Begleitinstruments einschmiegt, und dem Klavier, das ob dieser Offensive seine perkussive Natur hinter sich lässt .;nd;nd;not of interest;ModADJ;;nd;nd;nd;nd;nd;nd;nd;nd;nd;nd;nd;nd;nd;nd;nd;nd;nd;nd;nd;nd;nd;nd
4;VVFIN;ADV;bloßstellen;11;NZZ_1996_05_13_a149_seg4_s3;10;Full|3|Sg|Past|Ind;Ein überlegener Max Biaggi, der die gesamte Konkurrenz beinahe blossstellte, prägte das 250er-Rennen .;prozess;Gradadverbial;done;;frei;+;nd;+;nd;nd;nd;+;nd;nd;nd;nd;nd;nd;nd;nd;nd;nd;nd;nd;nd;nd;nd
5;VVFIN;ADV;nehmen;3;NZZ_1995_05_10_a132_seg3_s18;9;Full|3|Sg|Past|Ind;Hans-Ulrich Jost nahm sich, überraschend, schon beinahe als ein weise wagender Vermittler aus zwischen der das behördliche Erklärungsbild noch einmal beschreibenden Position des Altdivisionärs und den immer wieder an ihre radikalen Thesen sich festklammernden jüngeren Historikern .;prozess;Gradadverbial;done;;frei;+;nd;+;nd;nd;nd;+;nd;nd;nd;nd;nd;nd;nd;nd;nd;nd;nd;nd;nd;nd;nd
6;VVFIN;ADV;tun;3;NZZ_1997_06_18_a156_seg7_s15;5;Full|3|Pl|Past|Ind;Immer wieder taten sich beinahe unglaublich anmutende Lücken auf .;nd;nd;not of interest;ModADJ;;nd;nd;nd;nd;nd;nd;nd;nd;nd;nd;nd;nd;nd;nd;nd;nd;nd;nd;nd;nd;nd;nd
7;VAFIN;ADV;haben;2;NZZ_1997_06_23_a133_seg9_s14;4;Haben|3|Sg|Pres|Ind;beispielsweise hat sich beinahe unbemerkt vor den lange gehätschelten Teamleader Francesco Casagrande geschlichen .;nd;nd;not of interest;ModADJ;;nd;nd;nd;nd;nd;nd;nd;nd;nd;nd;nd;nd;nd;nd;nd;nd;nd;nd;nd;nd;nd;nd
8;VVFIN;ADV;schwappen;5;NZZ_1999_03_27_a256_seg3_s13;6;Full|3|Sg|Pres|Ind;Die Begeisterungswelle in Chur schwappt beinahe über : für das erste Spiel sind an die 4000 Karten abgesetzt worden .;prozess;Gradadverbial;done;;frei;+;nd;+;nd;nd;nd;+;nd;nd;nd;nd;nd;nd;nd;nd;nd;nd;nd;nd;nd;nd;nd
9;VVPP;ADV;verdoppeln;32;NZZ_1995_03_25_a91_seg7_s11;31;Full|Psp;Die Autokonzerne sehen auch kein ernsthaftes Hindernis im Umstand, dass sich die durchschnittlichen Autopreise nach Angaben des Handelsministeriums in Washington in den letzten Jahren auf rund 20 000 $ beinahe verdoppelt haben sollen .;prozess;Gradadverbial;done;;frei;+;nd;+;nd;nd;nd;+;nd;nd;nd;nd;nd;nd;nd;nd;nd;nd;nd;nd;nd;nd;nd
10;VVINF;ADV;stürzen;23;NZZ_1995_05_24_a177_seg3_s3;18;Full|-2;Zwei Einzelzeitfahren sowie einige coupierte Abschnitte und eine einzige Bergankunft haben genügt, um die zweitgrösste Landesrundfahrt beinahe in die Lethargie zu stürzen .;prozess;Gradadverbial;done;;frei;+;nd;+;nd;nd;nd;+;nd;nd;nd;nd;nd;nd;nd;nd;nd;nd;nd;nd;nd;nd;nd
11;VVPP;ADV;erreichen;10;NZZ_1993_12_09_a170_seg3_s3;7;Full|Psp;Vor 2 Jahren hatte der Gewinn beinahe die Milliardengrenze erreicht .;prozess;Gradadverbial;done;;frei;+;nd;+;nd;nd;nd;+;nd;nd;nd;nd;nd;nd;nd;nd;nd;nd;nd;nd;nd;nd;nd
12;VVPP;ADV;kosten;27;NZZ_1997_02_11_a8_seg4_s6;24;Full|Psp;Der Regierungschef wird in nächster Zeit alle Hände voll damit zu tun haben, die politischen Folgen eines Immobilienskandals, der ihm nun beinahe das Amt gekostet hätte, weiter einzudämmen .;prozess;Gradadverbial;done;;frei;+;nd;+;nd;nd;nd;+;nd;nd;nd;nd;nd;nd;nd;nd;nd;nd;nd;nd;nd;nd;nd
13;VVFIN;ADV;entstehen;12;NZZ_1995_03_09_a181_seg4_s5;11;Full|3|Sg|Pres|Ind;"In Teilen Ihrer Aufzeichnungen wird fast eine Ferienlandschaft lebendig ; beinahe entsteht das Bild der « Tessiner Sonnenstube » .";prozess;Gradadverbial;done;;frei;+;nd;+;nd;nd;nd;+;nd;nd;nd;nd;nd;nd;nd;nd;nd;nd;nd;nd;nd;nd;nd
14;VVPP;ADV;abschließen;8;NZZ_1999_03_13_a98_seg1_s5;7;Full|Psp;"Die erste Runde der Umfrage sei beinahe abgeschlossen ; Ergebnisse würden noch in diesem Frühjahr vorliegen .";nd;nd;not of interest;ModPräd;;nd;nd;nd;nd;nd;nd;nd;nd;nd;nd;nd;nd;nd;nd;nd;nd;nd;nd;nd;nd;nd;nd
15;VVFIN;ADV;dominieren;5;NZZ_1996_10_03_a172_seg3_s9;10;Full|3|Sg|Pres|Ind;Selbst nach limitiertem Trainingsaufwand dominiert die Rechtshänderin ihre Gegnerinnen beinahe nach Belieben .;nd;nd;not of interest;ModPP;;nd;nd;nd;nd;nd;nd;nd;nd;nd;nd;nd;nd;nd;nd;nd;nd;nd;nd;nd;nd;nd;nd
16;VVPP;ADV;springen;12;NZZ_1994_12_09_a103_seg24_s6;8;Full|Psp;Dreher ( fps., Zürich ) wäre beinahe über seinen Schatten gesprungen und der grünen Minderheit Baumann beigetreten, ist nun aber heilfroh über die goldene Brücke, die Loeb mit seinem Antrag gebaut hat .;prozess;Gradadverbial;done;;frei;+;nd;+;nd;nd;nd;+;nd;nd;nd;nd;nd;nd;nd;nd;nd;nd;nd;nd;nd;nd;nd
17;VVFIN;ADV;gehen;3;NZZ_1995_04_15_a36_seg10_s13;8;Full|3|Pl|Past|Ind;Die Butterimporte gingen im letzten Jahr jedoch beinahe um tausend Tonnen zurück .;prozess;Gradadverbial;done;;frei;+;nd;+;nd;nd;nd;+;nd;nd;nd;nd;nd;nd;nd;nd;nd;nd;nd;nd;nd;nd;nd
18;VVPP;ADV;ersticken;16;NZZ_1996_03_04_a125_seg4_s4;15;Full|Psp;Nach der erfolgreichen Beendigung einer Serie, die von den üblichen taktischen Fesseln Luganos beinahe erstickt worden war, trat Kloten am Samstag gegen einen Gegner, der ein deutlich offeneres, offensiveres und attraktiveres Spiel zulässt, wie befreit auf und räumte allfällige Zweifel schon in den ersten Minuten aus .;prozess;Gradadverbial;done;;frei;+;nd;+;nd;nd;nd;+;nd;nd;nd;nd;nd;nd;nd;nd;nd;nd;nd;nd;nd;nd;nd
19;VVPP;ADV;abschließen;20;NZZ_1998_06_18_a73_seg2_s1;19;Full|Psp;( Reuters ) Die Verhandlungen über den Verkauf der UBS-Tochter Banca delle Svizzera Italiana ( BSI ) sind beinahe abgeschlossen, wie Rodolfo Bogni, designierter Chef des Private-Banking-Bereichs der neuen UBS, in einem Interview erklärte .;nd;nd;not of interest;ModPräd;;nd;nd;nd;nd;nd;nd;nd;nd;nd;nd;nd;nd;nd;nd;nd;nd;nd;nd;nd;nd;nd;nd
20;VVPP;ADV;kommen;32;NZZ_1996_04_29_a4_seg3_s4;28;Full|Psp;Allerdings unterstrich der türkische Aussenminister die Notwendigkeit einer Klärung des Status einer Reihe unbewohnter Eilande und Felsenriffe wie jener von Imia, um die es Ende Januar beinahe zu kriegerischen Verwicklungen gekommen war .;prozess;Gradadverbial;done;;frei;+;nd;+;nd;nd;nd;+;nd;nd;nd;nd;nd;nd;nd;nd;nd;nd;nd;nd;nd;nd;nd
21;VVFIN;ADV;manövrieren;2;NZZ_1998_10_09_a147_seg3_s6;11;Full|3|Sg|Past|Ind;Damals manövrierte der diabolische Ray Milland eine opferlammbrave Grace Kelly beinahe an den Galgen, indem er, wie alle Figuren des Films, vor allem viel redete .;prozess;Gradadverbial;done;;frei;+;nd;+;nd;nd;nd;+;nd;nd;nd;nd;nd;nd;nd;nd;nd;nd;nd;nd;nd;nd;nd
22;VVFIN;ADV;eintragen;15;NZZ_1999_03_20_a267_seg5_s6;12;Full|3|Sg|Pres|Ind;"So erstellt er eine Statistik über sexuelle Aufklärung, die ihm beinahe den Schulverweis einträgt ; und er verfertigt eine Sammlung von Märchenmotiven, die er auf chinesische, plattdeutsche und arabische Märchen auszudehnen plant .";prozess;Gradadverbial;done;;frei;+;nd;+;nd;nd;nd;+;nd;nd;nd;nd;nd;nd;nd;nd;nd;nd;nd;nd;nd;nd;nd
23;VVPP;ADV;tabuisieren;17;NZZ_1997_08_08_a33_seg7_s6;16;Full|Psp;Während in der Schweiz das militärische Operations Research - der eigentliche Ursprung des Fachgebietes - beinahe tabuisiert wird, ist dies im übrigen Europa wie auch in Nordamerika nicht der Fall .;prozess;Gradadverbial;done;;frei;+;nd;+;nd;nd;nd;+;nd;nd;nd;nd;nd;nd;nd;nd;nd;nd;nd;nd;nd;nd;nd
24;VVPP;ADV;leisten;14;NZZ_1999_07_26_a148_seg3_s23;5;Full|Psp;Goalie Pascolo hätte dabei beinahe eine neuerliche Vorarbeit für einen « Sonntagsschuss » geleistet : Wie schon in St. Gallen produzierte er unter Bedrängnis ein unkontrolliertes Abspiel, doch Vurens schoss aus ähnlicher Distanz wie Müller am letzten Sonntag den Ball über das leere Tor .;prozess;Gradadverbial;done;;frei;+;nd;+;nd;nd;nd;+;nd;nd;nd;nd;nd;nd;nd;nd;nd;nd;nd;nd;nd;nd;nd
25;VVFIN;ADV;genügen;4;NZZ_1993_12_08_a111_seg3_s9;3;Full|3|Sg|Past|Ind;Dass dies beinahe genügte, eine Verlängerung zu erzwingen, spricht nicht für die Tagesform der Zürcher, in deren Equipe, abgesehen von den jungen Backs Klöti und Kout, kaum ein Spieler positiv hervorstach .;prozess;Gradadverbial;done;;frei;+;nd;+;nd;nd;nd;+;nd;nd;nd;nd;nd;nd;nd;nd;nd;nd;nd;nd;nd;nd;nd
26;VVFIN;ADV;aufbrechen;40;NZZ_1999_04_06_a120_seg3_s4;39;Full|3|Sg|Pres|Ind;Doch werden in der transparenten Klanglichkeit auch strukturelle Elemente ins Blickfeld gerückt : So wird in der vierten Sonata eine kontrapunktische Stelle so gestaltet, dass jede der vier Stimmen rhythmisch zwar eigenständig wirkt und den Tonsatz solcherart beinahe aufbricht, zugleich aber in einem klanglichen Ganzen aufgeht .;prozess;Gradadverbial;done;;frei;+;nd;+;nd;nd;nd;+;nd;nd;nd;nd;nd;nd;nd;nd;nd;nd;nd;nd;nd;nd;nd
27;VVFIN;ADV;verbrennen;11;NZZ_1999_07_16_a156_seg2_s6;10;Full|3|Sg|Past|Ind;1893 ging das Gemälde nach Antwerpen, wo es beinahe verbrannte, 1896 war es an der Landesausstellung in Genf zu sehen .;prozess;Gradadverbial;done;;frei;+;nd;+;nd;nd;nd;+;nd;nd;nd;nd;nd;nd;nd;nd;nd;nd;nd;nd;nd;nd;nd
28;VVFIN;ADV;geraten;4;NZZ_1995_11_20_a126_seg9_s4;6;Full|3|Pl|Past|Ind;Die ruhmvollen Huldigungen gerieten schliesslich beinahe zur Leerformel .;prozess;Gradadverbial;done;;frei;+;nd;+;nd;nd;nd;+;nd;nd;nd;nd;nd;nd;nd;nd;nd;nd;nd;nd;nd;nd;nd
29;VVFIN;ADV;überfahren;31;NZZ_1998_09_12_a120_seg3_s1;30;Full|3|Sg|Pres|Ind;Katzenhaft in einem schlüpfrigen Salamandergelb zwischen Hecke und Asphalt : nicht einmal ins Gesicht habe ich ihm gesehen, dem rad- fahrenden Jungen, der mich an der Kurve beinahe überfährt .;prozess;Gradadverbial;done;;frei;+;nd;+;nd;nd;nd;+;nd;nd;nd;nd;nd;nd;nd;nd;nd;nd;nd;nd;nd;nd;nd
30;VVPP;ADV;geraten|raten;7;NZZ_1997_02_27_a193_seg8_s7;4;Full|Psp;Nachdem das Spiel beinahe in Vergessenheit geraten war, hat man es 1982 aus der Versenkung geholt .;prozess;Gradadverbial;done;;frei;+;nd;+;nd;nd;nd;+;nd;nd;nd;nd;nd;nd;nd;nd;nd;nd;nd;nd;nd;nd;nd
31;VVFIN;ADV;bessern;15;NZZ_1994_02_05_a108_seg5_s1;18;Full|3|Sg|Past|Ind;Ein vom 52jährigen ehemaligen Swissair-Mitarbeiter René Schärer im Dezember 1992 initiiertes Projekt zur Fischvermarktung besserte die Situation beinahe über Nacht .;nd;nd;not of interest;ModPP;;nd;nd;nd;nd;nd;nd;nd;nd;nd;nd;nd;nd;nd;nd;nd;nd;nd;nd;nd;nd;nd;nd
32;VVPP;ADV;verbieten;7;NZZ_1996_08_12_a92_seg4_s8;6;Full|Psp;Noch 1994 wäre der Umzug beinahe verboten worden, weil er zu gross, zu laut sei und zudem « nur einen unwesentlichen Teil der Bevölkerung » interessiere .;prozess;Gradadverbial;done;;frei;+;nd;+;nd;nd;nd;+;nd;nd;nd;nd;nd;nd;nd;nd;nd;nd;nd;nd;nd;nd;nd
33;VVFIN;ADV;würgen;11;NZZ_1997_11_11_a110_seg6_s13;14;Full|3|Sg|Past|Subj;Dann arbeitete sie sich vor, schaufelte sich frei, würgte die Worte beinahe heraus, liess sich in ein kindliches Lispeln zurückfallen, um Anlauf zu holen, bevor sie in die Höhe schoss wie ein Pfeil und die Stimme wie ein Feuerwerk herabregnen liess .;prozess;Gradadverbial;done;;frei;+;nd;+;nd;nd;nd;+;nd;nd;nd;nd;nd;nd;nd;nd;nd;nd;nd;nd;nd;nd;nd
34;VVINF;ADV;hinnehmen;12;NZZ_1995_12_11_a121_seg3_s17;9;Full|-2;In den turbulenten Schlussminuten hätte Lausanne allerdings auch beinahe einen Gegentreffer hinnehmen müssen, doch der Referee unterliess den fälligen Penaltypfiff, als ein Neuenburger regelwidrig vom Ball getrennt wurde .;prozess;Gradadverbial;done;;frei;+;nd;+;nd;nd;nd;+;nd;nd;nd;nd;nd;nd;nd;nd;nd;nd;nd;nd;nd;nd;nd
35;VVPP;ADV;gelingen;5;NZZ_1999_03_18_a151_seg3_s3;2;Full|Psp;Und beinahe wäre es gelungen, aus einer liebeskranken Göre eine Femme fatale zu machen .;prozess;Gradadverbial;done;;frei;+;nd;+;nd;nd;nd;+;nd;nd;nd;nd;nd;nd;nd;nd;nd;nd;nd;nd;nd;nd;nd
36;VVPP;ADV;vergessen;16;NZZ_1998_02_24_a19_seg2_s11;15;Full|Psp;Ob des Feilschens um den bedingungslosen Zugang für Uno-Inspektoren zu sämtlichen sogenannten Präsidentenpalästen ging beinahe vergessen, dass die zweifellos noch vorhandenen Arsenale an biologischen und chemischen Waffen in dem 444 000 Quadratkilometer grossen Land auch an andern Standorten gelagert werden können .;prozess;Gradadverbial;done;;frei;+;nd;+;nd;nd;nd;+;nd;nd;nd;nd;nd;nd;nd;nd;nd;nd;nd;nd;nd;nd;nd
37;VVPP;ADV;verdoppeln;24;NZZ_1997_11_19_a99_seg3_s3;23;Full|Psp;"Das operative Ergebnis ( Ebit ) wurde gemäss Angaben des Unternehmens im Periodenvergleich auf 32 ( i. V. 21 ) Mrd. S beinahe verdoppelt ; der Konzernumsatz ( ohne Mineralölsteuer ) stieg in diesem Zeitraum um 10% auf 59 Mrd. S .";prozess;Gradadverbial;done;;frei;+;nd;+;nd;nd;nd;+;nd;nd;nd;nd;nd;nd;nd;nd;nd;nd;nd;nd;nd;nd;nd
38;VVINF;ADV;ausweisen;32;NZZ_1994_05_21_a112_seg25_s5;28;Full|-2;Auch wenn hier die Zahlen etwas bescheidener ausfielen - 8 Millionen bei einem wertmässigen Rückgang von 18 Prozent -, konnte das Haus am 17. Mai doch beinahe eine dreistellige Zuwachsrate ausweisen .;prozess;Gradadverbial;done;;frei;+;nd;+;nd;nd;nd;+;nd;nd;nd;nd;nd;nd;nd;nd;nd;nd;nd;nd;nd;nd;nd
39;VVPP;ADV;auflösen;12;NZZ_1994_08_13_a102_seg29_s7;11;Full|Psp;Über Europa hat sich der alte Wirbel bei gleichzeitiger Spaltung beinahe aufgelöst .;prozess;Gradadverbial;done;;frei;+;nd;+;nd;nd;nd;+;nd;nd;nd;nd;nd;nd;nd;nd;nd;nd;nd;nd;nd;nd;nd
40;VVFIN;ADV;kommen;10;NZZ_1994_10_19_a131_seg4_s13;15;Full|3|Sg|Past|Ind;Bei der Einfahrt von der Nordstrasse in die Rosengartenstrasse kam es in der Folge beinahe zu einer Kollision mit einem unbeteiligten, in Richtung Bucheggplatz fahrenden Personenwagen .;prozess;Gradadverbial;done;;frei;+;nd;+;nd;nd;nd;+;nd;nd;nd;nd;nd;nd;nd;nd;nd;nd;nd;nd;nd;nd;nd
41;VVFIN;ADV;vergessen;15;NZZ_1995_03_27_a46_seg4_s4;14;Full|Psp;"Das Heiligtum in Cheiry ist liquidiert, was damals spekuliert wurde, schon beinahe vergessen ; die Medien haben andere Themen gefunden .";nd;nd;not of interest;ModPräd;;nd;nd;nd;nd;nd;nd;nd;nd;nd;nd;nd;nd;nd;nd;nd;nd;nd;nd;nd;nd;nd;nd
42;VVPP;ADV;verdoppeln;26;NZZ_1994_10_29_a26_seg10_s4;25;Full|Psp;Die Kriminalität, eine Hauptsorge der Wähler, ist während ihrer vierjährigen Amtszeit statistisch um zehn Prozent zurückgegangen, die Zahl der Gefängnisplätze wurde beinahe verdoppelt, und jene der vollzogenen Todesstrafen ging ebenfalls in die Höhe - das alles ist in Texas durchaus geeignet, Stimmen einzubringen .;prozess;Gradadverbial;done;;frei;+;nd;+;nd;nd;nd;+;nd;nd;nd;nd;nd;nd;nd;nd;nd;nd;nd;nd;nd;nd;nd
43;VVPP;ADV;erdrücken;21;NZZ_1997_01_24_a27_seg7_s1;19;Full|Psp;Als erster ans Rednerpult getreten, das von der übergabebereiten F/A-18 mit der Immatrikulation J-5232 in der Montagehalle beinahe « erdrückt » wurde, war als Gastgeber Werner Glanzmann, Direktor der Schweizerischen Unternehmung für Flugzeuge und Systeme .;prozess;Gradadverbial;done;;frei;+;nd;+;nd;nd;nd;+;nd;nd;nd;nd;nd;nd;nd;nd;nd;nd;nd;nd;nd;nd;nd
44;VVPP;ADV;abbrechen;26;NZZ_1997_08_11_a17_seg4_s11;23;Full|Psp;Zum Positiven der Mission Alba gehört auch, dass sie nicht ins Unendliche fortgesetzt, sondern einen Monat nach den Wahlen ( beinahe ) abmachungsgemäss abgebrochen wird .;nd;nd;not of interest;ModADV;;nd;nd;nd;nd;nd;nd;nd;nd;nd;nd;nd;nd;nd;nd;nd;nd;nd;nd;nd;nd;nd;nd
45;VVFIN;ADV;erinnern;10;NZZ_1997_02_13_a180_seg10_s5;11;Full|3|Sg|Pres|Ind;Der eng geschlossene Kern der ehemaligen Winzer- und Fischersiedlung erinnert beinahe ans Tessin .;prozess;Gradadverbial;done;;frei;+;nd;+;nd;nd;nd;+;nd;nd;nd;nd;nd;nd;nd;nd;nd;nd;nd;nd;nd;nd;nd
46;VVINF;ADV;fühlen;14;NZZ_1997_05_09_a228_seg3_s7;12;Full|-2;Wie auf dem offenen Ozean könnte man sich während der Fahrt beinahe auch fühlen, wenn ringsum die Küstenlinien hinter dem Horizont verschwimmen .;prozess;Gradadverbial;done;;frei;+;nd;+;nd;nd;nd;+;nd;nd;nd;nd;nd;nd;nd;nd;nd;nd;nd;nd;nd;nd;nd
47;VVINF;ADV;verdoppeln;17;NZZ_1998_04_29_a88_seg3_s2;16;Full|-2;"( dpa ) Die Österreichische Nationalbank hat den Gewinn 1997 im Vergleich mit dem Vorjahr beinahe verdoppeln können ; das geschäftliche Ergebnis war mit 2 Mrd. um 8 Mrd. S höher ausgefallen als 1996, berichtete Notenbankpräsident Klaus Liebscher .";prozess;Gradadverbial;done;;frei;+;nd;+;nd;nd;nd;+;nd;nd;nd;nd;nd;nd;nd;nd;nd;nd;nd;nd;nd;nd;nd
48;VVFIN;ADV;sehen;26;NZZ_1995_02_23_a115_seg3_s17;28;Full|3|Sg|Pres|Ind;"Aber das Verhalten der Leser entscheidet darüber, ob der Transfer von Literatur einem qualitativen Auswahlverfahren folgt und wie er ihm folgt ; und da sieht es beinahe so aus, als wäre es um die Nachfrage besser bestellt als um die Aufbereitung des Angebots .";prozess;Gradadverbial;done;;frei;+;nd;+;nd;nd;nd;+;nd;nd;nd;nd;nd;nd;nd;nd;nd;nd;nd;nd;nd;nd;nd
49;VVPP;ADV;bekommen;27;NZZ_1998_09_14_a105_seg9_s41;25;Full|Psp;Aber dann sehen wir diesen kleinen Mann, der so gern loswerden möchte, dass er fast ein Widerstandskämpfer war und dass er deshalb beinahe Schwierigkeiten bekommen hätte .;prozess;Gradadverbial;done;;frei;+;nd;+;nd;nd;nd;+;nd;nd;nd;nd;nd;nd;nd;nd;nd;nd;nd;nd;nd;nd;nd
50;VVFIN;ADV;stehen;2;NZZ_1998_01_23_a5_seg17_s2;3;Full|3|Sg|Pres|Ind;Praktisch steht beinahe fest, dass sie sich an die Leitkurse des EWS halten werden .;prozess;Gradadverbial;done;;frei;+;nd;+;nd;nd;nd;+;nd;nd;nd;nd;nd;nd;nd;nd;nd;nd;nd;nd;nd;nd;nd
51;VAFIN;ADV;haben;18;NZZ_1999_09_23_a243_seg6_s5;16;Haben|3|Sg|Pres|Ind;Die Aussicht vom Balkon am Rande der gigantischen Halle ist so atemraubend, dass man beinahe Mühe hat, den Blick nach unten auf den Tisch zu richten .;prozess;Gradadverbial;done;;frei;+;nd;+;nd;nd;nd;+;nd;nd;nd;nd;nd;nd;nd;nd;nd;nd;nd;nd;nd;nd;nd
52;VVFIN;ADV;machen;4;NZZ_1998_07_02_a214_seg4_s5;10;Full|3|Pl|Past|Ind;Die zehn Verbliebenen machten das Handicap mit heroischem Engagement beinahe wett, doch als unwiderruflich die Minuten der Wahrheit gekommen waren, wurden sie doch wieder der Rolle gerecht, die ihnen im Weltfussball seit geraumer Zeit vorbehalten zu sein scheint : jener des aufrechten Verlierers, der mindestens gleichwertig war, aber in der Penalty-Lotterie halt etwas unglücklicher .;prozess;Gradadverbial;done;;frei;+;nd;+;nd;nd;nd;+;nd;nd;nd;nd;nd;nd;nd;nd;nd;nd;nd;nd;nd;nd;nd
53;VVINF;ADV;auswirken;20;NZZ_1999_10_05_a50_seg14_s8;17;Full|-2;Bei der direkten Bundessteuer haben wir in der Tat eine Progression, die sich im Mittelfeld beinahe als Reichtumssteuer auswirken kann .;prozess;Gradadverbial;done;;frei;+;nd;+;nd;nd;nd;+;nd;nd;nd;nd;nd;nd;nd;nd;nd;nd;nd;nd;nd;nd;nd
54;VVPP;ADV;finden;6;NZZ_1994_12_08_a112_seg4_s2;5;Full|Psp;Da hätten sich zwei beinahe gefunden .;prozess;Gradadverbial;done;;frei;+;nd;+;nd;nd;nd;+;nd;nd;nd;nd;nd;nd;nd;nd;nd;nd;nd;nd;nd;nd;nd
55;VVPP;ADV;verschlucken;24;NZZ_1994_03_30_a22_seg2_s7;23;Full|Psp;Ironie der Geschichte : Segni, der das neue Wahlrecht mit seiner Referendumsbewegung durchgesetzt hatte, ist von « seiner Schöpfung » beinahe verschluckt worden .;prozess;Gradadverbial;done;;frei;+;nd;+;nd;nd;nd;+;nd;nd;nd;nd;nd;nd;nd;nd;nd;nd;nd;nd;nd;nd;nd
56;VVINF;ADV;halten;17;NZZ_1997_04_11_a98_seg4_s7;15;Full|-2;Das Segment der Isolier- und Beschichtungsanlagen vermochte dank dem relativ stabilen Erneuerungsmarkt das Vorjahresniveau beinahe zu halten .;prozess;Gradadverbial;done;;frei;+;nd;+;nd;nd;nd;+;nd;nd;nd;nd;nd;nd;nd;nd;nd;nd;nd;nd;nd;nd;nd
57;VAFIN;ADV;haben;3;NZZ_1996_05_23_a132_seg4_s10;4;Haben|3|Sg|Pres|Ind;Der Mann hat beinahe recht .;prozess;Gradadverbial;done;;frei;+;nd;+;nd;nd;nd;+;nd;nd;nd;nd;nd;nd;nd;nd;nd;nd;nd;nd;nd;nd;nd
58;VVPP;ADV;aussterben;13;NZZ_1997_04_09_a187_seg12_s5;12;Full|Psp;Der Wanderfalke ist in der Folge in Europa und den USA beinahe ausgestorben .;prozess;Gradadverbial;done;;frei;+;nd;+;nd;nd;nd;+;nd;nd;nd;nd;nd;nd;nd;nd;nd;nd;nd;nd;nd;nd;nd
59;VMFIN;ADV;können;33;NZZ_1996_07_31_a35_seg6_s2;29;Mod|3|Sg|Pres|Ind;Für den französischen Landesteil steht hingegen eine derartige Palette von Bezeichnungen - Welschland, französische oder welsche Schweiz, Romandie, Westschweiz - zur Verfügung, dass es beinahe nicht anders sein kann, als dass es heikel wird .;nd;nd;not of interest;ModPräd;;nd;nd;nd;nd;nd;nd;nd;nd;nd;nd;nd;nd;nd;nd;nd;nd;nd;nd;nd;nd;nd;nd
60;VVPP;ADV;verpassen;13;NZZ_1995_05_17_a17_seg4_s3;12;Full|Psp;Er hat das Rendez-vous mit der Geschichte gesucht und es dann beinahe verpasst .;prozess;Gradadverbial;done;;frei;+;nd;+;nd;nd;nd;+;nd;nd;nd;nd;nd;nd;nd;nd;nd;nd;nd;nd;nd;nd;nd
61;VVPP;ADV;ausrotten;45;NZZ_1998_11_07_a202_seg2_s9;44;Full|Psp;Besonders bemerkenswert ( und hier gemeldet ) sind die erfolgreiche Zucht der Hyazinth-Aras, einer vom Aussterben bedrohten Papageienart aus Brasilien, sowie die zwölf Jungen bei den Turopolje-Schweinen, einer Haustierrasse, die im Krieg entlang des Sava-Flusses in Slowenien und Kroatien beinahe ausgerottet wurde .;prozess;Gradadverbial;done;;frei;+;nd;+;nd;nd;nd;+;nd;nd;nd;nd;nd;nd;nd;nd;nd;nd;nd;nd;nd;nd;nd
62;VVFIN;ADV;quellen;2;NZZ_1994_04_02_a221_seg5_s2;19;Full|3|Pl|Past|Ind;Tagtäglich quollen Sportseiten und TV-Nachrichten mit dem Allerneusten von der im warmen Frühlingswetter Floridas und Arizonas abgehaltenen Saisonvorbereitung beinahe über, machten Gerüchte die Runde, wurden Zitate dramatisiert und Hochrechnungen angestellt .;prozess;Gradadverbial;done;;frei;+;nd;+;nd;nd;nd;+;nd;nd;nd;nd;nd;nd;nd;nd;nd;nd;nd;nd;nd;nd;nd
63;VVPP;ADV;vergessen;19;NZZ_1995_11_13_a129_seg5_s1;18;Full|Psp;Tignes, 12. November Ob all der Diskussionen um die Misere der Schweizer Abfahrer und Slalomspezialisten ist beinahe vergessen worden, dass es auch unter den SSV-Herren noch hervorragende Skifahrer gibt .;prozess;Gradadverbial;done;;frei;+;nd;+;nd;nd;nd;+;nd;nd;nd;nd;nd;nd;nd;nd;nd;nd;nd;nd;nd;nd;nd
64;VVFIN;ADV;münden;20;NZZ_1994_03_15_a137_seg3_s21;16;Full|3|Sg|Past|Ind;In den sechs Hofheimer Jahren durchlief Nay eine gedrängte Entwicklung, die zum Ende hin beinahe in eine Sackgasse mündete .;prozess;Gradadverbial;done;;frei;+;nd;+;nd;nd;nd;+;nd;nd;nd;nd;nd;nd;nd;nd;nd;nd;nd;nd;nd;nd;nd
65;VVFIN;ADV;sehen;2;NZZ_1993_08_23_a121_seg3_s9;7;Full|3|Sg|Past|Ind;Er sah sich durch dieses Missgeschick beinahe noch von Chiappucci überholt, der sich im Gegensatz zu Fondriest umsonst bemüht hatte, die Spitzengruppe einzuholen .;prozess;Gradadverbial;done;;frei;+;nd;+;nd;nd;nd;+;nd;nd;nd;nd;nd;nd;nd;nd;nd;nd;nd;nd;nd;nd;nd
66;VVPP;ADV;verpassen;13;NZZ_1994_09_08_a151_seg1_s3;5;Full|Psp;Pat LaFontaine, der beinahe die gesamte letzte Saison wegen einer Verletzung verpasst hatte, unterschrieb mit den Buffalo Sabres einen Fünfjahrevertrag, der mit 5 Millionen Dollar dotiert ist .;nd;nd;not of interest;ModNP;;nd;nd;nd;nd;nd;nd;nd;nd;nd;nd;nd;nd;nd;nd;nd;nd;nd;nd;nd;nd;nd;nd
67;VVINF;ADV;ausführen;23;NZZ_1994_02_26_a17_seg2_s2;19;Full|-2;Gut 27 Jahre nach seiner ersten Gebäudeverpackung, jener der Kunsthalle in Bern, kann Christo nun ein beinahe gleich altes Projekt ausführen, das sich inzwischen von der künstlerischen Bedeutung und der politischen Geschichte her selbst überlebt hat .;nd;nd;not of interest;ModADJ;;nd;nd;nd;nd;nd;nd;nd;nd;nd;nd;nd;nd;nd;nd;nd;nd;nd;nd;nd;nd;nd;nd
68;VVFIN;ADV;zeigen;3;NZZ_1995_11_07_a25_seg8_s4;5;Full|3|Pl|Pres|Ind;Die Probleme zeigen sich beinahe in allen Bereichen, wie Erziehung, Sprache, Kultur usw. Kommunikationsschwierigkeiten müssen behoben und Stellen geschaffen werden, welche sich mit diesen Problemen befassen .;prozess;Gradadverbial;done;;frei;+;nd;+;nd;nd;nd;+;nd;nd;nd;nd;nd;nd;nd;nd;nd;nd;nd;nd;nd;nd;nd
69;VVPP;ADV;ersticken;22;NZZ_1998_06_26_a170_seg5_s7;21;Full|Psp;Dabei hat er das Mädchen zunächst mit dem Ellbogen und anschliessend mit beiden Händen stark gewürgt, so dass es beinahe erstickt wäre .;prozess;Gradadverbial;done;;frei;+;nd;+;nd;nd;nd;+;nd;nd;nd;nd;nd;nd;nd;nd;nd;nd;nd;nd;nd;nd;nd
70;VVPP;ADV;schaffen;35;NZZ_1999_04_17_a216_seg10_s3;31;Full|Psp;In diesem Glauben ist der 21jährige Habanero nicht allein : Mesa, Captain der « Industriales », war vor einigen Jahren erklärtes Ziel von Talentsuchern der Profiligen, und beinahe hätten sie es geschafft, ihn zum Absprung zu verlocken .;prozess;Gradadverbial;done;;frei;+;nd;+;nd;nd;nd;+;nd;nd;nd;nd;nd;nd;nd;nd;nd;nd;nd;nd;nd;nd;nd
71;VVPP;ADV;aufbrauchen|aufgebrauchen;8;NZZ_1995_06_03_a229_seg7_s19;7;Full|Psp;Ich habe die alte Büchse schon beinahe aufgebraucht . »;prozess;Gradadverbial;done;;frei;+;nd;+;nd;nd;nd;+;nd;nd;nd;nd;nd;nd;nd;nd;nd;nd;nd;nd;nd;nd;nd
72;VVFIN;ADV;verdoppeln;18;NZZ_1997_03_26_a80_seg8_s5;20;Full|3|Sg|Past|Ind;Die konsolidierten Gesamteinnahmen stiegen auf 4 ( 7 ) Mio. Fr., und der ausgewiesene Cash flow verdoppelte sich beinahe .;prozess;Gradadverbial;done;;frei;+;nd;+;nd;nd;nd;+;nd;nd;nd;nd;nd;nd;nd;nd;nd;nd;nd;nd;nd;nd;nd
73;VVPP;ADV;verdoppeln;14;NZZ_1993_02_17_a181_seg5_s4;13;Full|Psp;Beim Heroin hat sich die Menge von 6 kg auf 9 kg beinahe verdoppelt .;prozess;Gradadverbial;done;;frei;+;nd;+;nd;nd;nd;+;nd;nd;nd;nd;nd;nd;nd;nd;nd;nd;nd;nd;nd;nd;nd
74;VVPP;ADV;wettmachen;19;NZZ_1996_03_23_a171_seg3_s13;18;Full|Psp;Nicht alle Darbietungen verliefen fehlerfrei, doch wurden mangelndes Können und unsichere Handgriffe durch Charme und Humor beinahe wettgemacht .;prozess;Gradadverbial;done;;frei;+;nd;+;nd;nd;nd;+;nd;nd;nd;nd;nd;nd;nd;nd;nd;nd;nd;nd;nd;nd;nd
75;VVPP;ADV;erschöpfen;48;NZZ_1995_09_20_a85_seg2_s3;47;Full|Psp;Aus Quellen des Aussenhandelsministeriums verlautete dazu, dass Kuba jedes Jahr allein 1 Mrd. $ für Ölimporte und 400 Mio. $ für den Import von Grundnahrungsmitteln ausgibt, womit sich die gesamte Importkapazität des Landes, die bei nur mehr rund 7 Mrd. $ liegt, beinahe erschöpft .;prozess;Gradadverbial;done;;frei;+;nd;+;nd;nd;nd;+;nd;nd;nd;nd;nd;nd;nd;nd;nd;nd;nd;nd;nd;nd;nd
76;VVPP;ADV;verhaften;14;NZZ_1996_07_13_a178_seg3_s21;13;Full|Psp;Tschechische Kanuten, die sich hier auf die Spiele vorbereiteten, wären beinahe verhaftet worden .;prozess;Gradadverbial;done;;frei;+;nd;+;nd;nd;nd;+;nd;nd;nd;nd;nd;nd;nd;nd;nd;nd;nd;nd;nd;nd;nd
77;VVPP;ADV;verdoppeln;30;NZZ_1995_03_07_a89_seg21_s1;29;Full|Psp;Dank einer Tariferhöhung zu Beginn des vergangenen Geschäftsjahres hat die Nordostschweizerische Kraftwerk AG ( NOK ) den Gewinn trotz stagnierendem Stromverbrauch in ihrem Versorgungsgebiet mit 5 Mio. Fr. beinahe verdoppelt .;prozess;Gradadverbial;done;;frei;+;nd;+;nd;nd;nd;+;nd;nd;nd;nd;nd;nd;nd;nd;nd;nd;nd;nd;nd;nd;nd
78;VVFIN;ADV;mutieren;4;NZZ_1998_06_08_a195_seg4_s17;5;Full|3|Sg|Past|Ind;Der dritte Satz mutierte beinahe zur Formsache, ehe Moya aus den Händen des Fussballstars Pelé den Pokal im Empfang nehmen durfte .;prozess;Gradadverbial;done;;frei;+;nd;+;nd;nd;nd;+;nd;nd;nd;nd;nd;nd;nd;nd;nd;nd;nd;nd;nd;nd;nd
79;VVPP;ADV;verleihen;21;NZZ_1999_07_19_a135_seg3_s6;18;Full|Psp;Die Slowaken, die in der Runde zuvor immerhin Titelhalter Schweden eliminiert hatten, hätten dem Vergleich beinahe eine Wende verliehen, indem Kucera und Hrbaty zuerst ein klarer Dreisatz-Erfolg im Doppel gegen Kafelnikow und Olchowski gelang, dann später Kucera Kafelnikow problemlos kontrollierte .;prozess;Gradadverbial;done;;frei;+;nd;+;nd;nd;nd;+;nd;nd;nd;nd;nd;nd;nd;nd;nd;nd;nd;nd;nd;nd;nd
80;VVPP;ADV;vergessen;41;NZZ_1999_12_29_a3_seg6_s10;40;Full|Psp;Im weiteren verlief alles gemäss dem vorgegebenen Drehbuch : Der Ministerpräsident äusserte den « Wunsch », der Kongress möge Schoigu als Chef der « Einheit » bestätigen, was die Delegierten dann auch einmütig taten, nachdem man beinahe vergessen hätte, sie darüber abstimmen zu lassen .;prozess;Gradadverbial;done;;frei;+;nd;+;nd;nd;nd;+;nd;nd;nd;nd;nd;nd;nd;nd;nd;nd;nd;nd;nd;nd;nd
81;VVINF;ADV;deuten;15;NZZ_1998_07_09_a103_seg7_s15;3;Full|3|Pl|Pres|Ind;Oder doch beinahe : die endlosen Schlangen vor dem spanischen und dem deutschen Quartier deuten an, woher die grössten Kontingente ausländischer Besucher stammen .;nd;nd;not of interest;unvollständiger Satz;;nd;nd;nd;nd;nd;nd;nd;nd;nd;nd;nd;nd;nd;nd;nd;nd;nd;nd;nd;nd;nd;nd
82;VVPP;ADV;lynchen;36;NZZ_1998_08_26_a27_seg11_s3;35;Full|Psp;Die Stimmung hat sich seit der Zeit kurz nach dem Pariser Friedensvertrag von 1991 entscheidend verändert, als aus dem Dschungel zurückkehrende Exponenten der Roten Khmer wie beispielsweise Khieu Samphan von einem aufgebrachten Mob beinahe gelyncht wurden .;prozess;Gradadverbial;done;;frei;+;nd;+;nd;nd;nd;+;nd;nd;nd;nd;nd;nd;nd;nd;nd;nd;nd;nd;nd;nd;nd
83;VVINF;ADV;überfließen;36;NZZ_1997_10_15_a124_seg3_s9;35;Full|-2;Die Beschränkung auf drei Hauptmotive ( oder Erzählstränge ) des Romans bedeutet noch lange nicht, dass der auf - nur - neunzig Minuten Spieldauer bemessene Film nicht doch am Stoff und dessen Darstellung beinahe überfliessen würde .;prozess;Gradadverbial;done;;frei;+;nd;+;nd;nd;nd;+;nd;nd;nd;nd;nd;nd;nd;nd;nd;nd;nd;nd;nd;nd;nd
84;VVPP;ADV;verdoppeln;29;NZZ_1995_03_07_a105_seg4_s1;28;Full|Psp;Dank einer 12%igen Tariferhöhung zu Beginn des vergangenen Geschäftsjahres haben die Nordostschweizerischen Kraftwerke AG ( NOK ) - trotz stagnierendem Stromverbrauch in ihrem Versorgungsgebiet - den Gewinn beinahe verdoppelt .;prozess;Gradadverbial;done;;frei;+;nd;+;nd;nd;nd;+;nd;nd;nd;nd;nd;nd;nd;nd;nd;nd;nd;nd;nd;nd;nd
85;VVINF;ADV;verdoppeln;16;NZZ_1994_03_31_a23_seg5_s4;15;Full|-2;Die RP konnte ihren Stimmenanteil von 7 Prozent im Jahr 1989 auf 7 Prozent beinahe verdoppeln .;prozess;Gradadverbial;done;;frei;+;nd;+;nd;nd;nd;+;nd;nd;nd;nd;nd;nd;nd;nd;nd;nd;nd;nd;nd;nd;nd
86;VVFIN;ADV;retten;17;NZZ_1997_04_19_a206_seg10_s1;20;Full|3|Sg|Past|Ind;"« Guy de Maupassant, grosser Ruderer, leidenschaftlicher Segler ; einmal, am Meer, rettete er Swinburne beinahe das Leben, Swinburne liebte das Meer über alles, konnte aber sehr viel besser dichten als schwimmen ; über seine Mama geriet Maupassant dann an Flaubert, er lernte bei Flaubert Turgenjew kennen ; einen grossen Bewunderer hatte er in Henry James, nicht nur seiner Prosa wegen, sondern auch wegen seiner Manieren, seiner Affären, seines Adels ; und mit dem Ausdruck absoluter Bewunderung, schreibt Ford Maddox Ford ( ein Romancier, eine Klatschbase ), habe James ihm erzählt, wie Maupassant ihm, James, einmal die Tür geöffnet habe : nämlich mit einer herrlichen Frau am Arm, die nichts getragen habe als eine Maske . »";prozess;Gradadverbial;done;;frei;+;nd;+;nd;nd;nd;+;nd;nd;nd;nd;nd;nd;nd;nd;nd;nd;nd;nd;nd;nd;nd
87;VVPP;ADV;erzielen;30;NZZ_1997_12_23_a19_seg4_s2;27;Full|Psp;Prag, 22. Dezember Der 44jährige ehemalige Generalstaatsanwalt Arturas Paulauskas ist in der ersten Runde der litauischen Präsidentenwahlen am Sonntag seiner Favoritenrolle gerecht geworden und hätte beinahe einen Überraschungscoup erzielt .;prozess;Gradadverbial;done;;frei;+;nd;+;nd;nd;nd;+;nd;nd;nd;nd;nd;nd;nd;nd;nd;nd;nd;nd;nd;nd;nd
88;VVPP;ADV;produzieren;12;NZZ_1995_02_27_a140_seg6_s15;9;Full|Psp;In einem Loch im Mittelteil hätte der Italiener beinahe einen Vorwärtssalto produziert, konnte sich aber geschickt retten .;prozess;Gradadverbial;done;;frei;+;nd;+;nd;nd;nd;+;nd;nd;nd;nd;nd;nd;nd;nd;nd;nd;nd;nd;nd;nd;nd
89;VVFIN;ADV;sehen;25;NZZ_1999_08_30_a136_seg3_s11;27;Full|3|Sg|Past|Ind;"38.- ) verbanden sich grüne Curry-Paste, rote Chili, Kokosnussmilch, Kaffirzitronenblätter und süsses Basilikum zu einer Sauce von vollendetem Aroma ; da sah man beinahe darüber hinweg, dass die Hühnerbruststücke zu trocken geraten waren .";prozess;Gradadverbial;done;;frei;+;nd;+;nd;nd;nd;+;nd;nd;nd;nd;nd;nd;nd;nd;nd;nd;nd;nd;nd;nd;nd
90;VVPP;ADV;fallen|gefallen;39;NZZ_1999_12_14_a189_seg7_s11;36;Full|Psp;Als diese seiner mehrmals geäusserten Forderung nicht nachkam, riss der Angeklagte plötzlich an der Reitgerte der Geschädigten, die sie in der linken Hand gehalten hatte, und zwar so stark, dass sie beinahe vom Pferd gefallen wäre .;prozess;Gradadverbial;done;;frei;+;nd;+;nd;nd;nd;+;nd;nd;nd;nd;nd;nd;nd;nd;nd;nd;nd;nd;nd;nd;nd
91;VVPP;ADV;ertrinken;3;NZZ_1994_06_28_a129_seg2_s1;2;Full|Psp;Einbrecher beinahe ertrunken;nd;nd;not of interest;title;;nd;nd;nd;nd;nd;nd;nd;nd;nd;nd;nd;nd;nd;nd;nd;nd;nd;nd;nd;nd;nd;nd
92;VVPP;ADV;zerstören;28;NZZ_1998_08_05_a25_seg4_s1;26;Full|Psp;Zu Beginn des ersten Golfkriegs geriet die strategisch bedeutende iranische Hafenstadt Khorramshahr für anderthalb Jahre unter irakische Besetzung und wurde im Laufe ihrer Rückeroberung 1982 beinahe völlig zerstört .;nd;nd;not of interest;ModADV;;nd;nd;nd;nd;nd;nd;nd;nd;nd;nd;nd;nd;nd;nd;nd;nd;nd;nd;nd;nd;nd;nd
93;VVPP;ADV;erwischen;29;NZZ_1998_06_16_a224_seg3_s7;24;Full|Psp;Mit etwas Glück hätten die Maghrebiner sogar schon nach vier Minuten in Führung gehen können, nachdem ein abgelenkter Ball Souayahs Keeper Seaman beinahe auf dem falschen Fuss erwischt hatte .;prozess;Gradadverbial;done;;frei;+;nd;+;nd;nd;nd;+;nd;nd;nd;nd;nd;nd;nd;nd;nd;nd;nd;nd;nd;nd;nd
94;VVPP;ADV;lösen;12;NZZ_1999_11_23_a176_seg3_s4;11;Full|Psp;Grönemeyer läuft zur Höchstform auf und wirkt für kurze Zeit beinahe gelöst .;nd;nd;not of interest;ModPräd;;nd;nd;nd;nd;nd;nd;nd;nd;nd;nd;nd;nd;nd;nd;nd;nd;nd;nd;nd;nd;nd;nd
95;VVINF;ADV;bersten;51;NZZ_1999_03_06_a241_seg8_s1;50;Full|3|Pl|Pres|Ind;"Und doch gelingt es der kraftvollen und mitreissenden Sprache, sie lebendig werden zu lassen ; vielleicht liegt dies auch an dem ironischen Dreh, mit dem Fuentes immer wieder Klischees - vom Latin Lover über die blonde Gringa bis zu kosmetisch operierten High-Society-Damen - aufbläst, bis sie beinahe bersten .";prozess;Gradadverbial;done;;frei;+;nd;+;nd;nd;nd;+;nd;nd;nd;nd;nd;nd;nd;nd;nd;nd;nd;nd;nd;nd;nd
96;VVINF;ADV;stacheln;25;NZZ_1994_06_06_a114_seg3_s6;18;Full|-2;Von den rund 600 Metern, welche die Aktiven und die Senioren/Veteranen zu bewältigen hatten, waren beinahe die Hälfte gegen den Strom zu stacheln - die Kampfrichter registrierten denn auch mehr Disqualifikationen als üblich .;nd;nd;not of interest;ModNumeral;;nd;nd;nd;nd;nd;nd;nd;nd;nd;nd;nd;nd;nd;nd;nd;nd;nd;nd;nd;nd;nd;nd
97;VVFIN;ADV;überschlagen;13;NZZ_1994_11_14_a105_seg6_s4;15;Full|3|Sg|Past|Ind;Der Wagen Schumachers stieg über das linke Vorderrad des Williams hoch, überschlug sich beinahe und landete in einem Reifenstapel .;prozess;Gradadverbial;done;;frei;+;nd;+;nd;nd;nd;+;nd;nd;nd;nd;nd;nd;nd;nd;nd;nd;nd;nd;nd;nd;nd
98;VVFIN;ADV;bieten;3;NZZ_1995_02_14_a166_seg7_s5;8;Full|3|Sg|Pres|Ind;Im Fahrbetrieb bietet der stärkste C-Klasse- Diesel beinahe die gleichen ( guten ) Fahrleistungen wie das schwächste Benzinmodell C 180 ( 122 PS ) : Für die Beschleunigung aus dem Stand auf 100 km/h benötigt er 8 s, und auch die Höchstgeschwindigkeit von 190 km/h darf sich sehen lassen .;nd;nd;not of interest;ModNP;;nd;nd;nd;nd;nd;nd;nd;nd;nd;nd;nd;nd;nd;nd;nd;nd;nd;nd;nd;nd;nd;nd
99;VVFIN;ADV;bewegen;26;NZZ_1996_02_13_a120_seg3_s12;28;Full|3|Pl|Pres|Ind;"Was er dabei zu sehen bekommt und was ihn auf vertrackte Weise gefangennimmt, sind zwei Lebensentwürfe im faschistischen Italien : die beiden jüdischen Verwandten bewegen sich beinahe traumtänzerisch durchs Leben ; der eine, ein Zahlengenie, als Angestellter mit komplizierter Liebe, der andere als Bonvivant .";nd;nd;not of interest;ModADV;;nd;nd;nd;nd;nd;nd;nd;nd;nd;nd;nd;nd;nd;nd;nd;nd;nd;nd;nd;nd;nd;nd
100;VVPP;ADV;verdoppeln;28;NZZ_1997_01_22_a71_seg3_s2;27;Full|Psp;Dank guten Resultaten der Tochtergesellschaften Salomon Brothers ( Investment-Bank ) und Phibro ( Rohwarenhandel ) konnte der Konzerngewinn von 457 Mio. $ auf 907 Mio. $ beinahe verdoppelt werden .;prozess;Gradadverbial;done;;frei;+;nd;+;nd;nd;nd;+;nd;nd;nd;nd;nd;nd;nd;nd;nd;nd;nd;nd;nd;nd;nd
101;VVFIN;ADV;geben;20;NZZ_1996_09_09_a111_seg2_s13;26;Full|3|Sg|Past|Ind;Der St. Galler Adrian Oetiker griff seinerseits mit bewundernswert sicherer pianistischer Technik auf Brahms ' zweites Klavierkonzert zu, gab ihm mit starker Agogik etwas beinahe Romantisierendes .;nd;nd;not of interest;ModNP;;nd;nd;nd;nd;nd;nd;nd;nd;nd;nd;nd;nd;nd;nd;nd;nd;nd;nd;nd;nd;nd;nd
102;VVFIN;ADV;aussehen;7;NZZ_1998_07_11_a254_seg7_s11;6;Full|3|Sg|Pres|Ind;Eine tiefblaue Graphik, die beinahe aussieht wie die Lichtkurve eines der flimmernd aufgehenden Sterne ...;prozess;Gradadverbial;done;;frei;+;nd;+;nd;nd;nd;+;nd;nd;nd;nd;nd;nd;nd;nd;nd;nd;nd;nd;nd;nd;nd
103;VVPP;ADV;fixieren;48;NZZ_1997_05_30_a126_seg2_s4;44;Full|3|Sg|Pres|Ind;"Sie personifizieren wichtige Götter, sind Exponenten oder Sinnbilder verschiedenster Religionen oder Kulturen : die heilige Theresa, in der ekstatischen Pose einer vom Pfeil des Heiligen Geistes Getroffenen ; die Jungfrau Maria mit keusch niedergeschlagenem Blick ; der tanzende Shiva, der beinahe obsessiv einen Lichtkreis fixiert ; der ( aztekische ) Jaguar-Krieger mit seinen bleckenden Zähnen und knochigem Körperchen ; der ( neuguineanische ) Ureinwohner, der mit einer ungewohnten Pose, geblähten Backen und starrem Blick beeindruckt, und eine Geisha, die in einer Mischung von Verführung und Bescheidenheit den Blick abwendet .";nd;nd;not of interest;ModADV;;nd;nd;nd;nd;nd;nd;nd;nd;nd;nd;nd;nd;nd;nd;nd;nd;nd;nd;nd;nd;nd;nd
104;VVPP;ADV;wegwischen;24;NZZ_1999_09_06_a154_seg3_s13;23;Full|Psp;Doch den beiden Kontrahenten im Schlussgang hätte sie lauter in den Ohren klingen müssen, dann wäre der gute Eindruck nicht noch beinahe weggewischt worden .;prozess;Gradadverbial;done;;frei;+;nd;+;nd;nd;nd;+;nd;nd;nd;nd;nd;nd;nd;nd;nd;nd;nd;nd;nd;nd;nd
105;VVFIN;ADV;gehen;5;NZZ_1997_07_29_a148_seg4_s16;7;Full|3|Pl|Past|Ind;Die Worte des Gesamtsiegers gingen allerdings beinahe im Gekreische von Mädchen unter, die Kartontafeln mit Sprüchen wie « Jan ist Spitze » oder « Jan, ich liebe dich » hochhielten .;prozess;Gradadverbial;done;;frei;+;nd;+;nd;nd;nd;+;nd;nd;nd;nd;nd;nd;nd;nd;nd;nd;nd;nd;nd;nd;nd
106;VVFIN;ADV;daherkommen;39;NZZ_1997_02_27_a132_seg3_s2;35;Full|3|Sg|Pres|Ind;Nach einer ( künstlerisch gescheiterten ) CD des populären Gitarristen John Scofield an der « spanischen Gitarre » liegt nun auch von seinem nicht weniger erfolgreichen Kollegen Pat Metheny eine Aufnahme vor, die beinahe « unplugged » daherkommt .;nd;nd;not of interest;ModADV;;nd;nd;nd;nd;nd;nd;nd;nd;nd;nd;nd;nd;nd;nd;nd;nd;nd;nd;nd;nd;nd;nd
107;VVFIN;ADV;gewinnen;2;NZZ_1997_12_29_a135_seg5_s18;6;Full|3|Sg|Past|Ind;Er gewann mit seinen Vierbeinern beinahe alles, was es zu gewinnen gab, bereitete der Königin von England und den arabischen Scheichs manche bittere Niederlage .;nd;nd;not of interest;ModPron;;nd;nd;nd;nd;nd;nd;nd;nd;nd;nd;nd;nd;nd;nd;nd;nd;nd;nd;nd;nd;nd;nd
108;VVPP;ADV;brauchen|gebrauchen;40;NZZ_1993_02_11_a37_seg2_s20;39;Full|Psp;"Da verstummt die Genese ; die kritischen Herausgeber werden brotlos, denn es gibt keine früheren Fassungen, keine Lesarten mehr ; und die Übersetzer erfahren nicht mehr, welches Wort der Verfasser an der und der Stelle beinahe gebraucht hätte - was oft ein Licht auf den Sinn des Wortes wirft, das er statt dessen gewählt hat .";prozess;Gradadverbial;done;;frei;+;nd;+;nd;nd;nd;+;nd;nd;nd;nd;nd;nd;nd;nd;nd;nd;nd;nd;nd;nd;nd
109;VVFIN;ADV;lassen;5;NZZ_1993_08_28_a193_seg2_s22;7;Full|3|Sg|Pres|Ind;Eine ganz besondere Entdeckung lässt sich beinahe am Ende der Ausstellung machen : Zum erstenmal öffentlich gezeigt wird ein Entwurf für ein sowjetisches Passagierschiff, ein Auftrag, den van de Velde im Zuge der ausführlich dargestellten Inneneinrichtung für das Schiff « Prince Baudouin » erhielt, der aber nie realisiert wurde .;nd;nd;not of interest;ModPP;;nd;nd;nd;nd;nd;nd;nd;nd;nd;nd;nd;nd;nd;nd;nd;nd;nd;nd;nd;nd;nd;nd
110;VVFIN;ADV;klingen;46;NZZ_1999_07_30_a26_seg30_s14;47;Full|3|Sg|Pres|Ind;Ihr Kultusministerium sammelte bei Verbänden bereits Unterschriften für die « Bildungsoffensive » und verschickte eine Erklärung, die in den Schlusssatz mündet : « Die Unterzeichnenden rufen dazu auf, den Schulfrieden nicht mit zermürbenden und feindseligen Auseinandersetzungen um ein Volksbegehren zu gefährden » - klingt beinahe wie ein Schriftsatz aus dem Verteidigungsministerium .;prozess;Gradadverbial;done;;frei;+;nd;+;nd;nd;nd;+;nd;nd;nd;nd;nd;nd;nd;nd;nd;nd;nd;nd;nd;nd;nd
111;VVPP;ADV;umbringen;17;NZZ_1996_03_15_a12_seg3_s5;16;Full|Psp;Padilla und neun anderen Offizieren wird vorgeworfen, 1982 sechs Studenten entführt, gefoltert und beinahe umgebracht zu haben .;prozess;Gradadverbial;done;;frei;+;nd;+;nd;nd;nd;+;nd;nd;nd;nd;nd;nd;nd;nd;nd;nd;nd;nd;nd;nd;nd
112;VVPP;ADV;bestätigen;14;NZZ_1998_06_04_a215_seg4_s5;13;Full|Psp;1991, an einem Augustsamstag, hätten sich meine Vorurteile aufs erste beinahe bestätigt : Mittags, in der grössten Hitze, ist das Vermietungsbüro der Ferienwohnungsagentur geschlossen .;prozess;Gradadverbial;done;;frei;+;nd;+;nd;nd;nd;+;nd;nd;nd;nd;nd;nd;nd;nd;nd;nd;nd;nd;nd;nd;nd
113;VAFIN;ADV;haben;3;NZZ_1998_12_28_a39_seg9_s4;4;Haben|3|Pl|Pres|Ind;Die Promotoren haben beinahe freie Hand, denn die Bundesgesetzgebung zur künstlichen Beschneiung ist rudimentär .;prozess;Gradadverbial;done;;frei;+;nd;+;nd;nd;nd;+;nd;nd;nd;nd;nd;nd;nd;nd;nd;nd;nd;nd;nd;nd;nd
114;VVFIN;ADV;verstehen;2;NZZ_1997_08_22_a37_seg3_s2;4;Full|3|Sg|Pres|Ind;Es versteht sich beinahe von selbst, dass in einem derart weit abgesteckten Feld viele Fragen nur angetippt, nicht aber in der nötigen Breite und Tiefe debattiert werden konnten .;nd;nd;not of interest;ModPP;;nd;nd;nd;nd;nd;nd;nd;nd;nd;nd;nd;nd;nd;nd;nd;nd;nd;nd;nd;nd;nd;nd
115;VVFIN;ADV;wähnen;18;NZZ_1999_01_30_a243_seg5_s4;17;Full|3|Sg|Pres|Ind;Freilich dürfte dieser im fernen Tirol, wo sich der Besucher angesichts der vielen architektonischen Epigonen beinahe wähnt, weit mehr interessieren als in Colorado selber .;prozess;Gradadverbial;done;;frei;+;nd;+;nd;nd;nd;+;nd;nd;nd;nd;nd;nd;nd;nd;nd;nd;nd;nd;nd;nd;nd
116;VAPP;ADV;haben;62;NZZ_1993_12_30_a102_seg7_s5;60;Haben|Psp;Das Bedürfnis, auch einmal mitzureden und mitzuzählen, der Drang, frei zu kommen von der Übermacht des andersgearteten Westens, sind nach wie vor so überragend, dass für die meisten Araber, auch der heutigen Zeit, vor allem zählt, dass dieser Mann aufstand, dass er einmal da war und mitredete, dass er beinahe Erfolg gehabt hätte, sogar wenn er am Ende doch nicht zum Durchbruch kam .;prozess;Gradadverbial;done;;frei;+;nd;+;nd;nd;nd;+;nd;nd;nd;nd;nd;nd;nd;nd;nd;nd;nd;nd;nd;nd;nd
117;VAFIN;ADV;haben;5;NZZ_1998_11_09_a94_seg3_s5;7;Haben|3|Sg|Past|Ind;Ach ja, sie hatte es beinahe vergessen .;prozess;Gradadverbial;done;;frei;+;nd;+;nd;nd;nd;+;nd;nd;nd;nd;nd;nd;nd;nd;nd;nd;nd;nd;nd;nd;nd
118;VVPP;ADV;schließen;28;NZZ_1998_02_03_a248_seg4_s6;27;Full|Psp;Dass die städtische Kulturförderung in den vergangenen Jahren unter dem Spardruck zu leiden hatte, steht ausser Zweifel : Subventionsbeiträge wurden gekürzt, das Theater Neumarkt beinahe geschlossen, die Juni-Festwochen abgeschafft .;prozess;Gradadverbial;done;;frei;+;nd;+;nd;nd;nd;+;nd;nd;nd;nd;nd;nd;nd;nd;nd;nd;nd;nd;nd;nd;nd
119;VVFIN;ADV;lösen;22;NZZ_1997_03_04_a153_seg2_s1;25;Full|3|Sg|Pres|Ind;Die verwaschenen Farben erinnern an Sommerlandschaften, die einfachen Strukturen lassen an Schottenmuster denken : In den Aquarellen von Callum Innes löst sich Malerei beinahe auf, im Verschwindenlassen der Farbe wird der Malprozess als komplexer Vorgang des Zeigens durch Zudecken zum Thema .;prozess;Gradadverbial;done;;frei;+;nd;+;nd;nd;nd;+;nd;nd;nd;nd;nd;nd;nd;nd;nd;nd;nd;nd;nd;nd;nd
120;VVFIN;ADV;artikulieren;36;NZZ_1996_12_06_a173_seg3_s4;37;Full|3|Pl|Pres|Ind;Und das Ganze nicht ohne Erfolg : die raffinierten und komplexen Arrangements von Bob Mintzer, welche die Band in ihren Anfängen alimentiert haben, wirken authentisch, die Sections fetzen kompakt und präzis, artikulieren beinahe wie die ( letztlich leider doch unerreichbaren ) Modelle .;prozess;Gradadverbial;done;;frei;+;nd;+;nd;nd;nd;+;nd;nd;nd;nd;nd;nd;nd;nd;nd;nd;nd;nd;nd;nd;nd
121;VVFIN;ADV;darob;27;NZZ_1998_12_24_a138_seg2_s3;28;Dem;Dass er nebenbei auch noch hervorragende Songs schrieb, die er im Duo Tyrannosaurus Rex, später mit dem Quartett T. Rex einspielte, vergisst man darob beinahe .;prozess;Gradadverbial;done;;frei;+;nd;+;nd;nd;nd;+;nd;nd;nd;nd;nd;nd;nd;nd;nd;nd;nd;nd;nd;nd;nd
122;VVFIN;ADV;verzehnfachen;2;NZZ_1999_02_11_a99_seg6_s2;4;Full|3|Sg|Past|Ind;Er verzehnfachte sich beinahe und schnellte im Berichtsjahr auf 37 Mrd. DM, nach 95 Mrd. DM 1997 .;prozess;Gradadverbial;done;;frei;+;nd;+;nd;nd;nd;+;nd;nd;nd;nd;nd;nd;nd;nd;nd;nd;nd;nd;nd;nd;nd
123;VVPP;ADV;übertönen;35;NZZ_1997_01_25_a213_seg8_s14;33;Full|Psp;Leider, möchte man sagen, leider ist Ernst Nowak ein Wiener, leider hat sich die neuere österreichische Literatur in sein Vorhaben gedrängt, und leider hat sie dieses intelligente Vorhaben beinahe ganz übertönt .;nd;nd;not of interest;ModADV;;nd;nd;nd;nd;nd;nd;nd;nd;nd;nd;nd;nd;nd;nd;nd;nd;nd;nd;nd;nd;nd;nd
124;VVFIN;ADV;gebrauchen;2;NZZ_1995_02_11_a196_seg11_s8;4;Full|3|Sg|Past|Ind;Er gebrauchte sie beinahe formelhaft und gelegentlich auch in populärer Version : « Das Schlimme erwarten und doch das Gute versuchen . »;nd;nd;not of interest;ModADV;;nd;nd;nd;nd;nd;nd;nd;nd;nd;nd;nd;nd;nd;nd;nd;nd;nd;nd;nd;nd;nd;nd
125;VVPP;ADV;halbieren;14;NZZ_1997_08_05_a70_seg7_s5;13;Full|Psp;Obwohl in den vergangenen Jahren ein erster Bereinigungsprozess die Zahl der Institute beinahe halbiert hat, leiden viele der heute tätigen Banken unter einer chronischen Unterkapitalisierung und unter umfangreichen risikobehafteten Kreditausständen .;prozess;Gradadverbial;done;;frei;+;nd;+;nd;nd;nd;+;nd;nd;nd;nd;nd;nd;nd;nd;nd;nd;nd;nd;nd;nd;nd
126;VVFIN;ADV;finden;17;NZZ_1998_03_03_a188_seg2_s2;19;Full|3|Sg|Past|Ind;Das zweiwöchige Trainingslager der für die WM in Frankreich qualifizierten ÖFB-Auswahl in der Nähe von Bordeaux fand hingegen beinahe unter Ausschluss der Öffentlichkeit statt .;nd;nd;not of interest;ModPP;;nd;nd;nd;nd;nd;nd;nd;nd;nd;nd;nd;nd;nd;nd;nd;nd;nd;nd;nd;nd;nd;nd
127;VVPP;ADV;besiegeln;12;NZZ_1996_02_27_a162_seg3_s11;6;Full|Psp;Seine erste Saison dort wäre beinahe mit der Schmach der Relegation besiegelt worden .;prozess;Gradadverbial;done;;frei;+;nd;+;nd;nd;nd;+;nd;nd;nd;nd;nd;nd;nd;nd;nd;nd;nd;nd;nd;nd;nd
128;VVPP;ADV;sinken;39;NZZ_1994_05_11_a39_seg3_s5;35;Full|Psp;Nächster Fixpunkt auf ihrem reichbefrachteten Reiseprogramm ist ein Besuch in der Schweiz, der nebst der Förderung des politischen Image auch dazu dienen soll, im Bereich des bilateralen Warenaustausches - er ist heute beinahe in die Bedeutungslosigkeit gesunken - den Anschluss an vergangene Zeiten wieder zu finden .;prozess;Gradadverbial;done;;frei;+;nd;+;nd;nd;nd;+;nd;nd;nd;nd;nd;nd;nd;nd;nd;nd;nd;nd;nd;nd;nd
129;VVFIN;ADV;verschwinden;13;NZZ_1998_07_27_a152_seg4_s2;12;Full|3|Pl|Pres|Ind;Und ohne dieses Weiss sind sie so unauffällig, dass sie beinahe verschwinden .;prozess;Gradadverbial;done;;frei;+;nd;+;nd;nd;nd;+;nd;nd;nd;nd;nd;nd;nd;nd;nd;nd;nd;nd;nd;nd;nd
130;VVINF;ADV;prügeln;21;NZZ_1996_05_17_a211_seg3_s24;18;Full|-2;Der geborene Algerier, der sonst fast nie die Fasson verliert, wollte sich kurz vor Schluss beinahe mit Sforza prügeln .;prozess;Gradadverbial;done;;frei;+;nd;+;nd;nd;nd;+;nd;nd;nd;nd;nd;nd;nd;nd;nd;nd;nd;nd;nd;nd;nd
131;VVFIN;ADV;wählen;6;NZZ_1997_03_05_a163_seg3_s4;17;Full|3|Pl|Past|Ind;Nach den Boxrunden von Bern wählten die Spieler, wohl im Zeichen des geschärften Bewusstseins, beinahe freiwillig jene Regeln, die eher im Basketball gelten .;nd;nd;not of interest;ModADJ;;nd;nd;nd;nd;nd;nd;nd;nd;nd;nd;nd;nd;nd;nd;nd;nd;nd;nd;nd;nd;nd;nd
132;VVINF;ADV;vergeben;15;NZZ_1996_12_09_a124_seg4_s13;9;Full|Psp;Auch in Vail hätte Götschl ihren Sieg noch beinahe mit einem Sturz im Zielhang vergeben .;prozess;Gradadverbial;done;;frei;+;nd;+;nd;nd;nd;+;nd;nd;nd;nd;nd;nd;nd;nd;nd;nd;nd;nd;nd;nd;nd
133;VVIMP;ADV;schmuggeln;11;NZZ_1994_03_05_a161_seg5_s5;12;Full|3|Sg|Pres|Ind;Desponds zaubert die Stimmungen, pfeift dazu, witzelt und schmuggelt beinahe unbemerkt einen rosaroten Panther in die Noten .;nd;nd;not of interest;ModADV;;nd;nd;nd;nd;nd;nd;nd;nd;nd;nd;nd;nd;nd;nd;nd;nd;nd;nd;nd;nd;nd;nd
134;VVPP;ADV;kollidieren;27;NZZ_1998_12_21_a135_seg4_s37;21;Full|Psp;Er war in der Abfahrt immerhin kurz nach dem gestürzten Franzosen Crétier ( vergleiche nebenstehende Fakten ) gestartet und dabei beinahe mit dem Teamarzt der Franzosen kollidiert .;prozess;Gradadverbial;done;;frei;+;nd;+;nd;nd;nd;+;nd;nd;nd;nd;nd;nd;nd;nd;nd;nd;nd;nd;nd;nd;nd
135;VVFIN;ADV;enden;5;NZZ_1999_09_09_a29_seg3_s35;7;Full|3|Sg|Past|Ind;Der Besuch im März endete dann beinahe mit einem Fiasko .;prozess;Gradadverbial;done;;frei;+;nd;+;nd;nd;nd;+;nd;nd;nd;nd;nd;nd;nd;nd;nd;nd;nd;nd;nd;nd;nd
136;VVPP;ADV;erreichen;82;NZZ_1994_11_08_a102_seg37_s8;81;Full|Psp;"Über den Alpen wehte gleichzeitig ab Freitag und vor allem am Samstag ein kräftiger Föhnsturm, der auf dem Gütsch ob Andermatt und auf dem Jungfraujoch Mittelwerte - nicht Böenspitzen - von rund 100 km/h erreichte und der, in die nordalpinen Täler absteigend, im Urner- und im Glarnerland sowie im Churer Rheintal bis zum Bodensee und in der Gegend von St. Gallen das Thermometer über die 20-Grad-Grenze hinauftrieb ; noch in Zürich, das von der warmen Strömung beinahe erreicht wurde, sind 16 Grad gemessen worden .";prozess;Gradadverbial;done;;frei;+;nd;+;nd;nd;nd;+;nd;nd;nd;nd;nd;nd;nd;nd;nd;nd;nd;nd;nd;nd;nd
137;VVFIN;ADV;halbieren;14;NZZ_1998_06_04_a94_seg3_s22;18;Full|3|Sg|Past|Ind;Der Konzernverlust belief sich auf 1 Mio. Fr. Als Folge der letztjährigen Wertberichtigungen halbierte sich das Eigenkapital beinahe auf noch 90 Mio. Fr. Der Verwaltungsrat, der sich an der letzten Generalversammlung teilweise erneuerte, hat sich laut den Angaben trotz dem schlechten Ergebnis ein Honorar von 47 000 Fr. pro Mitglied zurückstellen lassen .;prozess;Gradadverbial;done;;frei;+;nd;+;nd;nd;nd;+;nd;nd;nd;nd;nd;nd;nd;nd;nd;nd;nd;nd;nd;nd;nd
138;VVFIN;ADV;äußern;4;NZZ_1994_05_13_a3_seg6_s2;6;Full|3|Sg|Past|Ind;Bundespräsident von Weizsäcker äusserte sich beinahe hymnisch auf solche Weise, und der Kanzler erhob Russland sogar zum « wichtigsten Nachbarn » Deutschlands .;nd;nd;not of interest;ModADJ;;nd;nd;nd;nd;nd;nd;nd;nd;nd;nd;nd;nd;nd;nd;nd;nd;nd;nd;nd;nd;nd;nd
139;VVINF;ADV;schweben;27;NZZ_1995_01_07_a171_seg2_s7;25;Full|-2;Der Rekord liegt heute bei vier aufeinandergestapelten Blöcken, die sich meistens nur auf einer Fläche von wenigen Quadratmillimetern berühren und aus einiger Entfernung beinahe zu schweben scheinen .;nd;nd;not of interest;ModPräd;;nd;nd;nd;nd;nd;nd;nd;nd;nd;nd;nd;nd;nd;nd;nd;nd;nd;nd;nd;nd;nd;nd
140;VVPP;ADV;ausschöpfen;18;NZZ_1995_09_06_a106_seg3_s9;17;Full|Psp;Die Mittel des Fonds sind nach den Abflüssen zur Stützung von Cosmo, Kizu und Hyogo beinahe ausgeschöpft .;nd;nd;not of interest;ModPräd;;nd;nd;nd;nd;nd;nd;nd;nd;nd;nd;nd;nd;nd;nd;nd;nd;nd;nd;nd;nd;nd;nd
141;VVFIN;ADV;geben;23;NZZ_1996_08_19_a133_seg3_s9;25;Full|3|Sg|Past|Ind;Beim Versuch, für die letzten Meter den richtigen Gang aufzulegen, liess sich der Olympia-Dritte von seinem letzten Gegner überraschen und gab sich beinahe kampflos geschlagen .;nd;nd;not of interest;ModADJ;;nd;nd;nd;nd;nd;nd;nd;nd;nd;nd;nd;nd;nd;nd;nd;nd;nd;nd;nd;nd;nd;nd
142;VVPP;ADV;erreichen;27;NZZ_1999_04_15_a96_seg9_s5;26;Full|Psp;Diese Marke ist dank der Telekommunikation, die für sich einen Wert von über 21% verbucht, mit 1 ( i. V. 3 ) % beinahe erreicht worden .;prozess;Gradadverbial;done;;frei;+;nd;+;nd;nd;nd;+;nd;nd;nd;nd;nd;nd;nd;nd;nd;nd;nd;nd;nd;nd;nd
143;VVINF;ADV;umbringen;8;NZZ_1997_02_01_a227_seg8_s18;7;Full|-2;Später nämlich wird er diesen Bruder beinahe umbringen .;prozess;Gradadverbial;done;;frei;+;nd;+;nd;nd;nd;+;nd;nd;nd;nd;nd;nd;nd;nd;nd;nd;nd;nd;nd;nd;nd
144;VVPP;ADV;herbeiführen;27;NZZ_1999_12_08_a203_seg3_s11;23;Full|Psp;Viel hatte jedenfalls nicht gefehlt, als der sonst fast « unsichtbare » Zola zwei Gegenspieler düpierte und mit einem raffinierten Lob beinahe noch eine Entscheidung herbeigeführt hätte .;prozess;Gradadverbial;done;;frei;+;nd;+;nd;nd;nd;+;nd;nd;nd;nd;nd;nd;nd;nd;nd;nd;nd;nd;nd;nd;nd
145;VVINF;ADV;anbieten;33;NZZ_1995_01_28_a189_seg3_s2;32;Full|-2;Zugegeben, einer Kleinbühne mag sich Martin Walsers Einakter « Die Zimmerschlacht » durch seinen Handlungsort - das Wohnzimmer als Schauplatz eines ritualisierten Ehekriegs - und die Beschränkung auf zwei Schauspieler beinahe anbieten .;prozess;Gradadverbial;done;;frei;+;nd;+;nd;nd;nd;+;nd;nd;nd;nd;nd;nd;nd;nd;nd;nd;nd;nd;nd;nd;nd
146;VVPP;ADV;vergessen;8;NZZ_1994_07_28_a59_seg3_s12;7;Full|Psp;Die dramatische Preisentwicklung am Palladium-Markt lässt beinahe vergessen, dass sich - dank einer markanten Nachfrage seitens der Autoindustrie - gegenwärtig auch das Platin stark im Aufwind befindet .;prozess;Gradadverbial;done;;frei;+;nd;+;nd;nd;nd;+;nd;nd;nd;nd;nd;nd;nd;nd;nd;nd;nd;nd;nd;nd;nd
147;VVFIN;ADV;fehlen;3;NZZ_1997_10_25_a230_seg4_s12;4;Full|3|Sg|Pres|Ind;9 Da fehlt beinahe das As .;prozess;Gradadverbial;done;;frei;+;nd;+;nd;nd;nd;+;nd;nd;nd;nd;nd;nd;nd;nd;nd;nd;nd;nd;nd;nd;nd
148;VVPP;ADV;verhexen;91;NZZ_1994_04_16_a134_seg10_s1;90;Full|Psp;Vielleicht ist diese Erzähltechnik nur mit einer solchen Theaterschulung im Hintergrund so erfolgreich, ist sie doch Voraussetzung dafür, dass beispielsweise im Fall Kafu, die Vorstellungskraft der Leserschaft sich zu regen deren Phantasie rasch zu spielen beginnt und diese im Nu versteht, was hier, um nicht zu deutlich zu werden, ausgespart blieb, sie also die heikle Gefühlslage des alternden Mannes fast beklemmend mitfühlen kann, von welcher der Erzähler zu Ende des Kapitels feststellt : « Und dieses alte Unterkleid hatte mich doch beinahe verhext . »;prozess;Gradadverbial;done;;frei;+;nd;+;nd;nd;nd;+;nd;nd;nd;nd;nd;nd;nd;nd;nd;nd;nd;nd;nd;nd;nd
149;VVFIN;ADV;kommen;6;NZZ_1999_11_13_a120_seg2_s2;15;Full|3|Sg|Past|Ind;Der Handel an der Eurex kam auf Grund des Systemausfalls der Schweizer Börse SWX beinahe zum Erliegen .;prozess;Gradadverbial;done;;frei;+;nd;+;nd;nd;nd;+;nd;nd;nd;nd;nd;nd;nd;nd;nd;nd;nd;nd;nd;nd;nd
150;VVINF;ADV;erahnen;18;NZZ_1998_04_18_a242_seg3_s5;17;Full|-2;Dass Knizia einen Doktortitel in Mathematik hat, lässt sich aus « Euphrat und Tigris » beinahe erahnen .;prozess;Gradadverbial;done;;frei;+;nd;+;nd;nd;nd;+;nd;nd;nd;nd;nd;nd;nd;nd;nd;nd;nd;nd;nd;nd;nd
151;VVFIN;ADV;fahren;11;NZZ_1993_08_25_a32_seg4_s2;14;Full|3|Sg|Pres|Ind;Sein Plus : Er bietet alle Vorteile eines Geländewagens, fährt sich jedoch beinahe wie ein normales Auto .;prozess;Gradadverbial;done;;frei;+;nd;+;nd;nd;nd;+;nd;nd;nd;nd;nd;nd;nd;nd;nd;nd;nd;nd;nd;nd;nd
152;VVPP;ADV;sprechen;8;NZZ_1996_11_26_a74_seg10_s6;6;Full|Psp;Dagegen wird hinsichtlich der Telekommunikation beinahe Klartext gesprochen .;prozess;Gradadverbial;done;;frei;+;nd;+;nd;nd;nd;+;nd;nd;nd;nd;nd;nd;nd;nd;nd;nd;nd;nd;nd;nd;nd
153;VVFIN;ADV;gelingen;4;NZZ_1997_10_06_a156_seg3_s13;6;Full|3|Sg|Past|Ind;Aber zu neunt gelang Servette beinahe das 3 : 2, Varela verpasste aber das Ziel aus drei Metern .;prozess;Gradadverbial;done;;frei;+;nd;+;nd;nd;nd;+;nd;nd;nd;nd;nd;nd;nd;nd;nd;nd;nd;nd;nd;nd;nd
154;VVPP;ADV;überladen;21;NZZ_1995_12_23_a145_seg9_s1;20;Full|Psp;Es sind vor allem die vielen Mitarbeiterinnen und Mitarbeiter der kirchlichen Dienste, die in der Weihnachtszeit mit Arbeit beinahe überladen sind .;nd;nd;not of interest;ModPräd;;nd;nd;nd;nd;nd;nd;nd;nd;nd;nd;nd;nd;nd;nd;nd;nd;nd;nd;nd;nd;nd;nd
155;VVPP;ADV;ausverkaufen;13;NZZ_1999_11_25_a216_seg4_s9;12;Full|Psp;Am Centre Court, am zweiten Tag mit 13 000 Besuchern beinahe ausverkauft, wird - wie während des Matches Agassi gegen Sampras - Tennis aus der Feinkost-Abteilung geboten .;nd;nd;not of interest;ModPräd;;nd;nd;nd;nd;nd;nd;nd;nd;nd;nd;nd;nd;nd;nd;nd;nd;nd;nd;nd;nd;nd;nd
156;VVPP;ADV;kommen;9;NZZ_1998_05_23_a59_seg2_s21;7;Full|Psp;Das ist Ende der siebziger Jahre beinahe so gekommen, doch dann erhält der promovierte Soziologe ein Angebot von Ringier, und auf einen Schlag ist er Herr über ein 400-Millionen-Budget .;prozess;Gradadverbial;done;;frei;+;nd;+;nd;nd;nd;+;nd;nd;nd;nd;nd;nd;nd;nd;nd;nd;nd;nd;nd;nd;nd
157;VVINF;ADV;platzen;17;NZZ_1998_01_23_a151_seg5_s1;15;Full|-2;rib. An der Schwelle zum zweiten Jahrhundert seines Bestehens scheint das Landesmuseum vor Tatendrang beinahe zu platzen .;prozess;Gradadverbial;done;;frei;+;nd;+;nd;nd;nd;+;nd;nd;nd;nd;nd;nd;nd;nd;nd;nd;nd;nd;nd;nd;nd
158;VVFIN;ADV;überschwappen;20;NZZ_1993_12_01_a96_seg2_s4;19;Full|3|Sg|Pres|Ind;Dann hält er plötzlich inne, stellt die Tasse so abrupt auf den Unterteller, dass der Inhalt beinahe überschwappt, und setzt mit feurigen Augen zu einem Referat an : er wisse sehr wohl, dass sie als Kohlensäcke apostrophiert würden, doch damit könne er leben .;prozess;Gradadverbial;done;;frei;+;nd;+;nd;nd;nd;+;nd;nd;nd;nd;nd;nd;nd;nd;nd;nd;nd;nd;nd;nd;nd
159;VVINF;ADV;fliegen;9;NZZ_1998_02_10_a199_seg7_s7;7;Full|-2;Verglichen mit anderen Athleten schien er beinahe zu fliegen, und es war ihm in keiner Phase des Rennens anzumerken, dass er, wie er hinterher anmerkte, den härtesten WM- oder Olympia-Lauf hinter sich hatte .;prozess;Gradadverbial;done;;frei;+;nd;+;nd;nd;nd;+;nd;nd;nd;nd;nd;nd;nd;nd;nd;nd;nd;nd;nd;nd;nd
160;VVFIN;ADV;stoßen;20;NZZ_1995_08_05_a171_seg3_s14;22;Full|3|Sg|Past|Ind;Als sie sich, ein Kränzlein windend und dazu ein frommes Liedlein trällernd, sittsam im Walde erging, stiess sie beinahe mit Antonio zusammen, der gerade Pilze fürs Abendessen suchte .;prozess;Gradadverbial;done;;frei;+;nd;+;nd;nd;nd;+;nd;nd;nd;nd;nd;nd;nd;nd;nd;nd;nd;nd;nd;nd;nd
161;VVINF;ADV;einstecken;14;NZZ_1994_09_30_a24_seg6_s8;10;Full|-2;Nach langem Gerangel musste Keating am Ende des Parteitages beinahe noch eine Niederlage einstecken .;prozess;Gradadverbial;done;;frei;+;nd;+;nd;nd;nd;+;nd;nd;nd;nd;nd;nd;nd;nd;nd;nd;nd;nd;nd;nd;nd
162;VVFIN;ADV;geben;2;NZZ_1996_05_17_a219_seg7_s1;4;Full|3|Sg|Pres|Ind;Es gibt schon beinahe mehr Kanäle als potentielle Zuschauer .;prozess;Gradadverbial;done;;frei;+;nd;+;nd;nd;nd;+;nd;nd;nd;nd;nd;nd;nd;nd;nd;nd;nd;nd;nd;nd;nd
163;VVFIN;ADV;kennen;10;NZZ_1996_06_20_a155_seg5_s1;15;Full|3|Sg|Pres|Ind;Seine belebten Pflanzen, seine « Blumenmärchen », kennt seit fast einem Jahrhundert beinahe jedes Kind .;nd;nd;not of interest;ModNP;;nd;nd;nd;nd;nd;nd;nd;nd;nd;nd;nd;nd;nd;nd;nd;nd;nd;nd;nd;nd;nd;nd
164;VVFIN;ADV;gehen;20;NZZ_1998_01_24_a141_seg9_s3;21;Full|3|Sg|Pres|Ind;Was ihn dabei vom klassischen und damit, seien wir aufrichtig, vom richtigen Intellektuellen unterscheidet : sein Räsonieren geht beinahe ganz im Resonieren, im Mitschwingen auf, und sei es im Mitschwingen mit halluzinierten historischen Langwellen .;nd;nd;not of interest;ModADV;;nd;nd;nd;nd;nd;nd;nd;nd;nd;nd;nd;nd;nd;nd;nd;nd;nd;nd;nd;nd;nd;nd
165;VVPP;ADV;aufbrauchen|aufgebrauchen;6;NZZ_1994_11_23_a134_seg8_s2;5;Full|Psp;Das Eigenkapital wird dabei beinahe aufgebraucht, weil die Stadt Kloten, im Gegensatz zu fast allen anderen Zürcher Gemeinden, die Nettoinvestitionen jährlich vollständig abschreibt .;prozess;Gradadverbial;done;;frei;+;nd;+;nd;nd;nd;+;nd;nd;nd;nd;nd;nd;nd;nd;nd;nd;nd;nd;nd;nd;nd
166;VVPP;ADV;kommen;22;NZZ_1994_05_03_a13_seg2_s6;18;Full|Psp;Eines von ihnen kreuzte so nahe vor der britischen Fregatte « HMS Chatham », dass es beinahe zu einer Kollision gekommen wäre .;prozess;Gradadverbial;done;;frei;+;nd;+;nd;nd;nd;+;nd;nd;nd;nd;nd;nd;nd;nd;nd;nd;nd;nd;nd;nd;nd
167;VVIZU;ADV;hinwegtäuschen;20;NZZ_1999_09_30_a185_seg3_s3;18;Full|zu;Alle « wilden » Kandidaten waren ausgeschlossen, und so entwickelte sich ein manierlicher Dialog, der beinahe darüber hinwegzutäuschen vermochte, dass die Positionen in Sachfragen zum Teil meilenweit voneinander entfernt lagen .;prozess;Gradadverbial;done;;frei;+;nd;+;nd;nd;nd;+;nd;nd;nd;nd;nd;nd;nd;nd;nd;nd;nd;nd;nd;nd;nd
168;VVFIN;ADV;erreichen;19;NZZ_1998_05_14_a224_seg3_s4;21;Full|3|Sg|Pres|Ind;Nach einem rund 16 km langen und abwechslungsreichen Streifzug, zumeist durch Wälder und entlang rauschender Bäche, erreicht man beinahe mühelos die 600 Meter höher gelegene Grimmialp .;nd;nd;not of interest;ModADV;;nd;nd;nd;nd;nd;nd;nd;nd;nd;nd;nd;nd;nd;nd;nd;nd;nd;nd;nd;nd;nd;nd
169;VVPP;ADV;reservieren;24;NZZ_1999_06_18_a23_seg7_s5;23;Full|Psp;Verglichen mit der Begeisterung, mit der ihn dann seine Wahlheimat Krakau empfing, wirkte im Rückblick das Engagement der Warschauer nun beinahe reserviert .;nd;nd;not of interest;ModPräd;;nd;nd;nd;nd;nd;nd;nd;nd;nd;nd;nd;nd;nd;nd;nd;nd;nd;nd;nd;nd;nd;nd
170;VVPP;ADV;verdoppeln;32;NZZ_1994_12_01_a38_seg3_s8;31;Full|Psp;"Diese Entwicklung ist die Folge des grössten quartalsmässigen Aussenhandelsüberschusses seit mehr als zehn Jahren ; dieser stieg nämlich auf 1 Mrd. $ und hat sich dabei gegenüber dem zweiten Vierteljahr beinahe verdoppelt .";prozess;Gradadverbial;done;;frei;+;nd;+;nd;nd;nd;+;nd;nd;nd;nd;nd;nd;nd;nd;nd;nd;nd;nd;nd;nd;nd
171;VVFIN;ADV;dauern;9;NZZ_1993_04_15_a97_seg2_s15;11;Full|3|Sg|Past|Ind;Bis zur ersten echten Torchance durch Christian Weber dauerte es beinahe ein Drittel lang, und als Manuele Celio zu Beginn des zweiten Abschnitts den Ausgleich erzielte und die Schweizer das Spiel besser in den Griff zu bekommen schienen, brachte Manfred Mühr sein Team mit dem ersten Schuss in diesem Drittel erneut und definitiv in Führung .;nd;nd;not of interest;ModNumeral;;nd;nd;nd;nd;nd;nd;nd;nd;nd;nd;nd;nd;nd;nd;nd;nd;nd;nd;nd;nd;nd;nd
172;VVPP;ADV;aufreiben;14;NZZ_1994_11_26_a99_seg11_s7;12;Full|Psp;Die deutschen Truppen in Rumänien wurden in den hernach folgenden Wochen beinahe völlig aufgerieben .;nd;nd;not of interest;ModADV;;nd;nd;nd;nd;nd;nd;nd;nd;nd;nd;nd;nd;nd;nd;nd;nd;nd;nd;nd;nd;nd;nd
173;VVFIN;ADV;gehen;21;NZZ_1999_02_06_a252_seg7_s3;36;Full|3|Sg|Past|Ind;Während diese Ereignisse und weitere, ebenfalls evaluierte Standorte nicht zuletzt aus Berichten der Mitarbeiter selbst hinlänglich bekannt sind, ging der Versuch, die Bibliothek Warburg von Hamburg in die Schweiz zu verlegen, beinahe vollständig vergessen .;nd;nd;not of interest;ModADV;;nd;nd;nd;nd;nd;nd;nd;nd;nd;nd;nd;nd;nd;nd;nd;nd;nd;nd;nd;nd;nd;nd
174;VVFIN;ADV;verschlafen;19;NZZ_1994_12_17_a197_seg10_s20;21;Full|3|Sg|Past|Ind;"Dieses Etikett erhielt er umgehängt, weil er oft zu spät an den Zusammenkünften erscheint ; am Donnerstag verschlief er beinahe den Start zum letzten Training .";prozess;Gradadverbial;done;;frei;+;nd;+;nd;nd;nd;+;nd;nd;nd;nd;nd;nd;nd;nd;nd;nd;nd;nd;nd;nd;nd
175;VVPP;ADV;geraten;6;NZZ_1996_04_20_a208_seg5_s8;3;Full|-2;Als Verbannter beinahe in Vergessenheit geraten, beginnt sein Werk zu leben, sobald er gestorben ist .;prozess;Gradadverbial;done;;frei;+;nd;+;nd;nd;nd;+;nd;nd;nd;nd;nd;nd;nd;nd;nd;nd;nd;nd;nd;nd;nd
176;VVFIN;ADV;hören;2;NZZ_1998_05_28_a155_seg5_s1;4;Full|3|Sg|Pres|Ind;Das hört sich beinahe nach einem Vernunftprinzip an und könnte darum den Leser stutzen lassen .;prozess;Gradadverbial;done;;frei;+;nd;+;nd;nd;nd;+;nd;nd;nd;nd;nd;nd;nd;nd;nd;nd;nd;nd;nd;nd;nd
177;VVPP;ADV;auseinanderbrechen;18;NZZ_1997_08_25_a199_seg15_s14;17;Full|Psp;Der politische Zionismus ist kurz vor dem Ausbruch des Zweiten Weltkrieges unter der Last ungelöster Probleme beinahe auseinandergebrochen .;prozess;Gradadverbial;done;;frei;+;nd;+;nd;nd;nd;+;nd;nd;nd;nd;nd;nd;nd;nd;nd;nd;nd;nd;nd;nd;nd
178;VVPP;ADV;auswirken;15;NZZ_1996_06_24_a119_seg8_s14;13;Full|Psp;Vor allem im Finish hätte sich der gleichzeitig Wechsel von drei Engländern beinahe verhängnisvoll ausgewirkt, wenn man bedenkt, wie schwer die entkräfteten Briten in der Schlussoffensive des Gegners nochmals unter Druck gerieten .;nd;nd;not of interest;ModADV;;nd;nd;nd;nd;nd;nd;nd;nd;nd;nd;nd;nd;nd;nd;nd;nd;nd;nd;nd;nd;nd;nd
179;VVPP;ADV;generieren;46;NZZ_1997_11_17_a44_seg11_s9;41;Full|3|Sg|Pres|Ind;Wie in der Scholastik des Mittelalters die Philosophie tendenziell zur blossen Magd der Theologie degradiert wurde, so könnte heute die geisteswissenschaftliche Forschung abgewertet werden zur Sinnkrisenmanagerin oder zur ethischen Task force in einer verwissenschaftlichten und durchökonomisierten Gesellschaft, die beinahe ebenso viele Probleme selber generiert, wie sie lösen zu können vorgibt .;nd;nd;not of interest;ModADV;;nd;nd;nd;nd;nd;nd;nd;nd;nd;nd;nd;nd;nd;nd;nd;nd;nd;nd;nd;nd;nd;nd
180;VVFIN;ADV;entsprechen;18;NZZ_1994_06_14_a126_seg9_s3;20;Full|3|Sg|Pres|Ind;Der nach der Sperrung bei den vier Messstellen Gessnerallee, Sihlporte, Seilergraben und Rämistrasse gemessene Mehrverkehr entspricht nun beinahe aufs Haar genau diesem Verkehrsaufkommen .;nd;nd;not of interest;ModPP;;nd;nd;nd;nd;nd;nd;nd;nd;nd;nd;nd;nd;nd;nd;nd;nd;nd;nd;nd;nd;nd;nd
181;VVPP;ADV;mitteilen;11;NZZ_1999_06_16_a206_seg27_s3;8;Full|Psp;Wirkt dies noch glaubwürdig, wenn wir beinahe jeden Tag mitgeteilt bekommen, wer auch noch gedopt hat und wer in den Reihen des IOK welche Geschenke angenommen hat ?;nd;nd;not of interest;ModNP;;nd;nd;nd;nd;nd;nd;nd;nd;nd;nd;nd;nd;nd;nd;nd;nd;nd;nd;nd;nd;nd;nd
182;VVPP;ADV;erdrücken;11;NZZ_1998_07_06_a116_seg5_s3;10;Full|Psp;Kinder und Festbesucher höheren Semesters werden von der Masse beinahe erdrückt und wehren sich unter Ellbogeneinsatz .;prozess;Gradadverbial;done;;frei;+;nd;+;nd;nd;nd;+;nd;nd;nd;nd;nd;nd;nd;nd;nd;nd;nd;nd;nd;nd;nd
183;VMFIN;ADV;müssen;18;NZZ_1995_02_27_a128_seg3_s26;19;Mod|3|Sg|Pres|Ind;"Denn damit vermochte der begabte Rumäne zu wenig Einfluss auf den Verlauf zu nehmen ; ja man muss beinahe sagen, er habe am Geschehen kaum aktiv teilgenommen .";prozess;Gradadverbial;done;;frei;+;nd;+;nd;nd;nd;+;nd;nd;nd;nd;nd;nd;nd;nd;nd;nd;nd;nd;nd;nd;nd
184;VVFIN;ADV;geben;17;NZZ_1996_02_14_a125_seg55_s12;15;Full|3|Sg|Past|Ind;Die gleiche Frau, die sich auf ihrer Europatournee vor knapp zwei Jahren noch beinahe harmoniefreudig gab, hat im dritten Kapitel ihrer zu Pop verarbeiteten Lebensgeschichte wieder das Messer gezückt .;nd;nd;not of interest;ModADV;;nd;nd;nd;nd;nd;nd;nd;nd;nd;nd;nd;nd;nd;nd;nd;nd;nd;nd;nd;nd;nd;nd
185;VVFIN;ADV;treffen;3;NZZ_1993_02_17_a166_seg6_s4;7;Full|3|Sg|Past|Ind;Und daneben traf sich der Präsident beinahe täglich mit der Fraktion der Demokraten .;nd;nd;not of interest;ModADV;;nd;nd;nd;nd;nd;nd;nd;nd;nd;nd;nd;nd;nd;nd;nd;nd;nd;nd;nd;nd;nd;nd
186;VVPP;ADV;bringen;18;NZZ_1995_01_07_a30_seg6_s10;14;Full|Psp;Mit einem seiner ersten Beiträge zur Strategie des ANC hatte er Nelson Mandela beinahe an den Galgen gebracht .;prozess;Gradadverbial;done;;frei;+;nd;+;nd;nd;nd;+;nd;nd;nd;nd;nd;nd;nd;nd;nd;nd;nd;nd;nd;nd;nd
187;VVFIN;ADV;fallen;3;NZZ_1998_01_06_a102_seg3_s13;5;Full|3|Sg|Past|Ind;Im Gegenteil fiel Gold beinahe ins Bodenlose, die Metallpreise brachen ein, und die Erdöl- und Erdgaspreise gaben im Jahresvergleich um 30% bzw .;prozess;Gradadverbial;done;;frei;+;nd;+;nd;nd;nd;+;nd;nd;nd;nd;nd;nd;nd;nd;nd;nd;nd;nd;nd;nd;nd
188;VVPP;ADV;verdoppeln;29;NZZ_1997_04_08_a93_seg4_s10;28;Full|Psp;Tatsächlich brach der Papierumsatz um 6% ein, aber dank der Stillegung einer Maschine zur Herstellung graphischer Papiere konnte die Cash-flow-Marge nach zwei unbefriedigenden Jahren auf 3% beinahe verdoppelt werden .;prozess;Gradadverbial;done;;frei;+;nd;+;nd;nd;nd;+;nd;nd;nd;nd;nd;nd;nd;nd;nd;nd;nd;nd;nd;nd;nd
189;VVPP;ADV;verwandeln;18;NZZ_1996_12_02_a171_seg4_s20;14;Full|Psp;Auf der anspruchsvollen und ruppigen Piste, die mit 300 000 Gallonen Wasser beinahe in ein Eisfeld verwandelt worden war, überzeugte der Schwyzer speziell im unteren Teil, in den steilen Passagen, durch angriffiges Verhalten und eine direkte Linienwahl .;prozess;Gradadverbial;done;;frei;+;nd;+;nd;nd;nd;+;nd;nd;nd;nd;nd;nd;nd;nd;nd;nd;nd;nd;nd;nd;nd
190;VVFIN;ADV;schließen;5;NZZ_1998_05_23_a131_seg2_s5;6;Full|3|Pl|Past|Ind;Die Valoren von Novartis schlossen beinahe unverändert .;nd;nd;not of interest;ModADV;;nd;nd;nd;nd;nd;nd;nd;nd;nd;nd;nd;nd;nd;nd;nd;nd;nd;nd;nd;nd;nd;nd
191;VVPP;ADV;schlagen;61;NZZ_1994_05_06_a26_seg5_s8;60;Full|Psp;"Sein grosses Verdienst ist es, die Zeichen der Zeit erkannt und flexibel auf Faktoren reagiert zu haben, die alle in die Richtung einer umwälzenden Reform wiesen : Auf das Drängen des « verligten » ( aufgeklärten, reformbereiten ) Flügels der Nationalen Partei, dessen Vertreter Barend du Plessis seinerzeit de Klerk bei der Wahl zum Parteiführer beinahe geschlagen hätte ; auf den Niedergang des Staatssozialismus in den osteuropäischen Ländern, der den ANC seiner wichtigsten ideologischen und diplomatischen Stütze beraubte ; auf die Enttäuschung über die Sackgasse, in die Pieter Willem Bothas Reformbemühungen geführt hatten ; auf die Sanktionen des Auslands, die Südafrika in Zahlungsbilanzprobleme stürzten ; auf die hohen menschlichen und finanziellen Kosten, die mit der Aufrechterhaltung eines massiven staatlichen Repressionsapparats verbunden waren .";prozess;Gradadverbial;done;;frei;+;nd;+;nd;nd;nd;+;nd;nd;nd;nd;nd;nd;nd;nd;nd;nd;nd;nd;nd;nd;nd
192;VVPP;ADV;ideologisieren;20;NZZ_1994_08_03_a94_seg3_s4;19;Full|Psp;Wie die Neutralität, hat man auch das Konzept der Guten Dienste in der Vergangenheit glorifiziert und gelegentlich beinahe ideologisiert .;prozess;Gradadverbial;done;;frei;+;nd;+;nd;nd;nd;+;nd;nd;nd;nd;nd;nd;nd;nd;nd;nd;nd;nd;nd;nd;nd
193;VVPP;ADV;langweilen;17;NZZ_1997_09_02_a158_seg5_s9;16;Full|Psp;Im Interview tönte Hingis an, sie habe sich gegen Labat auf dem Court teilweise beinahe gelangweilt .;prozess;Gradadverbial;done;;frei;+;nd;+;nd;nd;nd;+;nd;nd;nd;nd;nd;nd;nd;nd;nd;nd;nd;nd;nd;nd;nd
194;VVFIN;ADV;fallen|fällen;15;NZZ_1994_04_13_a105_seg3_s3;16;Full|3|Sg|Pres|Ind;Dreimal ist ein Haus Ort der Handlung : es soll verkauft werden, es fällt beinahe einem Brand zum Opfer, es wird versteigert .;prozess;Gradadverbial;done;;frei;+;nd;+;nd;nd;nd;+;nd;nd;nd;nd;nd;nd;nd;nd;nd;nd;nd;nd;nd;nd;nd
195;VVFIN;ADV;landen;18;NZZ_1993_04_01_a26_seg8_s7;19;Full|3|Sg|Past|Ind;Seines für die damalige Zeit zu starken Reformeifers wegen fiel er aber in Peking in Ungnade und landete beinahe im Gefängnis, als ein von seinen Untergebenen betriebener, florierender Schmuggel mit Mercedes-Limousinen aufflog .;prozess;Gradadverbial;done;;;+;nd;+;nd;nd;nd;+;nd;nd;nd;nd;nd;nd;nd;nd;nd;nd;nd;nd;nd;nd;nd
196;VVFIN;ADV;reißen;20;NZZ_1993_04_05_a99_seg3_s11;22;Full|3|Sg|Past|Ind;Unkontrolliert schwang es sich über die Bahn, wickelte sich dem Jockey Richard Dunwoody gar um den Hals und riss ihn beinahe vom Pferd .;prozess;Gradadverbial;done;;;+;nd;+;nd;nd;nd;+;nd;nd;nd;nd;nd;nd;nd;nd;nd;nd;nd;nd;nd;nd;nd
197;VVFIN;ADV;prägen;11;NZZ_1993_04_07_a83_seg2_s9;16;Full|3|Pl|Past|Ind;Dies hatte aber für die Deutschen kaum negative Auswirkungen, prägten sie doch das Geschehen beinahe permanent .;nd;nd;not of interest;ModADV;;nd;nd;nd;nd;nd;nd;nd;nd;nd;nd;nd;nd;nd;nd;nd;nd;nd;nd;nd;nd;nd;nd
198;VVPP;ADV;sprechen;18;NZZ_1993_04_10_a127_seg2_s8;15;Full|Psp;Über die Gründe des Fernbleibens gehen die Ansichten derart weit auseinander, dass schon beinahe von Ratlosigkeit gesprochen werden kann .;prozess;Gradadverbial;done;;;+;nd;+;nd;nd;nd;+;nd;nd;nd;nd;nd;nd;nd;nd;nd;nd;nd;nd;nd;nd;nd
199;VVFIN;ADV;dauern;9;NZZ_1993_04_15_a97_seg2_s15;11;Full|3|Sg|Past|Ind;Bis zur ersten echten Torchance durch Christian Weber dauerte es beinahe ein Drittel lang, und als Manuele Celio zu Beginn des zweiten Abschnitts den Ausgleich erzielte und die Schweizer das Spiel besser in den Griff zu bekommen schienen, brachte Manfred Mühr sein Team mit dem ersten Schuss in diesem Drittel erneut und definitiv in Führung .;prozess;Gradadverbial;done;;;+;nd;+;nd;nd;nd;+;nd;nd;nd;nd;nd;nd;nd;nd;nd;nd;nd;nd;nd;nd;nd
200;VVFIN;ADV;gehören;16;NZZ_1993_04_16_a3_seg10_s15;18;Full|3|Sg|Pres|Ind;Doch plötzlich ist es nicht mehr tabu, über Armut zu reden, und es gehört schon beinahe zum guten Ton, sich an einem der zahlreichen Projekte zu beteiligen, die der Schock der Januartage ausgelöst hat .;prozess;Gradadverbial;done;;;+;nd;+;nd;nd;nd;+;nd;nd;nd;nd;nd;nd;nd;nd;nd;nd;nd;nd;nd;nd;nd
