﻿Interne-ID;Function-Head;Funktion-Hit;Head;ID-Head;ID-NZZ;ID-Token;Meta-Kopf;sentence;Oberkategorie;Unterkategorie;Status;Kommentar;externe Funktion;prozess;pFREQ;AuW;pure;agent;method;degree;proposition;KONJ;FRAME;SADV;extern;KAUS;TEMP;FREQ;BU;LOC;intern;INST;KOM;SH;iLOC
1;VVFIN;ADJD;scheinen;12;NZZ_1996_09_09_a2_seg8_s3;11;Full|3|Pl|Pres|Ind;Obwohl die Auswirkungen für europäische Unternehmen in der Praxis relativ geringfügig scheinen, ist dies für die Europäer eine wichtige Grundsatzfrage .;nd;nd;not of interest;prädikativ;;nd;nd;nd;nd;nd;nd;nd;nd;nd;nd;nd;nd;nd;nd;nd;nd;nd;nd;nd;nd;nd;nd
2;VVPP;ADJD;einstufen;11;NZZ_1995_03_20_a64_seg3_s19;10;Full|Psp;Die makroökonomischen Gesamteffekte des Kobe- Erdbebens werden hingegen als geringfügig eingestuft .;nd;nd;not of interest;vergleich;;nd;nd;nd;nd;nd;nd;nd;nd;nd;nd;nd;nd;nd;nd;nd;nd;nd;nd;nd;nd;nd;nd
3;VVINF;ADJD;erhöhen;18;NZZ_1995_03_20_a10_seg8_s6;13;Full|-2;Unter ihren Erwartungen blieben indes die Grünen, die ihren Stimmenanteil nur geringfügig auf knapp 2 Prozent erhöhen konnten .;prozess;Gradadverbial;done;;frei;+;nd;+;nd;nd;nd;+;nd;nd;nd;nd;nd;nd;nd;nd;nd;nd;nd;nd;nd;nd;nd
4;VVPP;ADJD;erhöhen;25;NZZ_1994_10_28_a34_seg3_s3;22;Full|Psp;Der Anteil der Befragten, der seinen Auftragsbestand als gut bezeichnet, hat sich zwischen dem zweiten und dritten Quartal nur geringfügig auf 40% erhöht .;prozess;Gradadverbial;done;;frei;+;nd;+;nd;nd;nd;+;nd;nd;nd;nd;nd;nd;nd;nd;nd;nd;nd;nd;nd;nd;nd
5;VVINF;ADJD;steigern;25;NZZ_1994_02_12_a34_seg15_s1;24;Full|-2;Die Neue Aargauer Bank ( NAB ) hat als Folge grösserer Wertberichtigungen für früher von der Niederlassung Zürich gewährte Kredite ihren Reingewinn nur geringfügig steigern können .;prozess;Gradadverbial;done;;frei;+;nd;+;nd;nd;nd;+;nd;nd;nd;nd;nd;nd;nd;nd;nd;nd;nd;nd;nd;nd;nd
6;VVFIN;ADJD;reduzieren;15;NZZ_1995_09_27_a91_seg4_s15;17;Full|3|Sg|Past|Ind;"Der Rückgang des Betriebsgewinns ist voll den Paritätsänderungen zuzuschreiben ; die Marge zum Umsatz reduzierte sich geringfügig .";prozess;Gradadverbial;done;;frei;+;nd;+;nd;nd;nd;+;nd;nd;nd;nd;nd;nd;nd;nd;nd;nd;nd;nd;nd;nd;nd
7;VVINF;ADJD;steigern;27;NZZ_1997_07_09_a89_seg9_s1;22;Full|-2;Trotz den negativen Auswirkungen des kontinuierlich steigenden Kurses der britischen Währung hat der Konzern den Gewinn vor Steuern und aussergewöhnlichen Posten geringfügig auf 01 Mrd. £ steigern können .;prozess;Gradadverbial;done;;frei;+;nd;+;nd;nd;nd;+;nd;nd;nd;nd;nd;nd;nd;nd;nd;nd;nd;nd;nd;nd;nd
8;VVFIN;ADJD;beschädigen;10;NZZ_1998_08_29_a211_seg3_s2;15;Full|3|Sg|Past|Ind;Häkkinen rutschte auf dem Randstein einer Linkskurve aus, beschädigte jedoch den McLaren nur geringfügig .;prozess;Gradadverbial;done;;frei;+;nd;+;nd;nd;nd;+;nd;nd;nd;nd;nd;nd;nd;nd;nd;nd;nd;nd;nd;nd;nd
9;VVPP;ADJD;verletzen;7;NZZ_1998_05_25_a124_seg3_s4;6;Full|Psp;Der fehlbare Lenker wurde dabei geringfügig verletzt, seine Mitfahrerin hingegen erheblich .;prozess;Gradadverbial;done;;frei;+;nd;+;nd;nd;nd;+;nd;nd;nd;nd;nd;nd;nd;nd;nd;nd;nd;nd;nd;nd;nd
10;VVPP;ADJD;aktivieren;22;NZZ_1996_02_14_a187_seg2_s7;21;Full|Psp;Bisher war es sehr schwierig, Antikörper gegen MAP zu erhalten, denn das Antigen wird durch konventionelle Adjuvantien nur geringfügig aktiviert .;prozess;Gradadverbial;done;;frei;+;nd;+;nd;nd;nd;+;nd;nd;nd;nd;nd;nd;nd;nd;nd;nd;nd;nd;nd;nd;nd
11;VVPP;ADJD;ändern;16;NZZ_1998_01_28_a158_seg3_s2;15;Full|Psp;Für die Verlängerung vom Vorderberg zum Bahnhof Tiefenbrunnen wird die Strassenführung an der Höschgasse geringfügig geändert und der Fussgängerbereich erweitert .;prozess;Gradadverbial;done;;frei;+;nd;+;nd;nd;nd;+;nd;nd;nd;nd;nd;nd;nd;nd;nd;nd;nd;nd;nd;nd;nd
12;VVPP;ADJD;erhöhen;14;NZZ_1996_05_10_a198_seg3_s8;13;Full|Psp;Das Budget soll trotz gesicherter neuerlicher Teilnahme an einem europäischen Wettbewerb nur geringfügig erhöht werden .;prozess;Gradadverbial;done;;frei;+;nd;+;nd;nd;nd;+;nd;nd;nd;nd;nd;nd;nd;nd;nd;nd;nd;nd;nd;nd;nd
13;VVFIN;ADJD;bewegen;15;NZZ_1998_01_06_a82_seg5_s2;14;Full|3|Sg|Pres|Ind;Wie schon im Vormonat hat sich der Stellenindex von Manpower im Oktober nur geringfügig bewegt .;prozess;Gradadverbial;done;;frei;+;nd;+;nd;nd;nd;+;nd;nd;nd;nd;nd;nd;nd;nd;nd;nd;nd;nd;nd;nd;nd
14;VVFIN;ADJD;verkleinern;3;NZZ_1995_12_23_a87_seg5_s2;13;Full|3|Sg|Pres|Ind;Diese Lohndifferenz verkleinert sich laut dem BFS auch innerhalb gleicher Ausbildungsniveaus nur geringfügig .;prozess;Gradadverbial;done;;frei;+;nd;+;nd;nd;nd;+;nd;nd;nd;nd;nd;nd;nd;nd;nd;nd;nd;nd;nd;nd;nd
15;VVFIN;ADJD;steigen;5;NZZ_1995_07_19_a75_seg10_s7;11;Full|3|Sg|Pres|Ind;Wo Marktzutritt stattfindet, steigt die Anzahl der täglichen Flüge geringfügig .;prozess;Gradadverbial;done;;frei;+;nd;+;nd;nd;nd;+;nd;nd;nd;nd;nd;nd;nd;nd;nd;nd;nd;nd;nd;nd;nd
16;VVFIN;ADJD;nehmen;13;NZZ_1994_02_24_a88_seg8_s10;15;Full|3|Sg|Past|Ind;Die Bau- und Ausrüstungsinvestitionen sind nochmals markant zurückgegangen, der private Konsum nahm nur geringfügig zu .;prozess;Gradadverbial;done;;frei;+;nd;+;nd;nd;nd;+;nd;nd;nd;nd;nd;nd;nd;nd;nd;nd;nd;nd;nd;nd;nd
17;VVPP;ADJD;korrigieren;23;NZZ_1994_09_14_a70_seg3_s5;22;Full|Psp;Damit wurden die markanten Kursverluste vom letzten Freitag, welche die Longbond-Rendite um 14 Basispunkte auf 70% getrieben hatten, nur geringfügig korrigiert .;prozess;Gradadverbial;done;;frei;+;nd;+;nd;nd;nd;+;nd;nd;nd;nd;nd;nd;nd;nd;nd;nd;nd;nd;nd;nd;nd
18;VVFIN;ADJD;verbessern;7;NZZ_1998_08_26_a199_seg7_s20;16;Full|3|Sg|Past|Ind;Die erste Olympiasiegerin von der Karibikinsel verbesserte sich in 27 s gegenüber ihrem persönliches Bestresultat geringfügig .;prozess;Gradadverbial;done;;frei;+;nd;+;nd;nd;nd;+;nd;nd;nd;nd;nd;nd;nd;nd;nd;nd;nd;nd;nd;nd;nd
19;VVPP;ADJD;verlängern;33;NZZ_1998_11_11_a223_seg11_s7;32;Full|3|Sg|Pres|Ind;Sollten bereits beide Lungenflügel Krebsherde aufweisen, so kann auf eine aufwendige und für den Patienten sehr belastende Operation verzichtet werden, da diese die Überlebenszeit, wenn überhaupt, nur geringfügig verlängert .;prozess;Gradadverbial;done;;frei;+;nd;+;nd;nd;nd;+;nd;nd;nd;nd;nd;nd;nd;nd;nd;nd;nd;nd;nd;nd;nd
20;VVFIN;ADJD;steigen;2;NZZ_1995_02_16_a80_seg3_s6;8;Full|3|Sg|Past|Ind;Allerdings stieg der Auslastungsgrad der Industrie nochmals geringfügig von 4% auf 5%, womit der höchste Stand seit Oktober 1979 ( 8% ) erreicht wurde .;prozess;Gradadverbial;done;;frei;+;nd;+;nd;nd;nd;+;nd;nd;nd;nd;nd;nd;nd;nd;nd;nd;nd;nd;nd;nd;nd
21;VVFIN;ADJD;bilden;10;NZZ_1997_01_15_a78_seg3_s3;14;Full|3|Sg|Past|Ind;Wegen der inzwischen erfolgten rechtlichen Abtrennung der mobilen Telefonie bildete sich der Umsatz geringfügig von 1 auf 4 Bio. L zurück .;prozess;Gradadverbial;done;;frei;+;nd;+;nd;nd;nd;+;nd;nd;nd;nd;nd;nd;nd;nd;nd;nd;nd;nd;nd;nd;nd
22;VVINF;ADJD;lockern;16;NZZ_1998_04_23_a74_seg8_s10;15;Full|-2;Die Regierung Prodi ist allerdings keineswegs übermütig geworden und will den Steuerdruck vorläufig nur geringfügig lockern .;prozess;Gradadverbial;done;;frei;+;nd;+;nd;nd;nd;+;nd;nd;nd;nd;nd;nd;nd;nd;nd;nd;nd;nd;nd;nd;nd
23;VVPP;ADJD;reduzieren;16;NZZ_1999_05_05_a247_seg3_s15;15;Full|Psp;Während der elektrische Widerstand eines einzelnen ferromagnetischen Films durch das Anlegen eines Magnetfelds nur geringfügig reduziert wird, wurden an Schichtsystemen drastische Veränderungen beobachtet .;prozess;Gradadverbial;done;;frei;+;nd;+;nd;nd;nd;+;nd;nd;nd;nd;nd;nd;nd;nd;nd;nd;nd;nd;nd;nd;nd
24;VVFIN;ADJD;wandeln;8;NZZ_1996_07_01_a88_seg3_s5;11;Full|3|Sg|Past|Ind;Den artistischen Dauerbrenner « ready made » wandelte sie nur geringfügig ab, indem sie die verwendeten « Fundstücke » oder Realien nicht fand, sondern käuflich erwarb .;prozess;Gradadverbial;done;;frei;+;nd;+;nd;nd;nd;+;nd;nd;nd;nd;nd;nd;nd;nd;nd;nd;nd;nd;nd;nd;nd
25;VVPP;ADJD;verändern;16;NZZ_1994_02_22_a3_seg6_s10;15;Full|Psp;Seither haben sich die Frontlinien in und um Sarajewo praktisch nicht mehr oder nur geringfügig verändert .;prozess;Gradadverbial;done;;frei;+;nd;+;nd;nd;nd;+;nd;nd;nd;nd;nd;nd;nd;nd;nd;nd;nd;nd;nd;nd;nd
26;VVFIN;ADJD;steigen;5;NZZ_1995_02_16_a80_seg5_s7;6;Full|3|Sg|Past|Ind;Die Kapazitätsauslastung im Verarbeitungsbereich stieg geringfügig um einen Zehntelpunkt auf 1% .;prozess;Gradadverbial;done;;frei;+;nd;+;nd;nd;nd;+;nd;nd;nd;nd;nd;nd;nd;nd;nd;nd;nd;nd;nd;nd;nd
27;VVFIN;ADJD;bewegen;10;NZZ_1996_11_28_a88_seg11_s2;15;Full|3|Sg|Past|Ind;"Das Konsumentenvertrauen ist weiterhin beachtlich ; der einschlägige Index bewegte sich im November nur geringfügig unter dem im August erreichten Sechsjahrehoch .";nd;nd;not of interest;ModPP;;nd;nd;nd;nd;nd;nd;nd;nd;nd;nd;nd;nd;nd;nd;nd;nd;nd;nd;nd;nd;nd;nd
28;VVFIN;ADJD;unterscheiden;13;NZZ_1998_02_18_a228_seg9_s2;12;Full|3|Pl|Pres|Ind;Alle drei Vertreter, die sich in ihrer chemischen Struktur nur geringfügig unterscheiden, weisen Photolumineszenz im blauen und blau-grünen Spektralbereich auf .;prozess;Gradadverbial;done;;frei;+;nd;+;nd;nd;nd;+;nd;nd;nd;nd;nd;nd;nd;nd;nd;nd;nd;nd;nd;nd;nd
29;VVFIN;ADJD;gewinnen;4;NZZ_1999_08_18_a131_seg2_s5;5;Full|3|Sg|Past|Ind;Auch die Silber-Notierung gewann geringfügig an Wert und stand an der Limmat am Abend bei $ 5.27 ( 5.24 ) je Feinunze .;prozess;Gradadverbial;done;;frei;+;nd;+;nd;nd;nd;+;nd;nd;nd;nd;nd;nd;nd;nd;nd;nd;nd;nd;nd;nd;nd
30;VVPP;ADJD;verlieren;21;NZZ_1994_12_09_a38_seg6_s2;18;Full|Psp;Zwar scheinen die Ausfuhren ( einschliesslich der Lieferungen nach Ostdeutschland ) im Vergleich mit dem zweiten Quartal geringfügig an Schwung verloren zu haben, zu bedenken ist jedoch, dass die Exporte im Vergleichsquartal des Vorjahres bereits wieder zu wachsen begonnen hatten .;prozess;Gradadverbial;done;;frei;+;nd;+;nd;nd;nd;+;nd;nd;nd;nd;nd;nd;nd;nd;nd;nd;nd;nd;nd;nd;nd
31;VVFIN;ADJD;vergrößern;3;NZZ_1999_02_03_a103_seg3_s3;5;Full|3|Sg|Past|Ind;Die Nettoverschuldung vergrösserte sich geringfügig von 478 Mrd. auf 513 Mrd. L., was aber auch mit der in der zweiten Jahreshälfte erfolgten Übernahme der Siemens-Energiekabelproduktion ( erste Quote : 260 Mrd. L . );prozess;Gradadverbial;done;;frei;+;nd;+;nd;nd;nd;+;nd;nd;nd;nd;nd;nd;nd;nd;nd;nd;nd;nd;nd;nd;nd
32;VVFIN;ADJD;korrigieren;2;NZZ_1994_05_11_a40_seg3_s4;11;Full|3|Sg|Past|Ind;"Damit korrigierte das Amt die vorläufigen Ergebnisse für den April geringfügig nach unten ; auf Grund der Berechnungen aus 4 Bundesländern waren eine Jahresinflationsrate von 2% und eine Monatsteuerung von 3% Prozent angenommen worden .";nd;nd;not of interest;ModPP;;nd;nd;nd;nd;nd;nd;nd;nd;nd;nd;nd;nd;nd;nd;nd;nd;nd;nd;nd;nd;nd;nd
33;VVPP;ADJD;verringern;17;NZZ_1998_03_11_a218_seg3_s18;16;Full|Psp;Das Resultat beider Gruppen ist eindeutig : Hätte sich die Expansionsrate des Universums auch nur geringfügig verringert, könnten die Supernovae heute nicht so weit von der Erde entfernt sein, wie es nun festgestellt wurde .;prozess;Gradadverbial;done;;frei;+;nd;+;nd;nd;nd;+;nd;nd;nd;nd;nd;nd;nd;nd;nd;nd;nd;nd;nd;nd;nd
34;VVFIN;ADJD;steigen;6;NZZ_1997_09_27_a86_seg6_s10;11;Full|3|Sg|Past|Ind;Die Rendite der hiesigen Bundesobligationen stieg seit dem letzten Freitag geringfügig um drei Basispunkte auf 38% .;prozess;Gradadverbial;done;;frei;+;nd;+;nd;nd;nd;+;nd;nd;nd;nd;nd;nd;nd;nd;nd;nd;nd;nd;nd;nd;nd
35;VVPP;ADJD;erhöhen;15;NZZ_1995_09_14_a79_seg5_s7;14;Full|Psp;"Die Nachfrage nach Arbeitskräften hat sich im Urteil des Federal Reserve Board zuletzt geringfügig erhöht ; gewisse Engpässe in Teilsektoren des Arbeitsmarktes wurden aus Richmond und San Francisco gemeldet .";prozess;Gradadverbial;done;;frei;+;nd;+;nd;nd;nd;+;nd;nd;nd;nd;nd;nd;nd;nd;nd;nd;nd;nd;nd;nd;nd
36;VVPP;ADJD;vergrößern;12;NZZ_1997_08_13_a154_seg2_s11;11;Full|Psp;Die Trockenstandplätze auf dem Areal des Sportfischervereins Glattal würden nur geringfügig vergrössert .;prozess;Gradadverbial;done;;frei;+;nd;+;nd;nd;nd;+;nd;nd;nd;nd;nd;nd;nd;nd;nd;nd;nd;nd;nd;nd;nd
37;VVPP;ADJD;ändern;29;NZZ_1995_12_19_a31_seg4_s6;27;Full|Psp;Gemäss den Auswertungen des Bundesamtes für Statistik hat sich an den Grundgesetzen der Frauenvertretung nämlich bei den letzten Wahlen trotz vermehrten Anstrengungen der Frauen schweizweit nur geringfügig etwas geändert .;prozess;Gradadverbial;done;;frei;+;nd;+;nd;nd;nd;+;nd;nd;nd;nd;nd;nd;nd;nd;nd;nd;nd;nd;nd;nd;nd
38;VVPP;ADJD;verschieben;16;NZZ_1996_12_11_a53_seg3_s2;14;Full|Psp;Der am Vortrag neu entstandene Wirbel über dem zentralen Mittelmeerraum hat sich nur geringfügig südlich verschoben .;prozess;Gradadverbial;done;syntaktisch ambig;frei;+;nd;+;nd;nd;nd;+;nd;nd;nd;nd;nd;nd;nd;nd;nd;nd;nd;nd;nd;nd;nd
39;VVPP;ADJD;auswirken;40;NZZ_1998_12_14_a80_seg6_s2;29;Full|Psp;Eine Fortsetzung dieser Politik ist zu erwarten, da - wie die Investmentbank Warburg Dillon Read ermittelt hat - die bisher erzielte Reduktion des nominellen Zinsniveaus sich nur geringfügig auf den seit rund zwei Jahren bestehenden Trend steigender Realzinsen ausgewirkt hat .;prozess;Gradadverbial;done;;frei;+;nd;+;nd;nd;nd;+;nd;nd;nd;nd;nd;nd;nd;nd;nd;nd;nd;nd;nd;nd;nd
40;VVPP;ADJD;verändern;10;NZZ_1999_07_26_a62_seg2_s5;9;Full|Psp;Die verbotenen Feuerwaffen waren von den Herstellerfirmen jedoch geringfügig verändert und unter neuer Typenbezeichnung weiterhin vertrieben worden .;prozess;Gradadverbial;done;;frei;+;nd;+;nd;nd;nd;+;nd;nd;nd;nd;nd;nd;nd;nd;nd;nd;nd;nd;nd;nd;nd
41;VVFIN;ADJD;stufen;26;NZZ_1999_11_18_a191_seg4_s19;32;Full|3|Sg|Past|Ind;Da sich dieser Raum in einer Abbruchliegenschaft befand und weil es den Brandstiftern nicht gelang, wie geplant das ganze Haus « abzufackeln », stufte das Gericht die Taten als geringfügig ein .;nd;nd;not of interest;vergleich;;nd;nd;nd;nd;nd;nd;nd;nd;nd;nd;nd;nd;nd;nd;nd;nd;nd;nd;nd;nd;nd;nd
42;VVPP;ADJD;auswirken;12;NZZ_1997_08_28_a121_seg2_s4;8;Full|Psp;Das Auslaufen von Optionen habe sich nur geringfügig auf den Markt ausgewirkt, erklärten Händler .;prozess;Gradadverbial;done;;frei;+;nd;+;nd;nd;nd;+;nd;nd;nd;nd;nd;nd;nd;nd;nd;nd;nd;nd;nd;nd;nd
43;VVFIN;ADJD;sinken;7;NZZ_1996_09_14_a74_seg3_s3;11;Full|3|Sg|Past|Ind;Der Export von Papier und Karton sank mit 8% nur geringfügig auf 401 070 t, während der Import um fast 10% auf 419 171 t zurückging .;prozess;Gradadverbial;done;;frei;+;nd;+;nd;nd;nd;+;nd;nd;nd;nd;nd;nd;nd;nd;nd;nd;nd;nd;nd;nd;nd
44;VVFIN;ADJD;unterscheiden;21;NZZ_1997_06_23_a75_seg7_s5;15;Full|3|Sg|Past|Ind;Ein weiteres Indiz für die künstlerische Krise ist, dass sich das Programm nur geringfügig von jenem vor fünf Jahren unterschied .;prozess;Gradadverbial;done;;frei;+;nd;+;nd;nd;nd;+;nd;nd;nd;nd;nd;nd;nd;nd;nd;nd;nd;nd;nd;nd;nd
45;VVPP;ADJD;verändern;13;NZZ_1997_12_06_a40_seg2_s10;12;Full|Psp;Nur gerade 20 Moorlandschaften blieben von Reduktionen verschont, 12 wurden geringfügig verändert, 55 verkleinert und 4 gänzlich gestrichen .;prozess;Gradadverbial;done;;frei;+;nd;+;nd;nd;nd;+;nd;nd;nd;nd;nd;nd;nd;nd;nd;nd;nd;nd;nd;nd;nd
46;VVINF;ADJD;abnehmen;15;NZZ_1999_05_06_a70_seg9_s3;14;Full|-2;Auf dem Arbeitsmarkt dürfte der Druck gemäss den Voraussagen trotz dem Wachstum nur geringfügig abnehmen, da sowohl mit einer leichten Erhöhung der Arbeitsproduktivität wie auch der Erwerbsneigung gerechnet wird .;prozess;Gradadverbial;done;;frei;+;nd;+;nd;nd;nd;+;nd;nd;nd;nd;nd;nd;nd;nd;nd;nd;nd;nd;nd;nd;nd
47;VVFIN;ADJD;ändern;4;NZZ_1994_12_28_a77_seg10_s11;8;Full|3|Sg|Pres|Ind;Der strahlende Morgenstern ändert seine Helligkeit nur geringfügig und bleibt auch diesen Monat neben Sonne und Mond das hellste Gestirn .;prozess;Gradadverbial;done;;frei;+;nd;+;nd;nd;nd;+;nd;nd;nd;nd;nd;nd;nd;nd;nd;nd;nd;nd;nd;nd;nd
48;VVPP;ADJD;verletzen;17;NZZ_1998_01_13_a150_seg6_s5;16;Full|Psp;Die Unfallverursacherin und ihre beiden Kinder im Alter von sieben und acht Jahren wurden nur geringfügig verletzt .;prozess;Gradadverbial;done;;frei;+;nd;+;nd;nd;nd;+;nd;nd;nd;nd;nd;nd;nd;nd;nd;nd;nd;nd;nd;nd;nd
49;VVFIN;ADJD;geben;28;NZZ_1997_05_06_a83_seg4_s3;34;Full|3|Sg|Past|Ind;"In Deutschland wurden im Berichtsquartal denn auch knapp 5% weniger Autos an die Kunden ausgeliefert als im selben Vorjahresquartal ; da aber der gesamte Markt schrumpfte, gab der Marktanteil der Konzernmarken nur geringfügig von 3% auf 1% nach .";prozess;Gradadverbial;done;;frei;+;nd;+;nd;nd;nd;+;nd;nd;nd;nd;nd;nd;nd;nd;nd;nd;nd;nd;nd;nd;nd
50;VVFIN;ADJD;legen;3;NZZ_1997_12_06_a112_seg2_s7;9;Full|3|Sg|Past|Ind;In Australien legte der All-Ordinaries-Index bei dünnem Handel geringfügig um 18% zu .;prozess;Gradadverbial;done;;frei;+;nd;+;nd;nd;nd;+;nd;nd;nd;nd;nd;nd;nd;nd;nd;nd;nd;nd;nd;nd;nd
51;VVIMP;ADJD;weichen;5;NZZ_1995_12_19_a179_seg4_s6;10;Full|3|Sg|Pres|Ind;Von den Dimensionen her weicht der Lancia Y nur geringfügig vom Fiat Punto ab .;prozess;Gradadverbial;done;;frei;+;nd;+;nd;nd;nd;+;nd;nd;nd;nd;nd;nd;nd;nd;nd;nd;nd;nd;nd;nd;nd
52;VVFIN;ADJD;nehmen;6;NZZ_1993_08_10_a144_seg3_s15;9;Full|3|Sg|Past|Ind;Die Zahl der verletzten Personen nahm von 1648 geringfügig auf 1627 ab .;prozess;Gradadverbial;done;;frei;+;nd;+;nd;nd;nd;+;nd;nd;nd;nd;nd;nd;nd;nd;nd;nd;nd;nd;nd;nd;nd
53;VVFIN;ADJD;schwächen;8;NZZ_1994_07_12_a78_seg33_s2;11;Full|3|Sg|Pres|Ind;Das Hochdruckgebiet mit Zentrum über der Ostsee schwächt sich nur geringfügig ab .;prozess;Gradadverbial;done;;frei;+;nd;+;nd;nd;nd;+;nd;nd;nd;nd;nd;nd;nd;nd;nd;nd;nd;nd;nd;nd;nd
54;VVPP;ADJD;verletzen;6;NZZ_1998_01_21_a40_seg3_s2;5;Full|Psp;Dabei wurde eine Person geringfügig verletzt, wie die Schwyzer Kantonspolizei mitteilte .;prozess;Gradadverbial;done;;frei;+;nd;+;nd;nd;nd;+;nd;nd;nd;nd;nd;nd;nd;nd;nd;nd;nd;nd;nd;nd;nd
55;VVFIN;ADJD;verbessern;28;NZZ_1995_02_08_a29_seg12_s11;27;Full|3|Sg|Pres|Subj;Für Friedli zeigt die Studie Coopers & Lybrand deutlich, dass die Rückstellung einer Achse unter den derzeitigen verkehrspolitischen Bedingungen die betriebswirtschaftliche Rentabilität der Neat nur geringfügig verbessere .;prozess;Gradadverbial;done;;frei;+;nd;+;nd;nd;nd;+;nd;nd;nd;nd;nd;nd;nd;nd;nd;nd;nd;nd;nd;nd;nd
56;VVINF;ADJD;steigern;15;NZZ_1995_03_27_a11_seg2_s12;11;Full|-2;Weit abgeschlagen folgen die Grünen, die ihren Stimmenanteil nur geringfügig auf 2 Prozent steigern konnten .;prozess;Gradadverbial;done;;frei;+;nd;+;nd;nd;nd;+;nd;nd;nd;nd;nd;nd;nd;nd;nd;nd;nd;nd;nd;nd;nd
57;VVFIN;ADJD;steigen;5;NZZ_1999_07_21_a78_seg2_s3;9;Full|3|Sg|Past|Ind;Der Gewinn vor Steuern stieg ohne Goodwill-Verrechnung nur geringfügig von 294 Mio. auf 300 Mio. £ .;prozess;Gradadverbial;done;;frei;+;nd;+;nd;nd;nd;+;nd;nd;nd;nd;nd;nd;nd;nd;nd;nd;nd;nd;nd;nd;nd
58;VVFIN;ADJD;steigen;5;NZZ_1995_03_14_a92_seg3_s4;7;Full|3|Sg|Past|Ind;Der Reingewinn der Gruppe stieg ebenfalls geringfügig auf 5 ( 1 ) Mio. Fr.;prozess;Gradadverbial;done;;frei;+;nd;+;nd;nd;nd;+;nd;nd;nd;nd;nd;nd;nd;nd;nd;nd;nd;nd;nd;nd;nd
59;VVFIN;ADJD;steigern;3;NZZ_1997_01_16_a96_seg2_s5;6;Full|3|Sg|Past|Ind;Das Unternehmen steigerte den Umsatz geringfügig auf 1 ( 8 ) Mrd. $;prozess;Gradadverbial;done;;frei;+;nd;+;nd;nd;nd;+;nd;nd;nd;nd;nd;nd;nd;nd;nd;nd;nd;nd;nd;nd;nd
60;VVFIN;ADJD;belasten;32;NZZ_1998_02_19_a68_seg3_s3;31;Full|3|Sg|Pres|Subj;Als einzige Ausnahme will die EU-Kommission die Entsorgung von Betoninseln gelten lassen, für deren Beseitigung an Land es bisher keine geeignete Technik gebe und deren Versenkung die Meere nur geringfügig belaste .;prozess;Gradadverbial;done;;frei;+;nd;+;nd;nd;nd;+;nd;nd;nd;nd;nd;nd;nd;nd;nd;nd;nd;nd;nd;nd;nd
61;VVFIN;ADJD;wirken;4;NZZ_1999_01_22_a107_seg3_s6;10;Full|3|Pl|Past|Ind;Veränderungen im Konsolidierungskreis wirkten sich dagegen per saldo nur geringfügig auf die Umsatzentwicklung aus ( 3% ) .;prozess;Gradadverbial;done;;frei;+;nd;+;nd;nd;nd;+;nd;nd;nd;nd;nd;nd;nd;nd;nd;nd;nd;nd;nd;nd;nd
62;VVPP;ADJD;niedergeschlagen;31;NZZ_1995_09_28_a93_seg2_s11;30;Full|Psp;Die deutlich spürbare Abwertung - in handelsgewichteter Form zwischen 1993 und dem zweiten Quartal dieses Jahres um fast 10% - hat sich im Index der Konsumgüterpreise bisher nur relativ geringfügig niedergeschlagen, weil in der Bevölkerung ein bemerkenswert grosser Widerstand gegen Preiserhöhungen besteht .;prozess;Gradadverbial;done;;frei;+;nd;+;nd;nd;nd;+;nd;nd;nd;nd;nd;nd;nd;nd;nd;nd;nd;nd;nd;nd;nd
63;VVFIN;ADJD;beeinflussen;21;NZZ_1999_04_21_a219_seg3_s6;20;Full|3|Pl|Pres|Ind;Bei den gut 1400 Teilnehmern der englischen Studie zeigte sich, dass kohlehydratreiche Nahrungsmittel, die den Blutzuckerspiegel nur geringfügig beeinflussen, das schützende HDL-Cholesterin im Blut ganz deutlich zu erhöhen vermögen .;prozess;Gradadverbial;done;;frei;+;nd;+;nd;nd;nd;+;nd;nd;nd;nd;nd;nd;nd;nd;nd;nd;nd;nd;nd;nd;nd
64;VVPP;ADJD;verlängern;11;NZZ_1997_05_13_a36_seg5_s7;10;Full|Psp;In den folgenden Jahren wurden lediglich noch bestehende Linien geringfügig verlängert .;prozess;Gradadverbial;done;;frei;+;nd;+;nd;nd;nd;+;nd;nd;nd;nd;nd;nd;nd;nd;nd;nd;nd;nd;nd;nd;nd
65;VVFIN;ADJD;nehmen;14;NZZ_1997_02_27_a99_seg8_s8;15;Full|3|Sg|Past|Ind;"In Asien ist die Gruppe in sechs Ländern tätig ; der operative Gewinn nahm geringfügig auf 12 Mio. £ zu .";prozess;Gradadverbial;done;;frei;+;nd;+;nd;nd;nd;+;nd;nd;nd;nd;nd;nd;nd;nd;nd;nd;nd;nd;nd;nd;nd
66;VVPP;ADJD;verringern;18;NZZ_1994_11_09_a32_seg3_s3;17;Full|Psp;In absoluten Zahlen betrachtet, hat sich die Gruppe der Arbeitslosen in Westdeutschland im Berichtsmonat nur geringfügig verringert : Mit knapp 45 Mio. Personen machten die unfreiwillig Erwerbslosen Ende Oktober zwar rund 6000 Personen weniger aus als Ende September, aber immerhin fast 88 000 Leute mehr als vor einem Jahr .;prozess;Gradadverbial;done;;frei;+;nd;+;nd;nd;nd;+;nd;nd;nd;nd;nd;nd;nd;nd;nd;nd;nd;nd;nd;nd;nd
67;VVFIN;ADJD;steigen;7;NZZ_1998_01_10_a81_seg3_s10;9;Full|3|Pl|Past|Ind;Die durchschnittlichen Stundenlöhne in der Gesamtwirtschaft stiegen nur geringfügig um 1 Cent auf $ 12.48 .;prozess;Gradadverbial;done;;frei;+;nd;+;nd;nd;nd;+;nd;nd;nd;nd;nd;nd;nd;nd;nd;nd;nd;nd;nd;nd;nd
68;VVFIN;ADJD;erhöhen;40;NZZ_1994_05_24_a49_seg5_s3;29;Full|3|Sg|Past|Ind;Gemäss statistischen Angaben ist der Anstieg der erwerbstätigen Ausländer fast ausschliesslich auf schweizerische Grenzgänger zurückzuführen, weil sich die Zahl der ausländischen Erwerbstätigen mit Wohnsitz in Liechtenstein nur geringfügig um 6% auf 5430 ( i. V. 5396 ) Personen erhöhte, während der Bestand der Grenzgänger aus Österreich um 9% auf 4187 ( 4227 ) Personen zurückging .;prozess;Gradadverbial;done;;frei;+;nd;+;nd;nd;nd;+;nd;nd;nd;nd;nd;nd;nd;nd;nd;nd;nd;nd;nd;nd;nd
69;VVPP;ADJD;steigen;18;NZZ_1996_06_06_a71_seg4_s1;14;Full|Psp;Das reale Bruttoinlandprodukt Deutschlands ist im ersten Quartal des laufenden Jahres nur noch geringfügig über den Vorjahresstand gestiegen .;prozess;Gradadverbial;done;;frei;+;nd;+;nd;nd;nd;+;nd;nd;nd;nd;nd;nd;nd;nd;nd;nd;nd;nd;nd;nd;nd
70;VVPP;ADJD;verletzen;27;NZZ_1994_02_24_a125_seg18_s9;26;Full|Psp;Ein 37jähriger Schweizer aus der Region wurde durch Messerstiche schwer, aber nicht lebensgefährlich verletzt, seine 32jährige Frau durch einen Schlag auf den Kopf geringfügig verletzt .;prozess;Gradadverbial;done;;frei;+;nd;+;nd;nd;nd;+;nd;nd;nd;nd;nd;nd;nd;nd;nd;nd;nd;nd;nd;nd;nd
71;VVFIN;ADJD;weichen;26;NZZ_1998_04_24_a166_seg3_s4;32;Full|3|Sg|Pres|Subj;Mosse Adress ist es gelungen, mit einer totalen Überraschung aufzuwarten, obwohl der Zürcher Stadtpräsident Josef Estermann im Vorwort behauptet, die Ausgabe 1998 weiche von der vorigen Ausgabe nur geringfügig ab .;prozess;Gradadverbial;done;;frei;+;nd;+;nd;nd;nd;+;nd;nd;nd;nd;nd;nd;nd;nd;nd;nd;nd;nd;nd;nd;nd
72;VVPP;ADJD;behindern;19;NZZ_1996_06_27_a188_seg2_s49;18;Full|Psp;Der Super-G- und Riesenslalom-Spezialist wurde bereits operiert und dürfte in den Vorbereitungen auf die kommende Weltcup-Saison nur geringfügig behindert werden .;prozess;Gradadverbial;done;;frei;+;nd;+;nd;nd;nd;+;nd;nd;nd;nd;nd;nd;nd;nd;nd;nd;nd;nd;nd;nd;nd
73;VVFIN;ADJD;verbessern;18;NZZ_1996_06_05_a161_seg8_s6;20;Full|3|Pl|Past|Ind;Laut Bezirksanwaltschaft übernahmen sie deshalb das fremde Programm als Basis für ihr eigenes Projekt und veränderten und verbesserten es geringfügig .;prozess;Gradadverbial;done;;frei;+;nd;+;nd;nd;nd;+;nd;nd;nd;nd;nd;nd;nd;nd;nd;nd;nd;nd;nd;nd;nd
74;VVINF;ADJD;entlasten;24;NZZ_1998_12_30_a72_seg6_s7;23;Full|3|Pl|Pres|Ind;Anfang Dezember hat das Regierungslager unter dem Titel « Solidaritätsstärkungsgesetz » ein sogenanntes Vorschaltgesetz durch den Bundestag gebracht, das die Patienten geringfügig entlasten, Elemente der privaten Versicherungswirtschaft wieder eliminieren und für das Jahr 1999 im wesentlichen sicherstellen soll, dass die Ausgaben der gesetzlichen Krankenkassen nicht stärker steigen als die Beitragseinnahmen bei stabilen Beitragssätzen .;prozess;Gradadverbial;done;;frei;+;nd;+;nd;nd;nd;+;nd;nd;nd;nd;nd;nd;nd;nd;nd;nd;nd;nd;nd;nd;nd
75;VVPP;ADJD;verbessern;35;NZZ_1995_04_03_a10_seg7_s7;34;Full|Psp;Nach nichtamtlichen Berechnungen, die von der ÖVP veröffentlicht wurden, hat die SPÖ etwa 6 Prozentpunkte verloren und die FPÖ 5 Prozentpunkte dazugewonnen, während die ÖVP ihren Stand von 2 Prozent geringfügig verbessert hat .;prozess;Gradadverbial;done;;frei;+;nd;+;nd;nd;nd;+;nd;nd;nd;nd;nd;nd;nd;nd;nd;nd;nd;nd;nd;nd;nd
76;VVFIN;ADJD;avancieren;11;NZZ_1996_03_15_a78_seg3_s3;16;Full|3|Sg|Past|Ind;Ohne die beiden normalerweise stark schwankenden Komponenten Energie und Nahrungsmittel avancierte die « Kernrate » geringfügig um 1 ( Vormonat 1 ) %;prozess;Gradadverbial;done;;frei;+;nd;+;nd;nd;nd;+;nd;nd;nd;nd;nd;nd;nd;nd;nd;nd;nd;nd;nd;nd;nd
77;VVPP;ADJD;zurückgehen;14;NZZ_1996_02_06_a83_seg4_s7;13;Full|Psp;Bezogen auf die bestehende Fläche, ist der Umsatz im Jahresvergleich zudem geringfügig zurückgegangen .;prozess;Gradadverbial;done;;frei;+;nd;+;nd;nd;nd;+;nd;nd;nd;nd;nd;nd;nd;nd;nd;nd;nd;nd;nd;nd;nd
78;VVINF;ADJD;sinken;22;NZZ_1996_09_14_a83_seg3_s9;15;Full|-2;Die hartnäckige Inflation hingegen soll auch 1997 gemessen an den Konsumentenpreisen im Jahresdurchschnitt nur geringfügig auf 6 ( 1 ) % sinken, während die Arbeitslosenquote mit 7 ( 2 ) % per Ende Jahr gering bleibt .;prozess;Gradadverbial;done;;frei;+;nd;+;nd;nd;nd;+;nd;nd;nd;nd;nd;nd;nd;nd;nd;nd;nd;nd;nd;nd;nd
79;VVFIN;ADJD;vergrößern;19;NZZ_1996_01_30_a225_seg6_s2;25;Full|3|Sg|Past|Ind;Obwohl die Performance der in der Schweiz vertriebenen Geldmarktfonds gegenüber anderen Kategorien 1995 insgesamt zu wünschen übrigliess, vergrösserte sich - wenn auch nur geringfügig - ihr Anteil am in Anlagefonds investierten Mittelbestand von 3% auf 7% .;prozess;Gradadverbial;done;;frei;+;nd;+;nd;nd;nd;+;nd;nd;nd;nd;nd;nd;nd;nd;nd;nd;nd;nd;nd;nd;nd
80;VVFIN;ADJD;schließen;3;NZZ_1996_12_07_a97_seg6_s5;5;Full|3|Sg|Past|Ind;Der Nasdaq-Index schloss nur geringfügig unter dem Vortagesstand .;prozess;Gradadverbial;done;;frei;+;nd;+;nd;nd;nd;+;nd;nd;nd;nd;nd;nd;nd;nd;nd;nd;nd;nd;nd;nd;nd
81;VVIMP;ADJD;skizzieren;18;NZZ_1997_11_15_a225_seg9_s52;21;Full|3|Sg|Pres|Ind;Wir müssen das Schnittmuster der « Toten Seelen », wie es Gogol im « Briefwechsel » skizziert, nur geringfügig ändern, um eine Massanfertigung für Tschitschikow zu erhalten : « So wurde es gemacht : ich nahm eine [ s ] einer schlechten Eigenschaften und versuchte sie [ ... ] Gestalt eines Todfeindes auszumalen . »;prozess;Gradadverbial;done;;frei;+;nd;+;nd;nd;nd;+;nd;nd;nd;nd;nd;nd;nd;nd;nd;nd;nd;nd;nd;nd;nd
82;VVPP;ADJD;entlasten;20;NZZ_1995_12_02_a73_seg2_s4;19;Full|Psp;Walesa hatte bemängelt, die Neuregelung würde den Mittelstand erheblich belasten, während gleichzeitig die niedrigsten Einkommen nur geringfügig entlastet würden .;prozess;Gradadverbial;done;;frei;+;nd;+;nd;nd;nd;+;nd;nd;nd;nd;nd;nd;nd;nd;nd;nd;nd;nd;nd;nd;nd
83;VVPP;ADJD;orientieren;25;NZZ_1996_07_17_a166_seg2_s17;24;Full|Psp;Aus den sehr scharfen Spektren ging hervor, dass die Beta-Faltblätter zu 40% in der Faserachse orientiert sind, während der Rest nur geringfügig orientiert ist .;nd;nd;not of interest;ModPräd;;nd;nd;nd;nd;nd;nd;nd;nd;nd;nd;nd;nd;nd;nd;nd;nd;nd;nd;nd;nd;nd;nd
84;VVINF;ADJD;fallen;22;NZZ_1998_11_24_a55_seg4_s8;20;Full|-2;Mit der Warmluftzufuhr aus Südosten ziehen Wolkenfelder auf, aus denen im Tessin, in Graubünden und am Alpenkamm geringfügig Schnee fallen kann .;prozess;Gradadverbial;done;;frei;+;nd;+;nd;nd;nd;+;nd;nd;nd;nd;nd;nd;nd;nd;nd;nd;nd;nd;nd;nd;nd
85;VVFIN;ADJD;bezeichnen;3;NZZ_1996_04_10_a82_seg4_s5;10;Full|3|Sg|Past|Ind;Finanzminister Åsbrink bezeichnete die noch nötigen Justierungen aber als geringfügig .;nd;nd;not of interest;vergleich;;nd;nd;nd;nd;nd;nd;nd;nd;nd;nd;nd;nd;nd;nd;nd;nd;nd;nd;nd;nd;nd;nd
86;VVINF;ADJD;zunehmen;28;NZZ_1995_01_28_a171_seg7_s11;23;Full|-2;Ruedi Hotz, Projektleiter der Dezentralen Drogenhilfe im Bezirk Horgen, rechnet damit, dass mit der Lettenschliessung die Anzahl Unterstützungsbedürftiger nur geringfügig auf rund 60 Personen zunehmen wird .;prozess;Gradadverbial;done;;frei;+;nd;+;nd;nd;nd;+;nd;nd;nd;nd;nd;nd;nd;nd;nd;nd;nd;nd;nd;nd;nd
87;VVIZU;ADJD;zulassen;12;NZZ_1997_08_19_a27_seg4_s11;11;Full|zu;Sie machten geltend, dass Erhöhungen gar nicht oder nur geringfügig zuzulassen seien, solange die Kostentransparenz noch nicht erreicht sei .;prozess;Gradadverbial;done;;frei;+;nd;+;nd;nd;nd;+;nd;nd;nd;nd;nd;nd;nd;nd;nd;nd;nd;nd;nd;nd;nd
88;VVPP;ADJD;arrondieren;28;NZZ_1995_05_24_a109_seg3_s10;27;Full|Psp;Die zur Bellevue Holding gehörende Beteiligungsgesellschaft für Anlagen im Bereich der ( amerikanischen ) Biotechnologie hat gemäss einem Zwischenbericht in den ersten 4 Monaten das Portefeuille geringfügig arrondiert .;prozess;Gradadverbial;done;;frei;+;nd;+;nd;nd;nd;+;nd;nd;nd;nd;nd;nd;nd;nd;nd;nd;nd;nd;nd;nd;nd
89;VVFIN;ADJD;vergrößern;3;NZZ_1995_03_31_a104_seg4_s12;5;Full|3|Sg|Past|Ind;Die Bilanzsumme vergrösserte sich geringfügig um 6% auf 8 Mrd. Fr .;prozess;Gradadverbial;done;;frei;+;nd;+;nd;nd;nd;+;nd;nd;nd;nd;nd;nd;nd;nd;nd;nd;nd;nd;nd;nd;nd
90;VVFIN;ADJD;fallen;3;NZZ_1997_05_21_a92_seg7_s20;5;Full|3|Sg|Past|Ind;Das Ergebnis fiel nur geringfügig über jenem des Vorjahrs aus .;nd;nd;not of interest;ModPP;;nd;nd;nd;nd;nd;nd;nd;nd;nd;nd;nd;nd;nd;nd;nd;nd;nd;nd;nd;nd;nd;nd
91;VVFIN;ADJD;erhöhen;26;NZZ_1993_02_10_a146_seg2_s12;25;Full|-2;Solche extremen psychischen Belastungen können ebenfalls, vor allem wenn sie mit Schlafentzug verbunden sind, bei diesbezüglich veranlagten Menschen das Risiko für Krampfanfälle geringfügig erhöhen .;prozess;Gradadverbial;done;;frei;+;nd;+;nd;nd;nd;+;nd;nd;nd;nd;nd;nd;nd;nd;nd;nd;nd;nd;nd;nd;nd
92;VVPP;ADJD;wachsen;9;NZZ_1994_02_08_a74_seg2_s2;8;Full|Psp;Obwohl der schweizerische PC-Markt 1993 wertmässig nur geringfügig gewachsen ist, kann die Firmengruppe der Also Holding AG, Hergiswil, eine Verdoppelung des Umsatzes von 9 Mio. Fr. auf 2 Mio. Fr. melden .;prozess;Gradadverbial;done;;frei;+;nd;+;nd;nd;nd;+;nd;nd;nd;nd;nd;nd;nd;nd;nd;nd;nd;nd;nd;nd;nd
93;VVPP;ADJD;reduzieren;13;NZZ_1996_01_25_a18_seg14_s3;12;Full|Psp;Gleichzeitig wird der Einfluss kleiner Länder nicht offensichtlich, sondern nur geringfügig reduziert .;prozess;Gradadverbial;done;;frei;+;nd;+;nd;nd;nd;+;nd;nd;nd;nd;nd;nd;nd;nd;nd;nd;nd;nd;nd;nd;nd
94;VVINF;ADJD;erhöhen;19;NZZ_1997_06_19_a54_seg39_s3;14;Full|-2;Er schlägt deshalb mit einer Kommissionsminderheit vor, die Mehrwertsteuer ( MWSt ) geringfügig um 1 Prozent zu erhöhen, was Mehreinnahmen von 200 Millionen Franken pro Jahr ergäbe .;prozess;Gradadverbial;done;;frei;+;nd;+;nd;nd;nd;+;nd;nd;nd;nd;nd;nd;nd;nd;nd;nd;nd;nd;nd;nd;nd
95;VVFIN;ADJD;ändern;25;NZZ_1995_02_21_a35_seg3_s3;32;Full|3|Sg|Past|Ind;Im Vergleich zum Ergebnis der ersten Lesung - es unterlag im Sommer und Herbst 1994 der sogenannten Volksdiskussion, einem allgemein zugänglichen Vernehmlassungsverfahren - änderte das Parlament den Text nur noch geringfügig .;prozess;Gradadverbial;done;;frei;+;nd;+;nd;nd;nd;+;nd;nd;nd;nd;nd;nd;nd;nd;nd;nd;nd;nd;nd;nd;nd
96;VVFIN;ADJD;erhöhen;3;NZZ_1996_06_21_a122_seg4_s12;6;Full|3|Sg|Past|Ind;Der Umsatz erhöhte sich nur geringfügig auf 9 ( 6 ) Mrd. DM .;prozess;Gradadverbial;done;;frei;+;nd;+;nd;nd;nd;+;nd;nd;nd;nd;nd;nd;nd;nd;nd;nd;nd;nd;nd;nd;nd
97;VVPP;ADJD;erhöhen;13;NZZ_1998_08_20_a73_seg4_s4;12;Full|Psp;Die Gewitter zum Wochenbeginn haben die Wassermengen in diesen Gewässern nur geringfügig erhöht .;prozess;Gradadverbial;done;;frei;+;nd;+;nd;nd;nd;+;nd;nd;nd;nd;nd;nd;nd;nd;nd;nd;nd;nd;nd;nd;nd
98;VVPP;ADJD;bezeichnen;23;NZZ_1995_02_02_a48_seg5_s5;22;Full|Psp;Dazu wurde festgehalten, es entspreche « durchaus der allgemeinen Lebenserfahrung, dass eine Auffahrkollision, die jedenfalls nicht als bloss geringfügig bezeichnet werden kann, bei den Insassen der darin verwickelten Fahrzeuge zu Gesundheitsschädigungen von der Art, wie sie die Klägerin erlitten hat, führen kann » .;nd;nd;not of interest;vergleich;;nd;nd;nd;nd;nd;nd;nd;nd;nd;nd;nd;nd;nd;nd;nd;nd;nd;nd;nd;nd;nd;nd
99;VVPP;ADJD;verändern;14;;13;Full|Psp;, Tessin ) fest, denn die Leistungskapazität des CSCS wird nur geringfügig verändert .;prozess;Gradadverbial;done;unvollständig;frei;+;nd;+;nd;nd;nd;+;nd;nd;nd;nd;nd;nd;nd;nd;nd;nd;nd;nd;nd;nd;nd
100;VVFIN;ADJD;schlingern;9;NZZ_1997_03_19_a177_seg3_s10;13;Full|3|Sg|Pres|Ind;Kreist ein solcher Planet um seine Sonne, schlingert auch das Zentralgestirn geringfügig um den gemeinsamen Schwerpunkt .;prozess;Gradadverbial;done;;frei;+;nd;+;nd;nd;nd;+;nd;nd;nd;nd;nd;nd;nd;nd;nd;nd;nd;nd;nd;nd;nd
101;VVPP;ADJD;beeinflussen;28;NZZ_1995_02_17_a84_seg5_s7;27;Full|Psp;Wie das BFS in seiner Pressemitteilung weiter ausführt, dürfte der Produzenten- und Importpreisindex durch die auf Januar erfolgte Ablösung der Warenumsatzsteuer durch die Mehrwertsteuer nur geringfügig beeinflusst werden, da die Indizes die Preisentwicklung exklusive allfälliger indirekter Steuern messen .;prozess;Gradadverbial;done;;frei;+;nd;+;nd;nd;nd;+;nd;nd;nd;nd;nd;nd;nd;nd;nd;nd;nd;nd;nd;nd;nd
102;VVPP;ADJD;verschieben;4;NZZ_1994_04_08_a68_seg8_s8;8;Full|3|Pl|Past|Ind;Auch die Grossratswahlen verschoben die Gewichte nur geringfügig : trotz leichtem Linksrutsch - mit den Sozialdemokraten als Gewinnern und den Freisinnigen als Verlierern - wurde die bürgerliche Mehrheit bestätigt ( vgl. Kasten ) .;prozess;Gradadverbial;done;;frei;+;nd;+;nd;nd;nd;+;nd;nd;nd;nd;nd;nd;nd;nd;nd;nd;nd;nd;nd;nd;nd
103;VVFIN;ADJD;nehmen;18;NZZ_1996_03_20_a91_seg5_s17;19;Full|3|Sg|Past|Ind;Der Umsatz des Konzerns, der bis vor kurzem unter dem Namen Bowater bekannt gewesen war, nahm geringfügig auf 45 Mrd. £ zu .;prozess;Gradadverbial;done;;frei;+;nd;+;nd;nd;nd;+;nd;nd;nd;nd;nd;nd;nd;nd;nd;nd;nd;nd;nd;nd;nd
104;VVPP;ADJD;steigen;13;NZZ_1999_12_04_a87_seg5_s8;12;Full|Psp;"Trotz solchen Knappheitserscheinungen sind die Durchschnittslöhne im Monatsvergleich mit 1% nur geringfügig gestiegen ; seit Jahresbeginn kletterten sie um 6% .";prozess;Gradadverbial;done;;frei;+;nd;+;nd;nd;nd;+;nd;nd;nd;nd;nd;nd;nd;nd;nd;nd;nd;nd;nd;nd;nd
105;VVPP;ADJD;ändern;6;NZZ_1994_02_25_a224_seg2_s4;5;Full|Psp;Lediglich der Stempeltext ist geringfügig geändert worden, und die breite halbfette Schrift hat man durch eine normale Grotesk ersetzt .;prozess;Gradadverbial;done;;frei;+;nd;+;nd;nd;nd;+;nd;nd;nd;nd;nd;nd;nd;nd;nd;nd;nd;nd;nd;nd;nd
106;VVFIN;ADJD;expandieren;57;NZZ_1995_07_25_a91_seg7_s3;56;Full|3|Sg|Past|Ind;Dabei ergibt sich bei einer genaueren Analyse des Datenmaterials ein durchzogenes Bild : Der Mittelabfluss aus Obligationenfonds dauerte im allgemeinen bei allerdings abnehmender Geschwindigkeit bis zuletzt an, und auch für die Anlagezielfonds ergibt sich für das ganze Quartal noch ein geringer Mittelrückzug, obwohl im Juli zum erstenmal seit Februar das verwaltete Volumen wieder geringfügig expandierte .;prozess;Gradadverbial;done;;frei;+;nd;+;nd;nd;nd;+;nd;nd;nd;nd;nd;nd;nd;nd;nd;nd;nd;nd;nd;nd;nd
107;VVPP;ADJD;fallen|gefallen;17;NZZ_1996_09_20_a108_seg6_s3;16;Full|Psp;Zwar ist in der ersten Hälfte dieses Jahres die Gesamtexponierung der Pensionsfonds gegenüber Aktien nur geringfügig gefallen .;prozess;Gradadverbial;done;;frei;+;nd;+;nd;nd;nd;+;nd;nd;nd;nd;nd;nd;nd;nd;nd;nd;nd;nd;nd;nd;nd
108;VVFIN;ADJD;sinken;17;NZZ_1996_07_18_a70_seg8_s6;16;Full|3|Pl|Past|Ind;Weiter zeigt sich, dass die Import- und Exportpreise in der ersten Jahreshälfte nur noch geringfügig sanken .;prozess;Gradadverbial;done;;frei;+;nd;+;nd;nd;nd;+;nd;nd;nd;nd;nd;nd;nd;nd;nd;nd;nd;nd;nd;nd;nd
109;VVPP;ADJD;verschieben;8;NZZ_1995_11_18_a48_seg3_s9;6;Full|Psp;Der mediterrane Kaltlufttropfen hat sich geringfügig ostwärts verschoben .;prozess;Gradadverbial;done;;frei;+;nd;+;nd;nd;nd;+;nd;nd;nd;nd;nd;nd;nd;nd;nd;nd;nd;nd;nd;nd;nd
110;VVFIN;ADJD;kommen;30;NZZ_1999_09_11_a8_seg4_s11;27;Full|3|Sg|Past|Ind;Die Erklärung von Sirte hält sich in ihren Grundzügen stark an das Abuja-Abkommen, das bereits 1991 zur Schaffung einer afrikanischen Wirtschaftsgemeinschaft aufrief, jedoch nur geringfügig zur Anwendung kam .;prozess;Gradadverbial;done;;frei;+;nd;+;nd;nd;nd;+;nd;nd;nd;nd;nd;nd;nd;nd;nd;nd;nd;nd;nd;nd;nd
111;VVPP;ADJD;sinken;3;NZZ_1996_02_10_a36_seg3_s6;2;Full|Psp;Nur geringfügig gesunken ist mit 13 307 die Zahl der 1995 in der Schweiz geborenen Ausländer .;prozess;Gradadverbial;done;;frei;+;nd;+;nd;nd;nd;+;nd;nd;nd;nd;nd;nd;nd;nd;nd;nd;nd;nd;nd;nd;nd
112;VVFIN;ADJD;erhöhen;22;NZZ_1999_08_11_a202_seg2_s3;21;Full|3|Pl|Pres|Ind;Eine grossangelegte amerikanische Studie, die nahezu 40 000 Frauen einschloss, zeigt nun, dass Hormone das Risiko tatsächlich geringfügig erhöhen, an einem seltenen, langsam wachsenden und gut behandelbaren Krebs zu erkranken .;prozess;Gradadverbial;done;;frei;+;nd;+;nd;nd;nd;+;nd;nd;nd;nd;nd;nd;nd;nd;nd;nd;nd;nd;nd;nd;nd
113;VVFIN;ADJD;beschleunigen;3;NZZ_1994_10_19_a49_seg4_s10;8;Full|3|Sg|Past|Ind;Auf Jahresbasis beschleunigte sich die Inflationsrate ebenfalls geringfügig auf 3%, gegenüber 2% im Juli .;prozess;Gradadverbial;done;;frei;+;nd;+;nd;nd;nd;+;nd;nd;nd;nd;nd;nd;nd;nd;nd;nd;nd;nd;nd;nd;nd
114;VVPP;ADJD;zunehmen;13;NZZ_1998_06_05_a79_seg9_s5;12;Full|Psp;"Da die Bruttoeinkommen aus unselbständiger Arbeit in jüngerer Zeit hingegen nur geringfügig zugenommen haben, ist die erhöhte Arbeitsproduktivität weitgehend zur Verringerung der Lohnstückkosten genutzt worden ; gemäss den Angaben lagen sie im Berichtsquartal in Westdeutschland um 1% unter dem Vorjahreswert .";prozess;Gradadverbial;done;;frei;+;nd;+;nd;nd;nd;+;nd;nd;nd;nd;nd;nd;nd;nd;nd;nd;nd;nd;nd;nd;nd
115;VVFIN;ADJD;reagieren;13;NZZ_1999_10_11_a80_seg8_s4;12;Full|-2;"Zwei Argumente lassen die Hoffnung zu, dass die Kapitalmärkte nur geringfügig reagieren werden : In den letzten Monaten haben die Kapitalmarktzinsen als Antwort auf die Wachstumsüberraschungen bereits einen kräftigen Aufwärtstrend durchgemacht, d. h. die Bondmärkte haben zumindest einen Teil der Korrektur schon hinter sich ; zudem verfolgen die Notenbanken offensichtlich eine vorausschauende Politik, denn das Fed und die Bank von England haben erste Zinserhöhungen in diesem Zyklus durchgeführt .";prozess;Gradadverbial;done;;frei;+;nd;+;nd;nd;nd;+;nd;nd;nd;nd;nd;nd;nd;nd;nd;nd;nd;nd;nd;nd;nd
116;VVPP;ADJD;verfremden;6;NZZ_1994_11_01_a95_seg2_s4;5;Full|Psp;Abgebildet ist, nur geringfügig verfremdet, ein männlicher Körperteil .;prozess;Gradadverbial;done;;frei;+;nd;+;nd;nd;nd;+;nd;nd;nd;nd;nd;nd;nd;nd;nd;nd;nd;nd;nd;nd;nd
117;VVFIN;ADJD;erscheinen;16;NZZ_1997_05_31_a229_seg4_s23;9;Full|-2;Diese allerdings fallen manchmal dramatisch aus, so geringfügig die Verschiebungen vom äusseren Wortlaut her erscheinen !;nd;nd;not of interest;prädikativ;;nd;nd;nd;nd;nd;nd;nd;nd;nd;nd;nd;nd;nd;nd;nd;nd;nd;nd;nd;nd;nd;nd
118;VVINF;ADJD;modifizieren;20;NZZ_1999_04_16_a245_seg6_s25;19;Full|-2;Bisher mussten selbst bedeutende Hardware-Partner von Microsoft froh sein, wenn sie auch nur den Aufstartprozess von Windows geringfügig modifizieren durften, um beispielsweise das eigene Firmenlogo einzublenden .;prozess;Gradadverbial;done;;frei;+;nd;+;nd;nd;nd;+;nd;nd;nd;nd;nd;nd;nd;nd;nd;nd;nd;nd;nd;nd;nd
119;VVPP;ADJD;verscheiden;17;NZZ_1995_08_09_a150_seg2_s21;16;Full|Psp;Lage und Verlauf der Sulci sind in der rechten und der linken Hälfte des Gehirns geringfügig verschieden, ein Unterschied, der wiederum von Mensch zu Mensch verschieden stark ausgeprägt sein kann .;prozess;Gradadverbial;done;;frei;+;nd;+;nd;nd;nd;+;nd;nd;nd;nd;nd;nd;nd;nd;nd;nd;nd;nd;nd;nd;nd
120;VVFIN;ADJD;nehmen;9;NZZ_1994_06_06_a38_seg3_s3;16;Full|3|Sg|Past|Ind;Wie das Institut der deutschen Wirtschaft mitteilte, nahm damit der Exportanteil am industriellen Gesamtumsatz geringfügig von 4 auf 2 Prozentpunkte ab .;prozess;Gradadverbial;done;;frei;+;nd;+;nd;nd;nd;+;nd;nd;nd;nd;nd;nd;nd;nd;nd;nd;nd;nd;nd;nd;nd
121;VVPP;ADJD;verlängern;25;NZZ_1993_02_16_a43_seg6_s7;24;Full|Psp;Der Clou liegt aber darin, dass die Telegabel über zwei Kugelgelenke beim Bremsen leicht nach vorne ausschwenkt, womit sich der Nachlauf geringfügig verlängert und damit die Stabilität erhöht .;prozess;Gradadverbial;done;;frei;+;nd;+;nd;nd;nd;+;nd;nd;nd;nd;nd;nd;nd;nd;nd;nd;nd;nd;nd;nd;nd
122;VVINF;ADJD;sinken;14;NZZ_1996_09_26_a95_seg2_s7;6;Full|-2;Die Arbeitslosenquote dürfte 1997 nur geringfügig auf 48% von voraussichtlich 54% dieses Jahr sinken .;prozess;Gradadverbial;done;;frei;+;nd;+;nd;nd;nd;+;nd;nd;nd;nd;nd;nd;nd;nd;nd;nd;nd;nd;nd;nd;nd
123;VVPP;ADJD;verletzen;3;NZZ_1998_04_06_a109_seg3_s6;2;Full|Psp;Nur geringfügig verletzt wurde der unschuldige Autofahrer .;prozess;Gradadverbial;done;;frei;+;nd;+;nd;nd;nd;+;nd;nd;nd;nd;nd;nd;nd;nd;nd;nd;nd;nd;nd;nd;nd
124;VVFIN;ADJD;verändern;39;NZZ_1995_08_04_a68_seg6_s4;38;Full|3|Pl|Past|Ind;Der « starke » Schweizerfranken führte in beiden Richtungen des Aussenhandels zu einem Rückgang der Güterpreise, der bei den ausgeführten Waren etwas markanter ausfiel als bei den Importgütern, so dass sich die Terms of trade geringfügig veränderten .;prozess;Gradadverbial;done;;frei;+;nd;+;nd;nd;nd;+;nd;nd;nd;nd;nd;nd;nd;nd;nd;nd;nd;nd;nd;nd;nd
125;VMFIN;ADJD;können;2;NZZ_1995_03_09_a233_seg3_s2;14;Mod|3|Pl|Past|Ind;So konnten 1994 in Deutschland mit 21 Mio. Stück ( 5% ) nur geringfügig mehr Personenwagen abgesetzt werden als im Vorjahr - jenem Rezessionsjahr also, in welchem die Neuzulassungen um fast einen Fünftel zurückgefallen waren .;nd;nd;not of interest;ModADV;;nd;nd;nd;nd;nd;nd;nd;nd;nd;nd;nd;nd;nd;nd;nd;nd;nd;nd;nd;nd;nd;nd
126;VVPP;ADJD;erhöhen;21;NZZ_1996_08_28_a144_seg4_s7;20;Full|Psp;Dabei ist bei den neuen Wohnungen das Mietzinsniveau gesunken ( 9% ), während es sich bei den älteren geringfügig erhöht hat .;prozess;Gradadverbial;done;;frei;+;nd;+;nd;nd;nd;+;nd;nd;nd;nd;nd;nd;nd;nd;nd;nd;nd;nd;nd;nd;nd
127;VVPP;ADJD;bezeichnen;21;NZZ_1996_04_04_a180_seg5_s14;20;Full|Psp;Die Referentin des Obergerichtes erachtete die objektiven Tatumstände als schwerwiegend : Der viermalige Vollzug des Geschlechtsverkehrs könne nicht als geringfügig bezeichnet werden, und der Altersunterschied zwischen den beiden sei beträchtlich .;nd;nd;not of interest;vergleich;;nd;nd;nd;nd;nd;nd;nd;nd;nd;nd;nd;nd;nd;nd;nd;nd;nd;nd;nd;nd;nd;nd
128;VVFIN;ADJD;legen;21;NZZ_1997_11_20_a106_seg2_s2;25;Full|3|Sg|Past|Ind;"Bei eher geringen Umsätzen lag der SMI zum Schluss um 04% in der Minuszone ; der breit abgestützte SPI dagegen legte gegenüber dem Vortag geringfügig um 04% zu .";prozess;Gradadverbial;done;;frei;+;nd;+;nd;nd;nd;+;nd;nd;nd;nd;nd;nd;nd;nd;nd;nd;nd;nd;nd;nd;nd
129;VVFIN;ADJD;nehmen;12;NZZ_1996_02_24_a87_seg8_s1;15;Full|3|Sg|Past|Ind;Die Konsumnachfrage - verantwortlich für rund zwei Drittel des BIP - nahm nur noch geringfügig um 8% zu, verglichen mit 8% im Vorquartal .;prozess;Gradadverbial;done;;frei;+;nd;+;nd;nd;nd;+;nd;nd;nd;nd;nd;nd;nd;nd;nd;nd;nd;nd;nd;nd;nd
130;VVFIN;ADJD;nehmen;7;NZZ_1993_04_28_a192_seg2_s7;10;Full|3|Pl|Past|Ind;Die Erträge aus den kreditverbundenen Geschäften nahmen hingegen nur geringfügig zu .;prozess;Gradadverbial;done;;frei;+;nd;+;nd;nd;nd;+;nd;nd;nd;nd;nd;nd;nd;nd;nd;nd;nd;nd;nd;nd;nd
131;VVPP;ADJD;verändern;14;NZZ_1997_04_04_a91_seg3_s7;13;Full|Psp;Der Gesamtbetrag der Nachlassforderungen hat sich indes seit Beginn der Nachlassliquidation nur geringfügig verändert .;prozess;Gradadverbial;done;;frei;+;nd;+;nd;nd;nd;+;nd;nd;nd;nd;nd;nd;nd;nd;nd;nd;nd;nd;nd;nd;nd
132;VVPP;ADJD;verändern;15;NZZ_1997_06_24_a31_seg3_s6;14;Full|Psp;Die Steuerbelastung in den Kantonen hat sich im letzten Jahr gegenüber 1995 nur geringfügig verändert, wie das EFD schrieb .;prozess;Gradadverbial;done;;frei;+;nd;+;nd;nd;nd;+;nd;nd;nd;nd;nd;nd;nd;nd;nd;nd;nd;nd;nd;nd;nd
133;VVFIN;ADJD;nehmen;3;NZZ_1999_12_08_a105_seg2_s13;4;Full|3|Sg|Past|Ind;Die Mitarbeiterzahl nahm geringfügig auf 45 335 ( 45 287 ) zu .;prozess;Gradadverbial;done;;frei;+;nd;+;nd;nd;nd;+;nd;nd;nd;nd;nd;nd;nd;nd;nd;nd;nd;nd;nd;nd;nd
134;VVPP;ADJD;zurückgehen;40;NZZ_1996_11_09_a79_seg4_s3;39;Full|Psp;Doch zurück zur Gegenwart : Wie die Gesellschaft zur Förderung der schweizerischen Wirtschaft in ihrem Pressedienst ( Nr. 45 ) schreibt, ist gesamtschweizerisch die Steuerbelastung 1995 bei den juristischen Personen gegenüber dem Vorjahr stabil geblieben, ja geringfügig zurückgegangen .;prozess;Gradadverbial;done;;frei;+;nd;+;nd;nd;nd;+;nd;nd;nd;nd;nd;nd;nd;nd;nd;nd;nd;nd;nd;nd;nd
135;VVPP;ADJD;abnehmen;16;NZZ_1999_10_26_a39_seg2_s13;10;Full|Psp;Bemerkenswert ist, dass der Wähleranteil der SP nur geringfügig von 7 auf 4 Prozent abgenommen hat und die Grünen 3 Prozent ( auf 1 ) zulegten, während der POP ( PdA ) mit 8 Prozent unter den 9 Prozent von 1995 blieb .;prozess;Gradadverbial;done;;frei;+;nd;+;nd;nd;nd;+;nd;nd;nd;nd;nd;nd;nd;nd;nd;nd;nd;nd;nd;nd;nd
136;VVPP;ADJD;schmelzen;29;NZZ_1996_12_21_a62_seg6_s11;28;Full|Psp;Mit einer Ausnahme sind die im Vorjahr gewachsenen Gletscher nicht weiter vorgestossen, sondern stationär geblieben oder, wie dies in den meisten Fällen beobachtet wurde, geringfügig zurückgeschmolzen .;prozess;Gradadverbial;done;;frei;+;nd;+;nd;nd;nd;+;nd;nd;nd;nd;nd;nd;nd;nd;nd;nd;nd;nd;nd;nd;nd
137;VVPP;ADJD;ansetzen;22;NZZ_1997_07_11_a71_seg8_s7;18;Full|Psp;Die verbleibende Lücke von 8 Mrd. DM soll durch die Nettokreditaufnahme geschlossen werden, die damit nur geringfügig unter der Investitionssumme angesetzt ist .;nd;nd;not of interest;ModPP;;nd;nd;nd;nd;nd;nd;nd;nd;nd;nd;nd;nd;nd;nd;nd;nd;nd;nd;nd;nd;nd;nd
138;VVPP;ADJD;überschreiten;20;NZZ_1994_02_02_a134_seg3_s11;19;Full|Psp;Der Einzelrichter hatte das üblicherweise bei politischen Aktionen geduldete Mass der Beeinflussung durch das unerlaubte Blockieren der Fahrbahn geringfügig überschritten gefunden .;nd;nd;not of interest;ModADV;;nd;nd;nd;nd;nd;nd;nd;nd;nd;nd;nd;nd;nd;nd;nd;nd;nd;nd;nd;nd;nd;nd
139;VVFIN;ADJD;beschleunigen;30;NZZ_1997_10_16_a69_seg3_s5;25;Full|3|Sg|Past|Ind;Das Durchschnittseinkommen war im August, wie im Vormonat, um 5% höher als ein Jahr zuvor, während sich der Anstieg der Lohnstückkosten geringfügig von 1% auf 2% beschleunigte - im Dreimonatsvergleich fiel die Zuwachsrate aber mit 5% statt 0% deutlich niedriger aus .;prozess;Gradadverbial;done;;frei;+;nd;+;nd;nd;nd;+;nd;nd;nd;nd;nd;nd;nd;nd;nd;nd;nd;nd;nd;nd;nd
140;VVINF;ADJD;verändern;15;NZZ_1998_11_04_a151_seg4_s2;14;Full|-2;Die beiden Polizeikorps erwarten, dass sich diese Zahlen in diesem Jahr nur geringfügig verändern werden, auch wenn in den ersten drei Quartalen 1998 ein kleiner Rückgang verzeichnet wurde : 15 994 gegenüber 16 073 Einbrüchen im Vorjahr .;prozess;Gradadverbial;done;;frei;+;nd;+;nd;nd;nd;+;nd;nd;nd;nd;nd;nd;nd;nd;nd;nd;nd;nd;nd;nd;nd
141;VVFIN;ADJD;sinken;2;NZZ_1999_08_03_a86_seg2_s11;5;Full|3|Sg|Past|Ind;So sank die Aufwand-Ertragsrelation geringfügig von 2% auf 0% .;prozess;Gradadverbial;done;;frei;+;nd;+;nd;nd;nd;+;nd;nd;nd;nd;nd;nd;nd;nd;nd;nd;nd;nd;nd;nd;nd
142;VVPP;ADJD;korrigieren;25;NZZ_1997_03_05_a168_seg10_s6;24;Full|3|Sg|Pres|Ind;Dann aber zeigte sich, dass man die Diskrepanz zwischen Theorie und Experiment auch erklären kann, wenn man das Bild vom Proton geringfügig korrigiert .;prozess;Gradadverbial;done;;frei;+;nd;+;nd;nd;nd;+;nd;nd;nd;nd;nd;nd;nd;nd;nd;nd;nd;nd;nd;nd;nd
143;VVPP;ADJD;stören;12;NZZ_1998_01_28_a193_seg5_s9;11;Full|Psp;Verkehr und Anwohner werden, wenn überhaupt, nur sehr geringfügig gestört .;prozess;Gradadverbial;done;;frei;+;nd;+;nd;nd;nd;+;nd;nd;nd;nd;nd;nd;nd;nd;nd;nd;nd;nd;nd;nd;nd
144;VVFIN;ADJD;nehmen;5;NZZ_1993_08_13_a107_seg3_s2;9;Full|3|Sg|Past|Ind;Die Zahl der Arbeitslosen nahm im Juli saisonbereinigt geringfügig um 200 auf 91 Mio. Personen zu, was den ersten Anstieg seit sechs Monaten darstellt .;prozess;Gradadverbial;done;;frei;+;nd;+;nd;nd;nd;+;nd;nd;nd;nd;nd;nd;nd;nd;nd;nd;nd;nd;nd;nd;nd
145;VVFIN;ADJD;unterscheiden;3;NZZ_1999_10_16_a219_seg3_s17;9;Full|3|Pl|Pres|Ind;"Die Arbeitstage unterscheiden sich bei diesen Studenten nur geringfügig und sehen beispielsweise bei den Kunstturnern wie folgt aus : 7.15 Uhr Tagwache ; 8.30-12 Uhr Training ; 14.30-18 Uhr Training ; 21.50 Uhr Informationen Zentrumsleitung ; 22 Uhr Nachtruhe - und dies sind wohlgemerkt lediglich Richtzeiten .";prozess;Gradadverbial;done;;frei;+;nd;+;nd;nd;nd;+;nd;nd;nd;nd;nd;nd;nd;nd;nd;nd;nd;nd;nd;nd;nd
146;VVFIN;ADJD;steigern;10;NZZ_1995_03_30_a67_seg2_s5;13;Full|3|Sg|Past|Ind;Die Herbol Farben + Lacke AG, Baar, steigerte den Umsatz geringfügig auf 7 Mio. Fr., die im Pharmabereich tätige Knoll AG, Liestal, weitete dagegen die Vertriebsleistung zügiger um 5% auf 6 Mio. Fr. aus .;prozess;Gradadverbial;done;;frei;+;nd;+;nd;nd;nd;+;nd;nd;nd;nd;nd;nd;nd;nd;nd;nd;nd;nd;nd;nd;nd
147;VVPP;ADJD;übertreffen;31;NZZ_1995_08_24_a108_seg3_s6;30;Full|Psp;Alles in allem schien die Reduktion des Repo- Satzes durch die Buba die Stimmung der Marktteilnehmer kaum zu beeinflussen, da diese Bewegung die Erwartungen der meisten Beobachter allenfalls geringfügig übertroffen hat und die Verringerung eines « echten » Leitzinses bei den Anlegern als wichtigere geldpolitische Massnahme gilt .;prozess;Gradadverbial;done;;frei;+;nd;+;nd;nd;nd;+;nd;nd;nd;nd;nd;nd;nd;nd;nd;nd;nd;nd;nd;nd;nd
148;VVPP;ADJD;verändern;20;NZZ_1995_01_21_a194_seg15_s4;19;Full|Psp;Sie gelang, was auch Fachleute kaum für möglich gehalten hätten, in einer Wohnung, die nur geringfügig verändert wurde und so eingerichtet ist, dass sich jedermann darin wohl fühlen könnte .;prozess;Gradadverbial;done;;frei;+;nd;+;nd;nd;nd;+;nd;nd;nd;nd;nd;nd;nd;nd;nd;nd;nd;nd;nd;nd;nd
149;VVFIN;ADJD;anwachsen;38;NZZ_1998_08_07_a104_seg2_s5;32;Full|3|Sg|Past|Ind;Das Betriebsergebnis der Gruppe konnte bei entsprechender Bereinigung um Sonderfaktoren, darunter der Verkauf der Investmentbanking-Einheiten der BZW, bei 35 Mrd. £ gehalten werden, während der Gewinn je Aktie geringfügig von 6 auf 1 p anwuchs .;prozess;Gradadverbial;done;;frei;+;nd;+;nd;nd;nd;+;nd;nd;nd;nd;nd;nd;nd;nd;nd;nd;nd;nd;nd;nd;nd
150;VVFIN;ADJD;steigen;4;NZZ_1993_12_08_a150_seg8_s3;5;Full|3|Sg|Past|Ind;Der private Konsum stieg geringfügig um 3 ( 1 ) %, während alle andern BIP-Komponenten noch Negativraten aufweisen : Staatsverbrauch 7 ( 2 ) %, Ausrüstungsinvestitionen 2 ( 0 ) %, Einfuhren 3 ( 2 ) %, Ausfuhren 3 ( 3 ) % .;prozess;Gradadverbial;done;;frei;+;nd;+;nd;nd;nd;+;nd;nd;nd;nd;nd;nd;nd;nd;nd;nd;nd;nd;nd;nd;nd
151;VVPP;ADJD;verringern;21;NZZ_1994_11_09_a32_seg3_s1;20;Full|Psp;Gy. Bonn, 8. November Die Ungleichgewichte an den deutschen Arbeitsmärkten haben sich im Verlaufe des Monats Oktober erneut geringfügig verringert .;prozess;Gradadverbial;done;;frei;+;nd;+;nd;nd;nd;+;nd;nd;nd;nd;nd;nd;nd;nd;nd;nd;nd;nd;nd;nd;nd
152;VVPP;ADJD;verändern;8;NZZ_1993_04_15_a25_seg5_s2;7;Full|Psp;Die Machtverhältnisse haben sich hier nur geringfügig verändert .;prozess;Gradadverbial;done;;frei;+;nd;+;nd;nd;nd;+;nd;nd;nd;nd;nd;nd;nd;nd;nd;nd;nd;nd;nd;nd;nd
153;VVPP;ADJD;überarbeiten;17;NZZ_1995_04_26_a196_seg8_s8;16;Full|Psp;Sie ist heute in einer Fülle von Habillements erhältlich, doch das Werk wurde nur geringfügig überarbeitet .;prozess;Gradadverbial;done;;frei;+;nd;+;nd;nd;nd;+;nd;nd;nd;nd;nd;nd;nd;nd;nd;nd;nd;nd;nd;nd;nd
154;VVPP;ADJD;zurücknehmen;39;NZZ_1998_02_11_a68_seg9_s4;33;Full|Psp;Der CEA tut sich aber schwer, die Dinge zu quantifizieren, und die Schwelle, die sogenannte nonaccelerating inflation rate of unemployment oder NAIRU, wurde gegenüber dem letztjährigen Lagebericht nur geringfügig um einen Zehntelpunkt auf 4% zurückgenommen .;prozess;Gradadverbial;done;;frei;+;nd;+;nd;nd;nd;+;nd;nd;nd;nd;nd;nd;nd;nd;nd;nd;nd;nd;nd;nd;nd
155;VVFIN;ADJD;erhöhen;3;NZZ_1996_05_08_a115_seg3_s27;5;Full|3|Sg|Past|Ind;Die Bilanzsumme erhöhte sich geringfügig auf 82 ( 81 ) Mrd. Fr. Auf die Ausschüttung einer Dividende soll verzichtet werden .;prozess;Gradadverbial;done;;frei;+;nd;+;nd;nd;nd;+;nd;nd;nd;nd;nd;nd;nd;nd;nd;nd;nd;nd;nd;nd;nd
156;VVFIN;ADJD;sinken;3;NZZ_1994_12_16_a116_seg51_s5;5;Full|3|Sg|Past|Ind;Die Schneefallgrenze sank stellenweise geringfügig unter 1000 m. Schneedecke .;prozess;Gradadverbial;done;;frei;+;nd;+;nd;nd;nd;+;nd;nd;nd;nd;nd;nd;nd;nd;nd;nd;nd;nd;nd;nd;nd
157;VVPP;ADJD;steigen;17;NZZ_1997_02_05_a89_seg9_s1;16;Full|Psp;Tokio, 3. Febr. ( Reuter ) Die Verbraucherpreise in Japan sind im vergangenen Jahr geringfügig gestiegen .;prozess;Gradadverbial;done;;frei;+;nd;+;nd;nd;nd;+;nd;nd;nd;nd;nd;nd;nd;nd;nd;nd;nd;nd;nd;nd;nd
158;VVFIN;ADJD;beantragen;2;NZZ_1993_12_08_a189_seg7_s3;20;Full|3|Sg|Pres|Ind;So beantragt der Regierungsrat dem Kantonsrat den in den achtziger Jahren sukzessive von 120 auf 108 Prozent reduzierten Steuerfuss geringfügig um 3 auf 111 Prozente zu erhöhen .;prozess;Gradadverbial;done;;frei;+;nd;+;nd;nd;nd;+;nd;nd;nd;nd;nd;nd;nd;nd;nd;nd;nd;nd;nd;nd;nd
159;VVPP;ADJD;fallen|gefallen;8;NZZ_1994_11_07_a30_seg10_s6;7;Full|Psp;Während der Treasury- Markt im Oktober geringfügig gefallen ist, sind die Indizes aller europäischen Märkte ( mit Ausnahme Frankreichs ) gestiegen .;prozess;Gradadverbial;done;;frei;+;nd;+;nd;nd;nd;+;nd;nd;nd;nd;nd;nd;nd;nd;nd;nd;nd;nd;nd;nd;nd
160;VVPP;ADJD;wachsen;7;NZZ_1998_12_11_a148_seg6_s8;6;Full|Psp;mit 7 Prozent nur sehr geringfügig gewachsen ist, dies bei steigenden Gagen und höheren Reisekosten .;prozess;Gradadverbial;done;unvollständig;frei;+;nd;+;nd;nd;nd;+;nd;nd;nd;nd;nd;nd;nd;nd;nd;nd;nd;nd;nd;nd;nd
161;VVPP;ADJD;steigen;14;NZZ_1994_03_31_a42_seg3_s2;13;Full|Psp;( Reuter ) Die italienische Industrieproduktion ist im Januar nach vorläufigen Berechnungen geringfügig gestiegen .;prozess;Gradadverbial;done;;frei;+;nd;+;nd;nd;nd;+;nd;nd;nd;nd;nd;nd;nd;nd;nd;nd;nd;nd;nd;nd;nd
162;VVFIN;ADJD;sinken;2;NZZ_1998_12_22_a161_seg3_s2;8;Full|3|Sg|Past|Ind;Oktober sank der Zürcher Index der Wohnbaukosten geringfügig ( 1% ) von 5 auf 4 ( auf der neuen Basis vom 1. April 1998 von 0 auf 9 ) Punkte, wie aus einer Mitteilung des Statistischen Amtes der Stadt Zürich hervorgeht .;prozess;Gradadverbial;done;;frei;+;nd;+;nd;nd;nd;+;nd;nd;nd;nd;nd;nd;nd;nd;nd;nd;nd;nd;nd;nd;nd
163;VVFIN;ADJD;unterscheiden;9;NZZ_1995_02_08_a168_seg4_s14;12;Full|3|Sg|Pres|Ind;Die Temperatur des in den Rohrschlangen zirkulierenden Wassers unterscheidet sich nur geringfügig von der Raumtemperatur .;prozess;Gradadverbial;done;;frei;+;nd;+;nd;nd;nd;+;nd;nd;nd;nd;nd;nd;nd;nd;nd;nd;nd;nd;nd;nd;nd
164;VVFIN;ADJD;nehmen;10;NZZ_1999_02_10_a107_seg7_s3;11;Full|3|Sg|Past|Ind;Der Ertrag aus dem Handel mit Devisen und Edelmetallen nahm geringfügig um 2% zu, während beim Wertschriftenertrag ein massiver Rückgang um 6% zu verzeichnen war .;prozess;Gradadverbial;done;;frei;+;nd;+;nd;nd;nd;+;nd;nd;nd;nd;nd;nd;nd;nd;nd;nd;nd;nd;nd;nd;nd
165;VVINF;ADJD;camouflieren;22;NZZ_1996_06_15_a14_seg6_s7;20;Full|-2;Schon im Dezember hatte es geheissen, Grosny habe sich russischer Soldaten bedient, um die mangelnde Wahlbeteiligung wenigstens geringfügig zu camouflieren .;prozess;Gradadverbial;done;;frei;+;nd;+;nd;nd;nd;+;nd;nd;nd;nd;nd;nd;nd;nd;nd;nd;nd;nd;nd;nd;nd
166;VVFIN;ADJD;weichen;7;NZZ_1996_08_13_a154_seg10_s8;10;Full|3|Pl|Pres|Ind;Die gemessenen Daten der fünf Testwagen weichen allerdings nur geringfügig voneinander ab .;prozess;Gradadverbial;done;;frei;+;nd;+;nd;nd;nd;+;nd;nd;nd;nd;nd;nd;nd;nd;nd;nd;nd;nd;nd;nd;nd
167;VVPP;ADJD;sinken;5;NZZ_1993_12_09_a189_seg23_s4;4;Full|Psp;Die Temperaturen sind geringfügig gesunken .;prozess;Gradadverbial;done;;frei;+;nd;+;nd;nd;nd;+;nd;nd;nd;nd;nd;nd;nd;nd;nd;nd;nd;nd;nd;nd;nd
168;VVINF;ADJD;fallen;14;NZZ_1995_11_10_a98_seg3_s7;13;Full|-2;Sie betrug im ersten Halbjahr 2%, soll aber im zweiten Semester geringfügig fallen, und zwar auf 4% .;prozess;Gradadverbial;done;;frei;+;nd;+;nd;nd;nd;+;nd;nd;nd;nd;nd;nd;nd;nd;nd;nd;nd;nd;nd;nd;nd
169;VVFIN;ADJD;genießen;10;NZZ_1999_05_29_a66_seg5_s5;20;Full|3|Sg|Past|Ind;Im Bereich einer flachen Hochdruckzone mit Zentrum über Deutschland genoss die Schweiz am Mittwoch weitgehend sonniges, aber nur geringfügig wärmeres Wetter .;nd;nd;not of interest;ModADJ;;nd;nd;nd;nd;nd;nd;nd;nd;nd;nd;nd;nd;nd;nd;nd;nd;nd;nd;nd;nd;nd;nd
170;VVPP;ADJD;erholen;49;NZZ_1998_10_01_a7_seg5_s4;48;Full|Psp;Cavallo lanciert seine - von Kennern der Szene längst erwartete - Kandidatur zu einem strategisch günstigen Zeitpunkt : Präsident Menem hat vorerst seine indirekten Bemühungen um eine dritte Amtszeit eingestellt, sein peronistischer Erzrivale Duhalde hat sich von dem Rückschlag an den Urnen im letzten Oktober nur geringfügig erholt, andere peronistische Kandidaten haben sich bisher kaum profiliert, und die Oppositionsparteien zerfleischen sich gegenwärtig in kaum durchschaubaren inneren Intrigen .;prozess;Gradadverbial;done;;frei;+;nd;+;nd;nd;nd;+;nd;nd;nd;nd;nd;nd;nd;nd;nd;nd;nd;nd;nd;nd;nd
171;VVINF;ADJD;verlangsamen;20;NZZ_1996_11_06_a69_seg8_s8;19;Full|-2;Gemäss den Umfrageergebnissen wird der Stellenabbau auch im nächsten Jahr weitergehen, wobei sich das Tempo des Arbeitsplatzabbaus geringfügig verlangsamen dürfte .;prozess;Gradadverbial;done;;frei;+;nd;+;nd;nd;nd;+;nd;nd;nd;nd;nd;nd;nd;nd;nd;nd;nd;nd;nd;nd;nd
172;VVPP;ADJD;ablenken;23;NZZ_1999_08_11_a199_seg3_s13;22;Full|Psp;Wenn das Licht eines Sterns auf seinem Weg zur Erde den Sonnenrand streift, sollte es wegen der Krümmung des Raumes geringfügig abgelenkt werden .;prozess;Gradadverbial;done;;frei;+;nd;+;nd;nd;nd;+;nd;nd;nd;nd;nd;nd;nd;nd;nd;nd;nd;nd;nd;nd;nd
173;VVFIN;ADJD;geben;2;NZZ_1995_06_08_a88_seg3_s10;8;Full|3|Sg|Past|Ind;Entsprechend gab die Arbeitslosenquote innerhalb eines Jahres geringfügig auf 0 ( i. V. 1 ) % nach .;prozess;Gradadverbial;done;;frei;+;nd;+;nd;nd;nd;+;nd;nd;nd;nd;nd;nd;nd;nd;nd;nd;nd;nd;nd;nd;nd
174;VVPP;ADJD;nachgeben;9;NZZ_1996_04_04_a125_seg2_s5;8;Full|Psp;Die Frankfurter Börse hat bei schleppendem Geschäft geringfügig nachgegeben .;prozess;Gradadverbial;done;;frei;+;nd;+;nd;nd;nd;+;nd;nd;nd;nd;nd;nd;nd;nd;nd;nd;nd;nd;nd;nd;nd
175;VVFIN;ADJD;zunehmen;21;NZZ_1996_02_27_a84_seg7_s2;20;Full|3|Sg|Past|Ind;Im deutlich höheren Nettozinseinkommen widerspiegelt sich vor allem eine Ausweitung des Kreditvolumens, während die Zinsmarge der Gruppe nur geringfügig zunahm .;prozess;Gradadverbial;done;;frei;+;nd;+;nd;nd;nd;+;nd;nd;nd;nd;nd;nd;nd;nd;nd;nd;nd;nd;nd;nd;nd
176;VVINF;ADJD;abnehmen;16;NZZ_1999_02_15_a75_seg6_s5;15;Full|3|Pl|Past|Ind;Während die Ausfuhren nach Europa um 7% wuchsen und jene in die USA nur geringfügig abnahmen, brachen die Exporte auf die asiatischen Märkte, die 45% der taiwanischen Ausfuhren absorbierten, um massive 5% ein .;prozess;Gradadverbial;done;;frei;+;nd;+;nd;nd;nd;+;nd;nd;nd;nd;nd;nd;nd;nd;nd;nd;nd;nd;nd;nd;nd
177;VVINF;ADJD;dämpfen;22;NZZ_1994_02_03_a1_seg9_s2;20;Full|-2;Der sich gleichzeitig in den Vereinigten Staaten aufhaltende Aussenminister Hurd versuchte, die Wirkung der Auftritte des Sinn-Fein-Führers zumindest geringfügig zu dämpfen, und der britische Botschafter in Washington befand sich in hektischem Dauereinsatz .;prozess;Gradadverbial;done;;frei;+;nd;+;nd;nd;nd;+;nd;nd;nd;nd;nd;nd;nd;nd;nd;nd;nd;nd;nd;nd;nd
178;VVFIN;ADJD;sparen;3;NZZ_1993_08_27_a153_seg3_s8;4;Full|3|Pl|Past|Ind;Nur Private sparten geringfügig mehr .;nd;nd;not of interest;ModADV;;nd;nd;nd;nd;nd;nd;nd;nd;nd;nd;nd;nd;nd;nd;nd;nd;nd;nd;nd;nd;nd;nd
179;VVPP;ADJD;verbessern;17;NZZ_1995_08_31_a82_seg4_s3;14;Full|Psp;"Im Vergleich mit dem 1. Quartal des laufenden Jahres hat sich die Bruttogewinn-Marge geringfügig auf 10% verbessert ; die Vorjahresmarke ( 8% ) übertrifft sie deutlich .";prozess;Gradadverbial;done;;frei;+;nd;+;nd;nd;nd;+;nd;nd;nd;nd;nd;nd;nd;nd;nd;nd;nd;nd;nd;nd;nd
180;VVFIN;ADJD;steigen;6;NZZ_1997_07_31_a59_seg3_s4;8;Full|3|Sg|Past|Ind;Der Export von Appenzeller Käse stieg nur geringfügig um 2% auf 5204 t. Dagegen betrug die Zunahme in der Schweiz 5% auf 3896 t. Deutschland blieb mit einem Anteil von 74% unangefochten der wichtigste Exportmarkt .;prozess;Gradadverbial;done;;frei;+;nd;+;nd;nd;nd;+;nd;nd;nd;nd;nd;nd;nd;nd;nd;nd;nd;nd;nd;nd;nd
181;VVFIN;ADJD;fallen;5;NZZ_1998_05_06_a102_seg6_s2;6;Full|3|Sg|Past|Ind;Die Versicherungskapazität des Marktes fiel geringfügig auf 17 ( 32 ) Mrd. £ .;prozess;Gradadverbial;done;;frei;+;nd;+;nd;nd;nd;+;nd;nd;nd;nd;nd;nd;nd;nd;nd;nd;nd;nd;nd;nd;nd
182;VVFIN;ADJD;steigen;3;NZZ_1998_09_18_a105_seg2_s6;4;Full|3|Sg|Past|Ind;Die Nettoverschuldung stieg geringfügig auf 3 ( 0 ) Mrd. fFr. an .;prozess;Gradadverbial;done;;frei;+;nd;+;nd;nd;nd;+;nd;nd;nd;nd;nd;nd;nd;nd;nd;nd;nd;nd;nd;nd;nd
183;VAFIN;ADJD;haben;2;NZZ_1996_01_13_a190_seg6_s11;10;Haben|3|Sg|Pres|Ind;Zwar hat sich die landwirtschaftlich nutzbare Fläche offenbar erst geringfügig erhöht, weil ein Teil als Folge der Urbanisierung und der Bausteinherstellung wieder verlorenging, vielerorts sind nun aber zwei bis drei Ernten pro Jahr statt nur einer möglich .;prozess;Gradadverbial;done;;frei;+;nd;+;nd;nd;nd;+;nd;nd;nd;nd;nd;nd;nd;nd;nd;nd;nd;nd;nd;nd;nd
184;VVFIN;ADJD;beeinflussen;14;NZZ_1999_02_10_a140_seg2_s9;18;Full|3|Pl|Past|Ind;Der Bericht über die Lage am deutschen Arbeitsmarkt und die Angaben zur US-Produktivität beeinflussten den Markt nur geringfügig .;prozess;Gradadverbial;done;;frei;+;nd;+;nd;nd;nd;+;nd;nd;nd;nd;nd;nd;nd;nd;nd;nd;nd;nd;nd;nd;nd
185;VVPP;ADJD;korrigieren;18;NZZ_1998_09_26_a80_seg3_s18;17;Full|Psp;Die Wachstumsaussichten für Europa seien vom Internationalen Währungsfonds ( IMF ) und von anderen Instituten nur geringfügig korrigiert worden .;prozess;Gradadverbial;done;;frei;+;nd;+;nd;nd;nd;+;nd;nd;nd;nd;nd;nd;nd;nd;nd;nd;nd;nd;nd;nd;nd
186;VVINF;ADJD;verteuern;12;NZZ_1999_02_25_a31_seg3_s11;11;Full|-2;Die stufenweise Erhöhung der LSVA werde dabei die Transportkosten nur geringfügig verteuern, und der Nord-Süd-Transit durch die Schweiz gewinne deutlich an Attraktivität .;prozess;Gradadverbial;done;;frei;+;nd;+;nd;nd;nd;+;nd;nd;nd;nd;nd;nd;nd;nd;nd;nd;nd;nd;nd;nd;nd
187;VVPP;ADJD;belasten;30;NZZ_1993_02_04_a67_seg11_s8;29;Full|Psp;Sodann wird von der Bahn erwartet, dass sie die Sicherheit ( Niveauübergänge usw. ) wahrt, möglichst wenig Fläche beansprucht sowie Umwelt, Natur und Landschaft möglichst geringfügig belastet oder gar entlastet .;prozess;Gradadverbial;done;;frei;+;nd;+;nd;nd;nd;+;nd;nd;nd;nd;nd;nd;nd;nd;nd;nd;nd;nd;nd;nd;nd
188;VVPP;ADJD;entfallen;28;NZZ_1996_03_05_a95_seg10_s1;16;Full|Psp;Bemerkenswert bleibt sodann die Tatsache, dass der vergleichsweise geringe Produktionszuwachs der letzten Jahre nur geringfügig auf die zwölf Mitglieder der Organisation erdölexportierender Länder ( Opec ) entfallen ist, die somit ihren Marktanteil am Gesamtabsatz nicht ganz halten konnte .;prozess;Gradadverbial;done;;frei;+;nd;+;nd;nd;nd;+;nd;nd;nd;nd;nd;nd;nd;nd;nd;nd;nd;nd;nd;nd;nd
189;VVIZU;ADJD;zurückfallen;42;NZZ_1999_06_05_a91_seg8_s3;39;Full|zu;Der « Steuerdruck », so stellte Antonio Fazio an der letzten Jahresversammlung der Banca d ' Italia fest, sei zwischen 1989 und 1997 von 39% des BIP auf 8% gewachsen, um im letzten Jahr nur geringfügig auf 6% zurückzufallen .;prozess;Gradadverbial;done;;frei;+;nd;+;nd;nd;nd;+;nd;nd;nd;nd;nd;nd;nd;nd;nd;nd;nd;nd;nd;nd;nd
190;VVPP;ADJD;verändern;3;NZZ_1999_01_22_a219_seg5_s13;2;Full|Psp;Nur geringfügig verändert haben sich die Ausmasse des Projektes .;prozess;Gradadverbial;done;;frei;+;nd;+;nd;nd;nd;+;nd;nd;nd;nd;nd;nd;nd;nd;nd;nd;nd;nd;nd;nd;nd
191;VVFIN;ADJD;erholen;14;NZZ_1993_12_20_a171_seg8_s12;25;Full|3|Pl|Past|Ind;Nach Bekanntwerden der ersten Wahlresultate sackten die Sekundärmarktpreise um rund 20% ab und erholten sich auch nach einer etwas ruhigeren Beurteilung der Situation nur geringfügig .;prozess;Gradadverbial;done;;frei;+;nd;+;nd;nd;nd;+;nd;nd;nd;nd;nd;nd;nd;nd;nd;nd;nd;nd;nd;nd;nd
192;VVFIN;ADJD;belasten;3;NZZ_1999_08_19_a133_seg2_s2;12;Full|3|Sg|Past|Ind;Gemäss Händlern belastete der Verfall vom kommenden Freitag den Markt nur geringfügig .;prozess;Gradadverbial;done;;frei;+;nd;+;nd;nd;nd;+;nd;nd;nd;nd;nd;nd;nd;nd;nd;nd;nd;nd;nd;nd;nd
193;VVPP;ADJD;verletzen;8;NZZ_1994_03_28_a82_seg15_s3;7;Full|Psp;Ein Feuerwehrmann wurde bei den Löscharbeiten geringfügig verletzt .;prozess;Gradadverbial;done;;frei;+;nd;+;nd;nd;nd;+;nd;nd;nd;nd;nd;nd;nd;nd;nd;nd;nd;nd;nd;nd;nd
194;VVFIN;ADJD;übertreffen;24;NZZ_1999_02_23_a80_seg9_s6;26;Reg|Dat|Sg|Masc;Ohne Berücksichtigung dieser Sonderposten stieg das Betriebsergebnis des Konzerns um 11%, und auch der Reingewinn übertraf mit einem Niveau von 63 Mrd. hfl. noch geringfügig das « Rekordniveau » des Vorjahres, wie van Lede betonte .;prozess;Gradadverbial;done;;frei;+;nd;+;nd;nd;nd;+;nd;nd;nd;nd;nd;nd;nd;nd;nd;nd;nd;nd;nd;nd;nd
195;VVPP;ADJD;vermindern;6;NZZ_1999_02_24_a102_seg3_s8;5;Full|Psp;Die Belegschaft hat sich geringfügig vermindert, und zwar um 386 auf 17549 Beschäftigte .;prozess;Gradadverbial;done;;frei;+;nd;+;nd;nd;nd;+;nd;nd;nd;nd;nd;nd;nd;nd;nd;nd;nd;nd;nd;nd;nd
196;VVINF;ADJD;steigern;16;NZZ_1999_10_26_a38_seg3_s2;15;Full|-2;Die Frauen haben sich am vergangenen Wahlwochenende im Vergleich zu den Wahlen von 1995 geringfügig steigern können .;prozess;Gradadverbial;done;;frei;+;nd;+;nd;nd;nd;+;nd;nd;nd;nd;nd;nd;nd;nd;nd;nd;nd;nd;nd;nd;nd
197;VVPP;ADJD;erweitern;20;NZZ_1997_05_31_a177_seg2_s1;19;Full|Psp;Mit der Änderung des Gemeindegesetzes soll der Rechtsanspruch junger Menschen ausländischer Nationalität auf eine Einbürgerung im Kanton Zürich geringfügig erweitert werden .;prozess;Gradadverbial;done;;frei;+;nd;+;nd;nd;nd;+;nd;nd;nd;nd;nd;nd;nd;nd;nd;nd;nd;nd;nd;nd;nd
198;VVPP;ADJD;bearbeiten;18;NZZ_1995_05_31_a143_seg7_s17;17;Full|Psp;"Von den insgesamt 82 Artikeln der Bauordnung sind nur 24 und auch diese zum Teil nur geringfügig bearbeitet und damit ans übergeordnete Recht angepasst worden ; auch der Zonenplan blieb in weiten Bereichen unangetastet .";prozess;Gradadverbial;done;;frei;+;nd;+;nd;nd;nd;+;nd;nd;nd;nd;nd;nd;nd;nd;nd;nd;nd;nd;nd;nd;nd
199;VVPP;ADJD;steigen;11;NZZ_1997_03_11_a82_seg3_s2;10;Full|Psp;( Reuter ) Die spanische Arbeitslosenquote ist im Februar geringfügig gestiegen .;prozess;Gradadverbial;done;;frei;+;nd;+;nd;nd;nd;+;nd;nd;nd;nd;nd;nd;nd;nd;nd;nd;nd;nd;nd;nd;nd
200;VVPP;ADJD;verändern;7;NZZ_1997_09_09_a185_seg3_s3;6;Full|Psp;Obwohl sich die Aussenabmessungen nur geringfügig verändert haben, wirkt die neue Ausführung grösser und repräsentativer, mit einem deutlichen Anklang an das Topmodell Sigma, das der Schweizer Importeur denn auch aus dem Programm genommen hat .;prozess;Gradadverbial;done;;frei;+;nd;+;nd;nd;nd;+;nd;nd;nd;nd;nd;nd;nd;nd;nd;nd;nd;nd;nd;nd;nd
