﻿Interne-ID;Function-Head;Funktion-Hit;Head;ID-Head;ID-NZZ;ID-Token;Meta-Kopf;sentence;Oberkategorie;Unterkategorie;Status;Kommentar;externe Funktion;prozess;pFREQ;AuW;pure;agent;method;degree;proposition;KONJ;FRAME;SADV;extern;KAUS;TEMP;FREQ;BU;LOC;intern;INST;KOM;SH;iLOC
1;VVINF;ADJD;gestalten;31;NZZ_1997_02_05_a32_seg5_s3;28;Full|-2;Als man eine Alternative - beispielsweise Goldsprays - zu erwägen begann, sei die Diskussion um die Nazigelder entbrannt, und man habe beschlossen, die Lokomotive gänzlich anders zu gestalten, sagte Kräuchi gegenüber der Nachrichtenagentur SDA .;nd;nd;not of interest;ModADV;;nd;nd;nd;nd;nd;nd;nd;nd;nd;nd;nd;nd;nd;nd;nd;nd;nd;nd;nd;nd;nd;nd
2;VVFIN;ADJD;verzichten;3;NZZ_1999_05_22_a161_seg3_s24;5;Full|3|Sg|Pres|Ind;Die Schau verzichtet fast gänzlich auf Erklärungen .;prozess;Gradadverbial;done;;frei;+;nd;+;nd;nd;nd;+;nd;nd;nd;nd;nd;nd;nd;nd;nd;nd;nd;nd;nd;nd;nd
3;VVIZU;ADJD;anheimfallen;19;NZZ_1995_07_08_a136_seg3_s10;18;Full|zu;Einmal mehr erweist sich dabei der Mut zur Lücke als der einzige Weg, den Klischees nicht gänzlich anheimzufallen .;prozess;Gradadverbial;done;;frei;+;nd;+;nd;nd;nd;+;nd;nd;nd;nd;nd;nd;nd;nd;nd;nd;nd;nd;nd;nd;nd
4;VVINF;ADJD;nehmen;16;NZZ_1998_11_25_a4_seg9_s2;12;Full|-2;Man kann jedoch wohl davon ausgehen, dass die Rhetorik nicht gänzlich zum Nennwert zu nehmen ist .;prozess;Gradadverbial;done;;frei;+;nd;+;nd;nd;nd;+;nd;nd;nd;nd;nd;nd;nd;nd;nd;nd;nd;nd;nd;nd;nd
5;VVIZU;ADJD;abschneiden;26;NZZ_1998_08_10_a9_seg10_s4;18;Full|zu;Es sei der Polizei gelungen, die Aktivitäten der Islamisten stark zurückzuschrauben und die wenigen verbleibenden Gruppen gänzlich von der Versorgung mit Geld und Waffen abzuschneiden .;prozess;Gradadverbial;done;;frei;+;nd;+;nd;nd;nd;+;nd;nd;nd;nd;nd;nd;nd;nd;nd;nd;nd;nd;nd;nd;nd
6;VVINF;ADJD;verbieten;16;NZZ_1996_10_03_a46_seg11_s1;14;Full|-2;Auch im Ständerat stiess die Initiative der SP, die Ausfuhr von Kriegsmaterial gänzlich zu verbieten, auf kein Verständnis .;prozess;Gradadverbial;done;;frei;+;nd;+;nd;nd;nd;+;nd;nd;nd;nd;nd;nd;nd;nd;nd;nd;nd;nd;nd;nd;nd
7;VVPP;ADJD;übernehmen;7;NZZ_1998_10_09_a96_seg6_s3;6;Full|Psp;Zehn Banken wurden vom Fobaproa gänzlich übernommen, bei zweien wurde zeitweilig interveniert .;prozess;Gradadverbial;done;;frei;+;nd;+;nd;nd;nd;+;nd;nd;nd;nd;nd;nd;nd;nd;nd;nd;nd;nd;nd;nd;nd
8;VVPP;ADJD;unterbinden;14;NZZ_1997_08_23_a7_seg6_s1;13;Full|Psp;Zwar besitzt man in Israel einiges Verständnis dafür, dass Terrorakte nicht gänzlich unterbunden werden können .;prozess;Gradadverbial;done;;frei;+;nd;+;nd;nd;nd;+;nd;nd;nd;nd;nd;nd;nd;nd;nd;nd;nd;nd;nd;nd;nd
9;VVFIN;ADJD;stehen;2;NZZ_1998_01_31_a241_seg3_s11;5;Full|3|Sg|Past|Ind;Zunächst stand es nämlich gänzlich im Schatten der ersten Kreation des Hauses mit Namen « Cour-Joie » .;prozess;Gradadverbial;done;;frei;+;nd;+;nd;nd;nd;+;nd;nd;nd;nd;nd;nd;nd;nd;nd;nd;nd;nd;nd;nd;nd
10;VVFIN;ADJD;enttäuschen;11;NZZ_1995_06_19_a151_seg3_s8;14;Full|3|Sg|Past|Ind;Während der Hengst die Erwartungen als Zweiter einigermassen erfüllte, enttäuschte die Stute gänzlich .;prozess;Gradadverbial;done;;frei;+;nd;+;nd;nd;nd;+;nd;nd;nd;nd;nd;nd;nd;nd;nd;nd;nd;nd;nd;nd;nd
11;VVFIN;ADJD;fehlen;17;NZZ_1996_09_18_a83_seg15_s2;16;Full|3|Sg|Pres|Ind;Wo er fehlt, helfen wahrscheinlich letztlich die grössten Strafdrohungen nichts, und wo er gänzlich fehlt, kann eine liberale und marktwirtschaftliche Ordnung nicht funktionieren .;prozess;Gradadverbial;done;;frei;+;nd;+;nd;nd;nd;+;nd;nd;nd;nd;nd;nd;nd;nd;nd;nd;nd;nd;nd;nd;nd
12;VVINF;ADJD;nehmen;25;NZZ_1996_12_10_a179_seg2_s7;20;Full|-2;Es waren wirtschaftliche Gründe, welche die Stanser Flugzeugbauer in der zweiten Hälfte der fünfziger Jahre veranlassten, etwas gänzlich Neues in Angriff zu nehmen .;nd;nd;not of interest;ModNP;;nd;nd;nd;nd;nd;nd;nd;nd;nd;nd;nd;nd;nd;nd;nd;nd;nd;nd;nd;nd;nd;nd
13;VVFIN;ADJD;entziehen;11;NZZ_1998_12_19_a21_seg8_s4;16;Full|3|Pl|Past|Ind;Laut den Berichten unterbrachen die Richter deren Plädoyers ständig und entzogen Wang gar das Wort gänzlich .;prozess;Gradadverbial;done;;frei;+;nd;+;nd;nd;nd;+;nd;nd;nd;nd;nd;nd;nd;nd;nd;nd;nd;nd;nd;nd;nd
14;VVPP;ADJD;verbieten;34;NZZ_1997_06_07_a217_seg3_s5;33;Full|Psp;Gebräuchliche Hilfsmittel ( Scheuklappen, Gebisse, Peitschen ) bedürfen einer Zulassung, vor allem aber werden das Fixieren der Zunge und der Gebrauch der sogenannten Zugwatte ( Verstopfen der Ohren ) gänzlich verboten .;prozess;Gradadverbial;done;;frei;+;nd;+;nd;nd;nd;+;nd;nd;nd;nd;nd;nd;nd;nd;nd;nd;nd;nd;nd;nd;nd
15;VVFIN;ADJD;zeigen;4;NZZ_1996_11_06_a27_seg8_s6;6;Full|3|Sg|Pres|Ind;Richter Rolf Wilckens zeigt sich gänzlich unbeeindruckt und begegnet der Aufgeregtheit der Verteidigung mit Ironie : « Wir sind hier nicht im Theater . »;nd;nd;not of interest;prädikativ;;nd;nd;nd;nd;nd;nd;nd;nd;nd;nd;nd;nd;nd;nd;nd;nd;nd;nd;nd;nd;nd;nd
16;VVIZU;ADJD;auseinanderbrechen;25;NZZ_1995_03_22_a117_seg10_s10;24;Full|zu;Als die Mutter auch noch ( mit oder ohne Absicht ) unter einen Bus gerät und schwer verletzt wird, droht Kaspars Welt gänzlich auseinanderzubrechen .;prozess;Gradadverbial;done;;frei;+;nd;+;nd;nd;nd;+;nd;nd;nd;nd;nd;nd;nd;nd;nd;nd;nd;nd;nd;nd;nd
17;VVINF;ADJD;entledigen;16;NZZ_1998_07_28_a121_seg7_s10;14;Full|-2;Vielleicht wäre es angesichts der unklaren praktischen Konsequenzen besser, sich dieses Prinzips gänzlich zu entledigen, als es in halbierter Form fortsetzen zu wollen .;prozess;Gradadverbial;done;;frei;+;nd;+;nd;nd;nd;+;nd;nd;nd;nd;nd;nd;nd;nd;nd;nd;nd;nd;nd;nd;nd
18;VVPP;ADJD;personalisieren;27;NZZ_1997_12_19_a178_seg7_s13;26;Full|Psp;Haben wir es mit wichtigen politischen Institutionen zu tun, dann führt dies zu einer politischen Krise - selbst dann, wenn die bezichtigten Verfehlungen gänzlich personalisiert werden können .;nd;nd;not of interest;ModPräd ;;nd;nd;nd;nd;nd;nd;nd;nd;nd;nd;nd;nd;nd;nd;nd;nd;nd;nd;nd;nd;nd;nd
19;VVFIN;ADJD;entziehen;4;NZZ_1996_09_06_a222_seg8_s10;6;Full|3|Pl|Pres|Ind;Doch die Besitzer entziehen sich gänzlich ihrer Pflicht, und so wird dieses Haus auch in nächster Zukunft nicht wiederhergestellt werden .;prozess;Gradadverbial;done;;frei;+;nd;+;nd;nd;nd;+;nd;nd;nd;nd;nd;nd;nd;nd;nd;nd;nd;nd;nd;nd;nd
20;VVFIN;ADJD;fehlen;24;NZZ_1999_01_26_a77_seg10_s1;17;Full|3|Sg|Pres|Ind;Diese nicht ungeschickte staatliche Beschleunigungstaktik der griechischen EU-Konvergenz hat übrigens nicht zu bedeuten, dass es gänzlich an eigenständigen Erstarkungssignalen aus der Wirtschaft fehlt .;prozess;Gradadverbial;done;;frei;+;nd;+;nd;nd;nd;+;nd;nd;nd;nd;nd;nd;nd;nd;nd;nd;nd;nd;nd;nd;nd
21;VVPP;ADJD;ignorieren;22;NZZ_1999_06_22_a277_seg5_s5;21;Full|Psp;möchten Winzerinnen und Winzer fragen, doch die Antwort wäre ohnehin ernüchternd : Entweder wird die Existenz des Aargauer Weinbaus gänzlich ignoriert oder aber als sehr unbedeutend eingestuft .;prozess;Gradadverbial;done;;frei;+;nd;+;nd;nd;nd;+;nd;nd;nd;nd;nd;nd;nd;nd;nd;nd;nd;nd;nd;nd;nd
22;VVPP;ADJD;vergehen;14;NZZ_1997_08_13_a22_seg10_s18;13;Full|Psp;Der Kommunismus mit seiner Ideologie und Paranoia ist Geschichte - noch nicht gänzlich vergangen, aber ohne Aussicht auf Wiederkehr .;prozess;Gradadverbial;done;;frei;+;nd;+;nd;nd;nd;+;nd;nd;nd;nd;nd;nd;nd;nd;nd;nd;nd;nd;nd;nd;nd
23;VVIZU;ADJD;abschalten;19;NZZ_1995_08_24_a29_seg6_s6;18;Full|zu;Die Republikaner in Lwiw ( Lemberg ) dagegen vertraten die Ansicht, Ostankino sei in der Ukraine gänzlich abzuschalten, weil dieser Sender die fünfte Kolonne Moskaus sei - ein Verdacht, der angesichts der ORT-Berichte über Tschetschenien oder die Krim nicht jeder Grundlage entbehrt .;prozess;Gradadverbial;done;;frei;+;nd;+;nd;nd;nd;+;nd;nd;nd;nd;nd;nd;nd;nd;nd;nd;nd;nd;nd;nd;nd
24;VVPP;ADJD;einstellen;53;NZZ_1997_11_06_a168_seg7_s7;52;Full|Psp;So ist beispielsweise im Gegenzug nicht bekannt, wie viele Sportvereine zwar rein nach ZGB noch immer Bestand haben, faktisch allerdings lediglich auf dem Papier existieren, da sie einerseits nur noch wenige Mitglieder in ihren Reihen wissen, andrerseits kaum mehr sportliche Aktivitäten anbieten und u. a. die Nachwuchsarbeit gänzlich eingestellt haben .;prozess;Gradadverbial;done;;frei;+;nd;+;nd;nd;nd;+;nd;nd;nd;nd;nd;nd;nd;nd;nd;nd;nd;nd;nd;nd;nd
25;VVINF;ADJD;unterstellen;47;NZZ_1997_06_28_a3_seg1_s33;43;Full|-2;Dabei geht es nicht allein um Menschen- und Bürgerrechte, sondern ganz generell um die Haltung des stets auf totale Kontrolle bedachten chinesischen Regimes gegenüber einem Teil seines Reiches, der nun zwar unter seiner Souveränität steht, sich aber trotzdem nicht gänzlich seiner Herrschaft zu unterstellen hat .;prozess;Gradadverbial;done;;frei;+;nd;+;nd;nd;nd;+;nd;nd;nd;nd;nd;nd;nd;nd;nd;nd;nd;nd;nd;nd;nd
26;VVPP;ADJD;öffnen;8;NZZ_1994_02_24_a37_seg7_s5;7;Full|Psp;Ab dann wird der Europäische Markt gänzlich geöffnet werden, auch gegenüber neuen Konkurrenten aus Korea .;prozess;Gradadverbial;done;;frei;+;nd;+;nd;nd;nd;+;nd;nd;nd;nd;nd;nd;nd;nd;nd;nd;nd;nd;nd;nd;nd
27;VVPP;ADJD;überfordern;54;NZZ_1994_04_14_a37_seg6_s1;53;Full|Psp;Schon am Montag war der in den letzten beiden Jahren sukzessive ausgebaute kontinuierliche elektronische Handel nicht mehr in der Lage gewesen, alle Aufträge abzuwickeln und am Dienstag, zwei Tage vor der geplanten Abschaffung des Ringhandels und der Elektronisierung der letzten 213 ( von gesamthaft 396 ) Titel war das Computersystem gänzlich überfordert und stieg vorübergehend aus .;nd;nd;not of interest;ModPräd ;;nd;nd;nd;nd;nd;nd;nd;nd;nd;nd;nd;nd;nd;nd;nd;nd;nd;nd;nd;nd;nd;nd
28;VVFIN;ADJD;beruhigen;27;NZZ_1996_07_13_a34_seg1_s1;26;Full|Psp;Energiepolitischer Wellenschlag am Bergbach Die Parlamentsdebatte über die Wasserzinsen gehörte zu den emotionellsten der letzten Zeit, und die Gemüter haben sich noch nicht wieder gänzlich beruhigt .;prozess;Gradadverbial;done;;frei;+;nd;+;nd;nd;nd;+;nd;nd;nd;nd;nd;nd;nd;nd;nd;nd;nd;nd;nd;nd;nd
29;VVINF;ADJD;integrieren;31;NZZ_1996_02_17_a227_seg5_s3;30;Full|-2;Husserls Projekt, Philosophie als « strenge Wissenschaft » zu etablieren, wurde durch das Auftauchen einer Fremdheit, die sich dem durch das Ich präformierten Horizont nicht mehr gänzlich integrieren liess, massiv gefährdet .;prozess;Gradadverbial;done;;frei;+;nd;+;nd;nd;nd;+;nd;nd;nd;nd;nd;nd;nd;nd;nd;nd;nd;nd;nd;nd;nd
30;VVPP;ADJD;überlagern;18;NZZ_1997_11_03_a81_seg6_s8;17;Full|Psp;Während der vergangenen Tage, in denen die Massenpsychologie die Kursentwicklungen bestimmte, wurden nationale Zufälligkeiten gänzlich überlagert .;prozess;Gradadverbial;done;;frei;+;nd;+;nd;nd;nd;+;nd;nd;nd;nd;nd;nd;nd;nd;nd;nd;nd;nd;nd;nd;nd
31;VVPP;ADJD;kommen;18;NZZ_1995_11_23_a13_seg3_s2;15;Full|Psp;"In Russland ist unterdessen die emotionale Debatte über das westliche Vorgehen im ehemaligen Jugoslawien gänzlich zum Erliegen gekommen ; im Wahlkampf spielt diese Frage keine Rolle .";prozess;Gradadverbial;done;;frei;+;nd;+;nd;nd;nd;+;nd;nd;nd;nd;nd;nd;nd;nd;nd;nd;nd;nd;nd;nd;nd
32;VVFIN;ADJD;kommen;15;NZZ_1998_08_22_a234_seg7_s15;24;Full|3|Sg|Pres|Ind;Zugleich brachten die zwanziger Jahre auch Verluste wichtiger Lebensgefährten der frühen Jahre : 1925 kommt der Lyriker Sergei Jessenin unter bis heute nicht gänzlich geklärten Umständen ums Leben, 1930 begeht Wladimir Majakowski Selbstmord, und im Dezember 1926 bricht der kaum begonnene Briefwechsel mit Rilke durch dessen Tod ab .;nd;nd;not of interest;ModADJ;;nd;nd;nd;nd;nd;nd;nd;nd;nd;nd;nd;nd;nd;nd;nd;nd;nd;nd;nd;nd;nd;nd
33;VVFIN;ADJD;fehlen;34;NZZ_1998_12_02_a125_seg3_s13;33;Full|3|Sg|Pres|Ind;Wie wertvoll einzelne von ihnen sind, zeigt die Arbeit des Schweizers Lorenzo Gerster zum Werke Eichholzers : Neben umfangreichen Analysen findet sich dort auch reiches Planmaterial, das in der Ausstellung gänzlich fehlt .;prozess;Gradadverbial;done;;frei;+;nd;+;nd;nd;nd;+;nd;nd;nd;nd;nd;nd;nd;nd;nd;nd;nd;nd;nd;nd;nd
34;VVPP;ADJD;stoppen;10;NZZ_1998_12_03_a20_seg8_s6;9;Full|Psp;Allerdings dürfen deren Sicherheitssysteme laut einem Atomexperten niemals gänzlich gestoppt werden .;prozess;Gradadverbial;done;;frei;+;nd;+;nd;nd;nd;+;nd;nd;nd;nd;nd;nd;nd;nd;nd;nd;nd;nd;nd;nd;nd
35;VVINF;ADJD;austragen;24;NZZ_1995_01_12_a151_seg3_s4;21;Full|-2;Vom Rückgang der Lizenznehmer besonders betroffen ist die Sparte Strassenrennsport, die ihre Landesmeisterschaft wegen des Rundstrecken-Rennverbotes auf öffentlichen Strassen gänzlich im Ausland austragen muss .;prozess;Gradadverbial;done;;frei;+;nd;+;nd;nd;nd;+;nd;nd;nd;nd;nd;nd;nd;nd;nd;nd;nd;nd;nd;nd;nd
36;VVPP;ADJD;durchkreuzen;11;NZZ_1994_12_01_a49_seg4_s7;10;Full|Psp;Mit diesen Zusagen soll die Abwehrstrategie des bedrohten Verwaltungsrates gänzlich durchkreuzt werden .;prozess;Gradadverbial;done;;frei;+;nd;+;nd;nd;nd;+;nd;nd;nd;nd;nd;nd;nd;nd;nd;nd;nd;nd;nd;nd;nd
37;VVINF;ADJD;verbieten;44;NZZ_1995_12_09_a53_seg4_s14;43;Full|-2;Was das in der Landwirtschaft benutzte Fungizid Methylbromid betrifft, wurde vereinbart, dass die Industriestaaten die Produktion und die Verwendung dieses Stoffes bis zum Jahre 2001 um ein Viertel, bis zum Jahre 2005 um die Hälfte verringern und ab 2010 gänzlich verbieten würden .;prozess;Gradadverbial;done;;frei;+;nd;+;nd;nd;nd;+;nd;nd;nd;nd;nd;nd;nd;nd;nd;nd;nd;nd;nd;nd;nd
38;VVPP;ADJD;widerlegen;90;NZZ_1996_12_28_a97_seg2_s4;89;Full|Psp;"Jürgen Habermas, der die Eröffnungsrede hielt, wies gleich zu Beginn auf jene ökonomischen und sozialen Bedingungen hin, deren Entwicklung sich nicht so ausgestaltet hatten, wie der Königsberger dies noch zweihundert Jahre zuvor annehmen durfte : Weder haben die internationalen Beziehungen noch hat der Handelsverkehr zur Abnahme des bellizistischen Geistes geführt ; und auch Kants Vorstellung von einer transparenten, literarisch geprägten und philosophischen Argumenten zugänglichen Schicht gebildeter Bürger, die dem Friedensprozess ein vitales Interesse entgegenbringen, ist durch den Strukturwandel der Öffentlichkeit fast gänzlich widerlegt worden .";prozess;Gradadverbial;done;;frei;+;nd;+;nd;nd;nd;+;nd;nd;nd;nd;nd;nd;nd;nd;nd;nd;nd;nd;nd;nd;nd
39;VVPP;ADJD;kontrollieren;13;NZZ_1996_12_05_a22_seg2_s4;10;Full|Psp;Das Gericht sei sinnlos geworden, da es künftig gänzlich vom Präsidenten kontrolliert werde .;prozess;Gradadverbial;done;;frei;+;nd;+;nd;nd;nd;+;nd;nd;nd;nd;nd;nd;nd;nd;nd;nd;nd;nd;nd;nd;nd
40;VVPP;ADJD;ermangeln;41;NZZ_1994_02_12_a24_seg5_s8;40;Full|Psp;Das hat heute zur Folge, dass die Slowakei über eine Unzahl von Militärflugplätzen verfügt und die Last einer nun weitgehend nutzlosen Rüstungsindustrie trägt, insbesondere aber für die Unterbringung der Heereskräfte ihrer zukünftigen Armee einer ausreichenden Infrastruktur fast gänzlich ermangelt .;prozess;Gradadverbial;done;;frei;+;nd;+;nd;nd;nd;+;nd;nd;nd;nd;nd;nd;nd;nd;nd;nd;nd;nd;nd;nd;nd
41;VVPP;ADJD;abreißen;20;NZZ_1994_09_23_a137_seg5_s2;19;Full|Psp;Durch den schweren Hagelschlag waren Cockpitfenster, Triebwerke und Flügelwurzeln schwer beschädigt und die Nase mit dem Wetterradar gänzlich abgerissen worden .;prozess;Gradadverbial;done;;frei;+;nd;+;nd;nd;nd;+;nd;nd;nd;nd;nd;nd;nd;nd;nd;nd;nd;nd;nd;nd;nd
42;VVINF;ADJD;überwinden;32;NZZ_1996_01_10_a113_seg8_s1;30;Full|-2;Und trotz dieser machtvoll betriebenen politischen Vereinheitlichung ist es den absolutistischen Herrschern selbst nach Jahrhunderten nicht gelungen, wie der Historiker darlegt, die fundamentale Zweiteilung des Kulturraumes Frankreich gänzlich zu überwinden : Im Norden herrschte die französische Sprache, bekannt als die Langue d ' oïl, und es herrschte das Gewohnheitsrecht .;prozess;Gradadverbial;done;;frei;+;nd;+;nd;nd;nd;+;nd;nd;nd;nd;nd;nd;nd;nd;nd;nd;nd;nd;nd;nd;nd
43;VVFIN;ADJD;schließen;3;NZZ_1997_02_22_a162_seg3_s18;7;Full|3|Sg|Pres|Ind;Aber er schliesst es auch nicht gänzlich aus .;prozess;Gradadverbial;done;;frei;+;nd;+;nd;nd;nd;+;nd;nd;nd;nd;nd;nd;nd;nd;nd;nd;nd;nd;nd;nd;nd
44;VVFIN;ADJD;laufen;9;NZZ_1996_03_15_a35_seg9_s9;5;Full|3|Sg|Past|Ind;Dass die Polemik nicht gänzlich aus dem Ruder lief, war wohl dem Umstand zu verdanken, dass die Gegenseite von « Ja zum Leben » nicht an der Tagung teilnahm .;prozess;Gradadverbial;done;;frei;+;nd;+;nd;nd;nd;+;nd;nd;nd;nd;nd;nd;nd;nd;nd;nd;nd;nd;nd;nd;nd
45;VVFIN;ADJD;ablehnen;28;NZZ_1999_03_30_a167_seg3_s7;27;Full|3|Sg|Pres|Ind;Die Allianz, die sich zugunsten des Zentrums gebildet hat, wendet sich in erster Linie gegen die Politik der SVP, die eine weitere Subventionierung gänzlich ablehnt .;prozess;Gradadverbial;done;;frei;+;nd;+;nd;nd;nd;+;nd;nd;nd;nd;nd;nd;nd;nd;nd;nd;nd;nd;nd;nd;nd
46;VVPP;ADJD;verfallen;33;NZZ_1995_05_20_a197_seg20_s2;32;Full|Psp;Kleist vermutet, dass seine Realität mit jener der anderen Menschen sich nicht mehr treffen wird, und entscheidet sich für den Abschied von ihr : « Er will dem Dichterunstern gänzlich verfallen sein : es ist das beste, ich gehe möglichst rasch zugrunde !;nd;nd;not of interest;ModPräd ;;nd;nd;nd;nd;nd;nd;nd;nd;nd;nd;nd;nd;nd;nd;nd;nd;nd;nd;nd;nd;nd;nd
47;VVPP;ADJD;streichen;25;NZZ_1995_06_24_a173_seg2_s1;24;Full|Psp;af. In Hinwil wird gemäss Beschluss der von 144 Stimmberechtigten besuchten Gemeindeversammlung die im kommunalen Richtplan vorgesehene Entlastungsstrasse vom Industriequartier in die Zürichstrasse gänzlich gestrichen .;prozess;Gradadverbial;done;;frei;+;nd;+;nd;nd;nd;+;nd;nd;nd;nd;nd;nd;nd;nd;nd;nd;nd;nd;nd;nd;nd
48;VVIZU;ADJD;abschaffen;31;NZZ_1995_10_10_a87_seg2_s3;30;Full|zu;Im Mai ist die Stempelsteuer auf Aktientransaktionen bereits von, auf, gesenkt worden, aber die ASX will weiterhin Druck auf alle Regierungsebenen ausüben, um die Steuer gänzlich abzuschaffen .;prozess;Gradadverbial;done;;frei;+;nd;+;nd;nd;nd;+;nd;nd;nd;nd;nd;nd;nd;nd;nd;nd;nd;nd;nd;nd;nd
49;VVFIN;ADJD;verlaufen;10;NZZ_1999_06_25_a21_seg7_s10;14;Full|3|Pl|Pres|Ind;Mit der Ausrufung von Neuwahlen durch Shimon Peres 1996 verliefen die Gespräche dann gänzlich im Sande .;prozess;Gradadverbial;done;;frei;+;nd;+;nd;nd;nd;+;nd;nd;nd;nd;nd;nd;nd;nd;nd;nd;nd;nd;nd;nd;nd
50;VVINF;ADJD;bremsen;26;NZZ_1999_03_16_a224_seg5_s6;25;Full|-2;Die Regierung hat es auch « innenpolitisch » vermieden, den Gliedstaat zu einem Bollwerk auszubauen, der bestimmte Entwicklungen massiv abfedern oder gar gänzlich bremsen und umlenken würde .;prozess;Gradadverbial;done;;frei;+;nd;+;nd;nd;nd;+;nd;nd;nd;nd;nd;nd;nd;nd;nd;nd;nd;nd;nd;nd;nd
51;VVPP;ADJD;zerstören;12;NZZ_1998_07_03_a5_seg6_s4;11;Full|Psp;Eine der Kirchen war schon vor 15 Monaten durch Brandstiftung gänzlich zerstört worden .;prozess;Gradadverbial;done;;frei;+;nd;+;nd;nd;nd;+;nd;nd;nd;nd;nd;nd;nd;nd;nd;nd;nd;nd;nd;nd;nd
52;VVINF;ADJD;entsagen;22;NZZ_1995_03_04_a134_seg3_s21;21;Full|-2;P. » ) in wuchernden Schatten und Sprüngen ausbreitet, einigermassen gewinnbringend orten, muss man dem Klischee eines Liebesromans gänzlich entsagen .;prozess;Gradadverbial;done;;frei;+;nd;+;nd;nd;nd;+;nd;nd;nd;nd;nd;nd;nd;nd;nd;nd;nd;nd;nd;nd;nd
53;VVIZU;ADJD;abschneiden;29;NZZ_1998_07_08_a2_seg3_s1;25;Full|zu;Nach Zusammenstössen in ganz Nordirland in der Nacht haben Sympathisanten des protestantischen Oranier-Ordens am Dienstag mehrfach erfolglos versucht, das katholische Wohnquartier von Portadown gänzlich von der Aussenwelt abzuschneiden .;prozess;Gradadverbial;done;;frei;+;nd;+;nd;nd;nd;+;nd;nd;nd;nd;nd;nd;nd;nd;nd;nd;nd;nd;nd;nd;nd
54;VVPP;ADJD;verschließen;11;NZZ_1997_06_25_a159_seg3_s18;10;Full|Psp;Als Kleinverlag bleibt KoFa zum Beispiel der italienische Buchmarkt gänzlich verschlossen .;nd;nd;not of interest;ModPräd ;;nd;nd;nd;nd;nd;nd;nd;nd;nd;nd;nd;nd;nd;nd;nd;nd;nd;nd;nd;nd;nd;nd
55;VVFIN;ADJD;fehlen;25;NZZ_1998_07_24_a27_seg13_s2;24;Full|3|Pl|Pres|Ind;Hier entsteht eine Art neuer Basar nach dem Vorbild westlicher Shopping-Malls, aufgereiht entlang einer Prachtsstrasse, auf der Autos und Fussgänger fast gänzlich fehlen, dafür aber brandmagere Ziegen der Insulaner sich an den Blättern der neu gepflanzten Alleebäume gütlich tun .;prozess;Gradadverbial;done;;frei;+;nd;+;nd;nd;nd;+;nd;nd;nd;nd;nd;nd;nd;nd;nd;nd;nd;nd;nd;nd;nd
56;VVPP;ADJD;kommen;56;NZZ_1993_08_02_a90_seg2_s2;53;Full|Psp;Die zweite Goldmedaille im Teamwettbewerb ( die erste wurde vor zehn Jahren in Hickstead gewonnen ) sowie die erste im Einzel ( an den Olympischen Spielen hatte Alphons Gemuseus 1924 ebenfalls eine Goldmedaille erzielt ) sind glanzvoller Spiegel eines Potentials, das schon länger vorhanden war, aber erst in diesem Jahr gänzlich zur Geltung gekommen ist .;nd;nd;not of interest;ModPräd ;;nd;nd;nd;nd;nd;nd;nd;nd;nd;nd;nd;nd;nd;nd;nd;nd;nd;nd;nd;nd;nd;nd
57;VVPP;ADJD;absichern;12;NZZ_1998_06_20_a80_seg7_s6;11;Full|Psp;Die Grossbanken wären dann in den USA realistischerweise zwar nicht gänzlich abgesichert, aber immerhin nicht so stark verwundbar, wie dies derzeit aus ihrer Sicht der Fall ist .;nd;nd;not of interest;ModPräd ;;nd;nd;nd;nd;nd;nd;nd;nd;nd;nd;nd;nd;nd;nd;nd;nd;nd;nd;nd;nd;nd;nd
58;VVIZU;ADJD;zurückziehen;42;NZZ_1994_10_15_a16_seg4_s4;37;Full|zu;Wo Syrien den Graben sieht, machte es über seine Staatsmedien erneut klar : Israel weigere sich, im Widerspruch zum internationalen Recht, zu den Uno-Resolutionen und zu den Grundlagen des Madrider Friedensprozesses, sich gänzlich aus dem besetzten Golan zurückzuziehen .;prozess;Gradadverbial;done;;frei;+;nd;+;nd;nd;nd;+;nd;nd;nd;nd;nd;nd;nd;nd;nd;nd;nd;nd;nd;nd;nd
59;VVINF;ADJD;gedeihen;7;NZZ_1997_10_25_a219_seg3_s6;6;Full|-2;Um nämlich die nachwachsende Flasche gänzlich gedeihen und zu voller Reife gelangen zu lassen, sei es erforderlich gewesen, sie ausgiebig zu begiessen, wozu sich aber unglücklicherweise nur eine ganz bestimmte Flüssigkeit geeignet habe : der komplette Inhalt der unmittelbar zuvor geernteten Flasche !;prozess;Gradadverbial;done;;frei;+;nd;+;nd;nd;nd;+;nd;nd;nd;nd;nd;nd;nd;nd;nd;nd;nd;nd;nd;nd;nd
60;VVFIN;ADJD;verzichten;16;NZZ_1997_08_04_a61_seg3_s6;10;Full|3|Pl|Past|Ind;Zugenommen habe zudem der Anteil der Leute, die gänzlich auf den Konsum von Alkohol verzichteten .;prozess;Gradadverbial;done;;frei;+;nd;+;nd;nd;nd;+;nd;nd;nd;nd;nd;nd;nd;nd;nd;nd;nd;nd;nd;nd;nd
61;VVPP;ADJD;ausrotten;13;NZZ_1994_06_02_a192_seg7_s13;12;Full|Psp;Damals lebten dort nur noch 1000 Elefanten, die Nashörner waren gänzlich ausgerottet .;nd;nd;not of interest;ModPräd ;;nd;nd;nd;nd;nd;nd;nd;nd;nd;nd;nd;nd;nd;nd;nd;nd;nd;nd;nd;nd;nd;nd
62;VVPP;ADJD;verändern;35;NZZ_1999_11_06_a241_seg6_s2;34;Full|Psp;Revolutionen, Kriege, das Verschwinden ( lies : die Vernichtung ) ganzer Stände und sogar Völker, der sozialistische Aufbau und schliesslich die demokratischen Reformen, all das hat das Antlitz Russlands gänzlich verändert .;prozess;Gradadverbial;done;;frei;+;nd;+;nd;nd;nd;+;nd;nd;nd;nd;nd;nd;nd;nd;nd;nd;nd;nd;nd;nd;nd
63;VVFIN;ADJD;bleiben;3;NZZ_1998_11_02_a155_seg4_s4;4;Full|3|Pl|Past|Ind;Derartige Kundgebungen blieben gänzlich aus .;prozess;Gradadverbial;done;;frei;+;nd;+;nd;nd;nd;+;nd;nd;nd;nd;nd;nd;nd;nd;nd;nd;nd;nd;nd;nd;nd
64;VVPP;ADJD;abklingen;7;NZZ_1997_01_04_a157_seg3_s8;6;Full|Psp;Die Leistenbeschwerden des Südkoreaners sind gänzlich abgeklungen .;prozess;Gradadverbial;done;;frei;+;nd;+;nd;nd;nd;+;nd;nd;nd;nd;nd;nd;nd;nd;nd;nd;nd;nd;nd;nd;nd
65;VVFIN;ADJD;fallen|fällen;14;NZZ_1997_10_17_a11_seg6_s6;28;Full|3|Sg|Pres|Ind;Sobald die Unscom die Demontage sämtlicher verbotener Massenvernichtungswaffen des Iraks bestätigen kann, fällt gemäss der Uno-Resolution 687, Abschnitt 22, das Ausfuhrverbot für irakisches Erdöl gänzlich dahin .;prozess;Gradadverbial;done;;frei;+;nd;+;nd;nd;nd;+;nd;nd;nd;nd;nd;nd;nd;nd;nd;nd;nd;nd;nd;nd;nd
66;VVFIN;ADJD;fehlen;12;NZZ_1997_05_31_a221_seg3_s17;15;Full|3|Pl|Pres|Ind;Bei der Squadra mit dem hübschen Titel « Ros Mary » fehlen solche Hilfen gänzlich - dafür ist die Kühlboxe für die Getränke wesentlich grösser als in andern Wagen .;prozess;Gradadverbial;done;;frei;+;nd;+;nd;nd;nd;+;nd;nd;nd;nd;nd;nd;nd;nd;nd;nd;nd;nd;nd;nd;nd
67;VVINF;ADJD;konzentrieren;14;NZZ_1998_03_13_a30_seg2_s7;9;Full|-2;"Er traf früh den kühnen Entscheid, sich gänzlich auf die Luftfracht zu konzentrieren und die Strasse der Konkurrenz zu überlassen ; er baute ein wegweisendes Computersystem auf, das es dem Kunden ermöglicht, über Internet jederzeit den Standort seines Speditionsgutes abzufragen - kurz : Fischer hatte eine Vision, die er hartnäckig in die Tat umsetzte .";prozess;Gradadverbial;done;;frei;+;nd;+;nd;nd;nd;+;nd;nd;nd;nd;nd;nd;nd;nd;nd;nd;nd;nd;nd;nd;nd
68;VVPP;ADJD;monopolisieren;22;NZZ_1999_12_28_a44_seg9_s4;21;Full|Psp;Das stark gewachsene Buwal ( Bundesamt für Umwelt, Wald und Landschaft ) habe die umweltschützerischen Elemente auf Bundesebene fast gänzlich monopolisiert .;prozess;Gradadverbial;done;;frei;+;nd;+;nd;nd;nd;+;nd;nd;nd;nd;nd;nd;nd;nd;nd;nd;nd;nd;nd;nd;nd
69;VVPP;ADJD;zudecken;5;NZZ_1995_01_26_a198_seg4_s20;4;Full|Psp;Die Lonza ist gänzlich zugedeckt von Schnee und Eis . »;nd;nd;not of interest;ModPräd ;;nd;nd;nd;nd;nd;nd;nd;nd;nd;nd;nd;nd;nd;nd;nd;nd;nd;nd;nd;nd;nd;nd
70;VVFIN;ADJD;lauten;6;NZZ_1995_01_04_a5_seg6_s8;7;Full|3|Sg|Pres|Ind;Die palästinensische Version der Ereignisse lautet gänzlich anders .;nd;nd;not of interest;ModADV;;nd;nd;nd;nd;nd;nd;nd;nd;nd;nd;nd;nd;nd;nd;nd;nd;nd;nd;nd;nd;nd;nd
71;VVFIN;ADJD;fallen|fällen;13;NZZ_1999_12_29_a16_seg4_s11;9;Full|3|Sg|Pres|Ind;Auch in der Aussenpolitik, die derzeit praktisch gänzlich in seinen Machtbereich fällt, muss er künftig das « Einvernehmen mit der Regierung » suchen .;prozess;Gradadverbial;done;;frei;+;nd;+;nd;nd;nd;+;nd;nd;nd;nd;nd;nd;nd;nd;nd;nd;nd;nd;nd;nd;nd
72;VVFIN;ADJD;fehlen;5;NZZ_1995_11_27_a131_seg5_s3;8;Full|3|Pl|Past|Ind;Am Samstag abend jedoch fehlten die Menschenströme gänzlich .;prozess;Gradadverbial;done;;frei;+;nd;+;nd;nd;nd;+;nd;nd;nd;nd;nd;nd;nd;nd;nd;nd;nd;nd;nd;nd;nd
73;VVPP;ADJD;verschwinden;15;NZZ_1997_03_01_a3_seg1_s3;14;Full|Psp;Die Namen der übelsten Kriegstreiber im ehemaligen Jugoslawien sind aus den Nachrichten fast gänzlich verschwunden .;prozess;Gradadverbial;done;;frei;+;nd;+;nd;nd;nd;+;nd;nd;nd;nd;nd;nd;nd;nd;nd;nd;nd;nd;nd;nd;nd
74;VVINF;ADJD;ausschließen;43;NZZ_1995_10_14_a65_seg5_s1;42;Full|3|Pl|Pres|Ind;Der bei manchen Beobachtern spontan als erstes aufkeimende Verdacht, Abruzzese habe sich wohl wie viele ausländische Geschäftsreisende hier mit einer chinesischen Prostituierten eingelassen und sei möglicherweise bei einem anschliessenden Streit mit deren Zuhälter ums Leben gekommen, lässt sich fast gänzlich ausschliessen : Der Ministeriumsbeamte war am Donnerstag morgen, unmittelbar nach seiner Ankunft in Peking, zur Eröffnungszeremonie der internationalen Messe für Lederverarbeitungstechnik gefahren und hatte darauf an einem Mittagessen teilgenommen .;prozess;Gradadverbial;done;;frei;+;nd;+;nd;nd;nd;+;nd;nd;nd;nd;nd;nd;nd;nd;nd;nd;nd;nd;nd;nd;nd
75;VVPP;ADJD;abschaffen;6;NZZ_1998_11_21_a38_seg4_s11;5;Full|Psp;Die Abgabe soll nicht gänzlich abgeschafft, sondern auf die ausländischen Effektenhändler an der Schweizer Börse ausgedehnt werden .;prozess;Gradadverbial;done;;frei;+;nd;+;nd;nd;nd;+;nd;nd;nd;nd;nd;nd;nd;nd;nd;nd;nd;nd;nd;nd;nd
76;VVFIN;ADJD;verschwinden;34;NZZ_1998_08_08_a221_seg3_s9;30;Full|3|Sg|Pres|Ind;Eine Unterhose, die dermassen konstruiert ist, dass sie lediglich aus einem Vorderteil zu bestehen scheint, während die rückwärtige Seite, der genannte « String », gänzlich von der Körperoberfläche verschwindet .;prozess;Gradadverbial;done;;frei;+;nd;+;nd;nd;nd;+;nd;nd;nd;nd;nd;nd;nd;nd;nd;nd;nd;nd;nd;nd;nd
77;VVPP;ADJD;überwinden;14;NZZ_1995_02_21_a88_seg12_s2;13;Full|Psp;Die Stimmung ist etwas weniger depressiv, das Misstrauen aber noch nicht gänzlich überwunden .;nd;nd;not of interest;ModPräd ;;nd;nd;nd;nd;nd;nd;nd;nd;nd;nd;nd;nd;nd;nd;nd;nd;nd;nd;nd;nd;nd;nd
78;VVPP;ADJD;verschwinden;21;NZZ_1999_11_20_a221_seg4_s20;20;Full|Psp;Im dritten Werk, das eine Regatta auf dem Fluss zeigt, ist die Brücke hinter dem linken Bildrand gänzlich verschwunden .;prozess;Gradadverbial;done;;frei;+;nd;+;nd;nd;nd;+;nd;nd;nd;nd;nd;nd;nd;nd;nd;nd;nd;nd;nd;nd;nd
79;VVPP;ADJD;befreien;34;NZZ_1996_11_08_a44_seg9_s25;27;Full|Psp;Wenn es zutrifft, dass sich die historische Wahrheit nur in einem Prozess freier und öffentlicher Forschung zunehmend erschliessen lässt, dann muss die vorgesehene Expertenkommission gänzlich von staatlichen Auflagen und staatlicher Kontrolle befreit werden und zugleich ihre Privilegien verlieren .;prozess;Gradadverbial;done;;frei;+;nd;+;nd;nd;nd;+;nd;nd;nd;nd;nd;nd;nd;nd;nd;nd;nd;nd;nd;nd;nd
80;VVINF;ADJD;einfrieren;26;NZZ_1998_12_19_a204_seg3_s10;25;Full|-2;Vor lauter Angst, die Fronten könnten sich in der Diskussion weiter verhärten und den Dialog zwischen der Leitung der HGKZ und der Fachhochschulkommission gänzlich einfrieren, lief das Gespräch bedauerlicherweise eher auf Selbstinszenierungen der Gäste hinaus und blieb wenig konkret .;prozess;Gradadverbial;done;;frei;+;nd;+;nd;nd;nd;+;nd;nd;nd;nd;nd;nd;nd;nd;nd;nd;nd;nd;nd;nd;nd
81;VVINF;ADJD;verschwinden;15;NZZ_1994_12_02_a185_seg8_s3;10;Full|-2;Beim englischen Fernsehen der neunziger Jahre drohe der Jazz gänzlich von der Bildfläche zu verschwinden, so klagt er .;prozess;Gradadverbial;done;;frei;+;nd;+;nd;nd;nd;+;nd;nd;nd;nd;nd;nd;nd;nd;nd;nd;nd;nd;nd;nd;nd
82;VVFIN;ADJD;hören;12;NZZ_1997_09_06_a239_seg8_s29;15;Full|3|Sg|Past|Ind;Im September 1944, als westliche Truppen die Grenze erreichten, hörte die Waffenausfuhr gänzlich auf .;prozess;Gradadverbial;done;;frei;+;nd;+;nd;nd;nd;+;nd;nd;nd;nd;nd;nd;nd;nd;nd;nd;nd;nd;nd;nd;nd
83;VVINF;ADJD;entgegenstellen;24;NZZ_1993_08_04_a127_seg10_s2;23;Full|-2;Bundesbankpräsident Schlesinger hatte am Montag vor der Presse angedeutet, dass die Währungsbehörde sich den durch die starke Verflüssigung ergebenden Zinsdämpfungs-Effekten nicht gänzlich entgegenstellen werde, obgleich die hohe Liquidität in den nächsten Wochen wieder kompensiert werden müsse .;prozess;Gradadverbial;done;;frei;+;nd;+;nd;nd;nd;+;nd;nd;nd;nd;nd;nd;nd;nd;nd;nd;nd;nd;nd;nd;nd
84;VVPP;ADJD;abbauen;13;NZZ_1993_02_05_a72_seg11_s7;12;Full|Psp;Dieser muss gemäss Artikel 36 t er der Bundesverfassung reduziert oder gänzlich abgebaut werden, wenn er nicht mehr benötigt wird .;prozess;Gradadverbial;done;;frei;+;nd;+;nd;nd;nd;+;nd;nd;nd;nd;nd;nd;nd;nd;nd;nd;nd;nd;nd;nd;nd
85;VVFIN;ADJD;überlassen;63;NZZ_1994_08_24_a80_seg3_s2;62;Full|3|Sg|Pres|Ind;Die junge, aus Frankreich stammende Autorin, die selber im Mittleren Orient und in Russland gelebt hatte, vollzieht in einer unprätentiösen, aber um so eindringlicheren Sprache den allmählichen Selbstverlust des Protagonisten nach, der sich völlig in den Bann einer befremdend exotischen Umgebung am andern Ende der Welt ziehen lässt und sich schliesslich ihrem unseligen, zerstörerischen Sog gänzlich überlässt .;prozess;Gradadverbial;done;;frei;+;nd;+;nd;nd;nd;+;nd;nd;nd;nd;nd;nd;nd;nd;nd;nd;nd;nd;nd;nd;nd
86;VVPP;ADJD;verschwinden;8;NZZ_1999_09_06_a3_seg9_s3;7;Full|Psp;Damit ist der Geist von Oslo gänzlich verschwunden .;prozess;Gradadverbial;done;;frei;+;nd;+;nd;nd;nd;+;nd;nd;nd;nd;nd;nd;nd;nd;nd;nd;nd;nd;nd;nd;nd
87;VVFIN;ADJD;verschwinden;6;NZZ_1995_07_11_a121_seg7_s13;11;Full|3|Sg|Past|Ind;Im christlichen Kaisertum von Byzanz verschwand später dieses heidnische Hoheitszeichen gänzlich .;prozess;Gradadverbial;done;;frei;+;nd;+;nd;nd;nd;+;nd;nd;nd;nd;nd;nd;nd;nd;nd;nd;nd;nd;nd;nd;nd
88;VVINF;ADJD;streichen;20;NZZ_1997_12_15_a29_seg3_s2;19;Full|-2;Die städtische Legislative möchte im Budget 1998 die Finanzhilfen für alte Menschen unterhalb der Armutsgrenze halbieren und 1999 gänzlich streichen .;prozess;Gradadverbial;done;;frei;+;nd;+;nd;nd;nd;+;nd;nd;nd;nd;nd;nd;nd;nd;nd;nd;nd;nd;nd;nd;nd
89;VVFIN;ADJD;fallen;5;NZZ_1994_05_20_a126_seg2_s5;7;Full|3|Sg|Past|Ind;Die Frauenseite schrumpfte und fiel schliesslich gänzlich aus .;prozess;Gradadverbial;done;;frei;+;nd;+;nd;nd;nd;+;nd;nd;nd;nd;nd;nd;nd;nd;nd;nd;nd;nd;nd;nd;nd
90;VVFIN;ADJD;fehlen;4;NZZ_1995_04_08_a174_seg2_s5;7;Full|3|Pl|Pres|Ind;Konkrete sachbezogene Hinweise fehlen im Leitbild gänzlich .;prozess;Gradadverbial;done;;frei;+;nd;+;nd;nd;nd;+;nd;nd;nd;nd;nd;nd;nd;nd;nd;nd;nd;nd;nd;nd;nd
91;VVPP;ADJD;stellen;8;NZZ_1995_05_22_a132_seg6_s3;4;Full|Psp;Als schliesslich Rominger gänzlich auf sich alleine gestellt blieb, schritt er selber zur Tat, steigerte das Tempo und holte wieder einige Sekunden heraus .;nd;nd;not of interest;ModPräd ;;nd;nd;nd;nd;nd;nd;nd;nd;nd;nd;nd;nd;nd;nd;nd;nd;nd;nd;nd;nd;nd;nd
92;VVPP;ADJD;übergehen;25;NZZ_1999_11_10_a11_seg6_s13;24;Full|Psp;Ähnlich kritisch ging das New Yorker Blatt einige Tage zuvor mit dem grossen Hoffnungsträger Osteuropas, Vaclav Havel, ins Gericht, wobei gänzlich übergangen wurde, dass Havel mit seiner Herausforderung an das Regime Abertausende von Menschen in den siebziger und achtziger Jahren vor dem Versinken in totaler Resignation bewahrt hatte .;prozess;Gradadverbial;done;;frei;+;nd;+;nd;nd;nd;+;nd;nd;nd;nd;nd;nd;nd;nd;nd;nd;nd;nd;nd;nd;nd
93;VVFIN;ADJD;verschwinden;54;NZZ_1994_02_08_a87_seg13_s10;53;Full|-2;Auch für die Glieder dieser Familien gilt ja weiterhin, dass sie einmal die konfessionelle Entscheidung treffen müssen, und solange die alten Konfessionskirchen weiter bestehen, dürfte wohl auch, entgegen der allzu kategorisch getroffenen Prognose der Autoren, das Nebeneinander zweier - und mehr - konfessioneller « Subkulturen » nicht gänzlich verschwinden .;prozess;Gradadverbial;done;;frei;+;nd;+;nd;nd;nd;+;nd;nd;nd;nd;nd;nd;nd;nd;nd;nd;nd;nd;nd;nd;nd
94;VVPP;ADJD;befreien;42;NZZ_1995_01_10_a121_seg3_s14;41;Full|Psp;Und eine Enttäuschung für alle Erotomanen, Voyeure und Liebhaber ( innen ), die an der Autorin das schwülstige Element verehren, von dem die alte Dame in ihrem Schreiben - und in der Filmsprache vor allem - nie gänzlich befreit war .;prozess;Gradadverbial;done;;frei;+;nd;+;nd;nd;nd;+;nd;nd;nd;nd;nd;nd;nd;nd;nd;nd;nd;nd;nd;nd;nd
95;VVPP;ADJD;aussetzen;10;NZZ_1997_11_25_a202_seg2_s7;6;Full|Psp;Der einheimische Produzent ist dann gänzlich der internationalen Konkurrenz ausgesetzt .;prozess;Gradadverbial;done;;frei;+;nd;+;nd;nd;nd;+;nd;nd;nd;nd;nd;nd;nd;nd;nd;nd;nd;nd;nd;nd;nd
96;VVPP;ADJD;ausschließen;28;NZZ_1993_04_13_a55_seg4_s16;27;Full|Psp;"Durch die Gewöhnung an die Zustände wäre aber seinerzeit sogar die schwedische Westintegration nicht unproblematisch, weil destabilisierend gewesen ; die Österreichs oder Finnlands aber war gänzlich ausgeschlossen, da sie nicht nur die Machtverhältnisse in Europa berührt, sondern vor allem die geostrategische Situation bedeutend verändert hätte .";prozess;Gradadverbial;done;;frei;+;nd;+;nd;nd;nd;+;nd;nd;nd;nd;nd;nd;nd;nd;nd;nd;nd;nd;nd;nd;nd
97;VVIZU;ADJD;preisgeben;23;NZZ_1999_10_21_a29_seg4_s11;22;Full|zu;Für die Christlichdemokraten geht es am Sonntag darum, ihren Vorsprung an Mandaten in den beiden Parlamentskammern gegenüber der SVP nicht gänzlich preiszugeben .;prozess;Gradadverbial;done;;frei;+;nd;+;nd;nd;nd;+;nd;nd;nd;nd;nd;nd;nd;nd;nd;nd;nd;nd;nd;nd;nd
98;VVINF;ADJD;verzichten;12;;5;Full|-2;, Zürich ) will gänzlich auf eine Bemessungsgrundlage in der Verfassung verzichten und nur vorschreiben, dass bei der Bemessung der Abgabesätze zu berücksichtigen ist, wie die einzelnen Energieträger mit anderen Abgaben belastet sind .;prozess;Gradadverbial;done;;frei;+;nd;+;nd;nd;nd;+;nd;nd;nd;nd;nd;nd;nd;nd;nd;nd;nd;nd;nd;nd;nd
99;VVPP;ADJD;ausklammern;8;NZZ_1995_09_13_a12_seg10_s2;7;Full|Psp;"Auffällig war, dass die EU-Frage gänzlich ausgeklammert blieb ; auch jene Parteien, die im vergangenen November erfolgreich gegen eine Mitgliedschaft gekämpft hatten ( Zentrum, Christliche Volkspartei und Sozialistische Linkspartei ), mussten einsehen, dass mit dem Aufreissen alter Wunden im Moment in Norwegen kaum Stimmen zu gewinnen sind .";nd;nd;not of interest;ModPräd ;;nd;nd;nd;nd;nd;nd;nd;nd;nd;nd;nd;nd;nd;nd;nd;nd;nd;nd;nd;nd;nd;nd
100;VVFIN;ADJD;gestalten;27;NZZ_1996_12_02_a129_seg3_s7;23;Full|3|Sg|Past|Ind;Aus der Distanz waren denn auch weniger die Details zu sehen als der Glanz des Strass, und als Höhepunkt des Ganzen gänzlich mit farbigen Glitzersteinen gestaltete hautnah fliessende Abendroben - whow !;nd;nd;not of interest;ModPP;;nd;nd;nd;nd;nd;nd;nd;nd;nd;nd;nd;nd;nd;nd;nd;nd;nd;nd;nd;nd;nd;nd
101;VVFIN;ADJD;richten;25;NZZ_1995_08_10_a156_seg9_s4;27;Full|3|Pl|Pres|Ind;Alte, ursprünglich gewachsene Orte, insbesondere in Gebieten, wo sich viele Schluchten mit spektakulären Routen ohne grosse sportlich- technische Anforderungen konzentrieren, richten sich gänzlich auf das Canyoning aus .;prozess;Gradadverbial;done;;frei;+;nd;+;nd;nd;nd;+;nd;nd;nd;nd;nd;nd;nd;nd;nd;nd;nd;nd;nd;nd;nd
102;VVPP;ADJD;abschaffen;17;NZZ_1995_05_09_a69_seg6_s10;16;Full|Psp;Dann soll das teure italienische Unikum der Dienstalterspensionen im Laufe einer zwölf Jahre dauernden Übergangsfrist gänzlich abgeschafft werden .;prozess;Gradadverbial;done;;frei;+;nd;+;nd;nd;nd;+;nd;nd;nd;nd;nd;nd;nd;nd;nd;nd;nd;nd;nd;nd;nd
103;VVINF;ADJD;verschieben;17;NZZ_1999_07_31_a26_seg1_s43;11;Full|-2;Der Beschluss der nationalrätlichen Energiekommission, die Behandlung des EMG gänzlich in die nächste Legislaturperiode zu verschieben - und damit eine hohe Energieabgabe durchzuzwängen -, könnte sich somit nicht nur für seine Urheber als kontraproduktiv erweisen, sondern bringt die Schweiz auch gegenüber der Marktentwicklung in der EU ins Hintertreffen - mit unerwünschten Folgen für energieintensive Schweizer Industrieunternehmen, von denen manche erst unnötig spät von Strompreissenkungen profitieren können .;prozess;Gradadverbial;done;;frei;+;nd;+;nd;nd;nd;+;nd;nd;nd;nd;nd;nd;nd;nd;nd;nd;nd;nd;nd;nd;nd
104;VVPP;ADJD;verlassen;15;NZZ_1994_06_24_a163_seg4_s9;14;Full|Psp;So auch der athletische Carlsen, der sich in jenem Moment vom Glück gänzlich verlassen und mental müde fühlte .;nd;nd;not of interest;ModPräd ;;nd;nd;nd;nd;nd;nd;nd;nd;nd;nd;nd;nd;nd;nd;nd;nd;nd;nd;nd;nd;nd;nd
105;VVFIN;ADJD;stammen;2;NZZ_1997_08_27_a175_seg3_s6;4;Full|3|Pl|Past|Ind;Sie stammten fast gänzlich aus der Produktion industrieller Hersteller .;prozess;Gradadverbial;done;;frei;+;nd;+;nd;nd;nd;+;nd;nd;nd;nd;nd;nd;nd;nd;nd;nd;nd;nd;nd;nd;nd
106;VVINF;ADJD;bringen;19;NZZ_1996_07_31_a149_seg7_s13;16;Full|-2;Wie Peter Macher, Quartierbewohner und Projektleiter, betont, will man die Prostitution nicht gänzlich zum Verschwinden bringen, sondern auf ein « verträgliches Mass » reduzieren .;prozess;Gradadverbial;done;;frei;+;nd;+;nd;nd;nd;+;nd;nd;nd;nd;nd;nd;nd;nd;nd;nd;nd;nd;nd;nd;nd
107;VVPP;ADJD;erklären;10;NZZ_1995_12_15_a106_seg5_s14;7;Full|Psp;Wenn die Förderung von Kunst nun gänzlich zur Privatsache erklärt wird, dann findet eine folgenschwere Verschiebung statt : Der Wert von Kunst wird einzig an ihrem Erfolg gemessen .;prozess;Gradadverbial;done;;frei;+;nd;+;nd;nd;nd;+;nd;nd;nd;nd;nd;nd;nd;nd;nd;nd;nd;nd;nd;nd;nd
108;VVPP;ADJD;finanzieren;10;NZZ_1997_05_29_a105_seg3_s6;7;Full|Psp;"Die Firma ist vorläufig noch praktisch gänzlich mit Eigenkapital finanziert ; so beträgt die ausgewiesene Eigenkapitalquote 97% bei einer Bilanzsumme von, Mio. $";prozess;Gradadverbial;done;;frei;+;nd;+;nd;nd;nd;+;nd;nd;nd;nd;nd;nd;nd;nd;nd;nd;nd;nd;nd;nd;nd
109;VVFIN;ADJD;fallen;2;NZZ_1997_12_27_a24_seg6_s7;3;Full|3|Sg|Past|Ind;Dabei fiel gänzlich ausser acht, dass die ökumenischen Harmonisierungsbemühungen gerade zwischen der römisch-katholischen und der anglikanischen Kirche eine weitgehende Übereinstimmung im Abendmahlsverständnis erzielt hatten .;prozess;Gradadverbial;done;;frei;+;nd;+;nd;nd;nd;+;nd;nd;nd;nd;nd;nd;nd;nd;nd;nd;nd;nd;nd;nd;nd
110;VVPP;ADJD;ausbezahlen;9;NZZ_1999_06_08_a106_seg1_s10;8;Full|Psp;Die Gläubiger erster und zweiter Klasse werden gänzlich ausbezahlt .;prozess;Gradadverbial;done;;frei;+;nd;+;nd;nd;nd;+;nd;nd;nd;nd;nd;nd;nd;nd;nd;nd;nd;nd;nd;nd;nd
111;VVFIN;ADJD;fallen;27;NZZ_1996_07_15_a86_seg7_s4;23;Full|3|Sg|Past|Ind;Denn Meyrinks « Golem » spielt hauptsächlich in der Prager Altstadt und im ehemaligen jüdischen Ghetto, das um die Jahrhundertwende fast gänzlich Sanierungsmassnahmen zum Opfer fiel .;prozess;Gradadverbial;done;;frei;+;nd;+;nd;nd;nd;+;nd;nd;nd;nd;nd;nd;nd;nd;nd;nd;nd;nd;nd;nd;nd
112;VVFIN;ADJD;steckenbleiben;37;NZZ_1997_08_30_a73_seg5_s1;36;Full|3|Pl|Pres|Subj;Angesichts dessen, dass Reformvorhaben zur notwendigen Liberalisierung und Deregulierung der schweizerischen Wirtschaft trotz der intensiven Aufklärungsarbeit der Wf im politischen Prozess laut Lippuner bis zur Unwirksamkeit abgeschliffen werden und zum Teil im politischen Dickicht gänzlich steckenbleiben, gab Lippuner die Schuld auch dem politischen System der Schweiz .;prozess;Gradadverbial;done;;frei;+;nd;+;nd;nd;nd;+;nd;nd;nd;nd;nd;nd;nd;nd;nd;nd;nd;nd;nd;nd;nd
113;VVFIN;ADJD;anzeigen;22;NZZ_1997_10_27_a99_seg4_s9;18;Full|3|Pl|Pres|Ind;In « Untitled ( Perfect Lovers ) » etwa blickt man auf zwei identische Uhren, die gänzlich synchron die Zeit anzeigen .;nd;nd;not of interest;ModADV;;nd;nd;nd;nd;nd;nd;nd;nd;nd;nd;nd;nd;nd;nd;nd;nd;nd;nd;nd;nd;nd;nd
114;VVINF;ADJD;retten;24;NZZ_1998_11_18_a15_seg6_s1;15;Full|-2;Arafat sieht in der Proklamation eines Staats auch das letzte Mittel, um seine gänzlich vom Gelingen des Oslo-Prozesses abhängige politische Karriere zu retten .;nd;nd;not of interest;ModPP;;nd;nd;nd;nd;nd;nd;nd;nd;nd;nd;nd;nd;nd;nd;nd;nd;nd;nd;nd;nd;nd;nd
115;VVPP;ADJD;vermeiden;9;NZZ_1997_03_08_a73_seg11_s6;8;Full|Psp;Auf diese Weise kann das Risiko fast gänzlich vermieden werden, dass wegen einer unvollständigen Meldung die Monatsfrist nicht zu laufen beginnt .;prozess;Gradadverbial;done;;frei;+;nd;+;nd;nd;nd;+;nd;nd;nd;nd;nd;nd;nd;nd;nd;nd;nd;nd;nd;nd;nd
116;VVPP;ADJD;aussparen;39;NZZ_1994_04_22_a115_seg3_s8;38;Full|Psp;So bleiben etwa einzelne Zeugnisse für den Kampf zwischen Avantgardisten und Traditionalisten, wie er sich beispielsweise im 1931 ausgeschriebenen Wettbewerb für den « Palast der Sowjets », einem Herzstück von Stalins Kulturpolitik, manifestierte, gänzlich ausgespart .;prozess;Gradadverbial;done;;frei;+;nd;+;nd;nd;nd;+;nd;nd;nd;nd;nd;nd;nd;nd;nd;nd;nd;nd;nd;nd;nd
117;VVPP;ADJD;verschwinden;17;NZZ_1996_06_15_a243_seg8_s16;14;Full|Psp;Hätten nicht die zurückgebliebenen Frauen die Felder bestellt, wäre die landwirtschaftliche Produktion gänzlich vom Erdboden verschwunden .;prozess;Gradadverbial;done;;frei;+;nd;+;nd;nd;nd;+;nd;nd;nd;nd;nd;nd;nd;nd;nd;nd;nd;nd;nd;nd;nd
118;VVINF;ADJD;aufhalten;18;NZZ_1998_02_11_a158_seg11_s1;13;Full|3|Pl|Pres|Ind;Zunehmend sind auch im Kanton Zürich Schweine zu beobachten, die sich gänzlich ohne Stallbauten im Freien aufhalten .;prozess;Gradadverbial;done;;frei;+;nd;+;nd;nd;nd;+;nd;nd;nd;nd;nd;nd;nd;nd;nd;nd;nd;nd;nd;nd;nd
119;VVFIN;ADJD;basieren;11;NZZ_1995_09_02_a121_seg9_s5;15;Full|3|Sg|Pres|Ind;Anders als bei Christi ' s und Sotheby ' s basiert ihr Geschäft fast gänzlich auf dem Angebot mittlerer Qualität .;prozess;Gradadverbial;done;;frei;+;nd;+;nd;nd;nd;+;nd;nd;nd;nd;nd;nd;nd;nd;nd;nd;nd;nd;nd;nd;nd
120;VVINF;ADJD;brüskieren;7;NZZ_1997_12_22_a18_seg4_s9;6;Full|-2;Die Partei mochte sie nicht gänzlich brüskieren .;prozess;Gradadverbial;done;;frei;+;nd;+;nd;nd;nd;+;nd;nd;nd;nd;nd;nd;nd;nd;nd;nd;nd;nd;nd;nd;nd
121;VVPP;ADJD;ausschließen;38;NZZ_1996_10_29_a128_seg5_s6;34;Full|Psp;"Inzwischen ist nicht nur die Flughafenplanung weiterentwickelt worden ; mit der Neuordnung des Schweizerischen Luftfahrtgesetzes ist die eigentliche Bauhoheit über den Flughafen weitgehend an das Bundesamt für Zivilluftfahrt übergegangen, ohne dass Kloten gänzlich von der Mitverantwortung ausgeschlossen worden wäre .";prozess;Gradadverbial;done;;frei;+;nd;+;nd;nd;nd;+;nd;nd;nd;nd;nd;nd;nd;nd;nd;nd;nd;nd;nd;nd;nd
122;VVINF;ADJD;weisen;22;NZZ_1994_06_15_a98_seg6_s7;17;Full|-2;Obwohl Blocher eine Wahlfälschung bestreitet, gelangte die Kommission zur Überzeugung, dass diese Anschuldigung nicht gänzlich von der Hand zu weisen ist .;prozess;Gradadverbial;done;;frei;+;nd;+;nd;nd;nd;+;nd;nd;nd;nd;nd;nd;nd;nd;nd;nd;nd;nd;nd;nd;nd
123;VVPP;ADJD;verzichten;19;NZZ_1997_04_12_a123_seg3_s8;18;Full|3|Sg|Pres|Ind;Die angestrebte Perfektion im Detail lässt die Planungen derart ausufern, dass der Bauherr auf eine Realisierung gänzlich verzichtet .;prozess;Gradadverbial;done;;frei;+;nd;+;nd;nd;nd;+;nd;nd;nd;nd;nd;nd;nd;nd;nd;nd;nd;nd;nd;nd;nd
124;VVINF;ADJD;zerstreuen;16;NZZ_1999_09_07_a85_seg3_s2;15;Full|-2;Bisher habe Airtours die Bedenken der EU gegen eine Fusion mit First Choice nicht gänzlich zerstreuen können, sagte ein EU-Sprecher am Montag in Brüssel .;prozess;Gradadverbial;done;;frei;+;nd;+;nd;nd;nd;+;nd;nd;nd;nd;nd;nd;nd;nd;nd;nd;nd;nd;nd;nd;nd
125;VVFIN;ADJD;nehmen;16;NZZ_1994_10_06_a59_seg6_s5;14;Full|3|Pl|Past|Ind;Die Nachfrager übten hier Zurückhaltung, während sie von Engagements im Industriesektor fast gänzlich Abstand nahmen .;prozess;Gradadverbial;done;;frei;+;nd;+;nd;nd;nd;+;nd;nd;nd;nd;nd;nd;nd;nd;nd;nd;nd;nd;nd;nd;nd
126;VVPP;ADJD;zurückgewinnen;63;NZZ_1998_03_06_a259_seg3_s3;62;Full|Psp;Nach den zahlreichen Höhepunkten im letzten halben Jahr ( Mannschaftsweltmeisterschaft in Luzern, Belgrad, Knock-out-WM Groningen/Lausanne und schliesslich Wijk aan Zee ) ist eine spielerische Präsenz für Kasparow zwingend, will er nicht noch mehr ins Hintertreffen geraten, denn es ist offensichtlich, dass die Fide mit ihrem aktiven Präsidenten Iljumschinow die moralische Legitimation für die Durchführung der Weltmeisterschaft gänzlich zurückgewonnen hat .;prozess;Gradadverbial;done;;frei;+;nd;+;nd;nd;nd;+;nd;nd;nd;nd;nd;nd;nd;nd;nd;nd;nd;nd;nd;nd;nd
127;VVINF;ADJD;demolieren;15;NZZ_1995_12_18_a97_seg17_s5;13;Full|-2;Bereits beim Aufstellen des Weihnachtsbaums gelingt es ihm, das Eigenheim nahezu gänzlich zu demolieren .;prozess;Gradadverbial;done;;frei;+;nd;+;nd;nd;nd;+;nd;nd;nd;nd;nd;nd;nd;nd;nd;nd;nd;nd;nd;nd;nd
128;VVINF;ADJD;fehlen;32;NZZ_1999_08_31_a161_seg4_s3;31;Full|3|Pl|Pres|Ind;Weniger bekannt ist, dass die individuelle Hilfe an Bedürftige in den unterschiedlichsten Erlassen geregelt ist, dass die Zuständigkeiten variieren, dass da übermässig reglementiert wurde und dort Richtlinien gänzlich fehlen .;prozess;Gradadverbial;done;;frei;+;nd;+;nd;nd;nd;+;nd;nd;nd;nd;nd;nd;nd;nd;nd;nd;nd;nd;nd;nd;nd
129;VVPP;ADJD;unterordnen;30;NZZ_1999_03_23_a156_seg6_s1;27;Full|Psp;Das helle, manchmal schlaff herunterhängende, dann aber wieder stramm wehende Stück Stoff erinnert an eine eigenwillige, bisweilen skurrile Persönlichkeit, die ihr Leben gänzlich einem Ziel untergeordnet hatte : dem weltweiten Frieden .;prozess;Gradadverbial;done;;frei;+;nd;+;nd;nd;nd;+;nd;nd;nd;nd;nd;nd;nd;nd;nd;nd;nd;nd;nd;nd;nd
130;VVFIN;ADJD;fehlen;6;NZZ_1996_07_06_a181_seg5_s6;11;Full|3|Pl|Past|Ind;Dem ersten Drittel der Rundfahrt fehlten die topographischen Hindernisse nahezu gänzlich .;prozess;Gradadverbial;done;;frei;+;nd;+;nd;nd;nd;+;nd;nd;nd;nd;nd;nd;nd;nd;nd;nd;nd;nd;nd;nd;nd
131;VVINF;ADJD;verzichten;38;NZZ_1997_11_28_a18_seg4_s5;36;Full|-2;Zudem will Ministerpräsident Netanyahu die weitere Entlassung von Gebieten in die Unabhängigkeit von Erfolgen der Palästinenser im Kampf gegen den Terrorismus abhängig machen und von ihrem Einverständnis, auf die vertraglich ebenfalls vorgesehene dritte Phase gänzlich zu verzichten .;prozess;Gradadverbial;done;;frei;+;nd;+;nd;nd;nd;+;nd;nd;nd;nd;nd;nd;nd;nd;nd;nd;nd;nd;nd;nd;nd
132;VVFIN;ADJD;bleiben;26;NZZ_1993_08_02_a150_seg2_s14;27;Full|3|Sg|Pres|Ind;"Wenn Depp den Brötchentanz aus « The Gold Rush » kopiert, vermisst man unwillkürlich die versponnene Melancholie des Originals ; die Buster-Keaton-Performance im Park bleibt gänzlich an der Oberfläche haften, weil die stoisch-skeptizistische Weltsicht des Stummfilmkomikers als heimliche Legitimierung der Hut-Blödeleien fehlt .";prozess;Gradadverbial;done;;frei;+;nd;+;nd;nd;nd;+;nd;nd;nd;nd;nd;nd;nd;nd;nd;nd;nd;nd;nd;nd;nd
133;VVINF;ADJD;entreißen;32;NZZ_1998_07_10_a23_seg3_s10;26;Full|-2;Die halboffizielle Zeitung « Tehran Times » warnte auch davor, dass grosse Komplotte äusserer Kräfte und Unternehmen geschmiedet würden, um die kaspischen Reichtümer gänzlich der Kontrolle der Uferstaaten zu entreissen .;prozess;Gradadverbial;done;;frei;+;nd;+;nd;nd;nd;+;nd;nd;nd;nd;nd;nd;nd;nd;nd;nd;nd;nd;nd;nd;nd
134;VVINF;ADJD;überholen;44;NZZ_1998_07_03_a64_seg3_s21;43;Full|-2;Doch die Vorstellung, ein Kulturgut erster Ordnung einfach verschwinden zu lassen, rief sehr rasch massiven Widerstand innerhalb der Bevölkerung hervor, und der Verwaltungsrat der TF entschied an seiner Sitzung vom November letzten Jahres, das Funiculaire zu erhalten und gänzlich überholen zu lassen .;prozess;Gradadverbial;done;;frei;+;nd;+;nd;nd;nd;+;nd;nd;nd;nd;nd;nd;nd;nd;nd;nd;nd;nd;nd;nd;nd
135;VVFIN;ADJD;beanspruchen;37;NZZ_1994_08_02_a16_seg8_s7;34;Full|-2;Während die den Jordaniern zugedachte Rolle für Jerusalem bei den Saudi und den Ägyptern keinen Unwillen hervorrief, wird sie von den Palästinensern, die den Ostteil der Stadt mitsamt den heiligen Stätten gänzlich für sich beanspruchen, nicht akzeptiert .;prozess;Gradadverbial;done;;frei;+;nd;+;nd;nd;nd;+;nd;nd;nd;nd;nd;nd;nd;nd;nd;nd;nd;nd;nd;nd;nd
136;VVINF;ADJD;ausschließen;7;NZZ_1998_06_17_a219_seg2_s18;6;Full|-2;Dass sich leichte Monopole nicht gänzlich ausschliessen lassen, liegt an der mangelnden Sensitivität des Experiments in diesem Bereich .;prozess;Gradadverbial;done;;frei;+;nd;+;nd;nd;nd;+;nd;nd;nd;nd;nd;nd;nd;nd;nd;nd;nd;nd;nd;nd;nd
137;VVFIN;ADJD;verzichten;2;NZZ_1994_02_22_a119_seg3_s2;3;Full|3|Sg|Pres|Ind;FraP verzichtet gänzlich auf eine Kandidatur .;prozess;Gradadverbial;done;;frei;+;nd;+;nd;nd;nd;+;nd;nd;nd;nd;nd;nd;nd;nd;nd;nd;nd;nd;nd;nd;nd
138;VVINF;ADJD;übergehen;19;NZZ_1993_08_09_a13_seg6_s5;17;Full|-2;Dem Treffen in Jerusalem vorangegangen war ein Versuch von Yasir Arafat, die Mitglieder der Verhandlungsdelegation gänzlich zu übergehen .;prozess;Gradadverbial;done;;frei;+;nd;+;nd;nd;nd;+;nd;nd;nd;nd;nd;nd;nd;nd;nd;nd;nd;nd;nd;nd;nd
139;VVFIN;ADJD;stellen;30;NZZ_1994_05_14_a194_seg4_s3;36;Full|3|Sg|Past|Ind;Dass letztlich das Team um Peter Eriksson/Robin Z, Royne Zetterman/Irco Mena, Henrik Lanner/ Curioso und Maria Gretzer/Marcoville auf der Allmend dominierte, vermochte männiglich zu überraschen, stellte vorgängig gemachte Prognosen dennoch nicht gänzlich in Frage .;prozess;Gradadverbial;done;;frei;+;nd;+;nd;nd;nd;+;nd;nd;nd;nd;nd;nd;nd;nd;nd;nd;nd;nd;nd;nd;nd
140;VVINF;ADJD;verzichten;50;NZZ_1994_10_25_a37_seg5_s6;45;Full|-2;Vor allem die Abhängigkeit von Importenergie, verschärft durch die Zwangsschliessung des erdbebengefährdeten Atomkraftwerkes in Medzamor im März 1989, manifestiert sich seit gut zwei Jahren in einer Energiekrise : Die Haushalte müssen sich im Sommer mit einigen Stunden Elektrizität begnügen und im Winter gänzlich auf die traditionelle Gasheizung verzichten, während die Industriebetriebe nicht mehr auf ein kontinuierliches Energieangebot zählen können .;prozess;Gradadverbial;done;;frei;+;nd;+;nd;nd;nd;+;nd;nd;nd;nd;nd;nd;nd;nd;nd;nd;nd;nd;nd;nd;nd
141;VVPP;ADJD;halten;10;NZZ_1996_09_10_a190_seg2_s18;5;Full|Psp;Meist ist ein Outfit gänzlich in den genannten Farben gehalten, die wohl untereinander, selten aber mit Buntem kombiniert werden .;nd;nd;not of interest;ModPräd ;;nd;nd;nd;nd;nd;nd;nd;nd;nd;nd;nd;nd;nd;nd;nd;nd;nd;nd;nd;nd;nd;nd
142;VVIMP;ADJD;entzaubern;25;NZZ_1998_11_07_a248_seg7_s13;23;Full|Psp;Kino ist für ihn ein « Zaubermittel », das dem Menschen zum Bewusstsein bringt, dass die Welt um ihn herum gänzlich « entzaubert » wurde .;prozess;Gradadverbial;done;;frei;+;nd;+;nd;nd;nd;+;nd;nd;nd;nd;nd;nd;nd;nd;nd;nd;nd;nd;nd;nd;nd
143;VVIZU;ADJD;aufgeben;64;NZZ_1994_08_09_a99_seg3_s8;63;Full|zu;In seinen späteren Werken - den Romanen « Sot » ( 1930 ), « Skutarewski » ( 1932 ), « Der Weg zum Ozean » ( 1936 ) u. a. - hat sich Leonow zwar weitgehend dem Pathos der Fünfjahrpläne und den Erfordernissen des Sozialistischen Realismus angepasst, ohne jedoch sein von Dostojewski herrührendes Interesse an moralischen und metaphysischen Fragen gänzlich aufzugeben .;prozess;Gradadverbial;done;;frei;+;nd;+;nd;nd;nd;+;nd;nd;nd;nd;nd;nd;nd;nd;nd;nd;nd;nd;nd;nd;nd
144;VVPP;ADJD;geraten|raten;41;NZZ_1996_04_09_a90_seg3_s5;38;Full|Psp;In ihrem Fall war es aber nicht ( nur ) der egomane Anspruch des Grossmeisters, sondern eben jene Tätigkeit im ephemeren Gebiet der Ausstellungsgestaltung, die sie bis zum Erscheinen von Sonja Günthers Monographie 1988 nahezu gänzlich in Vergessenheit geraten liess .;prozess;Gradadverbial;done;;frei;+;nd;+;nd;nd;nd;+;nd;nd;nd;nd;nd;nd;nd;nd;nd;nd;nd;nd;nd;nd;nd
145;VVINF;ADJD;unterbinden;24;NZZ_1999_05_17_a42_seg8_s2;22;Full|-2;Es ging den kantonalen und eidgenössischen Behörden darum, den Zuzug von Juden und Jüdinnen insbesondere aus Oststaaten zu begrenzen oder gänzlich zu unterbinden .;prozess;Gradadverbial;done;;frei;+;nd;+;nd;nd;nd;+;nd;nd;nd;nd;nd;nd;nd;nd;nd;nd;nd;nd;nd;nd;nd
146;VVFIN;ADJD;leeren;3;NZZ_1998_08_28_a64_seg4_s33;8;Full|3|Sg|Past|Ind;Bis 1300 leerte sich ihr angestammtes Kerngebiet gänzlich .;prozess;Gradadverbial;done;;frei;+;nd;+;nd;nd;nd;+;nd;nd;nd;nd;nd;nd;nd;nd;nd;nd;nd;nd;nd;nd;nd
147;VVPP;ADJD;verhindern;16;NZZ_1994_04_22_a27_seg7_s4;14;Full|3|Sg|Pres|Ind;Ein Beitritt der vier Länder werde auf lange Zeit - wenn nicht sogar gänzlich - verhindert .;prozess;Gradadverbial;done;;frei;+;nd;+;nd;nd;nd;+;nd;nd;nd;nd;nd;nd;nd;nd;nd;nd;nd;nd;nd;nd;nd
148;VVFIN;ADJD;bleiben;13;NZZ_1999_01_26_a160_seg6_s13;15;Full|3|Pl|Pres|Ind;Die Patientenzahlen gehen zurück, Patienten aus andern Kantonen und dem Ausland bleiben fast gänzlich aus .;prozess;Gradadverbial;done;;frei;+;nd;+;nd;nd;nd;+;nd;nd;nd;nd;nd;nd;nd;nd;nd;nd;nd;nd;nd;nd;nd
149;VVPP;ADJD;aussprechen;11;NZZ_1994_03_01_a17_seg8_s1;5;Full|Psp;Ursprünglich hatte sich Rabin gänzlich gegen die Einberufung einer Kommission ausgesprochen, da dies in Zukunft als Präzedenzfall für auch noch so banale Begebenheiten gelten könnte .;prozess;Gradadverbial;done;;frei;+;nd;+;nd;nd;nd;+;nd;nd;nd;nd;nd;nd;nd;nd;nd;nd;nd;nd;nd;nd;nd
150;VVINF;ADJD;stellen;34;NZZ_1996_05_29_a129_seg9_s9;31;Full|-2;Gleichzeitig attackiert er vehement westliche Archäologen, die zwar die überlieferte « biblische Story » teilweise ablehnen, aber die Dominanz der Hebräer in der antiken Epoche Palästinas dennoch nicht gänzlich in Frage stellen und den Hebräern sogar eine « friedliche » Besiedlung des Landes deshalb zuschreiben, weil - wie al-Assad meint - keine archäologischen Funde vorliegen, die die biblische Version der militärischen Eroberung Kanaans durch die hebräischen Stämme Israels untermauern könnten .;prozess;Gradadverbial;done;;frei;+;nd;+;nd;nd;nd;+;nd;nd;nd;nd;nd;nd;nd;nd;nd;nd;nd;nd;nd;nd;nd
151;VVIZU;ADJD;fernhalten;22;NZZ_1994_09_08_a20_seg6_s14;18;Full|zu;Diese beiden stehen unter starkem Druck des islamistischen Flügels, die Sozialisten nach der Niederlage von Aden gänzlich von der Macht fernzuhalten, während Saleh und al-Ahmar selber wohl eher auf einen Wiederaufbau der Dreierkoalition wie nach den Parlamentswahlen von 1993 hinsteuern .;prozess;Gradadverbial;done;;frei;+;nd;+;nd;nd;nd;+;nd;nd;nd;nd;nd;nd;nd;nd;nd;nd;nd;nd;nd;nd;nd
152;VVINF;ADJD;ausbleiben;13;NZZ_1999_04_28_a186_seg6_s17;12;Full|-2;Wenn dies geschehen sollte, könnte die Grundsatzdiskussion über eine Auflösung gänzlich ausbleiben .;prozess;Gradadverbial;done;;frei;+;nd;+;nd;nd;nd;+;nd;nd;nd;nd;nd;nd;nd;nd;nd;nd;nd;nd;nd;nd;nd
153;VVINF;ADJD;verlieren;26;NZZ_1999_01_25_a21_seg8_s10;24;Full|-2;Die Herrscher in Peking hatten offenbar angesichts des Machtfilzes um den Tabakklüngel von Yuxi Angst bekommen, die Kontrolle über die Grenzprovinz Yunnan gänzlich zu verlieren .;prozess;Gradadverbial;done;;frei;+;nd;+;nd;nd;nd;+;nd;nd;nd;nd;nd;nd;nd;nd;nd;nd;nd;nd;nd;nd;nd
154;VVPP;ADJD;einschmelzen;20;NZZ_1996_10_15_a108_seg3_s8;16;Full|Psp;Doch das Dokumentarische, das ja ein dramaturgisches Element durchaus hätte abgeben können, ist gänzlich in die Fiktion eingeschmolzen .;prozess;Gradadverbial;done;;frei;+;nd;+;nd;nd;nd;+;nd;nd;nd;nd;nd;nd;nd;nd;nd;nd;nd;nd;nd;nd;nd
155;VVINF;ADJD;überzeugen;19;NZZ_1999_07_24_a206_seg7_s13;17;Full|-2;"Die dem Künstler zugeschriebenen Absichten, die vom Verfasser womöglich zu scharfsinnig interpretiert werden, um gänzlich zu überzeugen, laufen auf ein verwirrendes « Spiel » des Malers mit der älteren Kunstgeschichte hinaus ; das gemalte Motiv wird Illusion und « modernité » zugleich, und die Malerei wird als solche zur Schau gestellt .";prozess;Gradadverbial;done;;frei;+;nd;+;nd;nd;nd;+;nd;nd;nd;nd;nd;nd;nd;nd;nd;nd;nd;nd;nd;nd;nd
156;VVINF;ADJD;verhindern;6;NZZ_1998_05_05_a162_seg7_s8;5;Full|-2;Sachbeschädigungen liessen sich nicht gänzlich verhindern, wenn rechtsstaatliche Grundsätze gelten sollten .;prozess;Gradadverbial;done;;frei;+;nd;+;nd;nd;nd;+;nd;nd;nd;nd;nd;nd;nd;nd;nd;nd;nd;nd;nd;nd;nd
157;VVFIN;ADJD;lassen;3;NZZ_1998_01_08_a59_seg2_s7;6;Full|3|Pl|Pres|Ind;Durch Klonen liessen sich beispielsweise gänzlich neue Immunsysteme für ältere Körper erzeugen, was die Lebenserwartung verlängern könne .;nd;nd;not of interest;ModADJ;;nd;nd;nd;nd;nd;nd;nd;nd;nd;nd;nd;nd;nd;nd;nd;nd;nd;nd;nd;nd;nd;nd
158;VVPP;ADJD;erachten;35;NZZ_1998_12_02_a22_seg6_s8;30;Full|Psp;Zudem trat ihm nun Lahoud auf solidem parlamentarischem Untergrund mit Bedingungen für die Zusammensetzung des neuen Ministerrats gegenüber, während Hariri auf Grund der Versöhnungsplattform von Taif deren Auswahl gänzlich als sein eigenes Vorrecht erachtet .;prozess;Gradadverbial;done;;frei;+;nd;+;nd;nd;nd;+;nd;nd;nd;nd;nd;nd;nd;nd;nd;nd;nd;nd;nd;nd;nd
159;VVINF;ADJD;führen;22;NZZ_1994_02_11_a210_seg2_s9;18;Full|-2;Mit dieser durchsichtigen Aktion wird versucht, das mit zwei bürgerlichen Kandidaten namens Müller bereits erschwerte Wahlprozedere gänzlich ad absurdum zu führen .;prozess;Gradadverbial;done;;frei;+;nd;+;nd;nd;nd;+;nd;nd;nd;nd;nd;nd;nd;nd;nd;nd;nd;nd;nd;nd;nd
160;VVPP;ADJD;überwinden;20;NZZ_1994_02_09_a81_seg9_s5;19;Full|Psp;Vor diesem Hintergrund ist es fraglich, ob die heutige, auch strukturell bedingte Krise des Grenzgängertums überhaupt gänzlich überwunden werden kann .;prozess;Gradadverbial;done;;frei;+;nd;+;nd;nd;nd;+;nd;nd;nd;nd;nd;nd;nd;nd;nd;nd;nd;nd;nd;nd;nd
161;VVPP;ADJD;einebnen;11;NZZ_1998_06_11_a222_seg11_s22;10;Full|Psp;1747 war es nach dreihundertjährigem Betrieb abgebrannt und fast gänzlich eingeebnet worden .;prozess;Gradadverbial;done;;frei;+;nd;+;nd;nd;nd;+;nd;nd;nd;nd;nd;nd;nd;nd;nd;nd;nd;nd;nd;nd;nd
162;VVINF;ADJD;verschwinden;36;NZZ_1997_09_06_a88_seg8_s9;33;Full|-2;Die Omnitel-Beteiligung wurde zum wertvollsten Schmuckstück der Gruppe und am Schluss - als selbst die defizitäre Hardware-Produktion ausgeschieden werden musste - sogar zum « Garanten » dafür, dass die Olivetti nicht gänzlich vom Markt verschwinden musste und jetzt sogar wieder auf neues Betriebskapital hoffen kann .;prozess;Gradadverbial;done;;frei;+;nd;+;nd;nd;nd;+;nd;nd;nd;nd;nd;nd;nd;nd;nd;nd;nd;nd;nd;nd;nd
163;VVINF;ADJD;verlieren;13;NZZ_1999_12_01_a209_seg10_s2;9;Full|-2;Wenn man das Ziel eines energieproduzierenden Fusionskraftwerks nicht gänzlich aus den Augen verlieren will, muss auf die heutige Generation von Forschungsreaktoren ein noch grösserer Experimentalreaktor - eben Iter - folgen, in dem die wissenschaftlichen und technischen Erfahrungen der letzten Jahre gebündelt zur Anwendung kommen .;prozess;Gradadverbial;done;;frei;+;nd;+;nd;nd;nd;+;nd;nd;nd;nd;nd;nd;nd;nd;nd;nd;nd;nd;nd;nd;nd
164;VVFIN;ADJD;anheimgeben;25;NZZ_1996_03_30_a137_seg3_s21;22;Full|3|Sg|Pres|Ind;Als extremster Gegensatz zu der Position Harnoncourts wäre eine Praxis historischer Musik denkbar, die den nostalgischen Rückblick pflegt, sich gänzlich der Vergangenheit anheimgibt .;prozess;Gradadverbial;done;;frei;+;nd;+;nd;nd;nd;+;nd;nd;nd;nd;nd;nd;nd;nd;nd;nd;nd;nd;nd;nd;nd
165;VVPP;ADJD;verspielen;28;NZZ_1998_10_10_a3_seg3_s38;27;Full|Psp;Sieht das Bündnis anderseits von Angriffen ab, ohne dass dem starken Mann in Belgrad substantielle Zugeständnisse abgerungen werden konnten, so hat es seine Glaubwürdigkeit gänzlich verspielt .;prozess;Gradadverbial;done;;frei;+;nd;+;nd;nd;nd;+;nd;nd;nd;nd;nd;nd;nd;nd;nd;nd;nd;nd;nd;nd;nd
166;VVPP;ADJD;verkaufen;11;NZZ_1996_08_17_a91_seg7_s1;10;Full|Psp;Bis 1995 hatte die Regierung bloss drei staatliche Gesellschaften gänzlich verkauft und Beteiligungen von 10% bis 20% in 18 weiteren Betrieben aufgegeben .;prozess;Gradadverbial;done;;frei;+;nd;+;nd;nd;nd;+;nd;nd;nd;nd;nd;nd;nd;nd;nd;nd;nd;nd;nd;nd;nd
167;VVPP;ADJD;verraten;8;NZZ_1995_10_03_a150_seg4_s7;7;Full|Psp;Die reiche Speisekarte sei hier nicht gänzlich verraten : Bei den « Vorspeisen » aufgefallen sind « Gado Gado » ( Gekochter Gemüsesalat, Tofu und Erdnusssauce ) oder « Urap » ( Gemüsesalat mit Limonensaft und Kokosnuss ) .;prozess;Gradadverbial;done;;frei;+;nd;+;nd;nd;nd;+;nd;nd;nd;nd;nd;nd;nd;nd;nd;nd;nd;nd;nd;nd;nd
168;VVPP;ADJD;zerstören;37;NZZ_1996_05_30_a232_seg3_s32;36;Full|Psp;Die Wähler selber haben sich zur Enttäuschung Haiders im letzten Herbst tendenziell für den Status quo der grossen Koalition entschieden, und Haider hat mit seiner SS-Äusserung dem ÖVP-Chef den vermeintlichen Spielraum für einen Koalitionswechsel gänzlich zerstört .;prozess;Gradadverbial;done;;frei;+;nd;+;nd;nd;nd;+;nd;nd;nd;nd;nd;nd;nd;nd;nd;nd;nd;nd;nd;nd;nd
169;VVPP;ADJD;rekonstruieren;24;NZZ_1996_04_10_a112_seg3_s13;23;Full|Psp;- Die komplizierte Quellenlage hat dazu geführt, dass die Inhalte von Hamiltons verschiedenen Antiken- und Gemäldesammlungen bis heute noch nicht wieder gänzlich rekonstruiert werden konnten .;prozess;Gradadverbial;done;;frei;+;nd;+;nd;nd;nd;+;nd;nd;nd;nd;nd;nd;nd;nd;nd;nd;nd;nd;nd;nd;nd
170;VVPP;ADJD;aufgeben;19;NZZ_1995_04_20_a157_seg8_s1;18;Full|Psp;Dass mehr im Team des französischen Meisters steckt, dass er den Willen zur Wende noch nicht gänzlich aufgegeben hatte, zeigte sich nach dem Seitenwechsel, als er gegen die in der Konzentration stark nachlassenden Mailänder das Geschehen immer deutlicher zu bestimmen begann .;prozess;Gradadverbial;done;;frei;+;nd;+;nd;nd;nd;+;nd;nd;nd;nd;nd;nd;nd;nd;nd;nd;nd;nd;nd;nd;nd
171;VVINF;ADJD;verzichten;15;NZZ_1997_03_12_a177_seg3_s3;14;Full|-2;Mit der Verbesserung nichtinvasiver Techniken hoffen Mediziner, in Zukunft auf invasive Methoden gänzlich verzichten zu können .;prozess;Gradadverbial;done;;frei;+;nd;+;nd;nd;nd;+;nd;nd;nd;nd;nd;nd;nd;nd;nd;nd;nd;nd;nd;nd;nd
172;VVPP;ADJD;verzichten;51;NZZ_1996_04_19_a43_seg9_s17;47;Full|Psp;Eine erste Optimierung im Bereich der Fortbildungsdienste zielt denn auch auf eine Vereinfachung für die TTK-Organisation ab : Den Armeekorpskommandanten wird die Kompetenz erteilt, bestimmte Stäbe und Funktionen vom Bestehen der TTK teilweise oder ganz zu befreien, und für Truppen im jährlichen WK-Rhythmus soll gänzlich auf den TTK verzichtet werden .;prozess;Gradadverbial;done;;frei;+;nd;+;nd;nd;nd;+;nd;nd;nd;nd;nd;nd;nd;nd;nd;nd;nd;nd;nd;nd;nd
173;VVPP;ADJD;mißbilligen;24;NZZ_1994_01_08_a188_seg3_s73;23;Full|Psp;Die Massnahme der Strafexpedition als solcher und ihre Notwendigkeit kann von uns Christen ( ... ) zwar sehr bedauert, aber nicht gänzlich missbilligt werden . »;prozess;Gradadverbial;done;;frei;+;nd;+;nd;nd;nd;+;nd;nd;nd;nd;nd;nd;nd;nd;nd;nd;nd;nd;nd;nd;nd
174;VVFIN;ADJD;stellen;10;NZZ_1995_06_10_a203_seg5_s6;13;Full|3|Sg|Pres|Ind;Sieht man von Strasse und Eisenbahnlinie einmal ab, stellt es sich gänzlich unberührt von den störenden Eingriffen moderner Bautätigkeit dar .;nd;nd;not of interest;ModADV;;nd;nd;nd;nd;nd;nd;nd;nd;nd;nd;nd;nd;nd;nd;nd;nd;nd;nd;nd;nd;nd;nd
175;VVPP;ADJD;abfallen|abgefallen;18;NZZ_1997_01_20_a121_seg3_s6;17;Full|Psp;Diese, von Schöpfungstag zu Schöpfungstag mehr deroutiert, sind am Ende der Geschichte von ihr gänzlich abgefallen und stehen im Bann einer ( anderen ) messianischen Gestalt .;prozess;Gradadverbial;done;;frei;+;nd;+;nd;nd;nd;+;nd;nd;nd;nd;nd;nd;nd;nd;nd;nd;nd;nd;nd;nd;nd
176;VVPP;ADJD;offenlassen;6;NZZ_1995_11_11_a146_seg3_s10;5;Full|Psp;Die Frage wird also gänzlich offengelassen .;prozess;Gradadverbial;done;;frei;+;nd;+;nd;nd;nd;+;nd;nd;nd;nd;nd;nd;nd;nd;nd;nd;nd;nd;nd;nd;nd
177;VVFIN;ADJD;fehlen;12;NZZ_1997_10_08_a182_seg2_s11;13;Full|3|Pl|Pres|Ind;Einige wenige, aber dafür übersichtliche Graphiken und Zeichnungen - Photos fehlen gänzlich - ergänzen den Text .;prozess;Gradadverbial;done;;frei;+;nd;+;nd;nd;nd;+;nd;nd;nd;nd;nd;nd;nd;nd;nd;nd;nd;nd;nd;nd;nd
178;VVIZU;ADJD;freimachen;27;NZZ_1997_05_29_a16_seg6_s1;26;Full|zu;Die Taliban sind in Mazar den Truppen Maliks zahlenmässig unterlegen, weil es ihnen bisher nicht gelang, die Strassenverbindung nach Kabul für militärischen Nachschub gänzlich freizumachen .;prozess;Gradadverbial;done;;frei;+;nd;+;nd;nd;nd;+;nd;nd;nd;nd;nd;nd;nd;nd;nd;nd;nd;nd;nd;nd;nd
179;VVPP;ADJD;verschwinden;25;NZZ_1997_07_26_a28_seg1_s4;24;Full|Psp;Hingegen sind die mit grossen Risiken verbundenen illegalen Abtreibungen, deren Zahl im Jahr 1966 noch auf 45 000 geschätzt wurde, fast gänzlich verschwunden .;prozess;Gradadverbial;done;;frei;+;nd;+;nd;nd;nd;+;nd;nd;nd;nd;nd;nd;nd;nd;nd;nd;nd;nd;nd;nd;nd
180;VVPP;ADJD;regeln;4;NZZ_1994_01_27_a115_seg9_s1;3;Full|Psp;Noch nicht gänzlich geregelt ist laut Ciba sodann die Haftungsfrage .;nd;nd;not of interest;ModPräd ;;nd;nd;nd;nd;nd;nd;nd;nd;nd;nd;nd;nd;nd;nd;nd;nd;nd;nd;nd;nd;nd;nd
181;VVFIN;ADJD;lassen;3;NZZ_1993_12_10_a29_seg10_s1;6;Full|3|Sg|Past|Ind;Das Zedernland liess Christopher diesmal gänzlich beiseite .;prozess;Gradadverbial;done;;frei;+;nd;+;nd;nd;nd;+;nd;nd;nd;nd;nd;nd;nd;nd;nd;nd;nd;nd;nd;nd;nd
182;VVPP;ADJD;übergehen;32;NZZ_1996_09_24_a125_seg7_s4;31;Full|Psp;Die in der Tiefenpsychologie sehr eindringlich bedachte Frage, wie mit der affektiven Bindung von Therapeut und Klient umzugehen sei, wurde in den Vorträgen auf dem Leusdener Kongress erstaunlicherweise gänzlich übergangen .;prozess;Gradadverbial;done;;frei;+;nd;+;nd;nd;nd;+;nd;nd;nd;nd;nd;nd;nd;nd;nd;nd;nd;nd;nd;nd;nd
183;VVINF;ADJD;verzichten;12;NZZ_1994_10_01_a93_seg24_s8;7;Full|-2;Dass Versuche, bei der Schizophrenie gänzlich auf die Spitalbehandlung zu verzichten, scheitern, bestätigt die Erfahrung der Angehörigen, dass das gut geführte Spital mit verständnisvollen Ärzten und einer mitmenschlichen Betreuung in einer beruhigenden Atmosphäre und mit der geeigneten Infrastruktur für den psychisch schwer Kranken eine wichtige Hilfe auf seinem Lebensweg bedeutet .;prozess;Gradadverbial;done;;frei;+;nd;+;nd;nd;nd;+;nd;nd;nd;nd;nd;nd;nd;nd;nd;nd;nd;nd;nd;nd;nd
184;VVFIN;ADJD;zusammensetzen;19;NZZ_1996_09_10_a189_seg2_s23;15;Full|3|Sg|Pres|Ind;So überrascht beispielsweise Claude Montana mit einer farblich ruhigen Kollektion, die sich fast gänzlich aus uni Stücken zusammensetzt .;prozess;Gradadverbial;done;;frei;+;nd;+;nd;nd;nd;+;nd;nd;nd;nd;nd;nd;nd;nd;nd;nd;nd;nd;nd;nd;nd
185;VVINF;ADJD;verzichten;28;NZZ_1995_09_22_a184_seg8_s1;23;Full|-2;Trotz diesen technischen Entwicklungen, die für den potentiellen Konsumenten primär eine Verbesserung der Empfangsqualität bedeuten, will kaum ein internationaler Sender gänzlich auf den kostenintensiven KW-Betrieb verzichten .;prozess;Gradadverbial;done;;frei;+;nd;+;nd;nd;nd;+;nd;nd;nd;nd;nd;nd;nd;nd;nd;nd;nd;nd;nd;nd;nd
186;VVINF;ADJD;verschwinden;20;NZZ_1995_11_28_a78_seg4_s19;18;Full|-2;Bis Ende Jahr soll die Nettoverschuldung auf 2 Mrd. DM gedrückt werden, um bis Ende 1998 gänzlich zu verschwinden .;prozess;Gradadverbial;done;;frei;+;nd;+;nd;nd;nd;+;nd;nd;nd;nd;nd;nd;nd;nd;nd;nd;nd;nd;nd;nd;nd
187;VVPP;ADJD;festigen;19;NZZ_1994_11_26_a139_seg9_s5;18;Full|Psp;Vom 16. Jahrhundert an werden die Cäcilia- Bilder zahlreicher, und die Verbindung zur Musik ist nun gänzlich gefestigt .;nd;nd;not of interest;ModPräd ;;nd;nd;nd;nd;nd;nd;nd;nd;nd;nd;nd;nd;nd;nd;nd;nd;nd;nd;nd;nd;nd;nd
188;VVFIN;ADJD;stellen;20;NZZ_1993_04_02_a90_seg3_s2;26;Full|3|Sg|Pres|Ind;An zwei Grenzstrassen, in Cassinone di Monteggio im Malcantone und in San Pietro di Stabio im Mendrisiotto, stellt das Zollbüro den Betrieb gar gänzlich ein .;prozess;Gradadverbial;done;;frei;+;nd;+;nd;nd;nd;+;nd;nd;nd;nd;nd;nd;nd;nd;nd;nd;nd;nd;nd;nd;nd
189;VVFIN;ADJD;gehören;16;NZZ_1996_03_25_a22_seg7_s15;13;Full|3|Sg|Past|Ind;Doch ist die nationale Identität Weissrusslands, das seit dem 18. Jahrhundert gänzlich zum Zarenreich gehörte, nur mangelhaft ausgeprägt .;prozess;Gradadverbial;done;;frei;+;nd;+;nd;nd;nd;+;nd;nd;nd;nd;nd;nd;nd;nd;nd;nd;nd;nd;nd;nd;nd
190;VVPP;ADJD;ausschließen;23;NZZ_1994_10_12_a29_seg13_s6;20;Full|Psp;Sie verweist zum einen darauf, dass Steuerbeträge auf Geschäftsspesen in anderen Ländern wie Frankreich, Italien und Spanien gänzlich vom Vorsteuerabzugsrecht ausgeschlossen sind .;prozess;Gradadverbial;done;;frei;+;nd;+;nd;nd;nd;+;nd;nd;nd;nd;nd;nd;nd;nd;nd;nd;nd;nd;nd;nd;nd
191;VVINF;ADJD;verzichten;15;NZZ_1999_12_11_a247_seg3_s30;13;Full|-2;Doch andere haben inzwischen angekündigt, auf die Verwendung des offiziellen EM-Logos gänzlich zu verzichten .;prozess;Gradadverbial;done;;frei;+;nd;+;nd;nd;nd;+;nd;nd;nd;nd;nd;nd;nd;nd;nd;nd;nd;nd;nd;nd;nd
192;VVINF;ADJD;befreien;19;NZZ_1997_05_29_a155_seg9_s4;15;Full|-2;Das Projekt des Architekturbüros Amsler, Winterthur, sieht vor, die zentrale Halle gänzlich von Läden zu befreien und diese an den Seiten anzusiedeln, wobei die Rolltreppen mittels « Lichtbändern » zu Blickfängen werden .;prozess;Gradadverbial;done;;frei;+;nd;+;nd;nd;nd;+;nd;nd;nd;nd;nd;nd;nd;nd;nd;nd;nd;nd;nd;nd;nd
193;VVFIN;ADJD;weichen;13;NZZ_1998_08_29_a242_seg8_s2;20;Full|3|Sg|Past|Ind;Dem ging eine Umpolung von Bedeutsamkeiten voraus : Der Korpus talmudischen Wissens wich den Vorgaben griechischer Weisheit zwar nicht gänzlich - hatte jedoch seinen Rang mit ihnen zu teilen .;prozess;Gradadverbial;done;;frei;+;nd;+;nd;nd;nd;+;nd;nd;nd;nd;nd;nd;nd;nd;nd;nd;nd;nd;nd;nd;nd
194;VVPP;ADJD;tragen;11;NZZ_1998_03_21_a47_seg16_s2;6;Full|Psp;Heute wird das Archiv fast gänzlich von der Stiftung allein getragen .;prozess;Gradadverbial;done;;frei;+;nd;+;nd;nd;nd;+;nd;nd;nd;nd;nd;nd;nd;nd;nd;nd;nd;nd;nd;nd;nd
195;VVINF;ADJD;verlieren;12;NZZ_1997_03_25_a18_seg6_s5;8;Full|-2;Um in diesem Gewirr von Hütten nicht gänzlich den Überblick zu verlieren, hat die Stadtverwaltung an jede Wohneinheit eine Sektornummer in weisser und eine Hausnummer in roter Farbe gepinselt .;prozess;Gradadverbial;done;;frei;+;nd;+;nd;nd;nd;+;nd;nd;nd;nd;nd;nd;nd;nd;nd;nd;nd;nd;nd;nd;nd
196;VVPP;ADJD;abschließen;12;NZZ_1995_07_11_a40_seg2_s5;11;Full|Psp;Noch sind die Sanierungsarbeiten der von Steinschlag bedrohten Durchgangsstrasse nicht gänzlich abgeschlossen, doch bestehe laut einem Gutachten für die Verkehrsteilnehmer keine Gefahr mehr .;prozess;Gradadverbial;done;;frei;+;nd;+;nd;nd;nd;+;nd;nd;nd;nd;nd;nd;nd;nd;nd;nd;nd;nd;nd;nd;nd
197;VVPP;ADJD;absagen;22;NZZ_1997_05_07_a8_seg6_s3;21;Full|Psp;Doch am Montag abend wurde in Amman überraschend bekanntgegeben, dass Hassan nicht anwesend sein würde, worauf die Zeremonie gänzlich abgesagt wurde .;prozess;Gradadverbial;done;;frei;+;nd;+;nd;nd;nd;+;nd;nd;nd;nd;nd;nd;nd;nd;nd;nd;nd;nd;nd;nd;nd
198;VVINF;ADJD;vermeiden;25;NZZ_1993_02_03_a80_seg5_s12;24;Full|-2;Auch wenn viele Versuche die Tiere in keiner Weise belasten, beispielsweise Fütterungsuntersuchungen und Verhaltensbeobachtungen, lässt sich das Leiden der Tiere nicht gänzlich vermeiden .;prozess;Gradadverbial;done;;frei;+;nd;+;nd;nd;nd;+;nd;nd;nd;nd;nd;nd;nd;nd;nd;nd;nd;nd;nd;nd;nd
199;VVPP;ADJD;abbauen;13;NZZ_1993_02_05_a72_seg11_s7;12;Full|Psp;Dieser muss gemäss Artikel 36 t er der Bundesverfassung reduziert oder gänzlich abgebaut werden, wenn er nicht mehr benötigt wird .;prozess;Gradadverbial;done;;frei;+;nd;+;nd;nd;nd;+;nd;nd;nd;nd;nd;nd;nd;nd;nd;nd;nd;nd;nd;nd;nd
200;VVINF;ADJD;beseitigen;27;NZZ_1993_02_08_a177_seg5_s13;26;Full|-2;Im laufenden Jahr will die Regierung die Inflation unterhalb einer Grenze von 30% halten und das Defizit durch Rationalisierung der Zentralverwaltung und Einschränkung der Ausgaben gänzlich beseitigen .;prozess;Gradadverbial;done;;frei;+;nd;+;nd;nd;nd;+;nd;nd;nd;nd;nd;nd;nd;nd;nd;nd;nd;nd;nd;nd;nd
