﻿Interne-ID;Function-Head;Funktion-Hit;Head;ID-Head;ID-NZZ;ID-Token;Meta-Kopf;sentence;Oberkategorie;Unterkategorie;Status;Kommentar;externe Funktion;prozess;pFREQ;AuW;pure;agent;method;degree;proposition;KONJ;FRAME;SADV;extern;KAUS;TEMP;FREQ;BU;LOC;intern;INST;KOM;SH;iLOC
1;VVFIN;ADV;gehen;4;NZZ_1997_04_14_a210_seg12_s7;6;Full|3|Pl|Pres|Ind;Von der Bevölkerungsentwicklung gehen regional sehr unterschiedliche Effekte aus .;nd;nd;not of interest;ModADJ;;nd;nd;nd;nd;nd;nd;nd;nd;nd;nd;nd;nd;nd;nd;nd;nd;nd;nd;nd;nd;nd;nd
2;VVFIN;ADV;fallen|fällen;2;NZZ_1996_02_05_a131_seg3_s28;7;Full|3|Sg|Pres|Ind;Da fällt es auch nicht so sehr ins Gewicht, dass der Nachwuchs noch etwas zurückbleibt .;prozess;Gradadverbial;done;;frei;+;nd;+;nd;nd;nd;+;nd;nd;nd;nd;nd;nd;nd;nd;nd;nd;nd;nd;nd;nd;nd
3;VVFIN;ADV;nehmen;2;NZZ_1994_09_30_a89_seg14_s4;4;Full|1|Pl|Pres|Ind;Wir nehmen dies sehr ernst .;prozess;Gradadverbial;done;;frei;+;nd;+;nd;nd;nd;+;nd;nd;nd;nd;nd;nd;nd;nd;nd;nd;nd;nd;nd;nd;nd
4;VVINF;ADV;schaffen;47;NZZ_1994_02_12_a92_seg8_s4;45;Full|-2;Im Unterschied zum frankophonen Westen vollzog sich dort die anglo-ägyptische Kolonisation von Norden nach Süden und hinterliess im unabhängigen Sudan, dem afrikanischen Staat mit der grössten Ausdehnung, als neue hauseigene Kolonialherrschaft jene nördlich-islamische Macht, die den Briten in Khartum einst so sehr zu schaffen gemacht hatte .;prozess;Gradadverbial;done;;frei;+;nd;+;nd;nd;nd;+;nd;nd;nd;nd;nd;nd;nd;nd;nd;nd;nd;nd;nd;nd;nd
5;VVPP;ADV;verbreiten;18;NZZ_1997_10_31_a89_seg3_s9;17;Full|Psp;Das Vertrauen, dass die Polizei in Japan für Ordnung sorgen könnte, scheint jedenfalls nicht sehr verbreitet zu sein .;nd;nd;not of interest;Modpräd/Partikel;;nd;nd;nd;nd;nd;nd;nd;nd;nd;nd;nd;nd;nd;nd;nd;nd;nd;nd;nd;nd;nd;nd
6;VVPP;ADV;unterschätzen;36;NZZ_1999_07_05_a109_seg7_s1;35;Full|Psp;Die Idee der Überlegenheit der eigenen Kultur über jene der Fremden, der « Barbaren », war angesichts chinesischer Leistungen in Wissenschaft und Technik ( die im Westen nach Ansicht von Joseph Needham sehr unterschätzt werden ) gar nicht einmal unverständlich .;prozess;Gradadverbial;done;;frei;+;nd;+;nd;nd;nd;+;nd;nd;nd;nd;nd;nd;nd;nd;nd;nd;nd;nd;nd;nd;nd
7;VVFIN;ADV;kümmern;22;NZZ_1998_02_19_a77_seg7_s4;27;Full|3|Sg|Past|Ind;Wie sehr die ausgedrückte halbe Zitrone schmerzen musste, die die Frau seiner Meinung nach über den Muttermund schieben sollte, kümmerte ihn wohl nicht allzu sehr .;prozess;Gradadverbial;done;;frei;+;nd;+;nd;nd;nd;+;nd;nd;nd;nd;nd;nd;nd;nd;nd;nd;nd;nd;nd;nd;nd
8;VVFIN;ADV;achten;26;NZZ_1999_12_14_a140_seg10_s11;25;Full|3|Sg|Past|Ind;Die zweite Amtszeit hatte erwiesen, dass der Präsident massiver öffentlicher Kritik nicht enthoben war und dass seine Ehre, auf die Washington so sehr achtete, in Gefahr geriet, « von einem Haufen infamer Skribenten » besudelt zu werden .;prozess;Gradadverbial;done;;frei;+;nd;+;nd;nd;nd;+;nd;nd;nd;nd;nd;nd;nd;nd;nd;nd;nd;nd;nd;nd;nd
9;VMFIN;ADV;können;2;NZZ_1994_05_21_a69_seg4_s6;3;Mod|3|Sg|Past|Ind;Damit konnte sehr viel kostengünstiger als in den zerstreuten Handwerksbetrieben gefertigt werden .;nd;nd;not of interest;ModADJ;;nd;nd;nd;nd;nd;nd;nd;nd;nd;nd;nd;nd;nd;nd;nd;nd;nd;nd;nd;nd;nd;nd
10;VVINF;ADV;schwertun;7;NZZ_1997_05_22_a2_seg7_s3;6;Full|-2;Tshisekedi dürfte sich aber erfahrungsgemäss sehr schwertun, ein anderes Amt als jenes des Premierministers zu übernehmen .;prozess;Gradadverbial;done;;frei;+;nd;+;nd;nd;nd;+;nd;nd;nd;nd;nd;nd;nd;nd;nd;nd;nd;nd;nd;nd;nd
11;VVIZU;ADV;anzweifeln;28;NZZ_1996_01_10_a121_seg3_s11;27;Full|zu;Dass Jemen das arabische Land mit der vielfältigsten und, horribile dictu, « hochentwickeltsten » Musik sei, ist aber auf Grund gewichtiger Kriterien doch sehr anzuzweifeln .;nd;nd;not of interest;Modpräd/Partikel;;nd;nd;nd;nd;nd;nd;nd;nd;nd;nd;nd;nd;nd;nd;nd;nd;nd;nd;nd;nd;nd;nd
12;VVPP;ADV;tragen;32;NZZ_1998_10_02_a51_seg7_s8;30;Full|Psp;64 ) kritisierte das : « Die Leitung der Expo hat hier der - gänzlich unangebrachten - Furcht Berns vor einem allenfalls zutage tretenden Nonkonformismus im Schweizervolk viel zu sehr Rechnung getragen . »;prozess;Gradadverbial;done;unvollständiger Satz;frei;+;nd;+;nd;nd;nd;+;nd;nd;nd;nd;nd;nd;nd;nd;nd;nd;nd;nd;nd;nd;nd
13;VVFIN;ADV;geraten;3;NZZ_1998_06_12_a23_seg4_s5;2;Full|3|Sg|Past|Ind;So sehr geriet die Regierung von Präsident Vieira in Bedrängnis, dass sie sich anscheinend genötigt sah, die Nachbarländer Guinea und Senegal um Beistand zu bitten .;prozess;Gradadverbial;done;;frei;+;nd;+;nd;nd;nd;+;nd;nd;nd;nd;nd;nd;nd;nd;nd;nd;nd;nd;nd;nd;nd
14;VVPP;ADV;teilen;18;NZZ_1994_11_19_a40_seg3_s1;17;Full|Psp;Die Meinungen über das Ergebnis der Konferenz der Asiatisch-Pazifischen Wirtschaftskooperation ( Apec ) in Indonesien sind sehr geteilt .;nd;nd;not of interest;Modpräd/Partikel;;nd;nd;nd;nd;nd;nd;nd;nd;nd;nd;nd;nd;nd;nd;nd;nd;nd;nd;nd;nd;nd;nd
15;VVFIN;ADV;stehen;6;NZZ_1995_08_29_a137_seg2_s21;14;Full|3|Sg|Past|Ind;Aber auch in diesem Match stand der Neuling dem Ausgleich kurz vor Schluss sehr nahe .;prozess;Gradadverbial;done;;frei;+;nd;+;nd;nd;nd;+;nd;nd;nd;nd;nd;nd;nd;nd;nd;nd;nd;nd;nd;nd;nd
16;VVINF;ADV;bedauern;15;NZZ_1999_01_22_a290_seg3_s10;14;Full|-2;Aber mindestens im Falle der ausserordentlich stimmigen Grosskhan-Marke würden wir die erste Alternative sehr bedauern .;prozess;Gradadverbial;done;;frei;+;nd;+;nd;nd;nd;+;nd;nd;nd;nd;nd;nd;nd;nd;nd;nd;nd;nd;nd;nd;nd
17;VVFIN;ADV;lassen;26;NZZ_1998_01_23_a140_seg10_s18;29;Full|3|Sg|Pres|Subj;Nach der Genesung diskutiert Stalin mit ihm Veränderungen : Iwan soll bei der Ausrottung der Feinde entschlossener handeln und nicht wie Hamlet zögern, Eisenstein lasse sich zu sehr von Schatten hinreissen, der Film sei zu mystisch, und der Regisseur lenke den Zuschauer durch den Bart Iwans von der Handlung ab .;prozess;Gradadverbial;done;;frei;+;nd;+;nd;nd;nd;+;nd;nd;nd;nd;nd;nd;nd;nd;nd;nd;nd;nd;nd;nd;nd
18;VVFIN;ADV;spielen;35;NZZ_1996_02_23_a225_seg3_s12;31;Full|3|Sg|Past|Ind;Dass der Computer wirklich nur eine mangelhafte Vorstellung von der Bedeutung des Konzeptes « Raum » hat, wurde in der letzten Partie deutlich, in der ihn Kasparow so sehr an die Wand spielte, dass am Ende zwei seiner wichtigsten Figuren ( Turm und Läufer ) komplett paralysiert waren .;prozess;Gradadverbial;done;;frei;+;nd;+;nd;nd;nd;+;nd;nd;nd;nd;nd;nd;nd;nd;nd;nd;nd;nd;nd;nd;nd
19;VVFIN;ADV;schaden;14;NZZ_1999_01_16_a40_seg8_s4;13;Full|-2;Damit drohe der Rückfall in jene Egoismen, die unserem Land so sehr schaden würden .;prozess;Gradadverbial;done;;frei;+;nd;+;nd;nd;nd;+;nd;nd;nd;nd;nd;nd;nd;nd;nd;nd;nd;nd;nd;nd;nd
20;VVPP;ADV;zusagen;17;NZZ_1996_05_21_a193_seg2_s4;16;Full|Psp;Ich muss aber gestehen, dass in dieser Zeit mir die Talkshows mit Jürgen Fliege sehr zugesagt haben .;prozess;Gradadverbial;done;;frei;+;nd;+;nd;nd;nd;+;nd;nd;nd;nd;nd;nd;nd;nd;nd;nd;nd;nd;nd;nd;nd
21;VVPP;ADV;mitnehmen;7;NZZ_1994_11_10_a113_seg3_s37;6;Full|Psp;Von den Anstrengungen der Reise sehr mitgenommen, erkrankt sie an Typhus und stirbt in Bordeaux am 14. November vor 150 Jahren .;nd;nd;not of interest;ModsekPräd;;nd;nd;nd;nd;nd;nd;nd;nd;nd;nd;nd;nd;nd;nd;nd;nd;nd;nd;nd;nd;nd;nd
22;VVPP;ADV;antun;9;NZZ_1997_07_12_a152_seg13_s3;8;Full|Psp;Katharina ist von Alex ' charismatischem Wesen sehr angetan .;nd;nd;not of interest;Modpräd/Partikel;;nd;nd;nd;nd;nd;nd;nd;nd;nd;nd;nd;nd;nd;nd;nd;nd;nd;nd;nd;nd;nd;nd
23;VVFIN;ADV;zeigen;2;NZZ_1995_03_25_a29_seg4_s5;4;Full|3|Sg|Past|Ind;Klaus zeigte sich sehr zufrieden mit der Qualität der gegenseitigen Beziehungen, obschon nach seiner Auffassung nicht alle Möglichkeiten schon genutzt werden .;nd;nd;not of interest;ModADJ;;nd;nd;nd;nd;nd;nd;nd;nd;nd;nd;nd;nd;nd;nd;nd;nd;nd;nd;nd;nd;nd;nd
24;VVPP;ADV;behelligen;20;NZZ_1998_08_29_a244_seg7_s3;19;Full|Psp;Die Perronhallen mussten zudem möglichst hoch gebaut werden, damit die Reisenden vom Rauch der Dampflokomotiven nicht zu sehr behelligt wurden .;prozess;Gradadverbial;done;;frei;+;nd;+;nd;nd;nd;+;nd;nd;nd;nd;nd;nd;nd;nd;nd;nd;nd;nd;nd;nd;nd
25;VVFIN;ADV;entgegenkommen;18;NZZ_1999_06_11_a256_seg5_s2;17;Full|3|Sg|Pres|Ind;Es ist eine sehr intellektuelle Biographie, die dem hochintellektuellen Bamberger - einem begnadeten Publizisten - sehr entgegenkommt .;prozess;Gradadverbial;done;;frei;+;nd;+;nd;nd;nd;+;nd;nd;nd;nd;nd;nd;nd;nd;nd;nd;nd;nd;nd;nd;nd
26;VVFIN;ADV;interessieren;35;NZZ_1995_03_17_a38_seg3_s12;34;Full|1|Sg|Pres|Ind;Im weiteren fügte Métraux an, dass er das Polizeiressort keineswegs mit « Revancheabsichten » angestrebt habe, sondern weil ihn die Gesamtheit der Aufgaben, von der Feuerwehr bis zur Verkehrspolizei, sehr interessiere .;prozess;Gradadverbial;done;;frei;+;nd;+;nd;nd;nd;+;nd;nd;nd;nd;nd;nd;nd;nd;nd;nd;nd;nd;nd;nd;nd
27;VVPP;ADV;verlieren;21;NZZ_1997_05_14_a169_seg6_s5;16;Full|Psp;Dass er bei einem solchen Palmarès mit einer gelben Karte davonkam, bezeugt, wie sehr der Referee die Übersicht verloren hatte .;prozess;Gradadverbial;done;;frei;+;nd;+;nd;nd;nd;+;nd;nd;nd;nd;nd;nd;nd;nd;nd;nd;nd;nd;nd;nd;nd
28;VVFIN;ADV;geben;2;NZZ_1993_04_23_a83_seg2_s9;10;Full|3|Sg|Pres|Ind;Hier gibt Höner Einblick in eine fremde Kultur, sehr zurückhaltend, nebenbei fast .;nd;nd;not of interest;ModsekPräd;;nd;nd;nd;nd;nd;nd;nd;nd;nd;nd;nd;nd;nd;nd;nd;nd;nd;nd;nd;nd;nd;nd
29;VVFIN;ADV;profitieren;37;NZZ_1997_11_20_a184_seg7_s22;36;Full|3|Sg|Past|Ind;Wie auch immer : Die Hausarbeit wurde offenbar gründlich erledigt, denn von Grünigen befindet sich gemäss Züger ebenso in bestechender Form wie Locher, der von der Verpflichtung des Romands Louis Monney als Assistenztrainer sehr profitierte .;prozess;Gradadverbial;done;;frei;+;nd;+;nd;nd;nd;+;nd;nd;nd;nd;nd;nd;nd;nd;nd;nd;nd;nd;nd;nd;nd
30;VVFIN;ADV;fürchten;29;NZZ_1995_02_24_a174_seg6_s5;28;Full|3|Pl|Past|Ind;Quebec war immer der Hort und der Stolz der frankophonen Schönspieler, während die Englischsprachigen wegen der harten Steuergesetze eine Umteilung in den kanadischen Osten etwa so sehr fürchteten wie Wayne Gretzky einen harten Check .;prozess;Gradadverbial;done;;frei;+;nd;+;nd;nd;nd;+;nd;nd;nd;nd;nd;nd;nd;nd;nd;nd;nd;nd;nd;nd;nd
31;VVFIN;ADV;mühen;14;NZZ_1998_10_24_a234_seg7_s17;9;Full|3|Sg|Pres|Ind;Kein Schweiss rinnt von der Stirn, wie sehr sich der Sprecher auch müht, russgeschwärzte Gesichter zu schildern mit hellen Salzspuren im Staub .;prozess;Gradadverbial;done;;frei;+;nd;+;nd;nd;nd;+;nd;nd;nd;nd;nd;nd;nd;nd;nd;nd;nd;nd;nd;nd;nd
32;VVFIN;ADV;vermissen;4;NZZ_1997_12_23_a191_seg2_s7;6;Full|1|Sg|Pres|Ind;Eine Sendung allerdings vermisse ich sehr : das « Musikalische Rätselraten » .;prozess;Gradadverbial;done;;frei;+;nd;+;nd;nd;nd;+;nd;nd;nd;nd;nd;nd;nd;nd;nd;nd;nd;nd;nd;nd;nd
33;VVFIN;ADV;lieben;43;NZZ_1994_10_08_a126_seg15_s4;42;Full|1|Sg|Pres|Ind;Im zweiten Theile Ihrer Gedichte fand ich die Form noch reiner, noch durchsichtig klarer - doch, was spreche ich viel von Formwesen, es drängt mich mehr, Ihnen zu sagen, dass ich keinen Liederdichter ausser Goethe so sehr liebe wie Sie . »;prozess;Gradadverbial;done;;frei;+;nd;+;nd;nd;nd;+;nd;nd;nd;nd;nd;nd;nd;nd;nd;nd;nd;nd;nd;nd;nd
34;VVPP;ADV;berühren;13;NZZ_1996_03_02_a169_seg3_s11;12;Full|Psp;Das anwesende Publikum war vom ersten Stück tief beeindruckt, innerlich sehr berührt .;nd;nd;not of interest;Modpräd/Partikel;;nd;nd;nd;nd;nd;nd;nd;nd;nd;nd;nd;nd;nd;nd;nd;nd;nd;nd;nd;nd;nd;nd
35;VVFIN;ADV;hoffen;11;NZZ_1993_12_08_a165_seg3_s8;10;Full|3|Sg|Pres|Subj;Zur Europapolitik hob der Niederländer hervor, dass er sehr hoffe, dass eine Gatt-Übereinkunft nicht mit allzu vielen finanziellen Zugeständnissen innerhalb der EG begleitet werde, die sich auf die Dauer nur nachteilig auf die Gemeinschaft auswirken könnten und der Sanierung der Staatsbudgets entgegenstünden .;prozess;Gradadverbial;done;;frei;+;nd;+;nd;nd;nd;+;nd;nd;nd;nd;nd;nd;nd;nd;nd;nd;nd;nd;nd;nd;nd
36;VVPP;ADV;ausrichten;14;NZZ_1995_09_14_a131_seg11_s23;10;Full|Psp;Sein Studium erfordert viel Zeit, Intensität und ist sehr auf den Intellekt ausgerichtet .;nd;nd;not of interest;Modpräd/Partikel;;nd;nd;nd;nd;nd;nd;nd;nd;nd;nd;nd;nd;nd;nd;nd;nd;nd;nd;nd;nd;nd;nd
37;VVPP;ADV;hervorrufen;32;NZZ_1997_10_20_a35_seg3_s1;29;Full|Psp;Nkm. VSE-Präsident Jacques Rognon bemerkte vor den FDP-Delegierten, die Pressekonferenz von VSE und BEW am 16. September zur Frage der nicht amortisierbaren Investitionen ( NAI ) habe sehr kritische Kommentare hervorgerufen .;nd;nd;not of interest;ModADJ;;nd;nd;nd;nd;nd;nd;nd;nd;nd;nd;nd;nd;nd;nd;nd;nd;nd;nd;nd;nd;nd;nd
38;VVPP;ADV;verwöhnen;26;NZZ_1997_02_08_a204_seg5_s26;25;Full|Psp;Vielmehr werden die Leute zwischen Malmö und dem Nordkap seit Mitte der siebziger Jahre ( Björn Borg ) bis zum heutigen Tag mit Erfolgen sehr verwöhnt .;prozess;Gradadverbial;done;;frei;+;nd;+;nd;nd;nd;+;nd;nd;nd;nd;nd;nd;nd;nd;nd;nd;nd;nd;nd;nd;nd
39;VVINF;ADV;bewundern;20;NZZ_1999_10_02_a134_seg4_s17;18;Full|-2;Das Blatt zitiert Salman Rushdie, der bekennt, die offensichtliche Ambition des literarischen Werkes von Grass sehr zu bewundern .;prozess;Gradadverbial;done;;frei;+;nd;+;nd;nd;nd;+;nd;nd;nd;nd;nd;nd;nd;nd;nd;nd;nd;nd;nd;nd;nd
40;VVPP;ADV;kultivieren;20;NZZ_1998_02_24_a103_seg3_s11;19;Full|Psp;Klugerweise vermieden sie aber ein allzu « heroisches » Aufladen des anmutigen Frühwerks und blieben im Ton stets sehr kultiviert .;nd;nd;not of interest;Modpräd/Partikel;;nd;nd;nd;nd;nd;nd;nd;nd;nd;nd;nd;nd;nd;nd;nd;nd;nd;nd;nd;nd;nd;nd
41;VVPP;ADV;lösen;8;NZZ_1996_06_17_a157_seg9_s5;7;Full|Psp;Während des Derby wirkte das Pferd sehr gelöst, und zum Schluss hatte man nicht den Eindruck, Mongol Warrior müsste seine ganze Klasse ausspielen .;nd;nd;not of interest;Modpräd/Partikel;;nd;nd;nd;nd;nd;nd;nd;nd;nd;nd;nd;nd;nd;nd;nd;nd;nd;nd;nd;nd;nd;nd
42;VVFIN;ADV;schätzen;72;NZZ_1999_07_07_a146_seg43_s4;71;Full|3|Sg|Past|Ind;Skalkottas, 1904 in Chalkis auf der Insel Euböa ( neugriechisch : Evia ) geboren, war zunächst ein geigendes Wunderkind und kam nach Abschluss des Athener Konservatoriums 1921 mit einem Stipendium zu Willy Hess nach Berlin, aber zum Entsetzen seines begeisterten Lehrers entschied er sich bald für die Komponistenlaufbahn und studierte bei Paul Juon, Philipp Jarnach, Kurt Weill und schliesslich bei Arnold Schönberg, der ihn sehr schätzte und mit Webern, Berg, Eisler und Zillig in einem Atemzug nannte - als die « wirklichen Komponisten » unter seinen zahlreichen Schülern .;prozess;Gradadverbial;done;;frei;+;nd;+;nd;nd;nd;+;nd;nd;nd;nd;nd;nd;nd;nd;nd;nd;nd;nd;nd;nd;nd
43;VVPP;ADV;verzerren;26;NZZ_1994_12_13_a24_seg3_s15;25;Full|Psp;Die letzten Parlamentswahlen mit dem System der Persönlichkeitswahl und ihrem Charakter einer doch illusionsbehafteten Protestwahl hatten diese Grundausrichtung der politischen Landschaft zugunsten der Sozialisten sehr verzerrt .;prozess;Gradadverbial;done;;frei;+;nd;+;nd;nd;nd;+;nd;nd;nd;nd;nd;nd;nd;nd;nd;nd;nd;nd;nd;nd;nd
44;VVPP;ADV;verknüpfen;20;NZZ_1996_02_05_a89_seg5_s2;16;Full|Psp;Zumindest nehmen wir sie nicht mehr so gern in den Mund, da sie zu sehr mit starren Rollenzuweisungen verknüpft sind, die das Machtgefälle zwischen Männern und Frauen gleich mitliefern .;prozess;Gradadverbial;done;;frei;+;nd;+;nd;nd;nd;+;nd;nd;nd;nd;nd;nd;nd;nd;nd;nd;nd;nd;nd;nd;nd
45;VVPP;ADV;behelligen;20;NZZ_1998_08_29_a244_seg7_s3;19;Full|Psp;Die Perronhallen mussten zudem möglichst hoch gebaut werden, damit die Reisenden vom Rauch der Dampflokomotiven nicht zu sehr behelligt wurden .;prozess;Gradadverbial;done;;frei;+;nd;+;nd;nd;nd;+;nd;nd;nd;nd;nd;nd;nd;nd;nd;nd;nd;nd;nd;nd;nd
46;VVFIN;ADV;versteifen;46;NZZ_1999_12_29_a174_seg9_s12;42;Full|3|Pl|Pres|Ind;Freiheit, das weiss auch Beck, erzeugt ein Gefühl der Unsicherheit, die Situation des Einzelnen wird prekär, aber für Beck hat ein Scheitern einzig und allein seinen Grund darin, dass der Staat und seine Bürger sich zu sehr auf alte Denkmodelle versteifen .;prozess;Gradadverbial;done;;frei;+;nd;+;nd;nd;nd;+;nd;nd;nd;nd;nd;nd;nd;nd;nd;nd;nd;nd;nd;nd;nd
47;VVPP;ADV;geloben|loben;11;NZZ_1994_04_08_a106_seg3_s2;10;Full|Psp;Bis vor wenigen Jahrzehnten ist die Schweiz immer wieder sehr gelobt worden als das Land Wilhelm Tells, Pestalozzis, Henry Dunants, kurz : als mustergültige Demokratie und friedlicher Kleinstaat .;prozess;Gradadverbial;done;;frei;+;nd;+;nd;nd;nd;+;nd;nd;nd;nd;nd;nd;nd;nd;nd;nd;nd;nd;nd;nd;nd
48;VVPP;ADV;einschränken;25;NZZ_1998_03_18_a212_seg12_s12;24;Full|Psp;Nicht nur die grammatikalischen Fähigkeiten sind bei den Trägerinnen und Trägern der Mutation stark beeinträchtigt, sondern auch die Kontrolle der Sprechmuskulatur ist sehr eingeschränkt .;nd;nd;not of interest;Modpräd/Partikel;;nd;nd;nd;nd;nd;nd;nd;nd;nd;nd;nd;nd;nd;nd;nd;nd;nd;nd;nd;nd;nd;nd
49;VVFIN;ADV;sengen;6;NZZ_1998_04_18_a235_seg9_s12;5;Full|3|Sg|Pres|Ind;Wir wollen, so sehr sengt dieses Feuer uns das Hirn, zur Tiefe des Abgrunds tauchen, Hölle oder Himmel, gleichviel !;prozess;Gradadverbial;done;;frei;+;nd;+;nd;nd;nd;+;nd;nd;nd;nd;nd;nd;nd;nd;nd;nd;nd;nd;nd;nd;nd
50;VVPP;ADV;unterscheiden;9;NZZ_1995_12_20_a41_seg23_s4;8;Full|Psp;Die Zahlen anderer Kantone sind davon nicht sehr unterschieden .;nd;nd;not of interest;Modpräd/Partikel;;nd;nd;nd;nd;nd;nd;nd;nd;nd;nd;nd;nd;nd;nd;nd;nd;nd;nd;nd;nd;nd;nd
51;VVINF;ADV;wundern;17;NZZ_1998_09_11_a239_seg2_s10;16;Full|-2;Aber über den Inhalt der Artikel in der letzten Zeit muss ich mich nun doch sehr wundern .;prozess;Gradadverbial;done;;frei;+;nd;+;nd;nd;nd;+;nd;nd;nd;nd;nd;nd;nd;nd;nd;nd;nd;nd;nd;nd;nd
52;VVPP;ADV;exponieren;36;NZZ_1997_11_14_a67_seg8_s6;35;Full|Psp;"Summers zeigte sich überzeugt, dass die Turbulenzen in Südostasien weder einzelne amerikanische Banken noch das hiesige Finanzsystem bedrohten ; der US-Finanzsektor sei robust genug, und die Banken seien in Südostasien nicht so sehr exponiert .";nd;nd;not of interest;Modpräd/Partikel;;nd;nd;nd;nd;nd;nd;nd;nd;nd;nd;nd;nd;nd;nd;nd;nd;nd;nd;nd;nd;nd;nd
53;VVINF;ADV;tun;38;NZZ_1997_04_22_a106_seg3_s4;31;Full|-2;Kylians modernklassische Ballettsprache fand formklaren und prägnanten Ausdruck durch die acht Stuttgarter Solisten, die gleichzeitig in weiten Spannungsbögen die Atmosphäre von Geheimnis und schwebender Zeitlosigkeit evozierten, welche so sehr mit der Kultur der Aborigines zu tun hat, die sich ihr Herkommen aus einer zeitlosen « Traumzeit » vorstellen .;prozess;Gradadverbial;done;;frei;+;nd;+;nd;nd;nd;+;nd;nd;nd;nd;nd;nd;nd;nd;nd;nd;nd;nd;nd;nd;nd
54;VVPP;ADV;liegen;28;NZZ_1993_08_07_a72_seg4_s13;27;Full|Psp;Hogarths Attacke gegen die Antike als Norm der Gegenwart und gegen eine akademische Kunst, die nicht bis zur innersten Naturwahrheit vorstiess, kam ihm da sehr gelegen .;prozess;Gradadverbial;done;;frei;+;nd;+;nd;nd;nd;+;nd;nd;nd;nd;nd;nd;nd;nd;nd;nd;nd;nd;nd;nd;nd
55;VVPP;ADV;verbrauchen;15;NZZ_1995_08_30_a147_seg7_s7;14;Full|Psp;Denn der Neapolitaner hatte sich in verschiedenen Funktionen im FCZ seit 1991 zu sehr verbraucht, als dass man auf ein gutes Gelingen hoffen durfte .;prozess;Gradadverbial;done;;frei;+;nd;+;nd;nd;nd;+;nd;nd;nd;nd;nd;nd;nd;nd;nd;nd;nd;nd;nd;nd;nd
56;VVPP;ADV;achten;9;NZZ_1994_01_04_a25_seg6_s12;5;Full|Psp;Anfänglich habe sie zu sehr auf betriebswirtschaftliche Rationalität geachtet und vernachlässigt, dass die Industrie ganzer Regionen weggebrochen sei .;prozess;Gradadverbial;done;;frei;+;nd;+;nd;nd;nd;+;nd;nd;nd;nd;nd;nd;nd;nd;nd;nd;nd;nd;nd;nd;nd
57;VVFIN;ADV;stehen;30;NZZ_1995_02_20_a100_seg4_s4;29;Full|3|Sg|Past|Ind;Das nötige Vertrauen in die eigenen Fähigkeiten hätte ihm zu diesem Zeitpunkt noch gefehlt, zu gross war damals noch der Respekt vor akademischen Titeln, und zu sehr stand ihm der Glaube im Wege, hinter einem solchen seien automatisch höhere Fähigkeiten zu erwarten .;prozess;Gradadverbial;done;;frei;+;nd;+;nd;nd;nd;+;nd;nd;nd;nd;nd;nd;nd;nd;nd;nd;nd;nd;nd;nd;nd
58;VVPP;ADV;verändern;6;NZZ_1994_04_09_a196_seg8_s17;5;Full|Psp;« Er hat sich sehr verändert, es ist schwer zu beschreiben .;prozess;Gradadverbial;done;;frei;+;nd;+;nd;nd;nd;+;nd;nd;nd;nd;nd;nd;nd;nd;nd;nd;nd;nd;nd;nd;nd
59;VVFIN;ADV;kommen;11;NZZ_1993_07_31_a38_seg2_s3;15;Full|3|Sg|Past|Ind;Die letztjährige Neuinszenierung von « La Clemenza di Tito » kam dem Ideal schon sehr nahe, hatte aber in der Besetzung der Titelpartie eine empfindliche Schwachstelle .;prozess;Gradadverbial;done;;frei;+;nd;+;nd;nd;nd;+;nd;nd;nd;nd;nd;nd;nd;nd;nd;nd;nd;nd;nd;nd;nd
60;VVPP;ADV;verbreiten;36;NZZ_1997_05_09_a233_seg2_s2;35;Full|Psp;Um eine Ahnung von Reisegepflogenheiten vor der Zeit des Massentourismus und der Reiseindustrie zu erhalten, muss man einmal diese Bekanntschaftsannoncen mit Anzeigen vergleichen, wie sie in englischen Zeitungen Mitte des 18. Jahrhunderts sehr verbreitet gewesen sind : « Wenn es in dieser philosophischen Nation jemanden gibt, der eine philosophische Reise durch Europa unternehmen möchte, um Wissen zu erwerben und die Sitten vieler Menschen und Städte kennenzulernen, findet er einen Gefährten, 27 Jahre alt, Magister Artium der Universität Oxford, der die lateinische, französische und zum Teil die italienische Sprache spricht und der Griechisch und Hebräisch versteht : wenn er diesen Wunsch hegt, zeige er sich . »;nd;nd;not of interest;Modpräd/Partikel;;nd;nd;nd;nd;nd;nd;nd;nd;nd;nd;nd;nd;nd;nd;nd;nd;nd;nd;nd;nd;nd;nd
61;VVFIN;ADV;reichen;12;NZZ_1996_08_17_a156_seg3_s4;11;Full|3|Pl|Pres|Ind;In der Volksrepublik China hätten eben nur die sehr, sehr reichen Leute ein Auto .;nd;nd;not of interest;ModADJ;;nd;nd;nd;nd;nd;nd;nd;nd;nd;nd;nd;nd;nd;nd;nd;nd;nd;nd;nd;nd;nd;nd
62;VVINF;ADV;denken;13;NZZ_1994_09_21_a30_seg8_s12;11;Full|-2;Was die Ungarn jedoch besonders enttäuscht hat und was ihnen sehr zu denken gibt, ist die Tatsache, dass sich auch viele Vertreter der oppositionellen Demokratischen Konvention für die Vorlage ausgesprochen haben .;prozess;Gradadverbial;done;;frei;+;nd;+;nd;nd;nd;+;nd;nd;nd;nd;nd;nd;nd;nd;nd;nd;nd;nd;nd;nd;nd
63;VVINF;ADV;stehen;30;NZZ_1998_11_26_a155_seg23_s2;28;Full|3|Pl|Pres|Ind;Dokumentation ( 1998 ) von Anne Brochet und Françoise Dumas Anlässlich des Filmzyklus über Jacques Doillon entstand diese Dokumentation : Realisiert für zwei Frauen, die Doillon sehr nahe stehen und die ihn aus intensiver Zusammenarbeit kennen - Anne Brochet als Schauspielerin und Françoise Dumas als Koautorin und Produzentin .;prozess;Gradadverbial;done;;frei;+;nd;+;nd;nd;nd;+;nd;nd;nd;nd;nd;nd;nd;nd;nd;nd;nd;nd;nd;nd;nd
64;VVFIN;ADV;liegen;20;NZZ_1998_07_04_a79_seg6_s12;25;Full|3|Sg|Pres|Ind;Die Vermutung, dass sehr viele Waldbrände gelegt wurden, um das Land anderen Zwecken nutzbar zu machen, liegt immer zuvorderst - so sehr, dass man schon gar nicht mehr darüber spricht .;prozess;Gradadverbial;done;;;+;nd;+;nd;nd;nd;+;nd;nd;nd;nd;nd;nd;nd;nd;nd;nd;nd;nd;nd;nd;nd
65;VVFIN;ADV;halten;24;NZZ_1993_02_12_a59_seg2_s34;23;Full|3|Sg|Pres|Ind;Die erfreulich knappen, überaus sachkundigen und sachlichen Katalogtexte lenken nicht ab, aber der Betrachter benötigt sie auch nicht, so sehr hält ihn die Art der Präsentation zum Schauen an .;prozess;Gradadverbial;done;;frei;+;nd;+;nd;nd;nd;+;nd;nd;nd;nd;nd;nd;nd;nd;nd;nd;nd;nd;nd;nd;nd
66;VVPP;ADV;erschweren;35;NZZ_1996_10_29_a173_seg8_s4;34;Full|Psp;"Wir müssen immer die « englische Krankheit » vor Augen haben ; im Englischen kann man aus der Schrift kaum mehr auf die Aussprache schliessen und umgekehrt, was die Beherrschung der Sprache sehr erschwert .";prozess;Gradadverbial;done;;frei;+;nd;+;nd;nd;nd;+;nd;nd;nd;nd;nd;nd;nd;nd;nd;nd;nd;nd;nd;nd;nd
67;VVINF;ADV;bedauern;12;NZZ_1999_01_23_a28_seg8_s10;10;Full|-2;Die Vulgarisierung des Heiligen Vaters durch die Medien sei sehr zu bedauern, sagte er .;nd;nd;not of interest;Modpräd/Partikel;;nd;nd;nd;nd;nd;nd;nd;nd;nd;nd;nd;nd;nd;nd;nd;nd;nd;nd;nd;nd;nd;nd
68;VVFIN;ADV;spüren;14;NZZ_1995_05_04_a123_seg4_s18;16;Full|3|Sg|Pres|Ind;Sein langes Nachwort ist allerdings eher auf ein sinologisches Publikum zugeschnitten, man spürt zu sehr den Anspruch, den letzten Stand der Lu-Xun-Forschung zu dokumentieren, was in einer Sonderpublikation besser Platz gefunden hätte .;prozess;Gradadverbial;done;;frei;+;nd;+;nd;nd;nd;+;nd;nd;nd;nd;nd;nd;nd;nd;nd;nd;nd;nd;nd;nd;nd
69;VVINF;ADV;hoffen;6;NZZ_1996_06_17_a45_seg11_s11;4;Full|-2;Es bleibt deshalb sehr zu hoffen, dass das Parlament hier restriktiv, d. h. im Sinne des Bundesrates, entscheidet .;prozess;Gradadverbial;done;;frei;+;nd;+;nd;nd;nd;+;nd;nd;nd;nd;nd;nd;nd;nd;nd;nd;nd;nd;nd;nd;nd
70;VVFIN;ADV;lieben;2;NZZ_1996_10_16_a171_seg5_s34;6;Full|1|Sg|Pres|Ind;Darum liebe ich auch so sehr die Zwischensaison, in der ich ohne Druck in Ruhe arbeiten kann .;prozess;Gradadverbial;done;;frei;+;nd;+;nd;nd;nd;+;nd;nd;nd;nd;nd;nd;nd;nd;nd;nd;nd;nd;nd;nd;nd
71;VVPP;ADV;wandeln;5;NZZ_1996_04_09_a187_seg7_s16;2;Full|Psp;Wie sehr sich Bartoli gewandelt hat, war am Sonntag leicht mitzuerleben : der frühere Dauerangreifer attackierte genau einmal und dafür endgültig .;prozess;Gradadverbial;done;;frei;+;nd;+;nd;nd;nd;+;nd;nd;nd;nd;nd;nd;nd;nd;nd;nd;nd;nd;nd;nd;nd
72;VVPP;ADV;verlangen;11;NZZ_1994_04_06_a26_seg7_s4;6;Full|Psp;Heute erleben wir, wie sehr auch die Demokratie Effizienz verlangt ( die Gesellschaftskritiker haben zwischen den beiden einen Gegensatz konstruiert ) .;prozess;Gradadverbial;done;;frei;+;nd;+;nd;nd;nd;+;nd;nd;nd;nd;nd;nd;nd;nd;nd;nd;nd;nd;nd;nd;nd
73;VVFIN;ADV;fühlen;39;NZZ_1996_11_14_a130_seg8_s13;38;Full|3|Sg|Pres|Ind;Denn so wenig Joe Maneri seine Lehrzeit bei Josef Schmid verleugnen will, die Jahre der Kontrapunktstudien und Stilübungen, so wenig er den europäisch geschulten Komponisten in sich vom Improvisator Joe Maneri abtrennen mag, so sehr fühlt er sich als Spieler doch als Teil einer anderen, emphatisch amerikanischen Traditionslinie .;prozess;Gradadverbial;done;;frei;+;nd;+;nd;nd;nd;+;nd;nd;nd;nd;nd;nd;nd;nd;nd;nd;nd;nd;nd;nd;nd
74;VVPP;ADV;zuneigen;21;NZZ_1995_12_23_a192_seg9_s6;20;Full|Psp;Zum Beispiel als Kuppler oder Brautwerber, eine höchst wichtige Funktion bei einem Dichter, der dem weiblichen Geschlecht sehr zugeneigt ist .;nd;nd;not of interest;Modpräd/Partikel;;nd;nd;nd;nd;nd;nd;nd;nd;nd;nd;nd;nd;nd;nd;nd;nd;nd;nd;nd;nd;nd;nd
75;VVINF;ADV;wünschen;10;NZZ_1998_10_29_a165_seg3_s13;8;Full|-2;Der Kundenstrom lasse namentlich nach 19 Uhr sehr zu wünschen übrig, berichtete der Besitzer eines Optikergeschäfts vom Limmatquai .;prozess;Gradadverbial;done;;frei;+;nd;+;nd;nd;nd;+;nd;nd;nd;nd;nd;nd;nd;nd;nd;nd;nd;nd;nd;nd;nd
76;VVFIN;ADV;engagieren;16;NZZ_1998_10_14_a32_seg4_s18;10;Full|3|Pl|Pres|Ind;Denn so ehrgeizig ein Projekt auch daherkommt, so sehr sich viele Beteiligte auch ehrenamtlich engagieren, so viel Unterstützung die Zeitungen in der Öffentlichkeit auch geniessen - Erfolg haben längerfristig nur jene, die gut gemacht und mit Elan verkauft werden .;prozess;Gradadverbial;done;;frei;+;nd;+;nd;nd;nd;+;nd;nd;nd;nd;nd;nd;nd;nd;nd;nd;nd;nd;nd;nd;nd
77;VVFIN;ADV;anschließen;17;NZZ_1999_10_22_a148_seg3_s13;13;Full|3|Sg|Pres|Ind;Hie und da schleicht sich auch ein Humor ein, der allzu sehr an gewisse TV-Produktionen anschliesst .;prozess;Gradadverbial;done;;frei;+;nd;+;nd;nd;nd;+;nd;nd;nd;nd;nd;nd;nd;nd;nd;nd;nd;nd;nd;nd;nd
78;VVFIN;ADV;erschweren;31;NZZ_1995_06_01_a190_seg5_s11;17;Full|3|Sg|Past|Ind;Der Autor versucht, das Terrain von Klischees zu säubern, indem er zeigt, wie sehr diese fragwürdige bilaterale Völkerpsychologie mit ihren Schwankungen seit dem letzten Jahrhundert die Verständigung erschwerte .;prozess;Gradadverbial;done;;frei;+;nd;+;nd;nd;nd;+;nd;nd;nd;nd;nd;nd;nd;nd;nd;nd;nd;nd;nd;nd;nd
79;VMFIN;ADV;mögen;2;NZZ_1998_04_27_a139_seg5_s77;4;Mod|1|Sg|Pres|Ind;Ich mag Basel sehr gerne .;nd;nd;not of interest;ModADV;;nd;nd;nd;nd;nd;nd;nd;nd;nd;nd;nd;nd;nd;nd;nd;nd;nd;nd;nd;nd;nd;nd
80;VVFIN;ADV;vertrauen;36;NZZ_1995_12_04_a152_seg3_s13;30;Full|3|Pl|Past|Ind;Nach dem 4 : 2 schaltete Kloten in den üblichen Kontrollmodus, auffallend blieb aber die relative Ausgeglichenheit der Formationen und die Formkonstanz der Verteidiger, die aber zu sehr auf die überragende Präsenz Pavonis vertrauten .;prozess;Gradadverbial;done;;frei;+;nd;+;nd;nd;nd;+;nd;nd;nd;nd;nd;nd;nd;nd;nd;nd;nd;nd;nd;nd;nd
81;VVIZU;ADV;einschränken;9;NZZ_1994_03_08_a36_seg3_s3;8;Full|zu;Die Regierung scheint den Spielraum für Sonderwünsche sehr einzuschränken .;prozess;Gradadverbial;done;;frei;+;nd;+;nd;nd;nd;+;nd;nd;nd;nd;nd;nd;nd;nd;nd;nd;nd;nd;nd;nd;nd
82;VVPP;ADV;politisieren;12;NZZ_1995_09_05_a13_seg3_s3;11;Full|Psp;International sind die Festlichkeiten umstritten, da sie angeblich zu sehr politisiert wurden und nur jüdische Aspekte der Heiligen Stadt hervorheben .;nd;nd;not of interest;Modpräd/Partikel;;nd;nd;nd;nd;nd;nd;nd;nd;nd;nd;nd;nd;nd;nd;nd;nd;nd;nd;nd;nd;nd;nd
83;VVPP;ADV;verhaften;14;NZZ_1998_12_14_a168_seg3_s7;11;Full|Psp;Vielmehr sagt er, in Kanada sei man vielleicht zu sehr dem Traditionellen verhaftet .;nd;nd;not of interest;Modpräd/Partikel;;nd;nd;nd;nd;nd;nd;nd;nd;nd;nd;nd;nd;nd;nd;nd;nd;nd;nd;nd;nd;nd;nd
84;VVPP;ADV;reagieren;3;NZZ_1999_06_07_a83_seg8_s11;4;Full|3|Sg|Pres|Ind;Die Euro-Wirtschaft reagiert sehr sensibel auf externe Nachfrage, wie die Ökonomen der Investmentbank Morgan Stanley Dean Witter betonen .;nd;nd;not of interest;ModADV;;nd;nd;nd;nd;nd;nd;nd;nd;nd;nd;nd;nd;nd;nd;nd;nd;nd;nd;nd;nd;nd;nd
85;VVINF;ADV;aufblähen;14;NZZ_1997_09_04_a170_seg16_s3;13;Full|-2;Dies wäre eine elegante Lösung, um die festen Kapazitäten nicht zu sehr aufblähen zu müssen .;prozess;Gradadverbial;done;;frei;+;nd;+;nd;nd;nd;+;nd;nd;nd;nd;nd;nd;nd;nd;nd;nd;nd;nd;nd;nd;nd
86;VVPP;ADV;erleichtern;23;NZZ_1993_02_26_a19_seg6_s3;22;Full|Psp;Der eigentliche Wahlakt bestand darin, dass einem, einigen oder allen Kandidaten die Stimme gegeben werden konnte, wobei letzteres sehr erleichtert wurde, indem dafür das Ankreuzen eines grossen Kreises in der Mitte des Wahlzettels genügte .;prozess;Gradadverbial;done;;frei;+;nd;+;nd;nd;nd;+;nd;nd;nd;nd;nd;nd;nd;nd;nd;nd;nd;nd;nd;nd;nd
87;VVFIN;ADV;täuschen;21;NZZ_1995_08_19_a122_seg3_s11;23;Full|3|Sg|Past|Subj;Wer nun aber dachte, die Ausführenden, die unter der Leitung von Kopelent standen, seien Studierende gewesen, täuschte sich sehr .;prozess;Gradadverbial;done;;frei;+;nd;+;nd;nd;nd;+;nd;nd;nd;nd;nd;nd;nd;nd;nd;nd;nd;nd;nd;nd;nd
88;VVFIN;ADV;heben;5;NZZ_1996_04_11_a147_seg4_s19;7;Full|3|Pl|Pres|Ind;Die Holzhäuser in Illnau heben sich sehr wohltuend davon ab .;nd;nd;not of interest;ModADV;;nd;nd;nd;nd;nd;nd;nd;nd;nd;nd;nd;nd;nd;nd;nd;nd;nd;nd;nd;nd;nd;nd
89;VVFIN;ADV;lassen;8;NZZ_1995_07_12_a23_seg14_s10;11;Full|3|Sg|Pres|Ind;Was der Mensch der Natur antut, lässt sich nur sehr schwer wiedergutmachen .;nd;nd;not of interest;ModADV;;nd;nd;nd;nd;nd;nd;nd;nd;nd;nd;nd;nd;nd;nd;nd;nd;nd;nd;nd;nd;nd;nd
90;VVPP;ADV;verwechseln;14;NZZ_1996_05_29_a88_seg10_s6;7;Full|Psp;Der Erlass zeigt auch, wie sehr Lukaschenko die Volkswirtschaft mit einem Selbstbedienungsladen verwechselt .;prozess;Gradadverbial;done;;frei;+;nd;+;nd;nd;nd;+;nd;nd;nd;nd;nd;nd;nd;nd;nd;nd;nd;nd;nd;nd;nd
91;VVIMP;ADV;galoppieren;8;NZZ_1996_08_23_a180_seg4_s17;6;Full|Psp;Der Athlet sei zuvor zu sehr « galoppiert » und habe viel zu lange Schritte gemacht, meinte der Trainer, der ebenso von Perrot bezahlt wird wie alles während des Trainings und der Wettkämpfe von Volpentest, der in den letzten acht Monaten nur vier Tage nicht trainierte .;prozess;Gradadverbial;done;;frei;+;nd;+;nd;nd;nd;+;nd;nd;nd;nd;nd;nd;nd;nd;nd;nd;nd;nd;nd;nd;nd
92;VVPP;ADV;befreien;29;NZZ_1995_02_09_a123_seg6_s16;28;Full|Psp;"Sie haben als Dirigent einerseits ständig alle « Fäden » in der Hand, andrerseits können Sie das Orchester auch « gehen » lassen ; es spielt sehr befreit und mit grosser Eigenverantwortung .";nd;nd;not of interest;ModADV;;nd;nd;nd;nd;nd;nd;nd;nd;nd;nd;nd;nd;nd;nd;nd;nd;nd;nd;nd;nd;nd;nd
93;VVPP;ADV;beschäftigen;18;NZZ_1995_08_21_a162_seg3_s5;16;Full|Psp;Der kleine Mann wurde im übrigen nicht zuletzt darum gestürzt, weil die Würdenträger so sehr damit beschäftigt waren, angesichts ihres Herrschers Würde zu bewahren, dass sie keine Zeit hatten, sich darum zu kümmern, ob das Volk zu essen hatte oder undankbarerweise verhungerte und so ein schlechtes Licht auf die Güte und Weisheit des Herrschers zu werfen trachtete .;prozess;Gradadverbial;done;;frei;+;nd;+;nd;nd;nd;+;nd;nd;nd;nd;nd;nd;nd;nd;nd;nd;nd;nd;nd;nd;nd
94;VVPP;ADV;liegen;8;NZZ_1994_03_29_a50_seg2_s6;7;Full|Psp;Dieses Szenario kommt der Regierung Balladur sehr gelegen : Es erlaubt, die 1995 fälligen Präsidentschaftswahlen in einem Klima wirtschaftlicher Expansion abzuhalten, wodurch sich die Siegeschancen der Bürgerlichen erhöhen .;nd;nd;not of interest;ModADV;;nd;nd;nd;nd;nd;nd;nd;nd;nd;nd;nd;nd;nd;nd;nd;nd;nd;nd;nd;nd;nd;nd
95;VVINF;ADV;liegen;24;NZZ_1998_03_30_a70_seg9_s6;19;Full|-2;Dieses Vorgehen sollte in der Regel dazu führen, dass nach einem « Bookbuilding » der erste Schlusskurs sehr nahe dem Emissionspreis zu liegen kommt, weil die Nachfrage gewichtiger potentieller Käufer zuvor ausgelotet wurde .;nd;nd;not of interest;ModADV;;nd;nd;nd;nd;nd;nd;nd;nd;nd;nd;nd;nd;nd;nd;nd;nd;nd;nd;nd;nd;nd;nd
96;VVFIN;ADV;erinnern;2;NZZ_1997_07_22_a102_seg2_s1;4;Full|1|Sg|Pres|Ind;Ich erinnere mich sehr an meinen ersten Sonnenuntergang am Meer .;prozess;Gradadverbial;done;;frei;+;nd;+;nd;nd;nd;+;nd;nd;nd;nd;nd;nd;nd;nd;nd;nd;nd;nd;nd;nd;nd
97;VVFIN;ADV;stehen;36;NZZ_1997_04_03_a28_seg4_s1;25;Full|3|Pl|Pres|Ind;A. O. Bratislava, im März Die Regierung von Ministerpräsident Meciar muss gegenwärtig mit mancherlei innerer Anfechtung fertig werden, hinter der nicht so sehr die Widersacher in der Opposition als eher Gruppen von Intellektuellen stehen .;prozess;Gradadverbial;done;;frei;+;nd;+;nd;nd;nd;+;nd;nd;nd;nd;nd;nd;nd;nd;nd;nd;nd;nd;nd;nd;nd
98;VVFIN;ADV;ablehnen;5;NZZ_1999_04_24_a247_seg3_s26;2;Full|3|Sg|Past|Ind;So sehr es Nabokov ablehnte, mit seinen Büchern die Welt verbessern zu wollen, so wenig mochte er auf eine immanente humanistische Botschaft verzichten .;prozess;Gradadverbial;done;;frei;+;nd;+;nd;nd;nd;+;nd;nd;nd;nd;nd;nd;nd;nd;nd;nd;nd;nd;nd;nd;nd
99;VVINF;ADV;leiden;11;NZZ_1997_11_25_a137_seg3_s11;10;Full|-2;Zwar habe der Verfasser der « Satanischen Verse » sehr leiden müssen, « aber das macht ihn nicht zum Märtyrer » .;prozess;Gradadverbial;done;;frei;+;nd;+;nd;nd;nd;+;nd;nd;nd;nd;nd;nd;nd;nd;nd;nd;nd;nd;nd;nd;nd
100;VVPP;ADV;achten;13;NZZ_1994_02_24_a108_seg2_s15;12;Full|Psp;Er war ein begeisterter Offizier, von seinen Vorgesetzten und Untergebenen sehr geachtet .;prozess;Gradadverbial;done;;frei;+;nd;+;nd;nd;nd;+;nd;nd;nd;nd;nd;nd;nd;nd;nd;nd;nd;nd;nd;nd;nd
101;VVPP;ADV;schätzen;5;NZZ_1995_03_09_a113_seg3_s4;4;Full|Psp;» Als Unterrichtsmaterial sehr geschätzt wird deshalb im Archäologischen Institut der Universität Zürich das 1925 durch die griechische Regierung übersandte Geschenk von prähistorischen und archaischen Keramikfragmenten .;prozess;Gradadverbial;done;;frei;+;nd;+;nd;nd;nd;+;nd;nd;nd;nd;nd;nd;nd;nd;nd;nd;nd;nd;nd;nd;nd
102;VVPP;ADV;ringen;28;NZZ_1998_01_10_a136_seg3_s3;18;Full|Psp;Mochten Thomas Bernhard, Franz Innerhofer, Werner Kofler, Gert Jonke und Klaus Hoffer noch so sehr um Sprache und Form für den Abgrund an Herkunft gerungen haben : Erst der Vorarlberger Robert Schneider ( Jahrgang 1961 ) lieferte das, was man sich offenbar immer unter österreichischer Antiheimatliteratur vorgestellt hatte, aber nie zu fordern gewagt hatte - postmodern aufgemotztes Biedermeier .;prozess;Gradadverbial;done;;frei;+;nd;+;nd;nd;nd;+;nd;nd;nd;nd;nd;nd;nd;nd;nd;nd;nd;nd;nd;nd;nd
103;VVFIN;ADV;sakralisieren;4;NZZ_1995_09_29_a47_seg13_s7;7;Full|3|Sg|Pres|Ind;Das vorliegende Reformprojekt sakralisiert noch zu sehr das Bestehende, also die Vergangenheit .;prozess;Gradadverbial;done;;frei;+;nd;+;nd;nd;nd;+;nd;nd;nd;nd;nd;nd;nd;nd;nd;nd;nd;nd;nd;nd;nd
104;VVPP;ADV;genießen;7;NZZ_1998_12_24_a202_seg37_s4;6;Full|Psp;Einmal habe ich es bereits sehr genossen, als ich wenigstens einen ganzen Tag zu Hause sein konnte .;prozess;Gradadverbial;done;;frei;+;nd;+;nd;nd;nd;+;nd;nd;nd;nd;nd;nd;nd;nd;nd;nd;nd;nd;nd;nd;nd
105;VVFIN;ADV;bewundern;19;NZZ_1996_08_12_a137_seg3_s1;18;Full|3|Sg|Past|Ind;Darf man Busoni zu den musikalisch-literarischen Doppelbegabungen rechnen wie E. T. A. Hoffmann, den er so sehr bewunderte ?;prozess;Gradadverbial;done;;frei;+;nd;+;nd;nd;nd;+;nd;nd;nd;nd;nd;nd;nd;nd;nd;nd;nd;nd;nd;nd;nd
106;VVFIN;ADV;verlassen;16;NZZ_1999_06_28_a154_seg10_s4;20;Full|3|Pl|Past|Subj;Die Russinnen, nach wie vor unter dem Diktat des charismatischen Nikolai Karpol stehend, verliessen sich noch zu sehr auf die Mitspielerin Liubow Sokolowa, die in Montreux gemäss Statistiken am meisten Punkte sämtlicher Volleyballerinnen erzielte .;prozess;Gradadverbial;done;;frei;+;nd;+;nd;nd;nd;+;nd;nd;nd;nd;nd;nd;nd;nd;nd;nd;nd;nd;nd;nd;nd
107;VVPP;ADV;drücken;13;NZZ_1998_01_31_a27_seg2_s8;12;Full|Psp;Die Schulbank hat wohl das erwachsene Volk in seiner Jugend zu sehr gedrückt, als dass Schulpolitisches über den Notendurchschnitt der Sprösslinge hinaus noch interessieren könnte .;prozess;Gradadverbial;done;;frei;+;nd;+;nd;nd;nd;+;nd;nd;nd;nd;nd;nd;nd;nd;nd;nd;nd;nd;nd;nd;nd
108;VVPP;ADV;mitnehmen;7;NZZ_1994_11_10_a113_seg3_s37;6;Full|Psp;Von den Anstrengungen der Reise sehr mitgenommen, erkrankt sie an Typhus und stirbt in Bordeaux am 14. November vor 150 Jahren .;prozess;Gradadverbial;done;;frei;+;nd;+;nd;nd;nd;+;nd;nd;nd;nd;nd;nd;nd;nd;nd;nd;nd;nd;nd;nd;nd
109;VVINF;ADV;freuen;5;NZZ_1995_07_05_a130_seg39_s14;4;Full|-2;Das würde mich sehr freuen !;prozess;Gradadverbial;done;;frei;+;nd;+;nd;nd;nd;+;nd;nd;nd;nd;nd;nd;nd;nd;nd;nd;nd;nd;nd;nd;nd
110;VVFIN;ADV;finden;15;NZZ_1998_07_11_a248_seg5_s5;14;Full|3|Pl|Past|Ind;Doch so sehr der Mittelstand eine Hochburg der jüdischen Aufklärung war, so sehr fanden Orthodoxie und Chassidismus - der Czernowitzer Vorort Sadagora war eines seiner geistigen Zentren in Osteuropa - Anhänger unter den kleinen Leuten .;prozess;Gradadverbial;done;;frei;+;nd;+;nd;nd;nd;+;nd;nd;nd;nd;nd;nd;nd;nd;nd;nd;nd;nd;nd;nd;nd
111;VVINF;ADV;nahekommen;37;NZZ_1995_11_13_a126_seg5_s9;36;Full|-2;Davon, was ihr das Geschichtenerzählen bedeutet, als Mittel, Dinge zu sagen, die sich anders nicht sagen lassen, als Form, miteinander zu reden : « Mit Geschichten kann man sich sehr nahekommen, kann lernen, sich zu verstehen, sich zuzuhören . »;prozess;Gradadverbial;done;;frei;+;nd;+;nd;nd;nd;+;nd;nd;nd;nd;nd;nd;nd;nd;nd;nd;nd;nd;nd;nd;nd
112;VVFIN;ADV;betonen;7;NZZ_1998_05_30_a218_seg6_s12;6;Full|Psp;Auch wenn diese Linie immer sehr betont wurde, lässt sich im Rückblick nur gerade eine der sieben oder acht jährlichen Premieren diesem Genre zuordnen .;prozess;Gradadverbial;done;;frei;+;nd;+;nd;nd;nd;+;nd;nd;nd;nd;nd;nd;nd;nd;nd;nd;nd;nd;nd;nd;nd
113;VVINF;ADV;begrüßen;24;NZZ_1996_07_19_a183_seg2_s1;22;Full|-2;Der Plan der europäischen Chemieindustrie, « Umwelthormone » zu erforschen und die möglichen Auswirkungen beim Mann zu untersuchen, ist sehr zu begrüssen .;nd;nd;not of interest;Modpräd/Partikel;;nd;nd;nd;nd;nd;nd;nd;nd;nd;nd;nd;nd;nd;nd;nd;nd;nd;nd;nd;nd;nd;nd
114;VVFIN;ADV;geben;7;NZZ_1998_09_04_a225_seg8_s5;9;Full|3|Sg|Pres|Ind;Solche herstellerunabhängigen, öffentlich dokumentierten Schnittstellen gibt es sehr wohl, es gibt aber keine Übereinstimmung darin, welchem API der Vorzug zu geben ist .;nd;nd;not of interest;fest;;nd;nd;nd;nd;nd;nd;nd;nd;nd;nd;nd;nd;nd;nd;nd;nd;nd;nd;nd;nd;nd;nd
115;VVFIN;ADV;setzen;14;NZZ_1997_10_30_a201_seg9_s19;11;Full|1|Pl|Pres|Ind;Es sind die römischen Tempel, die uns heute so sehr in Erstaunen setzen, obwohl Kriege, Erdbeben, Eroberungen durch die Byzantiner, Araber, Mamelucken und Osmanen viel zerstört und verändert haben .;prozess;Gradadverbial;done;;frei;+;nd;+;nd;nd;nd;+;nd;nd;nd;nd;nd;nd;nd;nd;nd;nd;nd;nd;nd;nd;nd
116;VVPP;ADV;entfremden;34;NZZ_1996_08_29_a196_seg7_s2;33;Full|Psp;Er versteht sich als die Lehre vom gesunden, glücklichen Leben überhaupt, in Einklang mit den Gesetzen der Natur, denen sich der moderne Mensch zu seinem und ihrem Schaden so sehr entfremdet hat .;prozess;Gradadverbial;done;;frei;+;nd;+;nd;nd;nd;+;nd;nd;nd;nd;nd;nd;nd;nd;nd;nd;nd;nd;nd;nd;nd
117;VVPP;ADV;einschränken;43;NZZ_1999_09_21_a151_seg4_s15;42;Full|Psp;Nach der voraussehbaren Ablehnung des Nichteintretensantrages, der mit 108 zu 48 Stimmen deutlich scheiterte, richteten sich die Minderheitsanträge der Linken gegen jede Einzelmassnahme, mehr oder weniger stets mit der gleichen Begründung, der Spielraum des Parlaments würde zu sehr eingeschränkt .;prozess;Gradadverbial;done;;frei;+;nd;+;nd;nd;nd;+;nd;nd;nd;nd;nd;nd;nd;nd;nd;nd;nd;nd;nd;nd;nd
118;VVPP;ADV;setzen;28;NZZ_1999_04_15_a11_seg3_s15;21;Full|Psp;Während Pastranas Versuch wegen der Beschränkung auf defensive politische Verhandlungen kaum eine Chance auf Erfolg habe, sei früher zu sehr auf eine militärische Lösung des Konfliktes gesetzt worden .;prozess;Gradadverbial;done;;frei;+;nd;+;nd;nd;nd;+;nd;nd;nd;nd;nd;nd;nd;nd;nd;nd;nd;nd;nd;nd;nd
119;VVFIN;ADV;leben;16;NZZ_1996_02_02_a132_seg3_s11;11;Full|3|Pl|Pres|Ind;Das zwang die Tänzer, in Choreographien, die so sehr vom Atmen des Augenblicks leben, mechanisch einer Aufzeichnung zu folgen, die erst noch aus ungeeigneten Lautsprechern erklang .;prozess;Gradadverbial;done;;frei;+;nd;+;nd;nd;nd;+;nd;nd;nd;nd;nd;nd;nd;nd;nd;nd;nd;nd;nd;nd;nd
120;VVFIN;ADV;liegen;31;NZZ_1998_03_21_a196_seg8_s2;28;Full|3|Sg|Pres|Subj;Hans-Jakob Tobler weist darauf hin, dass mit der von ihm eingereichten Motion betreffend Neuplanung der Metallarbeiterschule Winterthur noch ein Geschäft zur Beratung gelange, das ihm sehr am Herzen liege .;prozess;Gradadverbial;done;;frei;+;nd;+;nd;nd;nd;+;nd;nd;nd;nd;nd;nd;nd;nd;nd;nd;nd;nd;nd;nd;nd
121;VVPP;ADV;verpflichten;10;NZZ_1998_05_06_a33_seg9_s4;9;Full|Psp;"Vom Papst weiss man, dass er Estermann sehr verpflichtet war ; als junger Offizier hatte sich dieser im Mai 1981 wie ein Schutzschild vor ihn geworfen, um ihn vor weiteren Schüssen des Attentäters Ali Agça zu bewahren - ganz so, wie es der Eid von den Gardisten verlangt .";nd;nd;not of interest;Modpräd/Partikel;;nd;nd;nd;nd;nd;nd;nd;nd;nd;nd;nd;nd;nd;nd;nd;nd;nd;nd;nd;nd;nd;nd
122;VVPP;ADV;aussetzen;22;NZZ_1999_07_17_a239_seg7_s11;21;Full|Psp;Kein Protagonist der Nachkriegsliteratur ist den Verfehlungen von Biographismus und ideologischer ( bzw. sich als ideologiekritisch ausgebender ) Interpretation so sehr ausgesetzt wie die österreichische Dichterin .;nd;nd;not of interest;Modpräd/Partikel;;nd;nd;nd;nd;nd;nd;nd;nd;nd;nd;nd;nd;nd;nd;nd;nd;nd;nd;nd;nd;nd;nd
123;VVPP;ADV;orientieren;25;NZZ_1994_11_19_a91_seg3_s7;22;Full|Psp;Diese Analyse überzeugt mehr als das davor vom gleichen Autor publizierte « Friedensprojekt Europa », das zu zukunftsfroh und zu sehr an Institutionen orientiert war ( NZZ Nr. 304, 1992 ) .;prozess;Gradadverbial;done;;frei;+;nd;+;nd;nd;nd;+;nd;nd;nd;nd;nd;nd;nd;nd;nd;nd;nd;nd;nd;nd;nd
124;VVINF;ADV;zustatten;13;NZZ_1995_03_24_a193_seg10_s25;12;Full|-2;Dies kommt ihm und den Ingenieuren beim Testen und im GP-Training sehr zustatten .;nd;nd;not of interest;ModADV;;nd;nd;nd;nd;nd;nd;nd;nd;nd;nd;nd;nd;nd;nd;nd;nd;nd;nd;nd;nd;nd;nd
125;VVFIN;ADV;einsetzen;19;NZZ_1999_06_12_a227_seg8_s2;15;Full|3|Sg|Pres|Ind;Angesichts der Verzögerungen beklage ich, dass der Stadtrat Bernard Mettraux, der sich sehr für die Pläne einsetzt, offenbar nicht alle Trumpfkarten besitzt, was er ebenfalls bedauert .;prozess;Gradadverbial;done;;frei;+;nd;+;nd;nd;nd;+;nd;nd;nd;nd;nd;nd;nd;nd;nd;nd;nd;nd;nd;nd;nd
126;VVFIN;ADV;liegen;24;NZZ_1999_06_14_a31_seg1_s10;25;Full|3|Pl|Pres|Ind;Die Ergebnisse der Abstimmung über das Asylgesetz (, Prozent Ja ) und jener über den Dringlichen Bundesbeschluss (, Prozent Ja ) liegen sehr nahe beieinander .;nd;nd;not of interest;ModADV;;nd;nd;nd;nd;nd;nd;nd;nd;nd;nd;nd;nd;nd;nd;nd;nd;nd;nd;nd;nd;nd;nd
127;VVPP;ADV;ziehen;19;NZZ_1997_11_08_a196_seg6_s7;16;Full|Psp;Vorher war ich bestimmt zu loyal und habe auch die persönlichen Probleme Einzelner immer zu sehr in Erwägung gezogen .;prozess;Gradadverbial;done;;frei;+;nd;+;nd;nd;nd;+;nd;nd;nd;nd;nd;nd;nd;nd;nd;nd;nd;nd;nd;nd;nd
128;VAFIN;ADV;haben;47;NZZ_1998_01_31_a24_seg16_s2;37;Haben|3|Sg|Pres|Ind;Vielleicht haben wir in den achtziger Jahren die Wunde, die uns die Teilung geschlagen hat, stärker empfunden, und vielleicht empfinden wir sie seit der Wiedervereinigung noch stärker, weil wir begreifen, wie sehr sich alles in den vierzig Jahren der Teilung auseinanderentwickelt hat .;prozess;Gradadverbial;done;;frei;+;nd;+;nd;nd;nd;+;nd;nd;nd;nd;nd;nd;nd;nd;nd;nd;nd;nd;nd;nd;nd
129;VVINF;ADV;schätzen;18;NZZ_1994_05_28_a187_seg3_s7;16;Full|-2;Denn der Wahlspruch der älteren Herrschaft, die die Ruhe und das Reizklima im Luftkurort sehr zu schätzen weiss, heisst nach wie vor : « Erst in Rente, dann Malente » .;prozess;Gradadverbial;done;;frei;+;nd;+;nd;nd;nd;+;nd;nd;nd;nd;nd;nd;nd;nd;nd;nd;nd;nd;nd;nd;nd
130;VVINF;ADV;bemühen;5;NZZ_1998_07_14_a111_seg7_s28;2;Full|3|Pl|Pres|Ind;So sehr sich Intellektuelle bemühen - ihre Wirkungsmöglichkeiten sind beschränkt .;prozess;Gradadverbial;done;;frei;+;nd;+;nd;nd;nd;+;nd;nd;nd;nd;nd;nd;nd;nd;nd;nd;nd;nd;nd;nd;nd
131;VAFIN;ADV;haben;22;NZZ_1996_08_21_a129_seg43_s3;12;Haben|3|Sg|Pres|Ind;Liegt es nur daran, dass man bei Cages Sprechstücken so sehr den ruhigen Singsang der Stimme ihres Autors im Ohr hat ?;prozess;Gradadverbial;done;;frei;+;nd;+;nd;nd;nd;+;nd;nd;nd;nd;nd;nd;nd;nd;nd;nd;nd;nd;nd;nd;nd
132;VVINF;ADV;überzeugen;25;NZZ_1995_08_05_a121_seg3_s22;24;Full|-2;Während jedoch die « Poemas » in ihrer schlichten und doch immer sehr komplexen Haltung, in ihrer Aussagekraft mit relativ wenigen Tönen sehr überzeugen und auf einen begabten Komponisten aufmerksam machten, vermag das Streichquartett, auch in der hervorragenden Interpretation durch das Arditti-Quartett, in seiner Klischeehaftigkeit, im gekonnten, aber rein akademischen Schreibstil eigentlich nur zu langweilen .;prozess;Gradadverbial;done;;frei;+;nd;+;nd;nd;nd;+;nd;nd;nd;nd;nd;nd;nd;nd;nd;nd;nd;nd;nd;nd;nd
133;VVFIN;ADV;erstaunen;7;NZZ_1994_09_02_a187_seg4_s13;10;Full|1|Sg|Past|Ind;Da sie selber Schauspielerin ist, erstaunte mich das sehr . »;prozess;Gradadverbial;done;;frei;+;nd;+;nd;nd;nd;+;nd;nd;nd;nd;nd;nd;nd;nd;nd;nd;nd;nd;nd;nd;nd
134;VVINF;ADV;schätzen;27;NZZ_1995_12_11_a136_seg3_s22;25;Full|-2;Sie profitierte zudem vom Umstand, dass der Gegner zu wenig « kanadisch » spielte, ein Umstand, den Techniker in der Regel sehr zu schätzen wissen .;prozess;Gradadverbial;done;;frei;+;nd;+;nd;nd;nd;+;nd;nd;nd;nd;nd;nd;nd;nd;nd;nd;nd;nd;nd;nd;nd
135;VVINF;ADV;schaffen;14;NZZ_1995_07_22_a42_seg12_s3;10;Full|-2;"Dann kam die grosse Hitze, die nicht so sehr den Gewehren zu schaffen macht ; der Lauf wird ohnehin mit jedem Schuss ein Grad wärmer .";prozess;Gradadverbial;done;;frei;+;nd;+;nd;nd;nd;+;nd;nd;nd;nd;nd;nd;nd;nd;nd;nd;nd;nd;nd;nd;nd
136;VVFIN;ADV;strapazieren;11;NZZ_1998_10_23_a217_seg10_s4;16;Full|3|Pl|Pres|Ind;Detailinformationen über Unternehmensinterna, Anekdoten über Rivalitäten und durchkreuzte Pläne strapazieren die Aufmerksamkeit des Lesers sehr .;prozess;Gradadverbial;done;;frei;+;nd;+;nd;nd;nd;+;nd;nd;nd;nd;nd;nd;nd;nd;nd;nd;nd;nd;nd;nd;nd
137;VVFIN;ADV;vertrauen;3;NZZ_1995_01_24_a106_seg3_s7;2;Full|3|Sg|Past|Ind;Allzu sehr vertraute die routinierte Katalanin auf ihre - freilich nach wie vor staunenswerte - Pianissimo- Kultur, ihre Fähigkeit der subtilen Zurücknahme des atemberaubenden Sottovoce .;prozess;Gradadverbial;done;;frei;+;nd;+;nd;nd;nd;+;nd;nd;nd;nd;nd;nd;nd;nd;nd;nd;nd;nd;nd;nd;nd
138;VVINF;ADV;bemühen;5;NZZ_1998_07_14_a111_seg7_s28;2;Full|3|Pl|Pres|Ind;So sehr sich Intellektuelle bemühen - ihre Wirkungsmöglichkeiten sind beschränkt .;prozess;Gradadverbial;done;;frei;+;nd;+;nd;nd;nd;+;nd;nd;nd;nd;nd;nd;nd;nd;nd;nd;nd;nd;nd;nd;nd
139;VVPP;ADV;einbinden;49;NZZ_1994_04_16_a132_seg5_s7;31;Full|Psp;Und ein Photobuch, mit dem Mullican seine Ausstellungsinstallation einer photographischen Dokumentationsarbeit unterzieht und das nach Abschluss der Retrospektive als Katalog des Kunstmuseums Luzern erscheinen wird, zeigt, wie sehr nun selbst das Nachleben von Ausstellungen in den Gegenstandsbereich der Fürsorge des Künstlers um das eigene Werk eingebunden ist .;prozess;Gradadverbial;done;;frei;+;nd;+;nd;nd;nd;+;nd;nd;nd;nd;nd;nd;nd;nd;nd;nd;nd;nd;nd;nd;nd
140;VVPP;ADV;schmerzen;21;NZZ_1994_11_26_a138_seg9_s1;20;Full|Psp;Blickte Schack mit grosser Befriedigung auf seine sammlerische Leistung zurück, so hat ihn die fehlende Anerkennung als Dichter sehr geschmerzt .;prozess;Gradadverbial;done;;frei;+;nd;+;nd;nd;nd;+;nd;nd;nd;nd;nd;nd;nd;nd;nd;nd;nd;nd;nd;nd;nd
141;VVPP;ADV;verschließen;25;NZZ_1998_05_19_a135_seg3_s7;24;Full|Psp;Denn Monsaingeon ist es gelungen, in den letzten zwei Lebensjahren von Swjatoslaw Richter das Vertrauen des Pianisten zu gewinnen, der sonst sehr verschlossen war und kaum je Interviews gab .;nd;nd;not of interest;Modpräd/Partikel;;nd;nd;nd;nd;nd;nd;nd;nd;nd;nd;nd;nd;nd;nd;nd;nd;nd;nd;nd;nd;nd;nd
142;VMFIN;ADV;sollen;28;NZZ_1999_08_24_a23_seg7_s13;10;Mod|3|Pl|Pres|Ind;Laut Tito streiten sich Regierung und Opposition nicht so sehr um den Inhalt der Regierungsprogramme als vielmehr um die Art und Weise, wie diese umgesetzt werden sollen .;prozess;Gradadverbial;done;;frei;+;nd;+;nd;nd;nd;+;nd;nd;nd;nd;nd;nd;nd;nd;nd;nd;nd;nd;nd;nd;nd
143;VVFIN;ADV;überraschen;23;NZZ_1997_12_12_a61_seg6_s1;22;Full|-2;Zur Konfusion und auch Hoffnungslosigkeit, die wegen der Konzentration der Spitzenpolitiker auf die am 18. Dezember stattfindenden Präsidentenwahlen nicht allzu sehr überraschen, trug am Donnerstag Präsident Kim Young Sam bei .;prozess;Gradadverbial;done;;frei;+;nd;+;nd;nd;nd;+;nd;nd;nd;nd;nd;nd;nd;nd;nd;nd;nd;nd;nd;nd;nd
144;VVFIN;ADV;ändern;2;NZZ_1996_10_05_a75_seg8_s2;4;Full|3|Sg|Past|Ind;Das änderte sich sehr schnell nach den Wechselkursturbulenzen im Herbst 1992 .;nd;nd;not of interest;ModADV;;nd;nd;nd;nd;nd;nd;nd;nd;nd;nd;nd;nd;nd;nd;nd;nd;nd;nd;nd;nd;nd;nd
145;VVPP;ADV;interessieren;6;NZZ_1996_01_27_a235_seg4_s174;3;Full|Psp;Nicht so sehr die Landschaft interessiert, sondern die Landwirtschaft .;prozess;Gradadverbial;done;;frei;+;nd;+;nd;nd;nd;+;nd;nd;nd;nd;nd;nd;nd;nd;nd;nd;nd;nd;nd;nd;nd
146;VVPP;ADV;binden;24;NZZ_1994_11_25_a180_seg3_s11;23;Full|Psp;"Eine sehr, sehr ähnliche Sauce kam auch mit Seezungen-Filets auf den Tisch, wirkte nun aber etwas zu schwer, zu sehr gebunden ; die Filets selbst waren indessen in Ordnung .";nd;nd;not of interest;Modpräd/Partikel;;nd;nd;nd;nd;nd;nd;nd;nd;nd;nd;nd;nd;nd;nd;nd;nd;nd;nd;nd;nd;nd;nd
147;VVFIN;ADV;ablehnen;9;NZZ_1997_01_23_a25_seg6_s6;2;Full|3|Pl|Past|Subj;Wie sehr die Marokkaner die Durchführung eines Referendums ablehnten, zeige sich auch darin, dass sie der Uno-Mission in der Westsahara untersagt hätten, die Listen mit den bisher identifizierten Abstimmungsberechtigten zu veröffentlichen .;prozess;Gradadverbial;done;;frei;+;nd;+;nd;nd;nd;+;nd;nd;nd;nd;nd;nd;nd;nd;nd;nd;nd;nd;nd;nd;nd
148;VVFIN;ADV;ändern;36;NZZ_1996_05_03_a1_seg4_s8;32;Full|3|Pl|Pres|Ind;Die Visite, die nach amerikanischer Auffassung den Beginn einer « Erwachsenenbeziehung » zwischen den Palästinensern und den USA markieren soll, ist nebenher auch ein weiterer Beleg dafür, wie sehr sich die Zeiten ändern .;prozess;Gradadverbial;done;;frei;+;nd;+;nd;nd;nd;+;nd;nd;nd;nd;nd;nd;nd;nd;nd;nd;nd;nd;nd;nd;nd
149;VVFIN;ADV;helfen;2;NZZ_1995_12_05_a193_seg12_s33;4;Full|3|Sg|Pres|Ind;Das hilft uns sehr in diesem Konkurrenzkampf .;prozess;Gradadverbial;done;;frei;+;nd;+;nd;nd;nd;+;nd;nd;nd;nd;nd;nd;nd;nd;nd;nd;nd;nd;nd;nd;nd
150;VVFIN;ADV;abgeben;38;NZZ_1998_06_08_a124_seg2_s22;36;Full|3|Sg|Pres|Subj;Eine « kulturalistische » akademische Linke, so heisst es nicht eben sophisticated, sei « exactly the sort of Left that the oligarchy dreams of » - eine Linke nämlich, die sich zu sehr damit abgebe, « Phallogozentrismus » und « technokratische Rationalität » zu entlarven und infolgedessen nicht mehr dazu komme, über Gesetze zu diskutieren, die verabschiedet werden müssten, um « eine bessere Zukunft » zu schaffen .;prozess;Gradadverbial;done;;frei;+;nd;+;nd;nd;nd;+;nd;nd;nd;nd;nd;nd;nd;nd;nd;nd;nd;nd;nd;nd;nd
151;VVPP;ADV;bezweifeln;21;NZZ_1999_08_07_a215_seg4_s20;16;Full|Psp;So beachtlich die Liste der neuen Spieler an der Anfield Road auch ist, so sehr wird in vielen Kreisen bezweifelt, dass sie den erhofften Erfolg zeitigen .;prozess;Gradadverbial;done;;frei;+;nd;+;nd;nd;nd;+;nd;nd;nd;nd;nd;nd;nd;nd;nd;nd;nd;nd;nd;nd;nd
152;VVPP;ADV;wandeln;14;NZZ_1996_02_07_a196_seg14_s18;13;Full|Psp;Die Einstellung zur Schmerzbekämpfung bei Tumorkranken hat sich in den letzten Jahren sehr gewandelt .;prozess;Gradadverbial;done;;frei;+;nd;+;nd;nd;nd;+;nd;nd;nd;nd;nd;nd;nd;nd;nd;nd;nd;nd;nd;nd;nd
153;VVFIN;ADV;bleiben;5;NZZ_1997_11_17_a4_seg8_s11;20;Full|3|Pl|Pres|Ind;Und auch die Sparmöglichkeiten bleiben, wenn man von der Bundeswehr und militärischen Projekten wie dem Eurofighter absieht, sehr vage .;nd;nd;not of interest;Modpräd/Partikel;;nd;nd;nd;nd;nd;nd;nd;nd;nd;nd;nd;nd;nd;nd;nd;nd;nd;nd;nd;nd;nd;nd
154;VVINF;ADV;überraschen;4;NZZ_1998_10_02_a103_seg9_s10;3;Full|-2;Es würde sehr überraschen, wenn sich die Regierung Obuchi in diesem Jahr dazu aufraffen sollte, mit konkreten Massnahmen auf eine Abfederung des schmerzhaften Rückfalls in die Rezession hinzuarbeiten .;prozess;Gradadverbial;done;;frei;+;nd;+;nd;nd;nd;+;nd;nd;nd;nd;nd;nd;nd;nd;nd;nd;nd;nd;nd;nd;nd
155;VVFIN;ADV;lieben;2;NZZ_1996_10_16_a171_seg5_s34;6;Full|1|Sg|Pres|Ind;Darum liebe ich auch so sehr die Zwischensaison, in der ich ohne Druck in Ruhe arbeiten kann .;prozess;Gradadverbial;done;;frei;+;nd;+;nd;nd;nd;+;nd;nd;nd;nd;nd;nd;nd;nd;nd;nd;nd;nd;nd;nd;nd
156;VVFIN;ADV;konzentrieren;2;NZZ_1996_07_02_a21_seg9_s13;6;Full|3|Pl|Pres|Ind;Sie konzentrieren sich nicht so sehr auf das, was sich in den andern ändern muss, sondern sind bereit, bei sich selber anzufangen .;prozess;Gradadverbial;done;;frei;+;nd;+;nd;nd;nd;+;nd;nd;nd;nd;nd;nd;nd;nd;nd;nd;nd;nd;nd;nd;nd
157;VVPP;ADV;verteilen;19;NZZ_1994_10_05_a70_seg7_s15;16;Full|Psp;Je nach der Stellung im Erwerbsleben sind die Lasten der Gratisleistungen zugunsten der Armee ( sehr ) unterschiedlich verteilt .;nd;nd;not of interest;ModADV;;nd;nd;nd;nd;nd;nd;nd;nd;nd;nd;nd;nd;nd;nd;nd;nd;nd;nd;nd;nd;nd;nd
158;VVPP;ADV;kürzen;24;NZZ_1993_04_01_a39_seg8_s9;23;Full|Psp;Aber um das kulturelle und intellektuelle Vakuum zu vermeiden, das die Rechte lange umgeben hat, soll das Budget nicht zu sehr gekürzt werden .;prozess;Gradadverbial;done;;frei;+;nd;+;nd;nd;nd;+;nd;nd;nd;nd;nd;nd;nd;nd;nd;nd;nd;nd;nd;nd;nd
159;VVFIN;ADV;schwertun;31;NZZ_1993_04_01_a102_seg4_s1;30;Full|3|Pl|Past|Ind;Vor der Kritik der keineswegs berauschenden Darbietung gilt es daran zu erinnern, dass sich die Schweizer auch in der Vergangenheit gegen die individuell stärkeren Lusitaner in Heimspielen meist sehr schwertaten, sich mit spielerischen Mitteln durchzusetzen und dem Gegner den eigenen Stil, die eigenen Stärken aufzuzwingen .;prozess;Gradadverbial;done;;frei;+;nd;+;nd;nd;nd;+;nd;nd;nd;nd;nd;nd;nd;nd;nd;nd;nd;nd;nd;nd;nd
160;VVFIN;ADV;liegen;7;NZZ_1993_04_02_a52_seg14_s17;4;Full|3|Sg|Pres|Ind;« Was mir sehr am Herzen liegt, ist, in jedem Aspekt Sänger zu sein .;prozess;Gradadverbial;done;;frei;+;nd;+;nd;nd;nd;+;nd;nd;nd;nd;nd;nd;nd;nd;nd;nd;nd;nd;nd;nd;nd
161;VVINF;ADV;beeinträchtigen;30;NZZ_1993_04_02_a90_seg5_s5;28;Full|-2;Mit den Stichproben von mobilen Einheiten vor oder an der Grenze können künftig auch während der Hauptfrequenzzeiten wieder effiziente Kontrollen vorgenommen werden, ohne den Verkehrsfluss zu sehr zu beeinträchtigen .;prozess;Gradadverbial;done;;frei;+;nd;+;nd;nd;nd;+;nd;nd;nd;nd;nd;nd;nd;nd;nd;nd;nd;nd;nd;nd;nd
162;VVPP;ADV;schätzen;17;NZZ_1993_04_02_a90_seg45_s7;16;Full|Psp;Zwar stellt er sich der Expandierung der Stadt entgegen, doch wird er als Stadtlunge sehr geschätzt .;prozess;Gradadverbial;done;;frei;+;nd;+;nd;nd;nd;+;nd;nd;nd;nd;nd;nd;nd;nd;nd;nd;nd;nd;nd;nd;nd
163;VMFIN;ADV;sollen;14;NZZ_1993_04_02_a105_seg15_s16;18;Mod|3|Sg|Past|Ind;Doch stehen sie sehr nahe beieinander, und mir scheint manchmal, man sollte sich nicht so sehr an den gegenseitig-ähnlichen Erscheinungsbildern orientieren, sondern daran, was hinter solchen Erscheinungsbildern steckt, weil da die konkreten Ansätze für mögliche Änderungen liegen .;prozess;Gradadverbial;done;;frei;+;nd;+;nd;nd;nd;+;nd;nd;nd;nd;nd;nd;nd;nd;nd;nd;nd;nd;nd;nd;nd
164;VVPP;ADV;erschweren;42;NZZ_1993_04_03_a6_seg8_s5;41;Full|Psp;Für Bukarest wiederum ist allein schon das Wort Autonomie, unabhängig davon, welchen Inhalt man diesem Begriff gibt, ein Schreckgespenst, das rumänische Politiker in helle Aufregung zu versetzen vermag, was eine vernünftige Lösung der Minderheitenprobleme ebenfalls sehr erschwert .;prozess;Gradadverbial;done;;frei;+;nd;+;nd;nd;nd;+;nd;nd;nd;nd;nd;nd;nd;nd;nd;nd;nd;nd;nd;nd;nd
165;VVFIN;ADV;sehen;2;NZZ_1993_04_03_a50_seg5_s4;5;Full|1|Sg|Pres|Ind;Ich sehe es auch sehr als Spannungsfeld, und ich bin keine Anhängerin der Personalisierung der Politik .;prozess;Gradadverbial;done;;frei;+;nd;+;nd;nd;nd;+;nd;nd;nd;nd;nd;nd;nd;nd;nd;nd;nd;nd;nd;nd;nd
166;VVPP;ADV;bestimmen;19;NZZ_1993_04_03_a70_seg6_s20;13;Full|Psp;Der Sohn ist sich infolge des peinlichen Zwischenfalls bewusst geworden, wie sehr sein Leben noch vom Vater bestimmt wird .;prozess;Gradadverbial;done;;frei;+;nd;+;nd;nd;nd;+;nd;nd;nd;nd;nd;nd;nd;nd;nd;nd;nd;nd;nd;nd;nd
167;VVINF;ADV;schaffen;23;NZZ_1993_04_03_a74_seg13_s8;20;Full|-2;Gerade Lübke kann vorzüglich als Illustration dieses Phänomens dienen : Denn wie sonst hätten seine Schriften zur Renaissance so sehr ihm Feinde schaffen können .;prozess;Gradadverbial;done;;frei;+;nd;+;nd;nd;nd;+;nd;nd;nd;nd;nd;nd;nd;nd;nd;nd;nd;nd;nd;nd;nd
168;VVPP;ADV;ernüchtern;20;NZZ_1993_04_06_a42_seg7_s8;15;Full|Psp;So sehr er damals von der New Yorker Diskussionskultur mitgerissen worden sei, so sehr hätten ihn seine Frankreichjahre ernüchtert : Während in Amerika vom politischen Radikalismus nur noch eine kulturrevolutionäre Avantgarde übriggeblieben sei, habe sich die französische Linke um Sartre aus einem kaum verhüllten Antiamerikanismus heraus geweigert, das offensichtliche moralische « Desaster » des kommunistischen Experiments wahrzunehmen .;prozess;Gradadverbial;done;vergleich;frei;+;nd;+;nd;nd;nd;+;nd;nd;nd;nd;nd;nd;nd;nd;nd;nd;nd;nd;nd;nd;nd
169;VVFIN;ADV;bewundern;15;NZZ_1993_04_06_a69_seg1_s20;14;Full|3|Sg|Past|Ind;DRS 2, 23.00 Moderne Klassiker Obwohl John Cage seinen Lehrer Arnold Schönberg sehr bewunderte, scheint er doch nur bei ihm studiert zu haben, um letztlich alles abzulehnen, was sein Lehrer vertrat .;prozess;Gradadverbial;done;;frei;+;nd;+;nd;nd;nd;+;nd;nd;nd;nd;nd;nd;nd;nd;nd;nd;nd;nd;nd;nd;nd
170;VVPP;ADV;glauben;12;NZZ_1993_04_06_a99_seg2_s5;6;Full|Psp;Einer der Männer habe so sehr an die Wirkung der Mixtur geglaubt, dass er sie sogar seiner Frau gegeben habe .;prozess;Gradadverbial;done;;frei;+;nd;+;nd;nd;nd;+;nd;nd;nd;nd;nd;nd;nd;nd;nd;nd;nd;nd;nd;nd;nd
171;VVFIN;ADV;äußern;48;NZZ_1993_04_06_a139_seg4_s7;50;Full|3|Sg|Past|Subj;Vom Schatzamt wurden die neusten statistischen Daten als ein deutlicher Hinweis gewertet, dass die Wirtschaft nun wieder auf dem Wachstumspfad sei, und Umweltminister Michael Howard, dem für den Fall einer Regierungsumbildung gute Chancen nachgesagt werden, Nachfolger von Schatzkanzler Norman Lamont zu werden, äusserte sich sehr optimistisch über die weiteren wirtschaftlichen Aussichten, da Grossbritannien den anderen europäischen Ländern im Konjunkturzyklus weit voraus sei .;nd;nd;not of interest;ModADV;;nd;nd;nd;nd;nd;nd;nd;nd;nd;nd;nd;nd;nd;nd;nd;nd;nd;nd;nd;nd;nd;nd
172;VVPP;ADV;reservieren;10;NZZ_1993_04_06_a147_seg6_s6;9;Full|Psp;Vorab das Finanzministerium, das einer expansiven Ausgabenpolitik sehr reserviert gegenübersteht, hat in der Auseinandersetzung mit den Befürwortern eines möglichst umfangreichen und teuren Massnahmenkataloges wieder etwas Terrain gewonnen .;nd;nd;not of interest;ModADV;;nd;nd;nd;nd;nd;nd;nd;nd;nd;nd;nd;nd;nd;nd;nd;nd;nd;nd;nd;nd;nd;nd
173;VVFIN;ADV;liegen;3;NZZ_1993_04_07_a161_seg3_s14;4;Full|3|Sg|Pres|Ind;Der Verdacht liegt sehr nahe, dass die malaysische Zentralbank 1992 massiv in solche « schwache » Währungen investierte und hohe Spekulationsverluste verbuchen musste .;prozess;Gradadverbial;done;;frei;+;nd;+;nd;nd;nd;+;nd;nd;nd;nd;nd;nd;nd;nd;nd;nd;nd;nd;nd;nd;nd
174;VVINF;ADV;beeinträchtigen;15;NZZ_1993_04_07_a182_seg4_s15;14;Full|-2;Die Langstrasse ist sehr schmal, und jahrelange Bauarbeiten würden das Leben dort sehr beeinträchtigen .;prozess;Gradadverbial;done;;frei;+;nd;+;nd;nd;nd;+;nd;nd;nd;nd;nd;nd;nd;nd;nd;nd;nd;nd;nd;nd;nd
175;VVFIN;ADV;drohen;18;NZZ_1993_04_08_a31_seg10_s12;17;Full|3|Sg|Pres|Ind;Sosehr das Publikum unter dem strengen Blick von K. P. S. Gill aufzuatmen begann, so sehr droht nun die Polizei zur neuen Geissel zu werden .;prozess;Gradadverbial;done;;frei;+;nd;+;nd;nd;nd;+;nd;nd;nd;nd;nd;nd;nd;nd;nd;nd;nd;nd;nd;nd;nd
176;VVPP;ADV;beschäftigen;6;NZZ_1993_04_08_a45_seg5_s4;2;Full|3|Sg|Pres|Ind;Wie sehr die Liebesthematik Bussy beschäftigt, zeigt eine vielbeachtete Übersetzung des Briefwechsels zwischen Abälard und Heloise, die nachhaltig auf das 18. Jahrhundert gewirkt hat .;prozess;Gradadverbial;done;;frei;+;nd;+;nd;nd;nd;+;nd;nd;nd;nd;nd;nd;nd;nd;nd;nd;nd;nd;nd;nd;nd
177;VVFIN;ADV;überraschen;6;NZZ_1993_04_08_a58_seg9_s22;8;Full|3|Pl|Pres|Ind;Die harten Äusserungen der SVP überraschen uns sehr .;prozess;Gradadverbial;done;;frei;+;nd;+;nd;nd;nd;+;nd;nd;nd;nd;nd;nd;nd;nd;nd;nd;nd;nd;nd;nd;nd
178;VVFIN;ADV;kommen;2;NZZ_1993_04_08_a77_seg12_s11;8;Full|3|Sg|Past|Subj;Dies käme dann allerdings der verworfenen Gemeindelösung sehr nahe .;prozess;Gradadverbial;done;;frei;+;nd;+;nd;nd;nd;+;nd;nd;nd;nd;nd;nd;nd;nd;nd;nd;nd;nd;nd;nd;nd
179;VVFIN;ADV;stehen;24;NZZ_1993_04_08_a102_seg1_s4;22;Full|3|Pl|Past|Ind;Sie hielten die Partie sehr offen und hatten besonders nach dem Seitenwechsel zahlreiche gute Möglichkeiten, wobei sie dem Ausgleichstreffer wiederholt sehr nahe standen .;nd;nd;not of interest;ModADV;;nd;nd;nd;nd;nd;nd;nd;nd;nd;nd;nd;nd;nd;nd;nd;nd;nd;nd;nd;nd;nd;nd
180;VVFIN;ADV;bewundern;20;NZZ_1993_04_08_a141_seg2_s15;19;Full|3|Sg|Past|Ind;Im Kommentar zur Radiosendung wurde es sehr treffend formuliert : « Obwohl John Cage seinen Lehrer Arnold Schönberg sehr bewunderte, scheint er doch nur bei ihm studiert zu haben, um letztlich alles abzulehnen, was sein Lehrer vertrat . »;prozess;Gradadverbial;done;;frei;+;nd;+;nd;nd;nd;+;nd;nd;nd;nd;nd;nd;nd;nd;nd;nd;nd;nd;nd;nd;nd
181;VVPP;ADV;unterbreiten;6;NZZ_1993_04_10_a36_seg9_s8;3;Full|Psp;Tschurkin habe sehr interessante Vorschläge unterbreitet .;nd;nd;not of interest;ModADJ;;nd;nd;nd;nd;nd;nd;nd;nd;nd;nd;nd;nd;nd;nd;nd;nd;nd;nd;nd;nd;nd;nd
182;VVFIN;ADV;lieben;6;NZZ_1993_04_10_a51_seg3_s1;10;Full|3|Pl|Pres|Ind;Knut Schulz : Denn sie lieben die Freiheit so sehr .;prozess;Gradadverbial;done;;frei;+;nd;+;nd;nd;nd;+;nd;nd;nd;nd;nd;nd;nd;nd;nd;nd;nd;nd;nd;nd;nd
183;VVPP;ADV;einengen;17;NZZ_1993_04_10_a88_seg14_s5;14;Full|Psp;Denn da zeigt sich, was Sprache kann, wenn sie nicht zu sehr durch Regelzwang eingeengt wird, sondern in dem hingegebenen Versuch, dem anderen etwas mitzuteilen, sich zu sich selbst herauswagt .;prozess;Gradadverbial;done;;frei;+;nd;+;nd;nd;nd;+;nd;nd;nd;nd;nd;nd;nd;nd;nd;nd;nd;nd;nd;nd;nd
184;VVPP;ADV;leiden;24;NZZ_1993_04_10_a95_seg2_s11;23;Full|Psp;Auf solche Weise « persönlich » sind auch die Kalendergedichte, Neubelebung einer Gattung, die durch die Waggerl und Weinheber so sehr gelitten hat .;prozess;Gradadverbial;done;;frei;+;nd;+;nd;nd;nd;+;nd;nd;nd;nd;nd;nd;nd;nd;nd;nd;nd;nd;nd;nd;nd
185;VVPP;ADV;leiden;8;NZZ_1993_04_10_a216_seg11_s8;7;Full|Psp;Sie erzählt, dass sie damals sehr gelitten hat : « Ich war einsam, ich hatte niemanden .;prozess;Gradadverbial;done;;frei;+;nd;+;nd;nd;nd;+;nd;nd;nd;nd;nd;nd;nd;nd;nd;nd;nd;nd;nd;nd;nd
186;VVFIN;ADV;gehen;2;NZZ_1993_04_10_a216_seg11_s14;4;Full|3|Sg|Past|Ind;Es ging mir sehr schlecht, darum ging ich zum Arzt . »;nd;nd;not of interest;ModADV;;nd;nd;nd;nd;nd;nd;nd;nd;nd;nd;nd;nd;nd;nd;nd;nd;nd;nd;nd;nd;nd;nd
187;VVINF;ADV;schaffen;6;NZZ_1993_04_10_a216_seg11_s21;4;Full|-2;Diese machen ihr sehr zu schaffen .;prozess;Gradadverbial;done;;frei;+;nd;+;nd;nd;nd;+;nd;nd;nd;nd;nd;nd;nd;nd;nd;nd;nd;nd;nd;nd;nd
188;VVINF;ADV;anlegen;41;NZZ_1993_04_13_a41_seg4_s15;25;Full|-2;So ist das Geschehen ganz auf Montezuma und Cortez ausgerichtet : auf ein Zusammentreffen, das Angela Denoke und Wilhelm von Eyberg-Wertenegg allerdings zu sehr auf die ( opernmässige ) Begegnung zwischen Mann und Frau, auf das Individuelle hin anlegen und zu wenig als jene Chiffre erkennbar machen, als die es bei Rihm gedacht ist .;prozess;Gradadverbial;done;;frei;+;nd;+;nd;nd;nd;+;nd;nd;nd;nd;nd;nd;nd;nd;nd;nd;nd;nd;nd;nd;nd
189;VVPP;ADV;beeinträchtigen;15;NZZ_1993_04_13_a103_seg2_s17;14;Full|Psp;Auch der zweifache US-Open-Sieger Curtis Strange war durch eine Verletzung am Handgelenk so sehr beeinträchtigt, dass er während der zweiten Runde aufgab .;prozess;Gradadverbial;done;;frei;+;nd;+;nd;nd;nd;+;nd;nd;nd;nd;nd;nd;nd;nd;nd;nd;nd;nd;nd;nd;nd
190;VVFIN;ADV;fürchten;2;NZZ_1993_04_14_a1_seg8_s8;5;Full|3|Sg|Pres|Ind;Anderseits fürchtet man sich sehr vor einem Sieg der Anti-Jelzin-Kräfte in Moskau, der dem serbischen Präsidenten und seiner grossserbischen Politik zweifellos Auftrieb verschaffen würde .;prozess;Gradadverbial;done;;frei;+;nd;+;nd;nd;nd;+;nd;nd;nd;nd;nd;nd;nd;nd;nd;nd;nd;nd;nd;nd;nd
191;VVINF;ADV;einschränken;24;NZZ_1993_04_14_a40_seg2_s11;23;Full|-2;Namentlich müssten sich die westlichen Länder Rechenschaft darüber geben, dass die im wesentlichen bilateral strukturierten Freihandelsregelungen die Entwicklungen des Handels zu sehr einschränken und folglich zu Effizienzverlusten in der Nutzung der begrenzten Ressourcen führten .;prozess;Gradadverbial;done;;frei;+;nd;+;nd;nd;nd;+;nd;nd;nd;nd;nd;nd;nd;nd;nd;nd;nd;nd;nd;nd;nd
192;VVINF;ADV;bedauern;27;NZZ_1993_04_15_a112_seg2_s26;26;Full|-2;Die hohe Ablösesumme und die Bedeutung Reals für seine weitere Karriere dürften Zamoranos Entscheidung zugunsten des Klubs bestärken, obwohl er es nach eigenen Aussagen sehr bedauern würde, die Spiele in Ecuador nur als Fernsehzuschauer verfolgen zu können .;prozess;Gradadverbial;done;;frei;+;nd;+;nd;nd;nd;+;nd;nd;nd;nd;nd;nd;nd;nd;nd;nd;nd;nd;nd;nd;nd
193;VVPP;ADV;beschäftigen;13;NZZ_1993_04_15_a170_seg5_s6;7;Full|Psp;Die Menschen in Moskau sind so sehr mit der Sicherung ihrer Existenz beschäftigt, dass sie wohl alles andere als nebensächlich ansehen .;prozess;Gradadverbial;done;;frei;+;nd;+;nd;nd;nd;+;nd;nd;nd;nd;nd;nd;nd;nd;nd;nd;nd;nd;nd;nd;nd
194;VVPP;ADV;helfen;11;NZZ_1993_04_15_a183_seg10_s14;10;Full|Psp;Die Therapie und der Aufenthalt im Heim hätten ihr sehr geholfen, meinte Barbara L., doch hätte sie nach der Entlassung noch einer längeren Betreuung bedurft, denn sie sei ja nach einer rund zwei Jahre dauernden drogenlosen Zeit wieder « abgestürzt » .;prozess;Gradadverbial;done;;frei;+;nd;+;nd;nd;nd;+;nd;nd;nd;nd;nd;nd;nd;nd;nd;nd;nd;nd;nd;nd;nd
195;VVINF;ADV;verlassen;7;NZZ_1993_04_16_a22_seg12_s6;5;Full|-2;Niemand wird sich allzu sehr darauf verlassen wollen .;prozess;Gradadverbial;done;;frei;+;nd;+;nd;nd;nd;+;nd;nd;nd;nd;nd;nd;nd;nd;nd;nd;nd;nd;nd;nd;nd
196;VVPP;ADV;gewöhnen;17;NZZ_1993_04_24_a5_seg3_s3;12;Full|Psp;Die Politiker in Flandern und Wallonien haben sich schon viel zu sehr an ihre neue Eigenständigkeit gewöhnt .;prozess;Gradadverbial;done;;frei;+;nd;+;nd;nd;nd;+;nd;nd;nd;nd;nd;nd;nd;nd;nd;nd;nd;nd;nd;nd;nd
197;VVINF;ADV;wünschen;9;NZZ_1993_04_29_a173_seg3_s5;7;Full|-2;Auch sein eigenes Verhalten lässt allerdings sehr zu wünschen übrig, zunächst landet Exzellenz unterm Tisch und danach volltrunken im zweckentfremdeten Brautbett .;prozess;Gradadverbial;done;;frei;+;nd;+;nd;nd;nd;+;nd;nd;nd;nd;nd;nd;nd;nd;nd;nd;nd;nd;nd;nd;nd
198;VVFIN;ADV;regen;12;NZZ_1993_12_04_a62_seg6_s3;11;Full|3|Sg|Past|Ind;Sosehr ihnen das Land gegeneinander Grenzen setzen mochte, so sehr regte das Meer zur Offenheit nach aussen an .;prozess;Gradadverbial;done;;frei;+;nd;+;nd;nd;nd;+;nd;nd;nd;nd;nd;nd;nd;nd;nd;nd;nd;nd;nd;nd;nd
199;VVFIN;ADV;unterscheiden;23;NZZ_1993_12_04_a100_seg1_s20;18;Full|3|Sg|Pres|Ind;Spotlights begleitete « Miss Sarajewo », Imela Nogic, in ihrem Alltag, der sich so sehr von dem anderer Schönheitsköniginnen unterscheidet .;prozess;Gradadverbial;done;;frei;+;nd;+;nd;nd;nd;+;nd;nd;nd;nd;nd;nd;nd;nd;nd;nd;nd;nd;nd;nd;nd
200;VVFIN;ADV;bemühen;28;NZZ_1993_12_06_a171_seg7_s8;23;Full|3|Pl|Pres|Ind;Für den S-Bahn-Betrieb ab 1990 wurden deshalb Zugsassistentinnen und -assistenten rekrutiert, die sich namentlich seit der ihnen nun drohenden Entlassung oft sehr um einen guten Dienst bemühen, nach 14 Tagen « Ausbildung » aber unmöglich jene Wirkung erzielen können, die von geschultem und erfahrenem Zugspersonal ausgeht .;prozess;Gradadverbial;done;;frei;+;nd;+;nd;nd;nd;+;nd;nd;nd;nd;nd;nd;nd;nd;nd;nd;nd;nd;nd;nd;nd
