﻿Interne-ID;Function-Head;Funktion-Hit;Head;ID-Head;ID-NZZ;ID-Token;Meta-Kopf;sentence;Oberkategorie;Unterkategorie;Status;Kommentar;externe Funktion;prozess;pFREQ;AuW;pure;agent;method;degree;proposition;KONJ;FRAME;SADV;extern;KAUS;TEMP;FREQ;BU;LOC;intern;INST;KOM;SH;iLOC
1;VVINF;ADJD;erfolgen;20;NZZ_1999_11_04_a207_seg8_s5;17;Full|-2;Zu den Vorteilen einer Nordseeinsel als Flughafen zählt eine gute Umweltverträglichkeit, da An- und Abflug vollständig über Wasser erfolgen würden und ein relativ ungehindertes Wachstum des Verkehrs möglich wäre .;prozess;Gradadverbial;done;syntaktisch ambig;frei;+;nd;+;nd;nd;nd;+;nd;nd;nd;nd;nd;nd;nd;nd;nd;nd;nd;nd;nd;nd;nd
2;VVINF;ADJD;präsentieren;21;NZZ_1997_08_25_a84_seg5_s2;19;Full|-2;Der « Villa Stuck », heute ein Museum, ist das Jubiläum Anlass, seine umfangreichen Bestände vollständig zu präsentieren .;prozess;Gradadverbial;done;;frei;+;nd;+;nd;nd;nd;+;nd;nd;nd;nd;nd;nd;nd;nd;nd;nd;nd;nd;nd;nd;nd
3;VVFIN;ADJD;ausbrennen;14;NZZ_1996_02_12_a46_seg3_s2;13;Full|3|Sg|Past|Ind;Die Feuerwehr musste mit Atemschutzgerät zu einem brennenden Personenwagen vordringen, der vollständig ausbrannte .;prozess;Gradadverbial;done;;frei;+;nd;+;nd;nd;nd;+;nd;nd;nd;nd;nd;nd;nd;nd;nd;nd;nd;nd;nd;nd;nd
4;VVPP;ADJD;leerpumpen;26;NZZ_1996_03_06_a55_seg4_s2;25;Full|Psp;( dpa ) Der vor der Küste von Südwales auf Grund gelaufene und nur unter grossen Schwierigkeiten geborgene Supertanker « Sea Empress » ist vollständig leergepumpt worden .;prozess;Gradadverbial;done;;frei;+;nd;+;nd;nd;nd;+;nd;nd;nd;nd;nd;nd;nd;nd;nd;nd;nd;nd;nd;nd;nd
5;VVPP;ADJD;zerstören;11;NZZ_1996_12_02_a71_seg2_s3;10;Full|Psp;Das aus dem Jahr 1611 stammende sogenannte Badhaus wurde vollständig zerstört .;prozess;Gradadverbial;done;;frei;+;nd;+;nd;nd;nd;+;nd;nd;nd;nd;nd;nd;nd;nd;nd;nd;nd;nd;nd;nd;nd
6;VVPP;ADJD;zerstören;20;NZZ_1994_09_03_a101_seg11_s5;19;Full|Psp;Bitola liegt etwa 100 Kilometer südlich der Hauptstadt Skopje, die im Juli 1963 bei einem Erdbeben nahezu vollständig zerstört worden war .;prozess;Gradadverbial;done;;frei;+;nd;+;nd;nd;nd;+;nd;nd;nd;nd;nd;nd;nd;nd;nd;nd;nd;nd;nd;nd;nd
7;VVINF;ADJD;umwandeln;10;NZZ_1999_05_19_a218_seg3_s33;7;Full|-2;Dieser würde sich innerhalb kurzer Zeit vollständig in Hydrat umwandeln .;prozess;Gradadverbial;done;;frei;+;nd;+;nd;nd;nd;+;nd;nd;nd;nd;nd;nd;nd;nd;nd;nd;nd;nd;nd;nd;nd
8;VVPP;ADJD;zerstören;31;NZZ_1995_12_11_a70_seg3_s2;30;Full|Psp;Ursache dafür ist vor allem das tragische Schicksal seines Ouvres : etwa 60 000 Negative und der grösste Teil der Positive wurden bei einem Bombenangriff im August 1943 nahezu vollständig zerstört, der Hauptteil seines Werkes ging damit verloren .;prozess;Gradadverbial;done;;frei;+;nd;+;nd;nd;nd;+;nd;nd;nd;nd;nd;nd;nd;nd;nd;nd;nd;nd;nd;nd;nd
9;VVINF;ADJD;unterbinden;21;NZZ_1993_02_24_a79_seg1_s5;20;Full|-2;Ein generelles Verbot der Tierversuche, wie es die Initiative vorsehe, würde die medizinisch-biologische Forschung in gewissen Bereichen vollständig unterbinden .;prozess;Gradadverbial;done;;frei;+;nd;+;nd;nd;nd;+;nd;nd;nd;nd;nd;nd;nd;nd;nd;nd;nd;nd;nd;nd;nd
10;VVFIN;ADJD;kooperieren;28;NZZ_1999_12_20_a27_seg4_s2;27;Full|3|Sg|Pres|Subj;Zudem erklärte das Uno-Führungsgremium seine Absicht, die Sanktionen gegen den Irak zu suspendieren, falls er mit der neuen Kommission und der Wiener Atomenergiebehörde IAEA vollständig kooperiere .;prozess;Gradadverbial;done;;frei;+;nd;+;nd;nd;nd;+;nd;nd;nd;nd;nd;nd;nd;nd;nd;nd;nd;nd;nd;nd;nd
11;VVPP;ADJD;erholen;47;NZZ_1999_06_17_a207_seg8_s9;46;Full|Psp;Unvergesslich sind jene Momente, in denen nach einer gewissen Angewöhnungszeit die Füsse trotz wundgeriebenen Stellen nicht mehr schmerzen und die Muskeln am Morgen jubeln, wenn sie wieder in Bewegung gesetzt werden, auch wenn sie sich von den Anstrengungen des Vortages noch nicht vollständig erholt haben .;prozess;Gradadverbial;done;;frei;+;nd;+;nd;nd;nd;+;nd;nd;nd;nd;nd;nd;nd;nd;nd;nd;nd;nd;nd;nd;nd
12;VVFIN;ADJD;ziehen;4;NZZ_1994_06_08_a55_seg6_s4;9;Full|3|Sg|Past|Ind;Auf diese Weise zog sich die Gruppe praktisch vollständig aus den Gebieten des Anlagebaus, der Oberflächentechnik sowie der angewandten Elektronik und Biotechnologie zurück .;prozess;Gradadverbial;done;;frei;+;nd;+;nd;nd;nd;+;nd;nd;nd;nd;nd;nd;nd;nd;nd;nd;nd;nd;nd;nd;nd
13;VVPP;ADJD;aufteilen;11;NZZ_1996_07_13_a94_seg17_s6;10;Full|Psp;"Der europäische Farbstoffmarkt war nun bis zum Zweiten Weltkrieg vollständig aufgeteilt ; von liberaler Marktwirtschaft und fairem Wettbewerb konnte keine Rede mehr sein .";nd;nd;not of interest;ModPräd;;nd;nd;nd;nd;nd;nd;nd;nd;nd;nd;nd;nd;nd;nd;nd;nd;nd;nd;nd;nd;nd;nd
14;VVFIN;ADJD;sammeln;16;NZZ_1995_08_22_a101_seg3_s6;15;Full|3|Sg|Pres|Ind;Nun liegt ein erster Band mit Essays und Aufsätzen vor, der diese Arbeiten vollständig sammelt und in zuverlässiger Fassung wiedergibt .;prozess;Gradadverbial;done;;frei;+;nd;+;nd;nd;nd;+;nd;nd;nd;nd;nd;nd;nd;nd;nd;nd;nd;nd;nd;nd;nd
15;VVPP;ADJD;ausrüsten;21;NZZ_1994_05_04_a98_seg2_s8;16;Full|Psp;Das Infanterieregiment 26, das in der Ostschweiz in den Wiederholungskurs eingerückt ist, wird vollständig mit dem neuen C-Schutz-Material ausgerüstet .;prozess;Gradadverbial;done;;frei;+;nd;+;nd;nd;nd;+;nd;nd;nd;nd;nd;nd;nd;nd;nd;nd;nd;nd;nd;nd;nd
16;VVPP;ADJD;erreichen;67;NZZ_1994_12_27_a2_seg4_s3;66;Full|Psp;Jelzin, der sich in den vergangenen 14 Tagen wie so oft in kritischen Situationen ganz einfach nicht mehr hatte blicken lassen, beurteilte an einer Sitzung des Nationalen Sicherheitsrats laut Angaben von Itar-Tass die Leistungen der russischen Streitkräfte als nicht schlecht - dies, obwohl sie ihr erstes und wichtigstes Ziel, die Abschnürung Grosnys von der Aussenwelt, auch am Montag noch nicht vollständig erreicht hatten .;prozess;Gradadverbial;done;;frei;+;nd;+;nd;nd;nd;+;nd;nd;nd;nd;nd;nd;nd;nd;nd;nd;nd;nd;nd;nd;nd
17;VVPP;ADJD;unterbrechen;15;NZZ_1999_06_02_a62_seg3_s10;14;Full|Psp;Die regionale Bahnverbindung zwischen Baden, Brugg und Aarau war bis am Abend vollständig unterbrochen .;nd;nd;not of interest;ModPräd;;nd;nd;nd;nd;nd;nd;nd;nd;nd;nd;nd;nd;nd;nd;nd;nd;nd;nd;nd;nd;nd;nd
18;VVPP;ADJD;ausbezahlen;10;NZZ_1999_04_13_a89_seg1_s5;9;Full|Psp;Laut einem Gewerkschaftsvertreter sind die März-Löhne noch nicht vollständig ausbezahlt worden .;prozess;Gradadverbial;done;;frei;+;nd;+;nd;nd;nd;+;nd;nd;nd;nd;nd;nd;nd;nd;nd;nd;nd;nd;nd;nd;nd
19;VVPP;ADJD;überprüfen;29;NZZ_1998_09_22_a265_seg29_s6;24;Full|Psp;Für die IT-Abteilung stellt die Kombination von Anforderungen, Akzeptanz-Kriterien und Simulationsmodell einen grossen Vorteil dar : Hiermit kann ein OOA-Modell automatisiert und vollständig auf alle gestellten Anforderungen überprüft werden .;prozess;Gradadverbial;done;;frei;+;nd;+;nd;nd;nd;+;nd;nd;nd;nd;nd;nd;nd;nd;nd;nd;nd;nd;nd;nd;nd
20;VVPP;ADJD;finanzieren;10;NZZ_1998_11_07_a179_seg2_s37;9;Full|3|Sg|Pres|Ind;Bei Aufgaben, die der Kanton übernimmt und vollständig finanziert, stellt sich das Problem der Sonderlasten einzelner Gemeinden nicht mehr .;prozess;Gradadverbial;done;;frei;+;nd;+;nd;nd;nd;+;nd;nd;nd;nd;nd;nd;nd;nd;nd;nd;nd;nd;nd;nd;nd
21;VVFIN;ADJD;stehen;22;NZZ_1994_09_07_a29_seg4_s1;24;Full|3|Sg|Past|Ind;Gy. Bonn, 6. September Die erste Lesung des Regierungsentwurfs des Bundeshaushaltes 1995 sowie des Finanzplans bis 1998 im Deutschen Bundestag stand praktisch vollständig im Zeichen des Wahlkampfes .;prozess;Gradadverbial;done;;frei;+;nd;+;nd;nd;nd;+;nd;nd;nd;nd;nd;nd;nd;nd;nd;nd;nd;nd;nd;nd;nd
22;VVFIN;ADJD;vorliegen;23;NZZ_1993_12_06_a34_seg5_s10;22;Full|3|Sg|Pres|Ind;Grund zu feiern gibt es aus Anlass des 100. Bandes aber doch insofern, als mit ihm eine weitere jener Autorenwerkausgaben vollständig vorliegt : die Edition der Werke Joseph von Eichendorffs in sechs Bänden .;prozess;Gradadverbial;done;;frei;+;nd;+;nd;nd;nd;+;nd;nd;nd;nd;nd;nd;nd;nd;nd;nd;nd;nd;nd;nd;nd
23;VVPP;ADJD;versammeln;11;NZZ_1997_05_10_a197_seg6_s17;10;Full|Psp;Hier sind die Requisiten von Updikes autobiographischem Projekt nahezu vollständig versammelt : die dominierende Mutter, ein schwacher Vater, Grosseltern auf dem Lande, Harvard, fahrige Ehen, Affären, Kinder, Scheidungen, neue Verbindungen, Enkel, Krankheit und Tod .;nd;nd;not of interest;ModPräd;;nd;nd;nd;nd;nd;nd;nd;nd;nd;nd;nd;nd;nd;nd;nd;nd;nd;nd;nd;nd;nd;nd
24;VVINF;ADJD;zurückziehen;32;NZZ_1998_02_06_a205_seg6_s4;31;Full|-2;Der Kernsatz des am vergangenen Freitag veröffentlichten Grünbuchs des amerikanischen Handelsministeriums zum Domänenstreit lautet : « Die US-Regierung sollte sich aus der Vergabe von Adressnummern und Domain-Namen in verantwortlicher Weise vollständig zurückziehen . »;prozess;Gradadverbial;done;;frei;+;nd;+;nd;nd;nd;+;nd;nd;nd;nd;nd;nd;nd;nd;nd;nd;nd;nd;nd;nd;nd
25;VVPP;ADJD;erobern;22;NZZ_1998_12_28_a8_seg2_s4;21;Full|Psp;Damit widersprachen die Beobachter Angaben der Rebellen, die am Freitag erklärt hatten, Makeni sei wie zwei weitere Ortschaften vollständig erobert .;nd;nd;not of interest;ModPräd;;nd;nd;nd;nd;nd;nd;nd;nd;nd;nd;nd;nd;nd;nd;nd;nd;nd;nd;nd;nd;nd;nd
26;VVPP;ADJD;vorlegen;26;NZZ_1997_04_15_a145_seg2_s19;22;Full|Psp;"Mossdorf führte weiter aus, dass man mit Dielsdorf weiterhin im Gespräch bleibe ; allerdings seien die Bülacher Visionen noch nicht vollständig der Dielsdorfer Spitalbehörde vorgelegt worden .";prozess;Gradadverbial;done;;frei;+;nd;+;nd;nd;nd;+;nd;nd;nd;nd;nd;nd;nd;nd;nd;nd;nd;nd;nd;nd;nd
27;VVINF;ADJD;ersetzen;15;NZZ_1996_10_08_a225_seg9_s7;14;Full|-2;Die Unterstellung, der elektronische Handel könnte den traditionellen Handel ablösen oder nahezu vollständig ersetzen, ist irreführend und falsch und ruft - im Gegenteil - gerade ängstliche Reaktionen hervor .;prozess;Gradadverbial;done;;frei;+;nd;+;nd;nd;nd;+;nd;nd;nd;nd;nd;nd;nd;nd;nd;nd;nd;nd;nd;nd;nd
28;VVFIN;ADJD;aushöhlen;22;NZZ_1995_12_27_a147_seg13_s2;21;Full|3|Pl|Pres|Ind;Dazu kommen als Eigenheit von Theobroma cacao noch Ratten und Eichhörnchen, die an den Bäumen hochklettern und die Früchte vollständig aushöhlen .;prozess;Gradadverbial;done;;frei;+;nd;+;nd;nd;nd;+;nd;nd;nd;nd;nd;nd;nd;nd;nd;nd;nd;nd;nd;nd;nd
29;VVPP;ADJD;abschließen;18;NZZ_1998_11_07_a3_seg2_s7;17;Full|Psp;Die Antwort ist vermutlich darin zu suchen, dass diese Kapitel in den verschiedenen Geschichtsbüchern nie vollständig abgeschlossen wurden .;prozess;Gradadverbial;done;;frei;+;nd;+;nd;nd;nd;+;nd;nd;nd;nd;nd;nd;nd;nd;nd;nd;nd;nd;nd;nd;nd
30;VVFIN;ADJD;ausbrennen;15;NZZ_1999_03_27_a227_seg3_s14;14;Full|3|Sg|Past|Ind;Sie konnte aber nicht mehr verhindern, dass die Wohnung einer vierköpfigen Familie vollständig ausbrannte .;prozess;Gradadverbial;done;;frei;+;nd;+;nd;nd;nd;+;nd;nd;nd;nd;nd;nd;nd;nd;nd;nd;nd;nd;nd;nd;nd
31;VVPP;ADJD;wegspülen;23;NZZ_1994_03_05_a220_seg4_s148;22;Full|Psp;Doch zwanzig Kilometer weiter ist die Fahrt ohnehin zu Ende : Ein Erdrutsch hat die Strasse auf über 100 Meter Länge vollständig weggespült .;prozess;Gradadverbial;done;;frei;+;nd;+;nd;nd;nd;+;nd;nd;nd;nd;nd;nd;nd;nd;nd;nd;nd;nd;nd;nd;nd
32;VVFIN;ADJD;brennen;14;NZZ_1994_01_11_a106_seg2_s4;15;Full|3|Pl|Past|Ind;Am Unfall waren nach Angaben der Bündner Kantonspolizei fünf Fahrzeuge beteiligt, drei brannten vollständig aus .;prozess;Gradadverbial;done;;frei;+;nd;+;nd;nd;nd;+;nd;nd;nd;nd;nd;nd;nd;nd;nd;nd;nd;nd;nd;nd;nd
33;VVINF;ADJD;kompensieren;27;NZZ_1994_04_22_a63_seg6_s3;25;Full|-2;Der im zweiten Semester erwirtschaftete Betriebsgewinn von rund 1 Mrd. fFr. reichte nach seinen Worten allerdings nicht aus, um den Verlust der Vorperiode vollständig zu kompensieren .;prozess;Gradadverbial;done;;frei;+;nd;+;nd;nd;nd;+;nd;nd;nd;nd;nd;nd;nd;nd;nd;nd;nd;nd;nd;nd;nd
34;VVPP;ADJD;finanzieren;27;NZZ_1999_05_06_a72_seg7_s4;21;Full|Psp;"Die Währungskrise konnte nach der Kursfreigabe der Krone rasch aufgefangen werden ; das Leistungsbilanzdefizit ist 1998 unter 2% geblieben und vollständig durch den Zufluss von Direktinvestitionen finanziert worden .";prozess;Gradadverbial;done;;frei;+;nd;+;nd;nd;nd;+;nd;nd;nd;nd;nd;nd;nd;nd;nd;nd;nd;nd;nd;nd;nd
35;VVPP;ADJD;zerstören;8;NZZ_1994_11_16_a30_seg9_s3;7;Full|Psp;Warschau wurde im Zweiten Weltkrieg fast vollständig zerstört, und deshalb ist die Stadt mit Ausnahme des wieder erbauten Altstadtteils ziemlich gesichtslos und wenig attraktiv .;prozess;Gradadverbial;done;;frei;+;nd;+;nd;nd;nd;+;nd;nd;nd;nd;nd;nd;nd;nd;nd;nd;nd;nd;nd;nd;nd
36;VVIZU;ADJD;abreißen;13;NZZ_1997_06_07_a112_seg2_s9;12;Full|zu;Bei der Reform gehe es nicht darum, das bestehende System vollständig abzureissen .;prozess;Gradadverbial;done;;frei;+;nd;+;nd;nd;nd;+;nd;nd;nd;nd;nd;nd;nd;nd;nd;nd;nd;nd;nd;nd;nd
37;VVPP;ADJD;verdrängen;30;NZZ_1995_04_25_a9_seg9_s2;29;Full|Psp;Diese ausserordentlich preiswerte Mischung hat Dynamit, TNT und andere, teure Spezialsprengstoffe seit den fünfziger Jahren in Bergwerken und Steinbrüchen wie auch beim Tunnel- und Strassenbau fast vollständig verdrängt .;prozess;Gradadverbial;done;;frei;+;nd;+;nd;nd;nd;+;nd;nd;nd;nd;nd;nd;nd;nd;nd;nd;nd;nd;nd;nd;nd
38;VVPP;ADJD;publizieren;55;NZZ_1997_01_07_a157_seg2_s11;54;Full|Psp;"Im heutigen Zeitalter der elektronischen Datenbanken und des On-line-Zugriffs greift die bisherige dürftige Ausrede nicht mehr, man wolle die BGE-Sammlung nicht übermässig aufblähen ; eine Ausrede, die aber auch früher, im Zeitalter der bloss gedruckten Sammlungen, nicht akzeptiert werden konnte, wenn man sieht, wie im Ausland vielenorts vollständig publiziert wird ( z. B. in den USA - und dort erst noch mit allen « dissenting opinions » - etwas, was hier schamhaft verschwiegen wird .";prozess;Gradadverbial;done;;frei;+;nd;+;nd;nd;nd;+;nd;nd;nd;nd;nd;nd;nd;nd;nd;nd;nd;nd;nd;nd;nd
39;VVPP;ADJD;zerstören;11;NZZ_1994_01_17_a80_seg24_s3;10;Full|Psp;Die Abteilung für Galvanoplastik wurde nach Angaben der Geschäftsleitung vollständig zerstört .;prozess;Gradadverbial;done;;frei;+;nd;+;nd;nd;nd;+;nd;nd;nd;nd;nd;nd;nd;nd;nd;nd;nd;nd;nd;nd;nd
40;VVPP;ADJD;öffnen;7;NZZ_1999_03_09_a51_seg7_s6;6;Full|Psp;Deutschland hat den Markt zwar vollständig geöffnet, doch sehr durchlässig sind die Netze noch nicht, denn zu unverbindlich sind die Durchleitungsregeln .;prozess;Gradadverbial;done;;frei;+;nd;+;nd;nd;nd;+;nd;nd;nd;nd;nd;nd;nd;nd;nd;nd;nd;nd;nd;nd;nd
41;VVFIN;ADJD;gehen;21;NZZ_1999_02_06_a252_seg7_s3;37;Full|3|Sg|Past|Ind;Während diese Ereignisse und weitere, ebenfalls evaluierte Standorte nicht zuletzt aus Berichten der Mitarbeiter selbst hinlänglich bekannt sind, ging der Versuch, die Bibliothek Warburg von Hamburg in die Schweiz zu verlegen, beinahe vollständig vergessen .;prozess;Gradadverbial;done;;frei;+;nd;+;nd;nd;nd;+;nd;nd;nd;nd;nd;nd;nd;nd;nd;nd;nd;nd;nd;nd;nd
42;VVPP;ADJD;abriegeln;23;NZZ_1995_02_08_a61_seg2_s7;22;Full|Psp;Januar sind die palästinensischen Gebiete wegen des Anschlags bei der nordisraelischen Stadt Netanya, bei dem 21 Israeli getötet wurden, vollständig abgeriegelt .;nd;nd;not of interest;ModPräd;;nd;nd;nd;nd;nd;nd;nd;nd;nd;nd;nd;nd;nd;nd;nd;nd;nd;nd;nd;nd;nd;nd
43;VVFIN;ADJD;sammeln;45;NZZ_1994_11_05_a197_seg3_s58;42;Full|3|Sg|Pres|Ind;In den Kellern regieren die Remueurs, die Rüttler, in der Champagne ein Lehrberuf und im übrigen eine Kunst, die Flaschen in den Rüttelpulten unter allmählicher Neigung in die Senkrechte zuverlässig so zu mutieren, dass sich die Hefe vollständig am Korken sammelt .;prozess;Gradadverbial;done;;frei;+;nd;+;nd;nd;nd;+;nd;nd;nd;nd;nd;nd;nd;nd;nd;nd;nd;nd;nd;nd;nd
44;VVPP;ADJD;belassen;31;NZZ_1997_10_22_a164_seg2_s8;29;Full|Psp;Hodler und Russi hatten vor einer Umweltschutz-Kommission versichert, dass im obersten Teil der Strecke im Naturschutzgebiet « keine Fangnetze und keine Chemikalien verwendet werden und die Natur vollständig unberührt belassen wird » .;prozess;Gradadverbial;done;;frei;+;nd;+;nd;nd;nd;+;nd;nd;nd;nd;nd;nd;nd;nd;nd;nd;nd;nd;nd;nd;nd
45;VVFIN;ADJD;besitzen;3;NZZ_1999_02_06_a116_seg3_s7;8;Full|3|Sg|Pres|Subj;Die Alusuisse besitze fast alle ihre Töchter vollständig .;prozess;Gradadverbial;done;;frei;+;nd;+;nd;nd;nd;+;nd;nd;nd;nd;nd;nd;nd;nd;nd;nd;nd;nd;nd;nd;nd
46;VVPP;ADJD;nehmen;36;NZZ_1995_06_10_a114_seg6_s2;26;Full|Psp;Dieser letztere Trend ist keineswegs ein neueres Phänomen : seit der zweiten Hälfte des 19. Jahrhunderts, d. h., seit die bewohnbare Erdoberfläche beinahe vollständig von Staaten im heutigen, westlichen Sinn in Anspruch genommen wird, hat deren Zahl ständig zugenommen ( vgl. Abbildung ) .;prozess;Gradadverbial;done;;frei;+;nd;+;nd;nd;nd;+;nd;nd;nd;nd;nd;nd;nd;nd;nd;nd;nd;nd;nd;nd;nd
47;VVPP;ADJD;bewältigen;36;NZZ_1996_07_20_a82_seg4_s2;35;Full|Psp;Für die Rechnungsjahre 1988 bis 1992 mussten aber in Teilbereichen des Marktes kumulierte Verluste von 8 Mrd. £ in Kauf genommen werden, die von den Auffangorganisationen von Lloyd ' s bisher noch nicht vollständig bewältigt werden konnten .;prozess;Gradadverbial;done;;frei;+;nd;+;nd;nd;nd;+;nd;nd;nd;nd;nd;nd;nd;nd;nd;nd;nd;nd;nd;nd;nd
48;VVPP;ADJD;verdrängen;12;NZZ_1996_05_22_a192_seg13_s19;11;Full|Psp;"Sie hat die alte « Smoked ribbed sheet » fast vollständig verdrängt, bei welcher der Latex durch Räuchern koaguliert und konzentriert wurde ; anschliessend presste man ihn durch eine geriffelte Mangel .";prozess;Gradadverbial;done;;frei;+;nd;+;nd;nd;nd;+;nd;nd;nd;nd;nd;nd;nd;nd;nd;nd;nd;nd;nd;nd;nd
49;VVFIN;ADJD;umschreiben;26;NZZ_1996_01_30_a194_seg14_s7;25;Full|-2;Das Problem liegt in erster Linie daran, dass sich mehrdimensionale Anlageziele ( Rendite, Risiko, Anlagehorizonte usw. ) schlecht mit einem Begriff vollständig umschreiben lassen .;prozess;Gradadverbial;done;;frei;+;nd;+;nd;nd;nd;+;nd;nd;nd;nd;nd;nd;nd;nd;nd;nd;nd;nd;nd;nd;nd
50;VVPP;ADJD;untersagen;20;NZZ_1998_03_04_a202_seg3_s5;19;Full|Psp;Seit den siebziger Jahren wurde der Gebrauch von PCB eingeschränkt, seit 1986 ist er in der Schweiz vollständig untersagt .;prozess;Gradadverbial;done;;frei;+;nd;+;nd;nd;nd;+;nd;nd;nd;nd;nd;nd;nd;nd;nd;nd;nd;nd;nd;nd;nd
51;VVPP;ADJD;verkaufen;7;NZZ_1999_05_05_a157_seg2_s7;6;Full|Psp;Sollte der KLM-Anteil an Galileo vollständig verkauft werden, steige die Liquidität um deutlich mehr als 1 Mrd. hfl. Beobachter begrüssten den komplizierten Rückkaufplan, bei dem KLM die Zahl der ausstehenden Aktien - am letzten Jahresende waren es 49 Mio. Titel - durch eine Zusammenlegung der Anteile im Verhältnis 4 : 3 und eine einkommenssteuerfreie Barausschüttung um bis zu 25% reduzieren will .;prozess;Gradadverbial;done;;frei;+;nd;+;nd;nd;nd;+;nd;nd;nd;nd;nd;nd;nd;nd;nd;nd;nd;nd;nd;nd;nd
52;VVPP;ADJD;privatisieren;29;NZZ_1999_06_21_a71_seg4_s6;28;Full|Psp;Dyremose, der bis 1993 konservativer Finanzminister seines Landes war, verweist nicht ohne Stolz auch darauf, dass Tele Danmark als erste ehemalige Telekom-Monopolistin in Europa vollständig privatisiert worden ist .;prozess;Gradadverbial;done;;frei;+;nd;+;nd;nd;nd;+;nd;nd;nd;nd;nd;nd;nd;nd;nd;nd;nd;nd;nd;nd;nd
53;VVPP;ADJD;anweisen;20;NZZ_1994_11_26_a150_seg3_s3;14;Full|Psp;Er wird sein Leben lang, rund um die Uhr und jeden Tag vollständig auf die Hilfe von Drittpersonen angewiesen sein .;prozess;Gradadverbial;done;syntaktisch ambig;frei;+;nd;+;nd;nd;nd;+;nd;nd;nd;nd;nd;nd;nd;nd;nd;nd;nd;nd;nd;nd;nd
54;VVPP;ADJD;erhalten;17;NZZ_1996_12_05_a178_seg3_s2;16;Full|-2;Das malerische Städtchen auf halbem Weg zwischen Salzburg und Wien hat seine mittelalterliche Bausubstanz fast vollständig erhalten und besitzt einen der schönsten Stadtplätze Europas, der gerade in der Adventszeit viel Atmosphäre ausstrahlt .;prozess;Gradadverbial;done;;frei;+;nd;+;nd;nd;nd;+;nd;nd;nd;nd;nd;nd;nd;nd;nd;nd;nd;nd;nd;nd;nd
55;VVINF;ADJD;durchfahren;24;NZZ_1995_06_27_a147_seg7_s2;23;Full|-2;Dank idealer Windbedingungen konnten in der ersten Hälfte der zweigeteilten Kieler Woche die 14 internationalen Klassen ihr Programm mit wenigen Ausnahmen fast vollständig durchführen .;prozess;Gradadverbial;done;;frei;+;nd;+;nd;nd;nd;+;nd;nd;nd;nd;nd;nd;nd;nd;nd;nd;nd;nd;nd;nd;nd
56;VVPP;ADJD;kooperieren;27;NZZ_1999_12_20_a27_seg8_s2;21;Full|Psp;Dazu muss jedoch das Regime in Bagdad zuerst während 120 Tagen nach der Errichtung des Systems für die fortlaufende Rüstungskontrolle vollständig mit Unmovic und der IAEA kooperiert haben .;prozess;Gradadverbial;done;;frei;+;nd;+;nd;nd;nd;+;nd;nd;nd;nd;nd;nd;nd;nd;nd;nd;nd;nd;nd;nd;nd
57;VVFIN;ADJD;brennen;31;NZZ_1994_01_04_a86_seg3_s9;33;Full|3|Sg|Past|Ind;Die nicht mehr steuerbare Maschine verlor rasch an Höhe und schlug nach insgesamt 12 Minuten Flugzeit unweit des Dorfes Momona auf dem Boden auf, ging in Flammen auf und brannte danach vollständig aus .;prozess;Gradadverbial;done;;frei;+;nd;+;nd;nd;nd;+;nd;nd;nd;nd;nd;nd;nd;nd;nd;nd;nd;nd;nd;nd;nd
58;VVPP;ADJD;zurückbezahlen;6;NZZ_1998_02_20_a124_seg3_s15;5;Full|Psp;stellte, sind inzwischen vollständig zurückbezahlt worden .;prozess;Gradadverbial;done;unvollständiger Satz;frei;+;nd;+;nd;nd;nd;+;nd;nd;nd;nd;nd;nd;nd;nd;nd;nd;nd;nd;nd;nd;nd
59;VVPP;ADJD;verzichten;21;NZZ_1996_12_07_a76_seg8_s6;20;Full|Psp;"Der Totalbetrag verteilt sich auf insgesamt etwas weniger als 1400 Projekte ; wenn von diesen mittlerweile auf rund 200 vollständig verzichtet wird, deutet dies zumindest an, dass Vietnam keineswegs jenes Investitionsparadies ist, als das es zu Beginn der neunziger Jahre von voreiligen Beobachtern dargestellt worden ist .";prozess;Gradadverbial;done;;frei;+;nd;+;nd;nd;nd;+;nd;nd;nd;nd;nd;nd;nd;nd;nd;nd;nd;nd;nd;nd;nd
60;VVPP;ADJD;aufzeichnen;21;NZZ_1995_10_20_a210_seg6_s2;20;Full|Psp;Das Juni-Festwochen-Konzert des Tonhalle-Orchesters unter der Leitung von Volkmar Andreae vom 14. Juni 1949 wurde für die BBC London vollständig aufgezeichnet .;prozess;Gradadverbial;done;;frei;+;nd;+;nd;nd;nd;+;nd;nd;nd;nd;nd;nd;nd;nd;nd;nd;nd;nd;nd;nd;nd
61;VVPP;ADJD;fertigstellen;10;NZZ_1995_02_01_a153_seg5_s1;9;Full|Psp;Die Stossrichtung des Masterplans, der Ende 1995 vollständig fertiggestellt sein soll, steht bereits fest : Als kurzfristiges Ziel empfehlen die Zürcher Fachleute den Bau einer ersten modernen Strassenbahnlinie auf der am stärksten belasteten Verkehrsachse .;prozess;Gradadverbial;done;;frei;+;nd;+;nd;nd;nd;+;nd;nd;nd;nd;nd;nd;nd;nd;nd;nd;nd;nd;nd;nd;nd
62;VVPP;ADJD;zurücknehmen;26;NZZ_1999_03_04_a203_seg9_s11;22;Full|Psp;Mit der im Gespräch stehenden Pistenverlängerung wird der Startlärm dank der höheren Steigleistung der Triebwerke und dem wesentlich verkleinerten Lärmteppich praktisch vollständig in das Flughafenareal zurückgenommen werden können .;prozess;Gradadverbial;done;;frei;+;nd;+;nd;nd;nd;+;nd;nd;nd;nd;nd;nd;nd;nd;nd;nd;nd;nd;nd;nd;nd
63;VVPP;ADJD;stellen;15;NZZ_1999_07_06_a97_seg3_s11;9;Full|Psp;Bisher hatte sich die Konzernleitung von Allied Domecq vollständig hinter die Offerte der Whitbread gestellt .;prozess;Gradadverbial;done;;frei;+;nd;+;nd;nd;nd;+;nd;nd;nd;nd;nd;nd;nd;nd;nd;nd;nd;nd;nd;nd;nd
64;VVFIN;ADJD;befinden;4;NZZ_1995_05_13_a26_seg10_s5;10;Full|3|Pl|Pres|Ind;Presse und Äther befinden sich in Tatarstan noch fast vollständig in Regierungskontrolle .;prozess;Gradadverbial;done;;frei;+;nd;+;nd;nd;nd;+;nd;nd;nd;nd;nd;nd;nd;nd;nd;nd;nd;nd;nd;nd;nd
65;VVPP;ADJD;wiedergeben;47;NZZ_1994_04_29_a150_seg7_s5;46;Full|Psp;Und nicht einmal das würde etwas nützen : Der Informationsfluss ist in den vergangenen 50 Jahren so viel breiter und reissender geworden, dass ein Agenturtext von dieser Länge ( den es heute schon gar nicht mehr gibt ) von den Zeitungen ohnehin nicht mehr vollständig wiedergegeben würde .;prozess;Gradadverbial;done;;frei;+;nd;+;nd;nd;nd;+;nd;nd;nd;nd;nd;nd;nd;nd;nd;nd;nd;nd;nd;nd;nd
66;VVINF;ADJD;einwirken;26;NZZ_1994_11_02_a68_seg3_s19;22;Full|-2;Unter Annahme eines Grundszenarios, wonach die Anbieter von Gütern nach Einführung der Mehrwertsteuer sämtliche steuerbedingten Kostensteigerungen und -entlastungen sofort und vollständig auf die Preise einwirken lassen, könnte der Landesindex im kommenden Jahr um weitere 3 Prozent ansteigen .;prozess;Gradadverbial;done;;frei;+;nd;+;nd;nd;nd;+;nd;nd;nd;nd;nd;nd;nd;nd;nd;nd;nd;nd;nd;nd;nd
67;VVPP;ADJD;umschlagen;10;NZZ_1996_07_08_a62_seg12_s3;9;Full|Psp;Am Ende der Woche hatte die Stimmung aber vollständig umgeschlagen, und die Befürchtung war aufgetreten, dass das geldpolitische Zögern des Fed die Kapitalmärkte um so stärker beeinträchtigen werde, je länger es anhalte .;prozess;Gradadverbial;done;;frei;+;nd;+;nd;nd;nd;+;nd;nd;nd;nd;nd;nd;nd;nd;nd;nd;nd;nd;nd;nd;nd
68;VVPP;ADJD;finanzieren;48;NZZ_1999_01_26_a164_seg5_s2;45;Full|Psp;Die Pläne der Zürcher Stadträte Elmar Ledergerber und Monika Weber sind ehrgeizig : Wie die beiden am Montag an einer Pressekonferenz ausführten, soll das Stadion multifunktional nutzbar sein, höchsten architektonischen und städtebaulichen Ansprüchen genügen, mit einem schiebbaren Dach versehen sein und vollständig durch Zusatznutzungen finanziert werden .;prozess;Gradadverbial;done;;frei;+;nd;+;nd;nd;nd;+;nd;nd;nd;nd;nd;nd;nd;nd;nd;nd;nd;nd;nd;nd;nd
69;VVPP;ADJD;auflösen;31;NZZ_1999_08_24_a21_seg10_s9;30;Full|Psp;Die Nato-Truppen in Albanien, die auf dem Höhepunkt der Flüchtlingskrise 8300 Mann umfassten, setzen sich heute noch aus rund 4500 Mann zusammen und sollen bis Ende August vollständig aufgelöst werden .;prozess;Gradadverbial;done;;frei;+;nd;+;nd;nd;nd;+;nd;nd;nd;nd;nd;nd;nd;nd;nd;nd;nd;nd;nd;nd;nd
70;VVFIN;ADJD;lassen;4;NZZ_1997_06_06_a208_seg6_s3;10;Full|3|Sg|Pres|Ind;Dank digitaler Speicherung lässt sich das bewegte Bild nun vollständig in Teile zerlegen und neu zusammenstellen .;prozess;Gradadverbial;done;;frei;+;nd;+;nd;nd;nd;+;nd;nd;nd;nd;nd;nd;nd;nd;nd;nd;nd;nd;nd;nd;nd
71;VVPP;ADJD;privatisieren;5;NZZ_1996_11_20_a96_seg1_s1;4;Full|Psp;Portugals Banco Totta vollständig privatisiert;nd;nd;not of interest;title, prädikativ;;nd;nd;nd;nd;nd;nd;nd;nd;nd;nd;nd;nd;nd;nd;nd;nd;nd;nd;nd;nd;nd;nd
72;VVPP;ADJD;trennen;28;NZZ_1998_04_21_a212_seg7_s7;26;Full|Psp;Denn während sowohl bei Tissot als auch bei Seiko Schwungmasse und Generator untrennbar in ein bestimmtes Uhrwerk integriert sind, hat Mondaine die beiden Komponenten vollständig voneinander getrennt .;prozess;Gradadverbial;done;;frei;+;nd;+;nd;nd;nd;+;nd;nd;nd;nd;nd;nd;nd;nd;nd;nd;nd;nd;nd;nd;nd
73;VVINF;ADJD;greifen;44;NZZ_1999_11_23_a81_seg13_s5;18;Full|-2;Anderseits kann kein Zweifel daran bestehen, dass die Banken sich auch in Gansu noch längst nicht vollständig von ihrer Pflicht zur Vergabe « sozialer » Kredite haben befreien können und nach wie vor gehalten sind, maroden Firmen unter die Arme zu greifen .;prozess;Gradadverbial;done;;frei;+;nd;+;nd;nd;nd;+;nd;nd;nd;nd;nd;nd;nd;nd;nd;nd;nd;nd;nd;nd;nd
74;VVFIN;ADJD;brennen;4;NZZ_1994_03_21_a83_seg5_s13;12;Full|3|Sg|Past|Ind;Im August 1992 brannte sie nach einem Raketenbeschuss durch Serben fast vollständig nieder .;prozess;Gradadverbial;done;;frei;+;nd;+;nd;nd;nd;+;nd;nd;nd;nd;nd;nd;nd;nd;nd;nd;nd;nd;nd;nd;nd
75;VVPP;ADJD;teilen;9;NZZ_1997_02_25_a87_seg5_s2;8;Full|Psp;In Börsenkreisen wird dieser Optimismus allerdings nicht vollständig geteilt, wie der Börsenkurs zeigt, der zwar sprunghaft gestiegen ist, aber unter dem Angebotspreis liegt .;prozess;Gradadverbial;done;;frei;+;nd;+;nd;nd;nd;+;nd;nd;nd;nd;nd;nd;nd;nd;nd;nd;nd;nd;nd;nd;nd
76;VVPP;ADJD;weitergeben;32;NZZ_1995_02_17_a84_seg5_s8;31;Full|Psp;Zwar habe die Konjunkturforschungsstelle an der ETH ( KOF ) den preisdämpfenden Effekt des Wegfalls der « taxe occulte » auf die Inlandproduktion unter der Annahme, dass die Kostenreduktionen vollständig weitergegeben werden, auf insgesamt rund 8% veranschlagt .;prozess;Gradadverbial;done;;frei;+;nd;+;nd;nd;nd;+;nd;nd;nd;nd;nd;nd;nd;nd;nd;nd;nd;nd;nd;nd;nd
77;VVPP;ADJD;dahinschmelzen;11;NZZ_1998_09_03_a106_seg3_s15;10;Full|Psp;Vielfach seien sogar die bisher im Jahr aufgelaufenen Handelsgewinne vollständig dahingeschmolzen .;prozess;Gradadverbial;done;;frei;+;nd;+;nd;nd;nd;+;nd;nd;nd;nd;nd;nd;nd;nd;nd;nd;nd;nd;nd;nd;nd
78;VVFIN;ADJD;verschwinden;17;NZZ_1996_10_09_a172_seg3_s18;19;Full|3|Sg|Past|Ind;Die lediglich aus diesem Stürmer-Duo bestehende Offensive der Gäste wurde immer ideenloser auf dem Eis und verschwand schliesslich vollständig von der Bildfläche .;prozess;Gradadverbial;done;;frei;+;nd;+;nd;nd;nd;+;nd;nd;nd;nd;nd;nd;nd;nd;nd;nd;nd;nd;nd;nd;nd
79;VVFIN;ADJD;fallen;4;NZZ_1997_06_12_a48_seg24_s12;6;Full|3|Pl|Pres|Ind;Die externen Kosten fallen fast vollständig bei den Kantonen an .;prozess;Gradadverbial;done;;frei;+;nd;+;nd;nd;nd;+;nd;nd;nd;nd;nd;nd;nd;nd;nd;nd;nd;nd;nd;nd;nd
80;VVPP;ADJD;errichten;27;NZZ_1998_09_03_a157_seg3_s16;24;Full|Psp;Nicht wie sehr häufig aus Natur- und Kunststeinpartien setzt sich der monumentale Bau von Karl Moser zusammen - Kirche und Turm sind fast vollständig in Kunststein errichtet .;prozess;Gradadverbial;done;;frei;+;nd;+;nd;nd;nd;+;nd;nd;nd;nd;nd;nd;nd;nd;nd;nd;nd;nd;nd;nd;nd
81;VVPP;ADJD;entfernen;22;NZZ_1996_03_20_a190_seg2_s3;18;Full|Psp;Von derartigen Produkten ist zu fordern, dass sie zu keinen Störungen in Kläranlagen führen, möglichst vollständig aus dem Abwasser entfernt werden können und keine verschmutzten Klärschlämme zur Folge haben .;prozess;Gradadverbial;done;;frei;+;nd;+;nd;nd;nd;+;nd;nd;nd;nd;nd;nd;nd;nd;nd;nd;nd;nd;nd;nd;nd
82;VVINF;ADJD;übergehen;15;NZZ_1998_10_06_a49_seg4_s19;11;Full|-2;Es wird geprüft, ob die Kompetenz für den Nationalstrassenunterhalt vollständig an den Bund übergehen soll, der aber diese Aufgabe nicht selber ausführen würde .;prozess;Gradadverbial;done;;frei;+;nd;+;nd;nd;nd;+;nd;nd;nd;nd;nd;nd;nd;nd;nd;nd;nd;nd;nd;nd;nd
83;VVFIN;ADJD;fehlen;29;NZZ_1996_12_20_a65_seg5_s10;31;Full|3|Sg|Pres|Ind;Hingegen äussert sich der Bericht zurückhaltend kritisch zu der Tatsache, dass sich noch immer rund die Hälfte aller Schulabgänger ohne weitere Ausbildung - das Konzept der Lehre fehlt fast vollständig - in den Arbeitsmarkt eingliedern und deshalb den grössten Pool der Arbeitslosen darstellen .;prozess;Gradadverbial;done;;frei;+;nd;+;nd;nd;nd;+;nd;nd;nd;nd;nd;nd;nd;nd;nd;nd;nd;nd;nd;nd;nd
84;VVPP;ADJD;auflösen;12;NZZ_1994_12_07_a28_seg8_s14;11;Full|Psp;Institutionen aus der französischen Kolonialzeit waren von den Roten Khmer vollständig aufgelöst worden .;prozess;Gradadverbial;done;;frei;+;nd;+;nd;nd;nd;+;nd;nd;nd;nd;nd;nd;nd;nd;nd;nd;nd;nd;nd;nd;nd
85;VVINF;ADJD;beherrschen;23;NZZ_1994_04_25_a38_seg4_s4;21;Full|-2;Die neuen Hauptaktionäre, die ihre Kapitalanteile in den letzten Wochen über Börsenzukäufe sukzessive ausgeweitet hatten, scheinen die Lage vollständig zu beherrschen .;prozess;Gradadverbial;done;;frei;+;nd;+;nd;nd;nd;+;nd;nd;nd;nd;nd;nd;nd;nd;nd;nd;nd;nd;nd;nd;nd
86;VVPP;ADJD;abriegeln;28;NZZ_1995_01_10_a1_seg5_s2;27;Full|Psp;Die Nachrichtenagentur Interfax meldete am Vormittag unter Berufung auf die Pressestelle der Regierung in Moskau, der seit Tagen umkämpfte Präsidentenpalast sei von den russischen Truppen vollständig abgeriegelt worden .;prozess;Gradadverbial;done;;frei;+;nd;+;nd;nd;nd;+;nd;nd;nd;nd;nd;nd;nd;nd;nd;nd;nd;nd;nd;nd;nd
87;VVPP;ADJD;öffnen;10;NZZ_1994_10_07_a196_seg56_s13;9;Full|Psp;Durch Schiebeelemente aus Glas, die im Sommer vollständig geöffnet werden können, wird ein fliessender Übergang von innen nach aussen, von künstlich zu natürlich geschaffen .;prozess;Gradadverbial;done;;frei;+;nd;+;nd;nd;nd;+;nd;nd;nd;nd;nd;nd;nd;nd;nd;nd;nd;nd;nd;nd;nd
88;VVPP;ADJD;liberalisieren;16;NZZ_1995_06_09_a185_seg10_s13;15;Full|Psp;Mit der Revision des Fernmeldegesetzes werde das Infrastrukturmonopol der Post aufgehoben und der Telefondienst vollständig liberalisiert .;prozess;Gradadverbial;done;;frei;+;nd;+;nd;nd;nd;+;nd;nd;nd;nd;nd;nd;nd;nd;nd;nd;nd;nd;nd;nd;nd
89;VVFIN;ADJD;fehlen;22;NZZ_1994_05_25_a170_seg2_s20;21;Full|3|Sg|Past|Ind;Aus diesem Grunde schufen die Bostoner Wissenschafter zwei Stämme transgener Mäuse, bei denen das braune Fett bei der Geburt vollständig fehlte .;prozess;Gradadverbial;done;;frei;+;nd;+;nd;nd;nd;+;nd;nd;nd;nd;nd;nd;nd;nd;nd;nd;nd;nd;nd;nd;nd
90;VVPP;ADJD;eintreffen|eintriefen;25;NZZ_1993_12_07_a157_seg10_s9;24;Full|Psp;Spätestens am 12. Dezember, unmittelbar vor der Tagung des Ausschusses für Handelsverhandlungen ( TNC ) der Uruguay-Runde, müssen die Brüsseler Angebote vollständig eingetroffen sein .;prozess;Gradadverbial;done;;frei;+;nd;+;nd;nd;nd;+;nd;nd;nd;nd;nd;nd;nd;nd;nd;nd;nd;nd;nd;nd;nd
91;VVINF;ADJD;aufbauen;10;NZZ_1998_05_09_a126_seg8_s2;7;Full|-2;Tatsächlich werde die Möglichkeit, kostengünstig vollständig neue Handelsarchitekturen aufbauen zu können, zu einer Intensivierung des Wettbewerbs führen .;nd;nd;not of interest;ModADJ;;nd;nd;nd;nd;nd;nd;nd;nd;nd;nd;nd;nd;nd;nd;nd;nd;nd;nd;nd;nd;nd;nd
92;VVINF;ADJD;überbauen;17;NZZ_1995_05_05_a212_seg10_s6;15;Full|-2;Dazu ist nicht etwa vorgesehen, das eingangs erwähnte Land zwischen See und Stadt vollständig zu überbauen .;prozess;Gradadverbial;done;;frei;+;nd;+;nd;nd;nd;+;nd;nd;nd;nd;nd;nd;nd;nd;nd;nd;nd;nd;nd;nd;nd
93;VVPP;ADJD;überrumpeln;17;NZZ_1994_02_11_a27_seg9_s2;16;Full|Psp;Das staatliche Fernsehen verschlief die neuen technischen Möglichkeiten und wurde vom Erfolg von Star TV vollständig überrumpelt .;prozess;Gradadverbial;done;;frei;+;nd;+;nd;nd;nd;+;nd;nd;nd;nd;nd;nd;nd;nd;nd;nd;nd;nd;nd;nd;nd
94;VVFIN;ADJD;fehlen;18;NZZ_1996_10_22_a72_seg3_s16;19;Full|3|Pl|Pres|Ind;Nur wenige europäische Häuser sind im globalen Geschäft mit einer nennenswerten Präsenz vertreten, und japanische Banken fehlen vollständig .;prozess;Gradadverbial;done;;frei;+;nd;+;nd;nd;nd;+;nd;nd;nd;nd;nd;nd;nd;nd;nd;nd;nd;nd;nd;nd;nd
95;VVINF;ADJD;verlieren;24;NZZ_1995_03_07_a203_seg2_s3;22;Full|-2;Schon im Grundstudium laufen die allermeisten Studierenden Gefahr, in den unzähligen Verästelungen der sich immer stärker ausdifferenzierenden Rechtsgebiete die Orientierung vollständig zu verlieren .;prozess;Gradadverbial;done;;frei;+;nd;+;nd;nd;nd;+;nd;nd;nd;nd;nd;nd;nd;nd;nd;nd;nd;nd;nd;nd;nd
96;VVFIN;ADJD;berichten;29;NZZ_1996_08_17_a26_seg12_s9;25;Full|3|Sg|Past|Ind;In einem späteren Gespräch mit dem damaligen Herausgeber der « New York Times » soll Präsident Kennedy bedauert haben, dass die Zeitung nicht vollständig über die Vorbereitungen berichtete, womit sie Amerika immerhin eine Erniedrigung hätte ersparen können .;prozess;Gradadverbial;done;;frei;+;nd;+;nd;nd;nd;+;nd;nd;nd;nd;nd;nd;nd;nd;nd;nd;nd;nd;nd;nd;nd
97;VVPP;ADJD;überwinden;47;NZZ_1996_10_23_a23_seg4_s1;46;Full|Psp;mo. Peking, 22. Oktober Der deutsche Aussenminister, Klaus Kinkel, hat am Dienstag in Peking erklärt, die im vergangenen Sommer durch die Tibet-Resolution des Bundestages entstandenen « Missverständnisse » seien jetzt restlos geklärt und die damals ausgelöste Verstimmung in der deutsch-chinesischen Beziehung vollständig überwunden .;prozess;Gradadverbial;done;;frei;+;nd;+;nd;nd;nd;+;nd;nd;nd;nd;nd;nd;nd;nd;nd;nd;nd;nd;nd;nd;nd
98;VVINF;ADJD;vermeiden;6;NZZ_1999_04_29_a186_seg2_s3;5;Full|-2;Um lärmige Nachtarbeiten fast vollständig vermeiden zu können, werden in dieser Zeit für die Abschnitte Zürich HB-Triemli und Triemli-Üetliberg separate Züge eingesetzt .;prozess;Gradadverbial;done;;frei;+;nd;+;nd;nd;nd;+;nd;nd;nd;nd;nd;nd;nd;nd;nd;nd;nd;nd;nd;nd;nd
99;VVPP;ADJD;delegieren;10;NZZ_1999_04_30_a43_seg6_s5;6;Full|Psp;Die jährliche Lohnanpassung wird neu vollständig in die Betriebe delegiert .;prozess;Gradadverbial;done;;frei;+;nd;+;nd;nd;nd;+;nd;nd;nd;nd;nd;nd;nd;nd;nd;nd;nd;nd;nd;nd;nd
100;VVPP;ADJD;anwenden;15;NZZ_1998_01_16_a124_seg3_s1;14;Full|Psp;Anfang 1999 sollen die vor fünfzehn Jahren verabschiedeten französischen Dezentralisierungsgesetze auch im Kulturbereich vollständig angewandt werden .;prozess;Gradadverbial;done;;frei;+;nd;+;nd;nd;nd;+;nd;nd;nd;nd;nd;nd;nd;nd;nd;nd;nd;nd;nd;nd;nd
101;VVINF;ADJD;vernichten;23;NZZ_1995_07_26_a13_seg6_s2;22;Full|-2;Er habe einen « hervorragend geplanten Anfall » auf Srebrenica ausgeführt und die niederländischen Blauhelme, die er ebensogut hätte « vollständig vernichten können », korrekt behandelt .;prozess;Gradadverbial;done;quotation;frei;+;nd;+;nd;nd;nd;+;nd;nd;nd;nd;nd;nd;nd;nd;nd;nd;nd;nd;nd;nd;nd
102;VVPP;ADJD;subventionieren;35;NZZ_1993_08_11_a147_seg7_s8;34;Full|Psp;Die restlichen Lohnkosten, die finanziellen Aufwendungen für das Personal, das für die Durchführung des Projekts zuständig ist, die Kosten für die Infrastruktur werden durch den kantonalen Arbeitslosenfonds und die Arbeitslosenversicherung vollständig subventioniert .;prozess;Gradadverbial;done;;frei;+;nd;+;nd;nd;nd;+;nd;nd;nd;nd;nd;nd;nd;nd;nd;nd;nd;nd;nd;nd;nd
103;VVFIN;ADJD;bringen;54;NZZ_1996_06_25_a71_seg6_s6;72;Full|3|Pl|Past|Ind;Dass aber auch die 17 neureichen chinesischen Multimillionäre, die bereits einen Ferrari gekauft haben, ihr teures Spielzeug kaum je gebührend ausfahren können, zeigte sich vor den Messetoren : Der Zustrom des Publikums und Tausende von in Ermangelung von Parkplätzen wild irgendwo auf den Fahrspuren stehengelassenen Autos, Taxis und Minibussen brachten am Samstag und Sonntag im ganzen Quartier und selbst auf der benachbarten Stadtautobahn während Stunden den Verkehr vollständig zum Erliegen .;prozess;Gradadverbial;done;;frei;+;nd;+;nd;nd;nd;+;nd;nd;nd;nd;nd;nd;nd;nd;nd;nd;nd;nd;nd;nd;nd
104;VVINF;ADJD;gewähren;22;NZZ_1995_10_27_a147_seg8_s11;20;Full|-2;Allerdings wird es auf Grund der Sparmassnahmen im Gegensatz zum Vorjahr nicht mehr möglich sein, Teuerungsausgleich und Stufenanstiege vollständig zu gewähren .;prozess;Gradadverbial;done;;frei;+;nd;+;nd;nd;nd;+;nd;nd;nd;nd;nd;nd;nd;nd;nd;nd;nd;nd;nd;nd;nd
105;VVPP;ADJD;erschöpfen;11;NZZ_1994_04_22_a48_seg3_s4;10;Full|Psp;Da spätestens Ende Juni die Kreditzusagen und das Aktienkapital vollständig erschöpft sein werden, ist die Gesellschaft gezwungen, erneut an ihre Aktionäre und Banken heranzutreten .;nd;nd;not of interest;ModPräd;;nd;nd;nd;nd;nd;nd;nd;nd;nd;nd;nd;nd;nd;nd;nd;nd;nd;nd;nd;nd;nd;nd
106;VVPP;ADJD;erneuern;7;NZZ_1993_04_15_a177_seg2_s6;6;Full|Psp;Die südliche Verbreiterung soll nun vollständig erneuert werden .;prozess;Gradadverbial;done;;frei;+;nd;+;nd;nd;nd;+;nd;nd;nd;nd;nd;nd;nd;nd;nd;nd;nd;nd;nd;nd;nd
107;VVFIN;ADJD;decken;13;NZZ_1995_01_26_a221_seg5_s61;16;Full|3|Pl|Pres|Ind;Die Eignungskriterien für das Lernen im Lehrbetrieb sowie das Lernen im Berufsschulunterricht decken sich nicht vollständig .;prozess;Gradadverbial;done;;frei;+;nd;+;nd;nd;nd;+;nd;nd;nd;nd;nd;nd;nd;nd;nd;nd;nd;nd;nd;nd;nd
108;VVINF;ADJD;unterbrechen;12;NZZ_1994_10_15_a27_seg6_s10;10;Full|-2;Die Blockierung dieser Zugänge droht die Versorgung der Hauptstadt vollständig zu unterbrechen, nachdem die Strassen nach Gardez im Süden und nach Jalalabad im Osten in den Händen von Rabbanis Gegnern sind .;prozess;Gradadverbial;done;;frei;+;nd;+;nd;nd;nd;+;nd;nd;nd;nd;nd;nd;nd;nd;nd;nd;nd;nd;nd;nd;nd
109;VVPP;ADJD;produzieren;8;NZZ_1995_08_11_a166_seg2_s8;4;Full|Psp;Die PC-9 werden vollständig in den USA produziert .;prozess;Gradadverbial;done;;frei;+;nd;+;nd;nd;nd;+;nd;nd;nd;nd;nd;nd;nd;nd;nd;nd;nd;nd;nd;nd;nd
110;VVIZU;ADJD;ausklammern;28;NZZ_1993_12_15_a172_seg8_s5;19;Full|zu;In bezug auf die Audiovision einigten sich die USA und die EG schliesslich darauf, dass dieser Sektor vollständig aus dem Wirkungskreis des multilateralen Regelwerks im Dienstleistungsbereich auszuklammern sei und die verschiedenen Texte demgemäss anzupassen seien .;nd;nd;not of interest;ModPräd;;nd;nd;nd;nd;nd;nd;nd;nd;nd;nd;nd;nd;nd;nd;nd;nd;nd;nd;nd;nd;nd;nd
111;VVPP;ADJD;ausbauen;37;NZZ_1998_04_30_a273_seg7_s14;36;Full|Psp;Karlsverein und Hilfsaktion sprechen den Mann auf der Strasse an und verzeichnen dabei seit Jahren Achtungserfolge : Mehr und mehr Bürger zeichnen Patenschaften für die Chorfenster, die eine Fläche von 1000 Quadratmetern bedecken und vollständig ausgebaut werden müssen .;prozess;Gradadverbial;done;;frei;+;nd;+;nd;nd;nd;+;nd;nd;nd;nd;nd;nd;nd;nd;nd;nd;nd;nd;nd;nd;nd
112;VVFIN;ADJD;abwickeln;25;NZZ_1996_02_14_a90_seg7_s7;21;Full|-2;Doch gibt es in den Vereinigten Staaten bereits Banken und Billig-Makler, welche die Transaktionen im Wertschriftenhandel zu ihrer Kundschaft vollständig auf elektronischem Weg abwickeln .;prozess;Gradadverbial;done;;frei;+;nd;+;nd;nd;nd;+;nd;nd;nd;nd;nd;nd;nd;nd;nd;nd;nd;nd;nd;nd;nd
113;VVPP;ADJD;ignorieren;19;NZZ_1996_04_13_a69_seg7_s2;18;Full|Psp;Es erstaunt mich, dass in der sonst interessanten « Rundschau » von TV DRS folgender Aspekt vollständig ignoriert wurde : Wenn eine Bank eine bestimmte Grössenordnung übersteigt, so wie es bei der SBG bestimmt der Fall ist, dann hat sie nicht nur privatwirtschaftliche, sondern auch volkswirtschaftliche Aufgaben zu erfüllen .;prozess;Gradadverbial;done;;frei;+;nd;+;nd;nd;nd;+;nd;nd;nd;nd;nd;nd;nd;nd;nd;nd;nd;nd;nd;nd;nd
114;VVPP;ADJD;beibringen;12;NZZ_1993_12_27_a148_seg2_s3;11;Full|Psp;Die mutmasslichen Täter konnten jedoch verhaftet und das Geld fast vollständig beigebracht werden .;prozess;Gradadverbial;done;;frei;+;nd;+;nd;nd;nd;+;nd;nd;nd;nd;nd;nd;nd;nd;nd;nd;nd;nd;nd;nd;nd
115;VVINF;ADJD;übernehmen;30;NZZ_1995_11_22_a177_seg12_s7;28;Full|-2;Dies bedeutet, dem Patienten die Alltagsverrichtungen wieder beizubringen, ihm zum Beispiel bei der Körperpflege nur Anleitungen und Hilfestellungen zu geben, die Pflege aber nicht vollständig zu übernehmen, sondern nur dort einzugreifen, wo es der Patient ( noch ) nicht selbst kann .;prozess;Gradadverbial;done;;frei;+;nd;+;nd;nd;nd;+;nd;nd;nd;nd;nd;nd;nd;nd;nd;nd;nd;nd;nd;nd;nd
116;VVPP;ADJD;konsolidieren;10;NZZ_1996_02_06_a83_seg4_s3;9;Full|Psp;Im Konzernabschluss des Berichtsjahres ist erstmals der MHB/Massa-Bereich vollständig konsolidiert, so dass der Vergleich mit den Vorjahreszahlen entsprechend vorsichtig zu interpretieren ist .;nd;nd;not of interest;ModPräd;;nd;nd;nd;nd;nd;nd;nd;nd;nd;nd;nd;nd;nd;nd;nd;nd;nd;nd;nd;nd;nd;nd
117;VVPP;ADJD;verhindern;11;NZZ_1997_09_24_a189_seg2_s18;10;Full|Psp;Somit könnte das Absterben von Leberzellen teilweise oder sogar vollständig verhindert und eine bessere Überlebenschance für das eingepflanzte Organ erreicht werden .;prozess;Gradadverbial;done;;frei;+;nd;+;nd;nd;nd;+;nd;nd;nd;nd;nd;nd;nd;nd;nd;nd;nd;nd;nd;nd;nd
118;VVPP;ADJD;erhalten;18;NZZ_1997_04_09_a121_seg10_s10;17;Full|Psp;Zwar wurde das Straflager auf der Insel schon 1939 aufgelöst, doch hat sich seine Gestalt vollständig erhalten .;prozess;Gradadverbial;done;;frei;+;nd;+;nd;nd;nd;+;nd;nd;nd;nd;nd;nd;nd;nd;nd;nd;nd;nd;nd;nd;nd
119;VVINF;ADJD;vereinen;36;NZZ_1996_09_06_a120_seg3_s3;33;Full|-2;Zum einen kehrte mit der Wiederaufnahme von Donizettis « Linda di Chamounix » eine vielbeachtete Ausgrabung der letzten Jahre ins Repertoire zurück, wobei es gelungen ist, die ursprüngliche Besetzung fast vollständig wieder zu vereinen .;prozess;Gradadverbial;done;;frei;+;nd;+;nd;nd;nd;+;nd;nd;nd;nd;nd;nd;nd;nd;nd;nd;nd;nd;nd;nd;nd
120;VVPP;ADJD;kontrollieren;22;NZZ_1996_08_10_a17_seg1_s3;17;Full|Psp;In einer Faxmeldung der « Tschetschenischen Republik Itschkeria » aus Istanbul heisst es, Grosny werde vollständig von den eigenen Streitkräften kontrolliert .;prozess;Gradadverbial;done;;frei;+;nd;+;nd;nd;nd;+;nd;nd;nd;nd;nd;nd;nd;nd;nd;nd;nd;nd;nd;nd;nd
121;VVINF;ADJD;begleichen;12;NZZ_1998_01_07_a68_seg5_s4;10;Full|-2;Trotzdem sei es nicht gelungen, die ausstehenden Soldzahlungen vollständig zu begleichen .;prozess;Gradadverbial;done;;frei;+;nd;+;nd;nd;nd;+;nd;nd;nd;nd;nd;nd;nd;nd;nd;nd;nd;nd;nd;nd;nd
122;VVPP;ADJD;zusammenbrechen;45;NZZ_1996_03_26_a4_seg9_s2;44;Full|Psp;Die Regierung, so rief sie aus, habe ihre Lehren aus dem Debakel immer noch nicht gezogen und das Vertrauen in der Öffentlichkeit, das nach den Erklärungen der Minister von letzter Woche an einem dünnen Faden gehangen habe, sei nunmehr vollständig zusammengebrochen .;prozess;Gradadverbial;done;;frei;+;nd;+;nd;nd;nd;+;nd;nd;nd;nd;nd;nd;nd;nd;nd;nd;nd;nd;nd;nd;nd
123;VVPP;ADJD;auswerten;15;NZZ_1998_02_25_a146_seg8_s2;10;Full|Psp;Peinlich wirkt die Behauptung, er habe « erstmals vollständig » die Stuttgarter Prozessakten ausgewertet .;prozess;Gradadverbial;done;quotation;frei;+;nd;+;nd;nd;nd;+;nd;nd;nd;nd;nd;nd;nd;nd;nd;nd;nd;nd;nd;nd;nd
124;VVPP;ADJD;öffnen;13;NZZ_1996_12_05_a39_seg10_s1;10;Full|Psp;Im Postwesen werden die europäischen Märkte auch 1998 nicht vollständig dem Wettbewerb geöffnet sein und viele grosse Unternehmen noch in staatlicher Obhut verbleiben .;prozess;Gradadverbial;done;;frei;+;nd;+;nd;nd;nd;+;nd;nd;nd;nd;nd;nd;nd;nd;nd;nd;nd;nd;nd;nd;nd
125;VVPP;ADJD;umklammern;19;NZZ_1998_11_11_a56_seg4_s7;15;Full|Psp;Vagts unterliess natürlich auch nicht den Hinweis, dass die Schweiz militärisch und wirtschaftlich vollständig von den Achsenmächten umklammert wurde und Hitler eine Invasion effektiv in Erwägung gezogen hatte .;prozess;Gradadverbial;done;;frei;+;nd;+;nd;nd;nd;+;nd;nd;nd;nd;nd;nd;nd;nd;nd;nd;nd;nd;nd;nd;nd
126;VVPP;ADJD;abtragen;32;NZZ_1997_08_07_a161_seg7_s2;31;Full|Psp;Es sind die vor Jahrhunderten noch viel höher gewesenen Gobabis Hills, die vom einst sich hier befindenden See und seinen Wellen sowie durch Erosion im Laufe der Zeit fast vollständig abgetragen wurden .;prozess;Gradadverbial;done;;frei;+;nd;+;nd;nd;nd;+;nd;nd;nd;nd;nd;nd;nd;nd;nd;nd;nd;nd;nd;nd;nd
127;VVPP;ADJD;auswaschen;18;NZZ_1996_12_11_a178_seg9_s10;17;Full|Psp;Es zeigte sich, dass Uranin trotz seiner Molmasse von 370 innert 4 bis 7 Tagen vollständig ausgewaschen wird, d. h. signifikant schneller als Helium-3 .;prozess;Gradadverbial;done;;frei;+;nd;+;nd;nd;nd;+;nd;nd;nd;nd;nd;nd;nd;nd;nd;nd;nd;nd;nd;nd;nd
128;VMFIN;ADJD;können;2;NZZ_1997_08_08_a64_seg11_s8;5;Mod|3|Sg|Past|Subj;Letztlich könnte aber auch vollständig auf das Antidumping-Instrumentarium verzichtet werden, da die Wettbewerbsabteilung der EU-Kommission bereits heute über die nötigen Mittel verfügt, Monopolisierungsstrategien sowohl von europäischen als auch von ausländischen Produzenten zu bekämpfen .;prozess;Gradadverbial;done;;frei;+;nd;+;nd;nd;nd;+;nd;nd;nd;nd;nd;nd;nd;nd;nd;nd;nd;nd;nd;nd;nd
129;VVPP;ADJD;niederbrennen;12;NZZ_1994_02_19_a28_seg3_s7;11;Full|Psp;Laut Angaben der britischen Organisation Oxfam sind etwa 150 Dörfer vollständig niedergebrannt worden .;prozess;Gradadverbial;done;;frei;+;nd;+;nd;nd;nd;+;nd;nd;nd;nd;nd;nd;nd;nd;nd;nd;nd;nd;nd;nd;nd
130;VVFIN;ADJD;entfallen;21;NZZ_1995_02_25_a88_seg8_s5;25;Full|3|Sg|Pres|Ind;"Sie besagt, dass eine selbstgenutzte Wohnung, gleich wie jedes andere Konsumgut, ohne einkommenssteuerliche Folgen bleibt ; entsprechend entfällt selbst der Schuldzinsabzug vollständig .";prozess;Gradadverbial;done;;frei;+;nd;+;nd;nd;nd;+;nd;nd;nd;nd;nd;nd;nd;nd;nd;nd;nd;nd;nd;nd;nd
131;VVPP;ADJD;erreichen;6;NZZ_1998_10_02_a169_seg3_s12;5;Full|Psp;Bis diese Ziele allerdings vollständig erreicht seien, müsse in den Köpfen und Herzen vieler Menschen noch einiges bewegt werden .;prozess;Gradadverbial;done;;frei;+;nd;+;nd;nd;nd;+;nd;nd;nd;nd;nd;nd;nd;nd;nd;nd;nd;nd;nd;nd;nd
132;VVFIN;ADJD;ersterben;18;NZZ_1998_10_15_a23_seg5_s2;17;Full|3|Sg|Pres|Ind;Die Verwaltung ist der grösste Arbeitgeber, gefolgt vom Tourismus, der allerdings im Winterhalbjahr praktisch vollständig erstirbt .;prozess;Gradadverbial;done;;frei;+;nd;+;nd;nd;nd;+;nd;nd;nd;nd;nd;nd;nd;nd;nd;nd;nd;nd;nd;nd;nd
133;VVINF;ADJD;abstoßen;17;NZZ_1998_06_10_a89_seg3_s9;16;Full|3|Pl|Pres|Ind;Laut zwei Regierungsbeschlüssen der letzten Monate wird der Staat seine verbliebenen Beteiligungen an allen Grossbanken vollständig abstossen, wobei im Fall der CS mindestens eine Sperrminorität von 34% an einen ( ausländischen ) strategischen Investor verkauft werden soll ( vgl. NZZ 6./7 .;prozess;Gradadverbial;done;;frei;+;nd;+;nd;nd;nd;+;nd;nd;nd;nd;nd;nd;nd;nd;nd;nd;nd;nd;nd;nd;nd
134;VVPP;ADJD;akkreditieren;20;NZZ_1994_07_29_a138_seg1_s20;19;Full|Psp;Das seit März 1992 in Betrieb stehende Labor ist eines von insgesamt 17 Labors, die vom IOK vollständig akkreditiert sind .;prozess;Gradadverbial;done;;frei;+;nd;+;nd;nd;nd;+;nd;nd;nd;nd;nd;nd;nd;nd;nd;nd;nd;nd;nd;nd;nd
135;VVPP;ADJD;aufheben;12;NZZ_1997_05_02_a48_seg10_s5;11;Full|Psp;Die Emissionsabgabe auf Beteiligungen sollte wohl in einem nächsten Schritt vollständig aufgehoben werden .;prozess;Gradadverbial;done;;frei;+;nd;+;nd;nd;nd;+;nd;nd;nd;nd;nd;nd;nd;nd;nd;nd;nd;nd;nd;nd;nd
136;VVINF;ADJD;ausräumen;6;NZZ_1999_08_27_a223_seg12_s2;5;Full|-2;Da sich Knappheitserscheinungen nie vollständig ausräumen lassen, wird es auch mittelfristig unumgänglich sein, zulasten der « Gatekeeper » eine Grundordnung mit minimalen Möglichkeiten eines Zugangs zu den Verteilnetzen zu schaffen .;prozess;Gradadverbial;done;;frei;+;nd;+;nd;nd;nd;+;nd;nd;nd;nd;nd;nd;nd;nd;nd;nd;nd;nd;nd;nd;nd
137;VVIZU;ADJD;aufklären;22;NZZ_1996_09_11_a9_seg3_s1;21;Full|zu;( dpa/afp ) Der belgische König Albert hat am Dienstag die Justiz aufgefordert, den Fall der Kinderschänderbande um Dutroux vollständig aufzuklären .;prozess;Gradadverbial;done;;frei;+;nd;+;nd;nd;nd;+;nd;nd;nd;nd;nd;nd;nd;nd;nd;nd;nd;nd;nd;nd;nd
138;VVPP;ADJD;privatisieren;15;NZZ_1994_04_02_a39_seg5_s4;14;Full|Psp;Nach dem Willen der Bankorgane und des Regierungsrates soll die SKB jedoch längerfristig vollständig privatisiert und der Staat weitgehend aus seinen Verpflichtungen gegenüber der Bank entlassen werden .;prozess;Gradadverbial;done;;frei;+;nd;+;nd;nd;nd;+;nd;nd;nd;nd;nd;nd;nd;nd;nd;nd;nd;nd;nd;nd;nd
139;VVFIN;ADJD;gehen;4;NZZ_1999_01_05_a76_seg17_s2;8;Full|3|Sg|Pres|Ind;Mit diesem Schritt geht das Institut fast vollständig in den Besitz des Staates über .;prozess;Gradadverbial;done;;frei;+;nd;+;nd;nd;nd;+;nd;nd;nd;nd;nd;nd;nd;nd;nd;nd;nd;nd;nd;nd;nd
140;VVPP;ADJD;entschlüsseln;4;NZZ_1995_08_09_a149_seg2_s1;3;Full|Psp;Erstes Lebewesen vollständig entschlüsselt;nd;nd;not of interest;title, prädikativ;;nd;nd;nd;nd;nd;nd;nd;nd;nd;nd;nd;nd;nd;nd;nd;nd;nd;nd;nd;nd;nd;nd
141;VVFIN;ADJD;übergehen;60;NZZ_1998_06_25_a95_seg3_s2;54;Full|-2;Für 700 Mio. £ wird GEC den vom deutschen Elektronikkonzern Siemens an dem Joint venture gehaltenen Minoritätsanteil von 40% übernehmen : In bar wird GEC 610 Mio. £ zahlen, und die Restzahlung wird aus dem Kapitalanteil von 50% an dem gemeinsamen Telekommunikationsunternehmen Siemens GEC Communication Systems ( SGCS ) bestehen, das vollständig in die Kontrolle von Siemens übergehen wird .;prozess;Gradadverbial;done;;frei;+;nd;+;nd;nd;nd;+;nd;nd;nd;nd;nd;nd;nd;nd;nd;nd;nd;nd;nd;nd;nd
142;VVPP;ADJD;ausschöpfen;19;NZZ_1995_05_11_a83_seg9_s8;18;Full|Psp;Laut Bernabè sind die Möglichkeiten zur Steigerung der Produktionseffizienz im letzten Jahr weitgehend, aber noch nicht vollständig ausgeschöpft worden .;prozess;Gradadverbial;done;;frei;+;nd;+;nd;nd;nd;+;nd;nd;nd;nd;nd;nd;nd;nd;nd;nd;nd;nd;nd;nd;nd
143;VVPP;ADJD;finanzieren;25;NZZ_1995_05_04_a101_seg9_s1;20;Full|Psp;Auf Gruppenebene konnten die Investitionen in das Anlagevermögen, die 1994 um 18% auf 311 Mio. Fr. zurückglitten, vollständig aus dem Cash flow finanziert werden .;prozess;Gradadverbial;done;;frei;+;nd;+;nd;nd;nd;+;nd;nd;nd;nd;nd;nd;nd;nd;nd;nd;nd;nd;nd;nd;nd
144;VVPP;ADJD;auspressen;11;NZZ_1999_03_23_a173_seg20_s3;10;Full|Psp;Die damaligen Behauptungen, die Zitrone am Flughafen sei vollständig ausgepresst, haben sich im nachhinein ebenfalls als falsch erwiesen .;nd;nd;not of interest;ModPräd;;nd;nd;nd;nd;nd;nd;nd;nd;nd;nd;nd;nd;nd;nd;nd;nd;nd;nd;nd;nd;nd;nd
145;VVPP;ADJD;zerstören;12;NZZ_1996_11_09_a176_seg2_s7;11;Full|Psp;Trotzdem wurden die Büro- und Lagerräumlichkeiten einer eingemieteten Elektronikfirma fast vollständig zerstört .;prozess;Gradadverbial;done;;frei;+;nd;+;nd;nd;nd;+;nd;nd;nd;nd;nd;nd;nd;nd;nd;nd;nd;nd;nd;nd;nd
146;VVPP;ADJD;zuschneiden;21;NZZ_1995_03_17_a26_seg4_s6;17;Full|Psp;Auch 30 Jahre nach ihrer Gründung ist die Shiv Sena immer noch eine Bewegung, die vollständig auf ihren Gründer zugeschnitten ist .;prozess;Gradadverbial;done;;frei;+;nd;+;nd;nd;nd;+;nd;nd;nd;nd;nd;nd;nd;nd;nd;nd;nd;nd;nd;nd;nd
147;VVIZU;ADJD;abbauen;20;NZZ_1996_07_27_a82_seg8_s2;19;Full|zu;Die neuseeländische Regierung hat 1984 im Rahmen ihres umfassenden Deregulierungsprogramms beschlossen, die Subventionen innert kürzester Zeit nahezu vollständig abzubauen .;prozess;Gradadverbial;done;;frei;+;nd;+;nd;nd;nd;+;nd;nd;nd;nd;nd;nd;nd;nd;nd;nd;nd;nd;nd;nd;nd
148;VVPP;ADJD;abschaffen;41;NZZ_1993_12_28_a38_seg2_s5;40;Full|Psp;Aber ausgerechnet in Zürich, wo die PKK über eine Zentrale verfügt, ist dies nicht möglich, da die rot-grüne Mehrheit - gegen den Widerstand der Bürgerlichen - den polizeilichen Informationsdienst, das « KK III », vollständig abgeschafft hat .;prozess;Gradadverbial;done;;frei;+;nd;+;nd;nd;nd;+;nd;nd;nd;nd;nd;nd;nd;nd;nd;nd;nd;nd;nd;nd;nd
149;VVINF;ADJD;überlassen;27;NZZ_1993_08_04_a47_seg6_s2;21;Full|-2;Der Bund hätte sich nach dem Willen der Initianten inskünftig ausschliesslich über indirekte Steuern zu finanzieren und die direkten Steuern vollständig den Kantonen und Gemeinden zu überlassen .;prozess;Gradadverbial;done;;frei;+;nd;+;nd;nd;nd;+;nd;nd;nd;nd;nd;nd;nd;nd;nd;nd;nd;nd;nd;nd;nd
150;VVPP;ADJD;katalogisieren;11;NZZ_1998_08_05_a148_seg4_s4;8;Full|Psp;In ungefähr einem Jahr soll die Sammlung vollständig im Computer katalogisiert und damit einem interessierten Publikum zugänglich sein .;prozess;Gradadverbial;done;;frei;+;nd;+;nd;nd;nd;+;nd;nd;nd;nd;nd;nd;nd;nd;nd;nd;nd;nd;nd;nd;nd
151;VVPP;ADJD;vertreiben;15;NZZ_1997_09_24_a20_seg7_s3;11;Full|Psp;"Zu Beginn des Krieges wurden die Kroaten und Bosnjaken fast vollständig aus der Stadt vertrieben ; die « ethnische Säuberung » hatte 1992 ihren Höhepunkt .";prozess;Gradadverbial;done;;frei;+;nd;+;nd;nd;nd;+;nd;nd;nd;nd;nd;nd;nd;nd;nd;nd;nd;nd;nd;nd;nd
152;VVINF;ADJD;vermissen;24;NZZ_1995_03_08_a42_seg13_s14;23;Full|-2;Die SBB, die sich in Werbung und Imagepflege volksverbunden geben, lassen diese heimatliche Verbundenheit im jetzt zur Debatte stehenden Testfall vollständig vermissen .;prozess;Gradadverbial;done;;frei;+;nd;+;nd;nd;nd;+;nd;nd;nd;nd;nd;nd;nd;nd;nd;nd;nd;nd;nd;nd;nd
153;VVFIN;ADJD;konzentrieren;14;NZZ_1996_10_05_a191_seg8_s1;9;Full|3|Sg|Past|Ind;Selbst wenn man sich auf die mehrheitlich oder vollständig Hemingway gewidmeten literarischen Texte konzentrierte, ist es nicht einfach, eine Übersicht zu gewinnen, denn das halbe Dutzend Titel, das man im Katalog der Zürcher Nordamerika-Bibliothek unter dem Schlagwort « Ernest Hemingway, in fiction, drama, poetry, etc. » findet, ist, wie bereits angedeutet, nur die Spitze eines Eisbergs, der im Wachsen begriffen ist .;nd;nd;not of interest;ModADJ;;nd;nd;nd;nd;nd;nd;nd;nd;nd;nd;nd;nd;nd;nd;nd;nd;nd;nd;nd;nd;nd;nd
154;VVFIN;ADJD;lauten;18;NZZ_1999_09_03_a229_seg2_s3;17;Full|3|Sg|Pres|Ind;Aus diesem Grunde sei der Hinweis erlaubt, dass der offizielle Titel des heutigen katholischen Malteserordens vollständig lautet : « Souveräner Militärischer Hospitalorden des Heiligen Johannes von Jerusalem, genannt von Rhodos, genannt von Malta » .;prozess;Gradadverbial;done;;frei;+;nd;+;nd;nd;nd;+;nd;nd;nd;nd;nd;nd;nd;nd;nd;nd;nd;nd;nd;nd;nd
155;VVPP;ADJD;setzen;8;NZZ_1997_08_14_a40_seg2_s1;5;Full|Psp;Börsengesetz auf Anfang 1998 vollständig in Kraft gesetzt;nd;nd;not of interest;title, prädikativ;;nd;nd;nd;nd;nd;nd;nd;nd;nd;nd;nd;nd;nd;nd;nd;nd;nd;nd;nd;nd;nd;nd
156;VVPP;ADJD;gewahren|wahren;18;NZZ_1999_05_21_a129_seg8_s4;17;Full|Psp;Die ISMA lehnt dieses Ansinnen grundsätzlich ab und beharrt darauf, dass die Rechte der Anleger vollständig gewahrt bleiben müssen .;prozess;Gradadverbial;done;;frei;+;nd;+;nd;nd;nd;+;nd;nd;nd;nd;nd;nd;nd;nd;nd;nd;nd;nd;nd;nd;nd
157;VVINF;ADJD;ordnen;13;NZZ_1994_10_01_a53_seg3_s8;11;Full|-2;Dieser Vorschlag, mit dem die FDP-Experten die steuerfinanzierten Sozialleistungen vollständig neu ordnen möchten, entspricht im Prinzip einer negativen Einkommenssteuer, welche ein Existenzminimum sichert und die rund 150 verschiedenen Sozialleistungen aus drei Dutzend Quellen ersetzen würde .;prozess;Gradadverbial;done;;frei;+;nd;+;nd;nd;nd;+;nd;nd;nd;nd;nd;nd;nd;nd;nd;nd;nd;nd;nd;nd;nd
158;VVINF;ADJD;vereinnahmen;9;NZZ_1997_08_16_a195_seg7_s1;7;Full|-2;Bei all dem Eifer, Indien vollständig zu vereinnahmen und britische Werte in die Welt zu tragen, übersah man, dass die Vereinnahmung des Fremden keine kulturelle Einbahnstrasse sein kann .;prozess;Gradadverbial;done;;frei;+;nd;+;nd;nd;nd;+;nd;nd;nd;nd;nd;nd;nd;nd;nd;nd;nd;nd;nd;nd;nd
159;VVINF;ADJD;vereinen;20;NZZ_1999_01_23_a239_seg13_s17;17;Full|-2;Die heute aktuellen Interessen weisen in einander entgegengesetzte Richtungen : Kultivierung des Individuums und Familiensolidarität sind vollständig nicht zu vereinen .;prozess;Gradadverbial;done;;frei;+;nd;+;nd;nd;nd;+;nd;nd;nd;nd;nd;nd;nd;nd;nd;nd;nd;nd;nd;nd;nd
160;VVPP;ADJD;zerstören;6;NZZ_1999_12_28_a37_seg1_s1;5;Full|Psp;Bannwald ob Stans fast vollständig zerstört;nd;nd;not of interest;title, prädikativ;;nd;nd;nd;nd;nd;nd;nd;nd;nd;nd;nd;nd;nd;nd;nd;nd;nd;nd;nd;nd;nd;nd
161;VVPP;ADJD;einlösen;19;NZZ_1995_05_27_a197_seg4_s9;18;Full|Psp;Das ambitiöse Programm ist gewiss überaus bedenkenswert, doch sind die Ansprüche wohl zu hoch, um vollständig eingelöst werden zu können .;prozess;Gradadverbial;done;;frei;+;nd;+;nd;nd;nd;+;nd;nd;nd;nd;nd;nd;nd;nd;nd;nd;nd;nd;nd;nd;nd
162;VVPP;ADJD;abschließen;11;NZZ_1994_06_07_a62_seg6_s5;10;Full|Psp;Dieser Prozess verzögert sich jedoch und wurde noch nicht vollständig abgeschlossen .;prozess;Gradadverbial;done;;frei;+;nd;+;nd;nd;nd;+;nd;nd;nd;nd;nd;nd;nd;nd;nd;nd;nd;nd;nd;nd;nd
163;VVPP;ADJD;erhalten;23;NZZ_1995_06_02_a108_seg5_s7;22;Full|Psp;Die nach dem Zweiten Weltkrieg in der Bundesrepublik Deutschland entstandene Lagerliteratur der Ukrainer ist für die Zeit von 1945 bis 1957 vollständig erhalten .;prozess;Gradadverbial;done;;frei;+;nd;+;nd;nd;nd;+;nd;nd;nd;nd;nd;nd;nd;nd;nd;nd;nd;nd;nd;nd;nd
164;VVFIN;ADJD;zerstören;9;NZZ_1999_11_03_a63_seg2_s4;13;Full|3|Pl|Past|Ind;Die Trümmer durchschlugen das Dach des Vorbaus und zerstörten das Gebäude fast vollständig .;prozess;Gradadverbial;done;;frei;+;nd;+;nd;nd;nd;+;nd;nd;nd;nd;nd;nd;nd;nd;nd;nd;nd;nd;nd;nd;nd
165;VVFIN;ADJD;erklären;6;NZZ_1996_02_15_a86_seg1_s17;18;Full|3|Sg|Pres|Ind;Das mag richtig sein, erklärt indessen die miserable « Treffsicherheit » in der Ära Stich nicht vollständig .;prozess;Gradadverbial;done;;frei;+;nd;+;nd;nd;nd;+;nd;nd;nd;nd;nd;nd;nd;nd;nd;nd;nd;nd;nd;nd;nd
166;VVFIN;ADJD;füllen;19;NZZ_1995_06_16_a150_seg5_s4;18;Full|3|Sg|Past|Ind;Die Stimmung war reichlich gespannt, als sich das Festzelt auf dem Gemeindeplatz bis acht Uhr fast vollständig füllte .;prozess;Gradadverbial;done;;frei;+;nd;+;nd;nd;nd;+;nd;nd;nd;nd;nd;nd;nd;nd;nd;nd;nd;nd;nd;nd;nd
167;VVPP;ADJD;verbrauchen;15;NZZ_1995_07_15_a46_seg8_s2;14;Full|Psp;Die geschaffenen Güter und Dienstleistungen werden von den sie herstellenden Arbeitskräften nicht mehr vollständig verbraucht .;prozess;Gradadverbial;done;;frei;+;nd;+;nd;nd;nd;+;nd;nd;nd;nd;nd;nd;nd;nd;nd;nd;nd;nd;nd;nd;nd
168;VVPP;ADJD;bringen;15;NZZ_1995_05_24_a198_seg13_s6;12;Full|Psp;Dazu wird das Gemisch von Edelmetallen zuerst mit Königswasser und/oder Salzsäure/Chlor vollständig in Lösung gebracht, was u. U. mehrere Tage dauert .;prozess;Gradadverbial;done;;frei;+;nd;+;nd;nd;nd;+;nd;nd;nd;nd;nd;nd;nd;nd;nd;nd;nd;nd;nd;nd;nd
169;VVFIN;ADJD;kommen;25;NZZ_1995_12_07_a92_seg8_s5;22;Full|3|Sg|Past|Ind;Sie alle verzeichnen bis zu 35% hohe Umsatzsprünge und stellen zudem sicher, dass der Verkehr in Frankreich bisher noch nicht vollständig zum Erliegen kam .;prozess;Gradadverbial;done;;frei;+;nd;+;nd;nd;nd;+;nd;nd;nd;nd;nd;nd;nd;nd;nd;nd;nd;nd;nd;nd;nd
170;VVPP;ADJD;feststellen;8;NZZ_1996_10_19_a77_seg3_s6;7;Full|Psp;Und selbst wenn die Schäden je vollständig festgestellt werden, was angesichts der angetroffenen Zustände wenig wahrscheinlich ist, so dürfte sich laut PUK bei vielen Nachforderungen bereits die Frage der Verjährung stellen .;prozess;Gradadverbial;done;;frei;+;nd;+;nd;nd;nd;+;nd;nd;nd;nd;nd;nd;nd;nd;nd;nd;nd;nd;nd;nd;nd
171;VVIZU;ADJD;ausmessen;13;NZZ_1997_03_07_a221_seg16_s3;12;Full|zu;Zudem ist das Referendum das einzige Instrument, um die Volksmeinung vollständig auszumessen über das Verhältnis zum Vergangenheitsbild der Schweiz .;prozess;Gradadverbial;done;;frei;+;nd;+;nd;nd;nd;+;nd;nd;nd;nd;nd;nd;nd;nd;nd;nd;nd;nd;nd;nd;nd
172;VVIZU;ADJD;angleichen;17;NZZ_1996_11_27_a75_seg3_s4;12;Full|zu;Sie habe die Banque de France gezwungen, ihre Zinspolitik praktisch vollständig derjenigen der Deutschen Bundesbank anzugleichen .;prozess;Gradadverbial;done;;frei;+;nd;+;nd;nd;nd;+;nd;nd;nd;nd;nd;nd;nd;nd;nd;nd;nd;nd;nd;nd;nd
173;VVPP;ADJD;verwüsten;12;NZZ_1994_08_15_a74_seg13_s2;11;Full|Psp;Eine Fassade des Gebäudes stürzte ein, das Hausinnere wurde vollständig verwüstet .;prozess;Gradadverbial;done;;frei;+;nd;+;nd;nd;nd;+;nd;nd;nd;nd;nd;nd;nd;nd;nd;nd;nd;nd;nd;nd;nd
174;VVPP;ADJD;decken;9;NZZ_1994_06_29_a51_seg3_s3;3;Full|Psp;Dieser habe vollständig durch die Auflösung offener Reserven gedeckt werden können, teilte Aeroleasing weiter mit .;prozess;Gradadverbial;done;;frei;+;nd;+;nd;nd;nd;+;nd;nd;nd;nd;nd;nd;nd;nd;nd;nd;nd;nd;nd;nd;nd
175;VVIZU;ADJD;ausleuchten;28;NZZ_1996_10_08_a27_seg6_s12;27;Full|zu;Der blosse Blick auf die Handelsbilanzen genügt im übrigen nicht, das vielschichtige Beziehungsverhältnis, in das Schweizer Konzerne in Nippon seit Jahrzehnten eingebettet sind, vollständig auszuleuchten .;prozess;Gradadverbial;done;;frei;+;nd;+;nd;nd;nd;+;nd;nd;nd;nd;nd;nd;nd;nd;nd;nd;nd;nd;nd;nd;nd
176;VVPP;ADJD;orientieren;18;NZZ_1998_04_24_a171_seg3_s10;17;Full|Psp;Wettstein betont, dass das Wiederöffnungskonzept erst vor wenigen Tagen eingereicht wurde und er noch nicht vollständig orientiert sei .;nd;nd;not of interest;ModPräd;;nd;nd;nd;nd;nd;nd;nd;nd;nd;nd;nd;nd;nd;nd;nd;nd;nd;nd;nd;nd;nd;nd
177;VVPP;ADJD;zerstören;8;NZZ_1995_04_21_a18_seg3_s5;7;Full|Psp;Der Wagen von Aznar wurde praktisch vollständig zerstört .;prozess;Gradadverbial;done;;frei;+;nd;+;nd;nd;nd;+;nd;nd;nd;nd;nd;nd;nd;nd;nd;nd;nd;nd;nd;nd;nd
178;VVPP;ADJD;verbrauchen;36;NZZ_1997_02_05_a179_seg6_s10;31;Full|Psp;"Dabei galt es folgende Unsicherheiten zu klären : Werden durch den Laserbohrprozess Temperaturen erzeugt, die zu einer Schädigung der empfindlichen Innenohrstrukturen führen können ; kann Laserenergie, die nicht vollständig beim Durchbohren der Fussplatte verbraucht wurde, gesundes Gewebe schädigen ; und können Druckwellen, die bei der Gewebeabtragung mit gepulsten Lasersystemen erzeugt werden, die drucksensiblen Haarzellen in der Gehörschnecke mechanisch schädigen ?";prozess;Gradadverbial;done;;frei;+;nd;+;nd;nd;nd;+;nd;nd;nd;nd;nd;nd;nd;nd;nd;nd;nd;nd;nd;nd;nd
179;VVIZU;ADJD;ausliefern;31;NZZ_1994_10_04_a74_seg13_s1;30;Full|zu;Trotz « riesigen Schwierigkeiten », die unter anderem durch Personalmangel bedingt sind, unternimmt die Bundeskanzlei alles, um die systematische Sammlung des Bundesrechts so rasch wie möglich vollständig auszuliefern .;prozess;Gradadverbial;done;;frei;+;nd;+;nd;nd;nd;+;nd;nd;nd;nd;nd;nd;nd;nd;nd;nd;nd;nd;nd;nd;nd
180;VVIZU;ADJD;weitergeben;14;NZZ_1995_12_18_a30_seg2_s7;10;Full|zu;Sie warfen dem Grossverteiler vor, die Preissenkungen nicht vollständig auf die Ladenpreise weiterzugeben .;prozess;Gradadverbial;done;;frei;+;nd;+;nd;nd;nd;+;nd;nd;nd;nd;nd;nd;nd;nd;nd;nd;nd;nd;nd;nd;nd
181;VVPP;ADJD;privatisieren;13;NZZ_1996_11_15_a83_seg3_s1;12;Full|Psp;Frankfurt, 14. Nov. ( ap ) Die Lufthansa kann nun vollständig privatisiert werden, wobei die EU-Kommission allerdings zur Auflage machte, dass die Aktienmehrheit an der Fluggesellschaft in deutschem Besitz bleiben muss, wie das Bonner Verkehrsministerium mitteilt .;prozess;Gradadverbial;done;;frei;+;nd;+;nd;nd;nd;+;nd;nd;nd;nd;nd;nd;nd;nd;nd;nd;nd;nd;nd;nd;nd
182;VVFIN;ADJD;ausgleichen;19;NZZ_1997_07_24_a70_seg4_s9;18;Full|-2;Die Kritik geht unter anderem dahin, dass die vorgesehenen Direktzahlungen die Einkommenseinbussen durch die Preissenkungen nicht vollständig ausgleichen .;prozess;Gradadverbial;done;;frei;+;nd;+;nd;nd;nd;+;nd;nd;nd;nd;nd;nd;nd;nd;nd;nd;nd;nd;nd;nd;nd
183;VVINF;ADJD;decken;27;NZZ_1998_10_28_a87_seg11_s6;25;Full|-2;So vermochten die in der Zahlungsbilanz für die ersten sieben Monate ausgewiesenen Netto-Direktinvestitionen von 62 Mrd. $ das Leistungsbilanzminus von 66 Mrd. $ fast vollständig zu decken .;prozess;Gradadverbial;done;;frei;+;nd;+;nd;nd;nd;+;nd;nd;nd;nd;nd;nd;nd;nd;nd;nd;nd;nd;nd;nd;nd
184;VVPP;ADJD;einkleiden;14;NZZ_1994_01_19_a131_seg7_s8;12;Full|Psp;Die Identität der eintreffenden Personen wird abgeklärt, darauf werden sie vollständig neu eingekleidet, bevor sie in eines der drei Stockwerke gelangen, in denen insgesamt 90 Betten zur Verfügung stehen .;prozess;Gradadverbial;done;;frei;+;nd;+;nd;nd;nd;+;nd;nd;nd;nd;nd;nd;nd;nd;nd;nd;nd;nd;nd;nd;nd
185;VVPP;ADJD;anlegen;37;NZZ_1998_01_03_a130_seg8_s11;34;Full|Psp;"Als Klassizist war er davon überzeugt, dass der vornehmste Bestandteil einer Oper die Dichtung sei ; er fasste das so auf, dass das Spiel der Darsteller und auch die Musik möglichst vollständig im Text angelegt sein sollten .";prozess;Gradadverbial;done;;frei;+;nd;+;nd;nd;nd;+;nd;nd;nd;nd;nd;nd;nd;nd;nd;nd;nd;nd;nd;nd;nd
186;VVFIN;ADJD;einstellen;13;NZZ_1999_02_11_a4_seg2_s3;12;Full|3|Sg|Pres|Subj;Der eritreische Präsidentenberater Gebremeskel sagte, bevor Äthiopien seine Angriffe nicht vollständig einstelle, werde es kein Waffenstillstandsabkommen geben .;prozess;Gradadverbial;done;;frei;+;nd;+;nd;nd;nd;+;nd;nd;nd;nd;nd;nd;nd;nd;nd;nd;nd;nd;nd;nd;nd
187;VVFIN;ADJD;sublimieren;10;NZZ_1995_05_24_a193_seg4_s9;13;Full|2|Pl|Pres|Ind;Im Norden sind die Verhältnisse komplizierter : im Sommer sublimiert das Kohlendioxid vollständig und hinterlässt eine aus Wassereis bestehende Kalotte .;prozess;Gradadverbial;done;;frei;+;nd;+;nd;nd;nd;+;nd;nd;nd;nd;nd;nd;nd;nd;nd;nd;nd;nd;nd;nd;nd
188;VVFIN;ADJD;stehen;5;NZZ_1999_12_20_a9_seg3_s3;8;Full|3|Sg|Past|Ind;Der südliche Bezirk Tschernoretschie stand demnach fast vollständig unter ihrer Kontrolle .;prozess;Gradadverbial;done;;frei;+;nd;+;nd;nd;nd;+;nd;nd;nd;nd;nd;nd;nd;nd;nd;nd;nd;nd;nd;nd;nd
189;VVPP;ADJD;tilgen;22;NZZ_1999_04_14_a76_seg7_s7;21;Full|Psp;Eine Beiratschaft setze gemäss dem entsprechenden Bundesgesetz voraus, dass innerhalb von maximal sechs Jahren die fälligen Verpflichtungen einer Gemeinde vollständig getilgt werden können .;prozess;Gradadverbial;done;;frei;+;nd;+;nd;nd;nd;+;nd;nd;nd;nd;nd;nd;nd;nd;nd;nd;nd;nd;nd;nd;nd
190;VMINF;ADJD;können;20;NZZ_1999_10_02_a61_seg6_s1;16;Mod|-2;Nachdem in einem zweiten Schritt durch die Zuführung einer Borsäure-Lösung die Kettenreaktion in dem Tank vollständig hatte eingedämmt werden können, entschloss sich die japanische Regierung am Nachmittag um 15 Uhr, das für einen Umkreis von 10 Kilometern um das Werk verhängte Ausgehverbot aufzuheben .;prozess;Gradadverbial;done;;frei;+;nd;+;nd;nd;nd;+;nd;nd;nd;nd;nd;nd;nd;nd;nd;nd;nd;nd;nd;nd;nd
191;VVPP;ADJD;islamisieren;21;NZZ_1995_05_31_a25_seg4_s5;20;Full|Psp;Die aus Nordalbanien stammende und ursprünglich katholische Hauptgruppe der Albaner ( Gegen ) war unter der osmanischen Herrschaft fast vollständig islamisiert worden .;prozess;Gradadverbial;done;;frei;+;nd;+;nd;nd;nd;+;nd;nd;nd;nd;nd;nd;nd;nd;nd;nd;nd;nd;nd;nd;nd
192;VVPP;ADJD;ausräumen;36;NZZ_1996_11_21_a1_seg6_s8;35;Full|Psp;Aus Christophers negativer Antwort auf die Frage, ob denn von nun an amerikanische Firmen Atomreaktoren nach China liefern dürften, folgt, dass diese Bedenken auch nach den neuesten chinesischen Beteuerungen noch nicht vollständig ausgeräumt sind .;prozess;Gradadverbial;done;;frei;+;nd;+;nd;nd;nd;+;nd;nd;nd;nd;nd;nd;nd;nd;nd;nd;nd;nd;nd;nd;nd
193;VVPP;ADJD;abklären;16;NZZ_1995_04_24_a1_seg4_s2;15;Full|Psp;In Gewahrsam genommen wurden ausserdem zwei wichtige Zeugen, deren mögliche Mittäterschaft noch nicht vollständig abgeklärt ist .;prozess;Gradadverbial;done;;frei;+;nd;+;nd;nd;nd;+;nd;nd;nd;nd;nd;nd;nd;nd;nd;nd;nd;nd;nd;nd;nd
194;VVPP;ADJD;bauen;16;NZZ_1996_05_31_a154_seg7_s2;15;Full|Psp;Danach darf die Hülle des Hauses ( inklusive Fenster, Putz, Regentraufe ) vollständig gebaut werden .;prozess;Gradadverbial;done;;frei;+;nd;+;nd;nd;nd;+;nd;nd;nd;nd;nd;nd;nd;nd;nd;nd;nd;nd;nd;nd;nd
195;VVFIN;ADJD;erhöhen;28;NZZ_1993_04_07_a170_seg6_s1;21;Full|3|Sg|Past|Ind;c ) schliesslich 300 Mio. Fr. im Wege der Bildung einer Agio-Reserve, die das ausgewiesene Eigenkapital der damals noch vollständig ihm gehörenden Omni um diesen Betrag erhöhte .;nd;nd;not of interest;ModADJ;;nd;nd;nd;nd;nd;nd;nd;nd;nd;nd;nd;nd;nd;nd;nd;nd;nd;nd;nd;nd;nd;nd
196;VVINF;ADJD;bringen;20;NZZ_1993_04_07_a193_seg7_s3;16;Full|-2;Der Ombudsmann bedauerte denn auch, dass es nicht möglich war, den ungerechtfertigten Betreibungsregistereintrag vollständig zum Verschwinden zu bringen .;prozess;Gradadverbial;done;;frei;+;nd;+;nd;nd;nd;+;nd;nd;nd;nd;nd;nd;nd;nd;nd;nd;nd;nd;nd;nd;nd
197;VVPP;ADJD;verbieten;16;NZZ_1993_04_08_a68_seg7_s6;15;Full|Psp;Das Überfliegen von Flugzeugen in Länder, die als Spannungsgebiete eingestuft werden, wurde vollständig verboten, und für die übrigen Länder musste eine Bewilligung beim Departementsvorsteher eingeholt werden .;prozess;Gradadverbial;done;;frei;+;nd;+;nd;nd;nd;+;nd;nd;nd;nd;nd;nd;nd;nd;nd;nd;nd;nd;nd;nd;nd
198;VVPP;ADJD;senden;13;NZZ_1993_04_08_a141_seg2_s27;12;Full|Psp;Schade, dass das Werk von Cage aus zeitlichen Gründen nicht vollständig gesendet werden konnte .;prozess;Gradadverbial;done;;frei;+;nd;+;nd;nd;nd;+;nd;nd;nd;nd;nd;nd;nd;nd;nd;nd;nd;nd;nd;nd;nd
199;VVFIN;ADJD;brennen;3;NZZ_1993_04_08_a217_seg3_s9;4;Full|3|Sg|Past|Ind;Der Dachstock brannte vollständig aus .;prozess;Gradadverbial;done;;frei;+;nd;+;nd;nd;nd;+;nd;nd;nd;nd;nd;nd;nd;nd;nd;nd;nd;nd;nd;nd;nd
200;VVINF;ADJD;übertragen;29;NZZ_1993_04_10_a82_seg10_s12;27;Full|-2;Die juristische Redaktorin der MDT, Elsa Mango, ist gegenwärtig noch damit beschäftigt, dieses Sach- und Namenregister auf die elektronische Datenbank für Tessiner Geschichte vollständig zu übertragen und zu verfeinern .;prozess;Gradadverbial;done;;frei;+;nd;+;nd;nd;nd;+;nd;nd;nd;nd;nd;nd;nd;nd;nd;nd;nd;nd;nd;nd;nd
