﻿Interne-ID;Function-Head;Funktion-Hit;Head;ID-Head;ID-NZZ;ID-Token;Meta-Kopf;sentence;Oberkategorie;Unterkategorie;Status;Agens;Kommentar;externe Funktion;prozess;pFREQ;AuW;pure;agent;method;degree;proposition;KONJ;FRAME;SADV;extern;KAUS;TEMP;FREQ;BU;LOC;intern;INST;KOM;SH;iLOC
1;VVPP;ADJD;beschicken;14;NZZ_1997_07_11_a181_seg3_s9;13;Full|Psp;Gewisse Verbände, zum Beispiel der deutsche, haben den Anlass sehr grosszügig beschickt, andere, vor allem jene aus dem Osten, denen das Geld zusehends fehlt, sind nur mit ihren Medaillenkandidaten in Finnland vertreten .;prozess;agensorientiert;done;anim_like;;frei;+;nd;+;nd;+;nd;nd;nd;nd;nd;nd;nd;nd;nd;nd;nd;nd;nd;nd;nd;nd;nd
2;VVPP;ADJD;bauen;3;NZZ_1997_04_03_a203_seg9_s14;2;Full|Psp;Wie grosszügig gebaut wurde, zeigt sich schon daran, dass hier der Autoverkehr selbst heute nicht als Anomalie empfunden wird .;prozess;agensorientiert;done;unknown;ambig rein;frei;+;nd;+;nd;+;nd;nd;nd;nd;nd;nd;nd;nd;nd;nd;nd;nd;nd;nd;nd;nd;nd
3;VVPP;ADJD;attestieren;6;NZZ_1993_08_09_a69_seg3_s4;5;Full|Psp;Luganos Torhüter Walker wurde grosszügig attestiert, seine Aufgabe ausgezeichnet zu lösen .;prozess;agensorientiert;done;unknown;;frei;+;nd;+;nd;+;nd;nd;nd;nd;nd;nd;nd;nd;nd;nd;nd;nd;nd;nd;nd;nd;nd
4;VVFIN;ADJD;versorgen;3;NZZ_1998_02_19_a152_seg2_s4;16;Full|3|Sg|Past|Ind;Die Nationalbank versorgte auch am Mittwoch, dem vierten Handelstag in Folge, den Geldmarkt grosszügig mit Liquidität .;prozess;agensorientiert;done;anim_like;;frei;+;nd;+;nd;+;nd;nd;nd;nd;nd;nd;nd;nd;nd;nd;nd;nd;nd;nd;nd;nd;nd
5;VVPP;ADJD;sanieren;16;NZZ_1995_10_25_a25_seg7_s11;15;Full|Psp;Die geplünderte Geisterstadt Latschin wird seit kurzem wieder besiedelt, und die Verbindungsstrasse wird grosszügig saniert .;prozess;agensorientiert;done;unknown;;frei;+;nd;+;nd;+;nd;nd;nd;nd;nd;nd;nd;nd;nd;nd;nd;nd;nd;nd;nd;nd;nd
6;VVFIN;ADJD;sorgen;8;NZZ_1998_05_13_a27_seg11_s11;10;Full|3|Sg|Past|Ind;Für die unehelichen Kinder und ihre Mütter sorgte er grosszügig .;prozess;agensorientiert;done;anim;;frei;+;nd;+;nd;+;nd;nd;nd;nd;nd;nd;nd;nd;nd;nd;nd;nd;nd;nd;nd;nd;nd
7;VVINF;ADJD;nachsehen;24;NZZ_1996_07_25_a53_seg7_s4;23;Full|-2;Da sie mit dem vorgebrachten Anliegen aber anscheinend dem Volk aus der Seele gesprochen hat, wird man ihr diese Kompetenzüberschreitung wohl grosszügig nachsehen .;prozess;agensorientiert;done;anim;;frei;+;nd;+;nd;+;nd;nd;nd;nd;nd;nd;nd;nd;nd;nd;nd;nd;nd;nd;nd;nd;nd
8;VVPP;ADJD;ansehen;20;NZZ_1997_11_20_a87_seg6_s4;19;Full|Psp;Die Bewertung entspricht einem Aufpreis von fast 32% auf den letzten Schlusskurs und wird in Börsenkreisen als sehr grosszügig angesehen .;nd;nd;not of interest;;vergleich;;nd;nd;nd;nd;nd;nd;nd;nd;nd;nd;nd;nd;nd;nd;nd;nd;nd;nd;nd;nd;nd;nd
9;VVFIN;ADJD;kommen;4;NZZ_1995_08_31_a146_seg3_s9;7;Full|3|Pl|Past|Ind;Die St. Galler kamen ihnen insofern grosszügig entgegen, als sie sich Ballverluste in Serie leisteten - in Zweikämpfen wie durch ( Fehl- ) Pässe .;prozess;agensorientiert;done;anim;;frei;+;nd;+;nd;+;nd;nd;nd;nd;nd;nd;nd;nd;nd;nd;nd;nd;nd;nd;nd;nd;nd
10;VVINF;ADJD;vergeben;27;NZZ_1996_07_05_a73_seg3_s5;20;Full|Psp;Hintergrund ist der Skandal um die Bangkok Bank of Commerce ( BBOC ), die in den vergangenen Jahren grosszügig Darlehen an hohe Militär- und Regierungsangehörige vergeben hat und nun auf 77 Mrd. Baht ( rund, Mrd. Fr . );prozess;agensorientiert;done;anim_like;;frei;+;nd;+;nd;+;nd;nd;nd;nd;nd;nd;nd;nd;nd;nd;nd;nd;nd;nd;nd;nd;nd
11;VVPP;ADJD;umgehen;17;NZZ_1997_02_12_a20_seg8_s3;7;Full|Psp;Das Kiewer Aussenministerium, das bisher grosszügig mit chauvinistischen Appellen von Moskauer Politikern auf der Krim umgegangen war, hat denn auch seinen Kurs verschärft .;prozess;agensorientiert;done;anim_like;;möglich;+;nd;+;nd;+;nd;nd;nd;nd;nd;nd;nd;nd;nd;nd;nd;nd;nd;nd;nd;nd;nd
12;VVINF;ADJD;werfen;21;NZZ_1998_08_22_a227_seg3_s10;15;Full|-2;So sieht sich etwa die EAA gar nicht in der Lage, finanziell ähnlich grosszügig mit Geld um sich zu werfen, wie dies die IAAF im Moment ( noch ) tun kann .;prozess;agensorientiert;done;anim_like;;frei;+;nd;+;nd;+;nd;nd;nd;nd;nd;nd;nd;nd;nd;nd;nd;nd;nd;nd;nd;nd;nd
13;VVPP;ADJD;einrichten;9;NZZ_1994_06_28_a137_seg3_s13;8;Full|Psp;Der geräumige Küchenwagen ist in der Tat grosszügig eingerichtet und mit zweckmässigen Apparaturen bestückt .;nd;nd;not of interest;;ModPräd;;nd;nd;nd;nd;nd;nd;nd;nd;nd;nd;nd;nd;nd;nd;nd;nd;nd;nd;nd;nd;nd;nd
14;VVFIN;ADJD;zusprechen;28;NZZ_1994_04_23_a200_seg4_s61;25;Full|3|Pl|Past|Ind;Am 6. Juli, einem späten Sonntagnachmittag, trafen nach Niederbergers Schilderung zwei Eisenbahnwagenladungen Polizisten aus David in El Volcán ein, wo sie grosszügig dem Alkohol zusprachen, bevor sie sich in der Nacht nach Cotito aufmachten .;prozess;agensorientiert;done;anim;ambig degree;frei;+;nd;+;nd;+;nd;nd;nd;nd;nd;nd;nd;nd;nd;nd;nd;nd;nd;nd;nd;nd;nd
15;VVFIN;ADJD;nutzen;3;NZZ_1999_03_15_a14_seg6_s6;9;Full|3|Pl|Pres|Ind;Die Amerikaner nutzen umgekehrt den Vorwand irakischer Herausforderungen grosszügig aus .;prozess;agensorientiert;done;anim;ambig degree;frei;+;nd;+;nd;+;nd;nd;nd;nd;nd;nd;nd;nd;nd;nd;nd;nd;nd;nd;nd;nd;nd
16;VVFIN;ADJD;umgehen;42;NZZ_1995_01_28_a219_seg7_s18;41;Full|3|Sg|Past|Ind;In der Sprache zeigt sich deutlich die ambivalente Einstellung zum Senf : « J ' adore ce qui me brûle » ist eine Erfahrung, die wohl jeder schon einmal gemacht hat, wenn er mit der scharfen Würze allzu grosszügig umging, so dass sie ihm gewaltig in die Nase stieg .;prozess;agensorientiert;done;anim;;notwendig;+;nd;+;nd;+;nd;nd;nd;nd;nd;nd;nd;nd;nd;nd;nd;nd;nd;nd;nd;nd;nd
17;VVINF;ADJD;bestreuen;16;NZZ_1999_06_26_a260_seg3_s9;13;Full|3|Pl|Pres|Ind;Vor dem Servieren die Grillstäbe im Backofen glühend erhitzen, den Auflauf grosszügig mit Puderzucker bestreuen und kurz unter den Grillstäben caramelisieren .;prozess;agensorientiert;done;unknown;ambig degree;frei;+;nd;+;nd;+;nd;nd;nd;nd;nd;nd;nd;nd;nd;nd;nd;nd;nd;nd;nd;nd;nd
18;VVPP;ADJD;einräumen;17;NZZ_1993_12_24_a95_seg2_s7;15;Full|Psp;Seiner Kritik am immer noch kolonialistischen Vokabular vieler englischer Cricketer wurde in seriösen Blättern grosszügig Platz eingeräumt .;prozess;agensorientiert;done;unknown;;frei;+;nd;+;nd;+;nd;nd;nd;nd;nd;nd;nd;nd;nd;nd;nd;nd;nd;nd;nd;nd;nd
19;VVIZU;ADJD;auslegen;12;NZZ_1995_12_14_a42_seg7_s12;11;Full|zu;"Campiche vertritt die Auffassung, dass diese Ausnahmebestimmung auch heute grosszügig auszulegen ist ; dies vor dem Hintergrund der Flüchtlingskonvention, wonach eine Bestrafung zu unterbleiben hat, wenn der Flüchtling unmittelbar aus dem Verfolgerstaat kommt, sich unverzüglich den hiesigen Behörden stellt und triftige Gründe für die illegale Einreise vorzuweisen hat .";prozess;agensorientiert;done;anim;;notwendig;+;nd;+;nd;+;nd;nd;nd;nd;nd;nd;nd;nd;nd;nd;nd;nd;nd;nd;nd;nd;nd
20;VVPP;ADJD;anerkennen;14;NZZ_1998_03_14_a4_seg3_s29;13;Full|Psp;"1991/92 haben sie die früheren jugoslawischen Teilrepubliken Kroatien, Slowenien, Bosnien-Herzegowina grosszügig anerkannt ; damit wurde dem Prinzip der Selbstbestimmung vor der Unverletzbarkeit bestehender Staatsgrenzen der Vorzug gegeben .";prozess;agensorientiert;done;anim_like;;frei;+;nd;+;nd;+;nd;nd;nd;nd;nd;nd;nd;nd;nd;nd;nd;nd;nd;nd;nd;nd;nd
21;VVPP;ADJD;umgehen;29;NZZ_1999_07_24_a8_seg3_s8;28;Full|Psp;Mit Affeldt musste sich seit Prozessbeginn die ganze Landesregierung fragen lassen, ob sie im Wirrwarr der Einführung westdeutscher Gesetze in Ostdeutschland mit den Verwaltungsnormen nicht allzu grosszügig umgegangen war .;prozess;agensorientiert;done;anim_like;;möglich;+;nd;+;nd;+;nd;nd;nd;nd;nd;nd;nd;nd;nd;nd;nd;nd;nd;nd;nd;nd;nd
22;VVPP;ADJD;subventionieren;42;NZZ_1998_08_18_a138_seg1_s15;41;Full|3|Sg|Pres|Ind;Gegen sie Front zu machen ist politisch wesentlich einfacher und erfolgversprechender, als sich für Sparmassnahmen bei « breiten Bevölkerungsschichten » stark zu machen - etwa bei den Rentnerinnen und Rentnern, denen die Stadt nach wie vor die VBZ-Abonnemente grosszügig subventioniert, unabhängig davon, ob der Einzelne dies benötigt oder nicht .;prozess;agensorientiert;done;anim_like;;frei;+;nd;+;nd;+;nd;nd;nd;nd;nd;nd;nd;nd;nd;nd;nd;nd;nd;nd;nd;nd;nd
23;VVPP;ADJD;finanzieren;25;NZZ_1994_02_25_a94_seg2_s9;24;Full|Psp;Ausserdem steht fest und ist durch die Öffnung der Moskauer Archive belegt, dass die Kommunisten Italiens von jeher von den russischen Kommunisten grosszügig finanziert wurden .;prozess;agensorientiert;done;anim;ambig degree;frei;+;nd;+;nd;+;nd;nd;nd;nd;nd;nd;nd;nd;nd;nd;nd;nd;nd;nd;nd;nd;nd
24;VVFIN;ADJD;leisten;8;NZZ_1998_11_17_a27_seg6_s12;11;Full|3|Sg|Pres|Subj;Im internationalen Vergleich, informierte Mader, leiste die Schweiz grosszügig Opferhilfe .;prozess;agensorientiert;done;anim_like;;frei;+;nd;+;nd;+;nd;nd;nd;nd;nd;nd;nd;nd;nd;nd;nd;nd;nd;nd;nd;nd;nd
25;VVPP;ADJD;gewähren|währen;7;NZZ_1999_06_14_a30_seg11_s3;5;Full|Psp;Menschen in Not soll grosszügig Schutz gewährt werden, Missbräuche wolle man hingegen bekämpfen .;prozess;agensorientiert;done;unknown;ambig degree;frei;+;nd;+;nd;+;nd;nd;nd;nd;nd;nd;nd;nd;nd;nd;nd;nd;nd;nd;nd;nd;nd
26;VVFIN;ADJD;gewähren;22;NZZ_1999_07_19_a132_seg9_s1;20;Full|3|Sg|Past|Ind;Am Samstag war Roland Meier zwar scheinbar der Stärkste der 15 Ausreisser, welchen der Rest des Feldes so grosszügig Raum gewährte, dass es erst 22 Minuten nach dem Etappensieger in Albi eintraf, Übersicht und Rennintelligenz hielten beim Zürcher jedoch mit der physischen Verfassung nicht Schritt .;prozess;agensorientiert;done;anim_like;;frei;+;nd;+;nd;+;nd;nd;nd;nd;nd;nd;nd;nd;nd;nd;nd;nd;nd;nd;nd;nd;nd
27;VVFIN;ADJD;statten;5;NZZ_1998_05_13_a183_seg4_s7;10;Full|3|Sg|Past|Ind;Durch Überschreibung zweier Liegenschaften stattete sie die Stiftung Netzwerk grosszügig mit einem « Göttibatzen » aus, nachdem sie bis Ende 1997 mehr als eine halbe Million Franken an ungedeckten Defiziten des Wohnnetzes übernommen hatte .;prozess;agensorientiert;done;anim;;frei;+;nd;+;nd;+;nd;nd;nd;nd;nd;nd;nd;nd;nd;nd;nd;nd;nd;nd;nd;nd;nd
28;VVPP;ADJD;skizzieren;22;NZZ_1999_04_24_a170_seg2_s6;16;Full|3|Sg|Pres|Ind;Auch spreche Sigmund Freud angelegentlich von der « Entwertung der Geruchsreize », wo er grosszügig die Entwicklung des modernen Kulturmenschen skizziert .;prozess;agensorientiert;done;anim;;frei;+;nd;+;nd;+;nd;nd;nd;nd;nd;nd;nd;nd;nd;nd;nd;nd;nd;nd;nd;nd;nd
29;VVINF;ADJD;bezeichnen;10;NZZ_1998_12_03_a52_seg4_s19;8;Full|-2;Die Kommissionsanträge sind aus steuerlicher Sicht als grosszügig zu bezeichnen, stellen aber doch einen beachtlichen Schritt zu mehr Steuergerechtigkeit dar .;nd;nd;not of interest;;vergleich;;nd;nd;nd;nd;nd;nd;nd;nd;nd;nd;nd;nd;nd;nd;nd;nd;nd;nd;nd;nd;nd;nd
30;VVPP;ADJD;annehmen;9;NZZ_1998_06_06_a135_seg6_s3;8;Full|Psp;Zehn Jahre lang hat die Dichterin es grosszügig angenommen, nicht von jedem, aber oft und gerne .;prozess;agensorientiert;done;anim;;frei;+;nd;+;nd;+;nd;nd;nd;nd;nd;nd;nd;nd;nd;nd;nd;nd;nd;nd;nd;nd;nd
31;VVFIN;ADJD;umgehen;15;NZZ_1996_12_24_a161_seg2_s3;14;Full|3|Sg|Pres|Ind;Es ist bekannt, dass die NOK auch sonst mit den finanziellen Mitteln grosszügig umgeht .;prozess;agensorientiert;done;anim_like;;möglich;+;nd;+;nd;+;nd;nd;nd;nd;nd;nd;nd;nd;nd;nd;nd;nd;nd;nd;nd;nd;nd
32;VVINF;ADJD;versorgen;34;NZZ_1998_10_07_a108_seg7_s12;30;Full|-2;Dies komme unter anderem daher, dass die Entwicklung an den Devisenmärkten den Inflationsdruck in der Schweiz lindert, was es der Schweizer Nationalbank erleichtert, den Markt weiterhin grosszügig mit Liquidität zu versorgen .;prozess;agensorientiert;done;anim_like;ambig degree;frei;+;nd;+;nd;+;nd;nd;nd;nd;nd;nd;nd;nd;nd;nd;nd;nd;nd;nd;nd;nd;nd
33;VVPP;ADJD;beschenken;16;NZZ_1998_09_15_a136_seg3_s26;15;Full|Psp;Es ist nicht die grosse Bruderschaft, mit welcher der König seine alten Glaubensgenossen grosszügig beschenkt .;prozess;agensorientiert;done;anim;;frei;+;nd;+;nd;+;nd;nd;nd;nd;nd;nd;nd;nd;nd;nd;nd;nd;nd;nd;nd;nd;nd
34;VVFIN;ADJD;würzen;9;NZZ_1996_07_27_a216_seg3_s82;10;Full|3|Sg|Pres|Ind;Hubli gibt das Fleisch in den Kutter und würzt grosszügig - kein Metzger gibt seine Würzmischung preis, aber sicher sind Muskatnuss, Koriander, Pfeffer und Nelken dabei .;prozess;agensorientiert;done;anim;;frei;+;nd;+;nd;+;nd;nd;nd;nd;nd;nd;nd;nd;nd;nd;nd;nd;nd;nd;nd;nd;nd
35;VVPP;ADJD;beliefern;37;NZZ_1996_02_06_a25_seg3_s4;34;Full|Psp;Moskau und seinen Satrapen in Kabul gelang es trotz gewaltigen militärischen Anstrengungen nicht, den zähen Widerstand der afghanischen Mujahedin ( Gotteskämpfer ) - die vom Westen, aber auch von arabischen Ländern grosszügig mit Waffen beliefert wurden - zu brechen .;prozess;agensorientiert;done;anim_like;;frei;+;nd;+;nd;+;nd;nd;nd;nd;nd;nd;nd;nd;nd;nd;nd;nd;nd;nd;nd;nd;nd
36;VVPP;ADJD;projektieren;22;NZZ_1997_10_17_a42_seg6_s12;21;Full|Psp;So kränklich und defizitär die beiden in « Le Temps » aufgehenden Blätter sein mögen, die neue Zeitung wird grosszügig projektiert .;prozess;agensorientiert;done;unknown;;frei;+;nd;+;nd;+;nd;nd;nd;nd;nd;nd;nd;nd;nd;nd;nd;nd;nd;nd;nd;nd;nd
37;VVINF;ADJD;auftreten;9;NZZ_1997_08_16_a109_seg2_s10;6;Full|-2;Obwohl die Schweizerische Nationalbank weiter grosszügig am Geldmarkt auftreten dürfte, seien viele Marktteilnehmer misstrauisch, ob nicht bald mit anziehenden Zinsen am kurzen Ende zu rechnen sei .;prozess;agensorientiert;done;anim_like;;frei;+;nd;+;nd;+;nd;nd;nd;nd;nd;nd;nd;nd;nd;nd;nd;nd;nd;nd;nd;nd;nd
38;VVPP;ADJD;tun;9;NZZ_1993_12_22_a167_seg3_s8;8;Full|Psp;Er hat dies in der Vergangenheit auch grosszügig getan und insbesondere das zürcherische Berggebiet namhaft unterstützt .;prozess;agensorientiert;done;anim;;frei;+;nd;+;nd;+;nd;nd;nd;nd;nd;nd;nd;nd;nd;nd;nd;nd;nd;nd;nd;nd;nd
39;VVPP;ADJD;finanzieren;23;NZZ_1998_10_27_a23_seg9_s8;22;Full|Psp;Schumer seinerseits wirft D ' Amato vor, er sei ein Sklave der Interessengruppen, die ihn in der Tat ausserordentlich grosszügig finanziert haben .;prozess;agensorientiert;done;anim_like;;frei;+;nd;+;nd;+;nd;nd;nd;nd;nd;nd;nd;nd;nd;nd;nd;nd;nd;nd;nd;nd;nd
40;VVPP;ADJD;bemessen;15;NZZ_1997_09_09_a184_seg4_s5;14;Full|-2;Gerade für Mitreisende auf den hinteren Sitzen ist die Kopf- und Kniefreiheit äusserst grosszügig bemessen .;nd;nd;not of interest;;prädikativ;;nd;nd;nd;nd;nd;nd;nd;nd;nd;nd;nd;nd;nd;nd;nd;nd;nd;nd;nd;nd;nd;nd
41;VVPP;ADJD;übersehen;13;NZZ_1996_11_25_a57_seg1_s17;12;Full|Psp;Entsprechend werden bei ihnen allfällige Haushalttricks zur Erreichung der finanzpolitischen Konvergenzkriterien grosszügig übersehen .;prozess;agensorientiert;done;unknown;;frei;+;nd;+;nd;+;nd;nd;nd;nd;nd;nd;nd;nd;nd;nd;nd;nd;nd;nd;nd;nd;nd
42;VVFIN;ADJD;zeigen;29;NZZ_1995_07_06_a162_seg7_s3;32;Full|3|Sg|Past|Ind;"Er schien einen Teil der Hürdensprinterinnen vor dem ersten internationalen Wettlauf dermassen zu irritieren, dass der Startrichter die Läuferinnen gleich viermal zurückschiessen musste ; beim fünften Versuch zeigte er ( grosszügig ) Einsicht mit den unruhigen Gestalten .";prozess;agensorientiert;done;anim;;frei;+;nd;+;nd;+;nd;nd;nd;nd;nd;nd;nd;nd;nd;nd;nd;nd;nd;nd;nd;nd;nd
43;VVPP;ADJD;bemessen;14;NZZ_1996_10_01_a276_seg8_s6;11;Full|-2;Schon für die Antike selbst ist der zeitliche Rahmen so grosszügig wie möglich bemessen : dem « Neuen Pauly » gilt alles als zugehörig, was von der Mitte des 2 .;nd;nd;not of interest;;vergleich;;nd;nd;nd;nd;nd;nd;nd;nd;nd;nd;nd;nd;nd;nd;nd;nd;nd;nd;nd;nd;nd;nd
44;VVPP;ADJD;unterstützen;23;NZZ_1997_09_11_a28_seg8_s3;22;Full|Psp;Eine besondere Dankbarkeit fühlten die 15 000 Ungarn, die von der Schweiz nach der Niederlage der Revolution aufgenommen und beispiellos grosszügig unterstützt wurden .;prozess;agensorientiert;done;anim_like;;frei;+;nd;+;nd;+;nd;nd;nd;nd;nd;nd;nd;nd;nd;nd;nd;nd;nd;nd;nd;nd;nd
45;VVFIN;ADJD;teilen;23;NZZ_1996_01_23_a81_seg5_s2;30;Full|3|Sg|Pres|Ind;Mögen die deutschen Konsumenten auch jede Mark zweimal umdrehen, bevor sie für Konsumgüter ausgegeben wird - für eine Reise ins Ausland teilt man das Haushaltsbudget immer noch gerne grosszügig ein .;prozess;agensorientiert;done;anim;;frei;+;nd;+;nd;+;nd;nd;nd;nd;nd;nd;nd;nd;nd;nd;nd;nd;nd;nd;nd;nd;nd
46;VVFIN;ADJD;zeigen;13;NZZ_1999_06_21_a10_seg7_s2;21;Full|3|Pl|Pres|Ind;Wo Geld fehlt - wie häufig etwa in afrikanischen Staaten -, zeigen sich Interessenvertreter für eine günstige Presse gerne grosszügig .;prozess;agensorientiert;done;anim;;notwendig;+;nd;+;nd;+;nd;nd;nd;nd;nd;nd;nd;nd;nd;nd;nd;nd;nd;nd;nd;nd;nd
47;VVPP;ADJD;entlohnen;7;NZZ_1999_08_30_a95_seg9_s6;6;Full|3|Sg|Pres|Ind;Wenn ein Unternehmen die Mitarbeiter grosszügig entlohnt, hofft es, dank motivierten Arbeitnehmern längerfristig einen Wettbewerbsvorteil zu erzielen .;prozess;agensorientiert;done;anim_like;;frei;+;nd;+;nd;+;nd;nd;nd;nd;nd;nd;nd;nd;nd;nd;nd;nd;nd;nd;nd;nd;nd
48;VVPP;ADJD;öffnen;8;NZZ_1996_11_02_a200_seg4_s83;7;Full|Psp;Ob Frankreichs Schatulle für seine Südseegebiete grosszügig geöffnet bleibt, auch wenn dereinst nicht mehr das freundschaftliche Gespann Chirac - Flosse die 17 100 Kilometer von Paris nach Papeete überbrückt, ist manchen Insulanern eine bange Frage .;nd;nd;not of interest;;ModPräd;;nd;nd;nd;nd;nd;nd;nd;nd;nd;nd;nd;nd;nd;nd;nd;nd;nd;nd;nd;nd;nd;nd
49;VVPP;ADJD;planen;16;NZZ_1996_05_10_a197_seg5_s11;15;Full|Psp;Mit dem Versprechen, das Stadion öfters für leichtathletische Grossanlässe zu benützen, wurde grosszügig geplant und gebaut .;prozess;agensorientiert;done;unknown;ambig degree;frei;+;nd;+;nd;+;nd;nd;nd;nd;nd;nd;nd;nd;nd;nd;nd;nd;nd;nd;nd;nd;nd
50;VVFIN;ADJD;zeigen;17;NZZ_1994_02_12_a120_seg4_s19;16;Full|3|Sg|Pres|Ind;Wir wissen, so Starobinski, wie die Geschichte ausgeht, wenn sich Fortuna sehr grosszügig zeigt .;prozess;agensorientiert;done;anim;;notwendig;+;nd;+;nd;+;nd;nd;nd;nd;nd;nd;nd;nd;nd;nd;nd;nd;nd;nd;nd;nd;nd
51;VVFIN;ADJD;fallen;25;NZZ_1997_02_17_a65_seg14_s7;37;Full|3|Sg|Past|Ind;Da Panama bei den Rating-Agenturen noch eine Stufe unterhalb des Investment Grade rangiert und weil die Emission auch ein sicherer Erfolg werden sollte, fiel die Ausstattung der Anleihe mit einem Spread von 175 Basispunkten relativ grosszügig aus ( Kroatien, das nur eine Rating-Kategorie höher rangiert, war in der Woche zuvor mit einer Prämie von 80 Basispunkten gekommen ) .;prozess;agensorientiert;done;unknown;;notwendig;+;nd;+;nd;+;nd;nd;nd;nd;nd;nd;nd;nd;nd;nd;nd;nd;nd;nd;nd;nd;nd
52;VVFIN;ADJD;überschreiten;24;NZZ_1995_07_31_a59_seg3_s5;21;Full|3|Pl|Pres|Ind;Der regionale Wasserlieferant, die Rand-Wasserbehörde, hat deshalb den Preis für Wassermengen, die ein bestimmtes, nicht allzu grosszügig angesetztes Kontingent überschreiten, kräftig angehoben .;nd;nd;not of interest;;ModADJ;;nd;nd;nd;nd;nd;nd;nd;nd;nd;nd;nd;nd;nd;nd;nd;nd;nd;nd;nd;nd;nd;nd
53;VVPP;ADJD;gewähren|währen;11;NZZ_1994_08_29_a88_seg23_s9;9;Full|Psp;"Der Regierungsrat hat wohl der Stadt Zürich bisher grosszügig Fristerstreckungen gewährt ; es fragt sich aber, wie lange ein « fristgemässer » Erlass der Bau- und Zonenordnung noch mit Fristerstreckungen aufgeschoben werden dürfe .";prozess;agensorientiert;done;anim_like;;frei;+;nd;+;nd;+;nd;nd;nd;nd;nd;nd;nd;nd;nd;nd;nd;nd;nd;nd;nd;nd;nd
54;VVPP;ADJD;subventionieren;13;NZZ_1994_12_19_a97_seg6_s2;12;Full|Psp;Die private Krippe soll von der Stadt Zürich ab kommendem Jahr grosszügig subventioniert werden .;prozess;agensorientiert;done;anim_like;ambig degree;frei;+;nd;+;nd;+;nd;nd;nd;nd;nd;nd;nd;nd;nd;nd;nd;nd;nd;nd;nd;nd;nd
55;VVPP;ADJD;berechnen;16;NZZ_1995_08_07_a61_seg6_s4;15;Full|Psp;Die Höhe von Renten und Pensionen wurde zudem im Vergleich zu anderen Ländern äusserst grosszügig berechnet : 2% des letzten Gehaltes und somit nach 40 Arbeitsjahren maximal 80% in der gewerblichen Wirtschaft, im öffentlichen Dienst konnten in manchen Sparten mit zahlreichen Sondervereinbarungen auch 100% erreicht werden .;prozess;agensorientiert;done;unknown;ambig degree;frei;+;nd;+;nd;+;nd;nd;nd;nd;nd;nd;nd;nd;nd;nd;nd;nd;nd;nd;nd;nd;nd
56;VVPP;ADJD;greifen;18;NZZ_1995_07_22_a81_seg7_s4;14;Full|Psp;Hatte Frankreich bisher die algerische Regierung diplomatisch voll unterstützt und Algier auch wirtschaftlich grosszügig unter die Arme gegriffen, so beginnt die Regierung Chirac nun zu dem Regime in Algier etwas auf Distanz zu gehen .;prozess;agensorientiert;done;anim_like;ambig degree;frei;+;nd;+;nd;+;nd;nd;nd;nd;nd;nd;nd;nd;nd;nd;nd;nd;nd;nd;nd;nd;nd
57;VVFIN;ADJD;walten;9;NZZ_1994_09_26_a147_seg3_s5;6;Full|3|Sg|Past|Ind;Weil Schiedsrichter Vollenweider vorerst sehr grosszügig seines Amtes waltete, arteten die schon früh überaus harten Zweikämpfe mitunter aus .;prozess;agensorientiert;done;anim;;frei;+;nd;+;nd;+;nd;nd;nd;nd;nd;nd;nd;nd;nd;nd;nd;nd;nd;nd;nd;nd;nd
58;VVFIN;ADJD;gewähren;61;NZZ_1998_03_26_a19_seg6_s3;59;Full|3|Sg|Past|Ind;Weiter werden die « anhaltenden Greuel » verurteilt, welche Angehörige der früheren rwandischen Armee, der extremistischen Hutu-Milizionäre und deren Verbündete immer noch begehen, und die afrikanischen Staats- und Regierungschefs verpflichten sich, jegliche Aktivitäten extremistischer Netze auf ihren Territorien zu unterbinden - eine deutliche Spitze gegen Kenyas Präsidenten Moi, der rwandischen Extremisten lange Zeit grosszügig Unterschlupf gewährte und dies laut verschiedenen Quellen auch heute noch tut .;prozess;agensorientiert;done;anim;;frei;+;nd;+;nd;+;nd;nd;nd;nd;nd;nd;nd;nd;nd;nd;nd;nd;nd;nd;nd;nd;nd
59;VVFIN;ADJD;nehmen;10;NZZ_1993_04_16_a158_seg1_s2;12;Full|3|Sg|Pres|Ind;"Die Finanzhilfe an Russland von rund 18 Mrd. $ nimmt sich grosszügig aus ; bei näherem Hinsehen sind es an wirklich neuen Mitteln aber nur 3 Mrd. $ .";prozess;agensorientiert;problem;inanim;"sd; prädikativ; degree";notwendig;+;nd;+;nd;+;nd;nd;nd;nd;nd;nd;nd;nd;nd;nd;nd;nd;nd;nd;nd;nd;nd
60;VVPP;ADJD;dosieren;14;NZZ_1998_10_03_a60_seg1_s4;13;Full|Psp;Die Toleranz gegenüber importierten Verhaltensweisen mag im gelebten Alltag mehr oder weniger grosszügig dosiert sein .;nd;nd;not of interest;;ModPräd;;nd;nd;nd;nd;nd;nd;nd;nd;nd;nd;nd;nd;nd;nd;nd;nd;nd;nd;nd;nd;nd;nd
61;VVFIN;ADJD;zeigen;13;NZZ_1994_07_12_a143_seg3_s4;15;Full|3|Pl|Past|Ind;Völlig unbekannte Leute umarmten und küssten sich immer wieder, diverse Restaurantbesitzer zeigten sich grosszügig und verteilten kostenlos Bier, Sekt und andere Getränke, und selbst zwei- bis dreijährige Kleinkinder, mitgenommen von ihren fussballbegeisterten Eltern, trugen das Ihre zur einzigartigen Atmosphäre der allgemeinen Volksbegeisterung bei .;prozess;agensorientiert;done;anim;;notwendig;+;nd;+;nd;+;nd;nd;nd;nd;nd;nd;nd;nd;nd;nd;nd;nd;nd;nd;nd;nd;nd
62;VVPP;ADJD;auslegen;13;NZZ_1995_05_10_a134_seg46_s3;12;Full|Psp;Freilich ist die Spontaneität minuziös vorbereitet, und die Regeln werden grosszügig ausgelegt : E-Bass und Hammondorgel etwa zählen durchaus noch zu den unverstärkten Instrumenten .;prozess;agensorientiert;done;unknown;;frei;+;nd;+;nd;+;nd;nd;nd;nd;nd;nd;nd;nd;nd;nd;nd;nd;nd;nd;nd;nd;nd
63;VVFIN;ADJD;erscheinen;4;NZZ_1997_02_08_a105_seg6_s6;12;Full|3|Pl|Pres|Ind;Die zulässigen Sparbeträge erscheinen auf den ersten Blick als nicht besonders grosszügig .;nd;nd;not of interest;;vergleich;;nd;nd;nd;nd;nd;nd;nd;nd;nd;nd;nd;nd;nd;nd;nd;nd;nd;nd;nd;nd;nd;nd
64;VVPP;ADJD;verspielen;38;NZZ_1997_11_07_a190_seg4_s4;37;Full|Psp;Aus Gründen des Prestiges, aber auch der Ökonomie ist es nötig, dass das Team des Schweizer Verbandes bis zum Mai-Termin Goodwill schafft - einen Wert also, den man in den letzten Jahren stets grosszügig verspielt hatte .;prozess;agensorientiert;done;anim;;frei;+;nd;+;nd;+;nd;nd;nd;nd;nd;nd;nd;nd;nd;nd;nd;nd;nd;nd;nd;nd;nd
65;VVPP;ADJD;auslegen;15;NZZ_1994_12_22_a126_seg6_s1;14;Full|Psp;Nachdem das Bundesgericht den Begriff der Bahnnebenbetriebe entgegen dem Willen der Stadt sehr grosszügig ausgelegt habe, herrsche in den Bahnhöfen eine « groteske Situation », erklärte Polizeivorstand Robert Neukomm an einer Pressekonferenz .;prozess;agensorientiert;done;anim_like;;notwendig;+;nd;+;nd;+;nd;nd;nd;nd;nd;nd;nd;nd;nd;nd;nd;nd;nd;nd;nd;nd;nd
66;VVINF;ADJD;revanchieren;17;NZZ_1999_11_06_a44_seg6_s1;15;Full|-2;Nun hat sich für die Schweden die Gelegenheit ergeben, sich in einem Tauschgeschäft grosszügig zu revanchieren .;prozess;agensorientiert;done;anim;ambig degree;frei;+;nd;+;nd;+;nd;nd;nd;nd;nd;nd;nd;nd;nd;nd;nd;nd;nd;nd;nd;nd;nd
67;VVFIN;ADJD;operieren;8;NZZ_1995_01_04_a22_seg2_s20;10;Full|3|Sg|Pres|Ind;Sie ignoriert aber die osmanische Rechtstradition oder operiert allzu grosszügig mit der Möglichkeit einer Enteignung aus öffentlichem Interesse .;prozess;agensorientiert;done;anim;;frei;+;nd;+;nd;+;nd;nd;nd;nd;nd;nd;nd;nd;nd;nd;nd;nd;nd;nd;nd;nd;nd
68;VVPP;ADJD;bemessen;15;NZZ_1999_08_10_a178_seg5_s4;14;Full|-2;Das Ladevolumen ist mit minimal 435 l ( auf 1345 l erweiterbar ) grosszügig bemessen .;nd;nd;not of interest;;ModPräd;;nd;nd;nd;nd;nd;nd;nd;nd;nd;nd;nd;nd;nd;nd;nd;nd;nd;nd;nd;nd;nd;nd
69;VVINF;ADJD;versorgen;19;NZZ_1999_04_14_a102_seg6_s7;16;Full|-2;Die Schweizerische Nationalbank liess jüngst mehrfach durchblicken, dass sie den Markt nicht mehr so grosszügig mit Liquidität versorgen wird wie in den ersten Monaten seit der Einführung des Euro .;prozess;agensorientiert;done;anim_like;ambig degree;;+;nd;+;nd;+;nd;nd;nd;nd;nd;nd;nd;nd;nd;nd;nd;nd;nd;nd;nd;nd;nd
70;VVPP;ADJD;bedachen|bedenken;13;NZZ_1993_12_16_a113_seg3_s8;12;Full|Psp;Sie führen unter anderem ins Feld, die Rettungsjacht sei zu grosszügig bedacht worden .;prozess;Gradadverbial;done;unknown;;frei;+;nd;+;nd;nd;nd;+;nd;nd;nd;nd;nd;nd;nd;nd;nd;nd;nd;nd;nd;nd;nd
71;VVPP;ADJD;versprechen;16;NZZ_1994_11_18_a46_seg6_s1;15;Full|Psp;Da Steuer- und Gebührenerhöhungen bis auf weiteres, wie man vor der EU-Abstimmung jedenfalls grosszügig versprochen hatte, nicht in Frage kommen, soll das Defizit allein durch Schnitte auf der Ausgabenseite verringert werden .;prozess;agensorientiert;done;anim;;frei;+;nd;+;nd;+;nd;nd;nd;nd;nd;nd;nd;nd;nd;nd;nd;nd;nd;nd;nd;nd;nd
72;VVPP;ADJD;entschädigen;16;NZZ_1998_02_18_a217_seg3_s25;15;Full|Psp;Auch dies ist ein Verdienst Niggs, dass aufwendig betriebene wertvolle Arbeit auch pekuniär grosszügig entschädigt wird .;prozess;Gradadverbial;done;unknown;ambig agent;frei;+;nd;+;nd;nd;nd;+;nd;nd;nd;nd;nd;nd;nd;nd;nd;nd;nd;nd;nd;nd;nd
73;VVPP;ADJD;auslegen;28;NZZ_1994_06_16_a152_seg3_s30;27;Full|Psp;Dabei geht es ihnen keineswegs um rennmässige Efforts, allerdings setzen sich die von einer Versicherung unterstützten Radfahrer jeweils eine Zeitlimite, die alles andere als grosszügig ausgelegt ist .;nd;nd;not of interest;;vergleich;;nd;nd;nd;nd;nd;nd;nd;nd;nd;nd;nd;nd;nd;nd;nd;nd;nd;nd;nd;nd;nd;nd
74;VVFIN;ADJD;bieten;9;NZZ_1998_07_28_a173_seg4_s8;21;Full|3|Sg|Pres|Ind;Bei einer noch moderaten Länge von 482 cm bietet die eigenwillig gestylte viertürige Limousine fünf Personen auf üppig dimensionierten Sitzen grosszügig Platz .;prozess;Gradadverbial;done;inanim;ambig agent;frei;+;nd;+;nd;nd;nd;+;nd;nd;nd;nd;nd;nd;nd;nd;nd;nd;nd;nd;nd;nd;nd
75;VVINF;ADJD;stehen;10;NZZ_1994_08_08_a48_seg8_s7;9;Full|-2;Wer mit Geldscheinen zahlte, liess das Retourgeld grosszügig stehen .;prozess;Gradadverbial;done;anim;;frei;+;nd;+;nd;nd;nd;+;nd;nd;nd;nd;nd;nd;nd;nd;nd;nd;nd;nd;nd;nd;nd
76;VVPP;ADJD;unterstützen;15;NZZ_1996_10_21_a46_seg18_s10;14;Full|Psp;Aber schon bis heute wurde die britische BSE-Forschung mit etwa 120 Millionen Franken grosszügig unterstützt .;prozess;Gradadverbial;done;unknown;;frei;+;nd;+;nd;nd;nd;+;nd;nd;nd;nd;nd;nd;nd;nd;nd;nd;nd;nd;nd;nd;nd
77;VVPP;ADJD;ausfallen|ausgefallen;22;NZZ_1995_10_11_a1_seg6_s3;21;Full|Psp;Es wird befürchtet, dass eine restriktivere staatliche Lohnpolitik auf den Privatsektor übergreifen würde, dessen Lohnerhöhungen schon bisher weniger grosszügig ausgefallen sind als diejenigen des Staates .;prozess;agensorientiert;done;inanim;ambig degree;notwendig;+;nd;+;nd;+;nd;nd;nd;nd;nd;nd;nd;nd;nd;nd;nd;nd;nd;nd;nd;nd;nd
78;VVPP;ADJD;subventionieren;16;NZZ_1995_03_11_a100_seg3_s4;15;Full|Psp;Das hilft erklären, warum in den meisten Ländern die Messeplätze mehr oder weniger grosszügig subventioniert werden .;prozess;agensorientiert;done;unknown;ambig degree;frei;+;nd;+;nd;+;nd;nd;nd;nd;nd;nd;nd;nd;nd;nd;nd;nd;nd;nd;nd;nd;nd
79;VVINF;ADJD;finanzieren;39;NZZ_1997_03_26_a18_seg8_s6;38;Full|-2;Diese Prognose, so heisst es im Regierungslager selbstironisch, dürfe man darum wagen, weil es zwar wohl Politiker gebe, welche die restriktive Wirtschaftspolitik antasten möchten, aber kaum Mittel, aus denen sich Wahlgeschenke grosszügig finanzieren liessen .;prozess;agensorientiert;done;unknown;ambig degree;frei;+;nd;+;nd;+;nd;nd;nd;nd;nd;nd;nd;nd;nd;nd;nd;nd;nd;nd;nd;nd;nd
80;VVPP;ADJD;bemessen;20;NZZ_1999_03_20_a54_seg7_s12;19;Full|Psp;Die Übergangsfrist für die notwendigen baulichen Massnahmen, um den Auslauf für alle Tiere zu ermöglichen, ist grosszügig bemessen .;nd;nd;not of interest;;ModPräd;;nd;nd;nd;nd;nd;nd;nd;nd;nd;nd;nd;nd;nd;nd;nd;nd;nd;nd;nd;nd;nd;nd
81;VVFIN;ADJD;gehen;7;NZZ_1995_02_04_a30_seg4_s2;12;Full|3|Pl|Pres|Ind;Die Autoren von Film und Roman gehen mit historischen Geschehnissen zwar grosszügig um, der riesige Erfolg ihrer Werke hat indessen mit dazu beigetragen, dass ein breites Publikum mit einer besonders grausamen Phase des Zweiten Weltkriegs im asiatisch-pazifischen Raum besser vertraut ist als mit anderen, und in diesem Zusammenhang spielt es dann eigentlich auch keine Rolle, wenn der Name Kwai viele Leute auf Anhieb zunächst zum Summen der Titelmelodie dieses Filmes animiert .;prozess;agensorientiert;done;anim;;notwendig;+;nd;+;nd;+;nd;nd;nd;nd;nd;nd;nd;nd;nd;nd;nd;nd;nd;nd;nd;nd;nd
82;VVFIN;ADJD;ignorieren;2;NZZ_1995_11_28_a29_seg12_s13;5;Full|3|Pl|Pres|Ind;Viele ignorieren im Fremdenverkehr grosszügig das Preis-Leistungs-Verhältnis und verlassen sich darauf, dass Hilfe von anderer Seite komme .;prozess;agensorientiert;done;anim;;frei;+;nd;+;nd;+;nd;nd;nd;nd;nd;nd;nd;nd;nd;nd;nd;nd;nd;nd;nd;nd;nd
83;VVPP;ADJD;abgelten;17;NZZ_1999_11_16_a94_seg4_s22;16;Full|Psp;Allerdings wird das Wagnis der Entscheidungsträger - darunter die Gründungsaktionäre sowie einige Venture-capital-Firmen - auch grosszügig abgegolten .;prozess;agensorientiert;done;unknown;ambig degree;frei;+;nd;+;nd;+;nd;nd;nd;nd;nd;nd;nd;nd;nd;nd;nd;nd;nd;nd;nd;nd;nd
84;VVPP;ADJD;disponieren;5;NZZ_1995_06_23_a204_seg2_s9;4;Full|Psp;Die Rahmenaufstellung war grosszügig disponiert ( im ersten Stock war die Lichtführung nicht überall ideal ), und die Integration des Börsenteils in die Ausstellung war gut und lud die Interessenten beider Teile ein, einen Blick auch in den jeweils andern zu tun .;prozess;rein;done;unknown;ambig agent;frei;+;nd;+;+;nd;nd;nd;nd;nd;nd;nd;nd;nd;nd;nd;nd;nd;nd;nd;nd;nd;nd
85;VVINF;ADJD;erneuern;24;NZZ_1999_01_25_a169_seg18_s2;22;Full|-2;Und auch der jüngste Versuch der Slowakei, die touristische Infrastruktur in der Hohen und Niederen Tatra mit Hilfe der Winterspiele grosszügig zu erneuern, wird von der IOK-Kommission nur mit verhaltenem Enthusiasmus belohnt .;prozess;agensorientiert;done;anim_like;;frei;+;nd;+;nd;+;nd;nd;nd;nd;nd;nd;nd;nd;nd;nd;nd;nd;nd;nd;nd;nd;nd
86;VVPP;ADJD;definieren;13;NZZ_1996_10_24_a69_seg6_s10;12;Full|Psp;Wenn Sonntagsarbeit jedoch « nötig » ist, was offensichtlich relativ grosszügig definiert wird, muss der Arbeitnehmer innerhalb von drei Monaten mindestens vier Sonntage frei haben .;prozess;agensorientiert;done;unknown;;frei;+;nd;+;nd;+;nd;nd;nd;nd;nd;nd;nd;nd;nd;nd;nd;nd;nd;nd;nd;nd;nd
87;VVPP;ADJD;bemessen;17;NZZ_1997_01_07_a68_seg14_s8;16;Full|Psp;Um den gegenwärtigen Konjunkturproblemen Rechnung zu tragen, können die Fristen für die Übergangsregelung durchaus grosszügig bemessen werden .;prozess;Gradadverbial;done;unknown;ambig agent;frei;+;nd;+;nd;nd;nd;+;nd;nd;nd;nd;nd;nd;nd;nd;nd;nd;nd;nd;nd;nd;nd
88;VVFIN;ADJD;gehen;3;NZZ_1995_07_04_a186_seg6_s3;8;Full|3|Sg|Pres|Ind;Herr Blocher geht mit diesem Begriff sehr grosszügig um : heimatmüde, genug haben, verachten, nicht ernst nehmen .;prozess;agensorientiert;done;anim;;notwendig;+;nd;+;nd;+;nd;nd;nd;nd;nd;nd;nd;nd;nd;nd;nd;nd;nd;nd;nd;nd;nd
89;VVFIN;ADJD;fördern;68;NZZ_1996_01_10_a116_seg3_s4;67;Full|3|Sg|Pres|Ind;"Aus einem grossen geistigen Raum, einem immensen Fundus an Wissen, Erkennen und Erinnern hat Bondy sich gleichsam lebenslang mit diesem schwierigen, widersprüchlichen Thema befasst, und auch in den vorliegenden Aufsätzen wird es lebendig, aus verschiedensten Perspektiven, immer aber im Zeichen der Offenheit, die keinerlei Ängstlichkeiten kennt ; ein Europa aller Nationen, das auch seine « Dritte Welt » grosszügig fördert ; ein Europa, das sich nicht in seine Grenzen abschliesst, das hellhörig bleibt für die anderen Kontinente, seine Kultur in der Auseinandersetzung mit dem Fernen und Fremdem zu bereichern und vertiefen versteht .";prozess;agensorientiert;done;anim_like;;frei;+;nd;+;nd;+;nd;nd;nd;nd;nd;nd;nd;nd;nd;nd;nd;nd;nd;nd;nd;nd;nd
90;VVPP;ADJD;zeigen;10;NZZ_1997_09_24_a35_seg9_s14;9;Full|Psp;Über mehrere Spendenkonten hat sich auch die Bevölkerung grosszügig gezeigt .;prozess;agensorientiert;done;anim;;notwendig;+;nd;+;nd;+;nd;nd;nd;nd;nd;nd;nd;nd;nd;nd;nd;nd;nd;nd;nd;nd;nd
91;VVINF;ADJD;finanzieren;28;NZZ_1994_03_25_a122_seg8_s5;26;Full|-2;Die Anbieter von Zentrumsleistungen gelten - entgegen der Realität - als reich, waren sie doch bisher in der Lage, Zentrumsleistungen anzubieten und auch grosszügig zu finanzieren .;prozess;agensorientiert;done;anim;ambig degree;frei;+;nd;+;nd;+;nd;nd;nd;nd;nd;nd;nd;nd;nd;nd;nd;nd;nd;nd;nd;nd;nd
92;VVPP;ADJD;zeigen;29;NZZ_1996_04_03_a186_seg7_s2;28;Full|Psp;Die Finanzierung des Budgets für die neue Kandidatur ( rund zehn Millionen Franken ) dürfte keine Probleme bereiten, schliesslich hatten sich die Sponsoren beim erstenmal unerwartet grosszügig gezeigt .;prozess;agensorientiert;done;anim;;notwendig;+;nd;+;nd;+;nd;nd;nd;nd;nd;nd;nd;nd;nd;nd;nd;nd;nd;nd;nd;nd;nd
93;VMFIN;ADJD;wollen;41;NZZ_1999_04_15_a57_seg14_s6;30;Mod|3|Sg|Pres|Ind;Wenn man zudem bedenkt, wie problemlos ein zusätzliches MWSt-Prozent für die AHV hingenommen wurde, wie selbstverständlich weitere MWSt-Prozente vom Bundesrat dafür in Aussicht gestellt werden und wie grosszügig der Nationalrat die linearen Abgaben auf den nichterneuerbaren Energien erhöhen will, kann diese Alternative angesichts von mehr Gerechtigkeit bei der direkten Bundessteuer wohl kaum als sozial unakzeptabel ausgeschlossen werden .;prozess;agensorientiert;done;anim_like;ambig degree;frei;+;nd;+;nd;+;nd;nd;nd;nd;nd;nd;nd;nd;nd;nd;nd;nd;nd;nd;nd;nd;nd
94;VVFIN;ADJD;übergehen;25;NZZ_1998_11_27_a237_seg2_s8;24;Full|3|Sg|Past|Ind;So verkündete sie unter anderem : « Der Tag, an dem wir zur EU gehören, wird kommen », wobei sie grosszügig überging, dass der Souverän zu dieser Frage noch ein gewichtiges Wörtchen zu sagen haben wird .;prozess;agensorientiert;done;anim;;frei;+;nd;+;nd;+;nd;nd;nd;nd;nd;nd;nd;nd;nd;nd;nd;nd;nd;nd;nd;nd;nd
95;VVPP;ADJD;verlieben;11;NZZ_1999_12_14_a147_seg5_s14;10;Full|3|Sg|Pres|Ind;Miriam, die sich ausgehungert vor Sehnsucht immer wieder grosszügig verliebt, bleibt bis in ihr Intimleben den Sippenwünschen der Eltern treu .;prozess;Gradadverbial;done;anim;ambig agent;frei;+;nd;+;nd;nd;nd;+;nd;nd;nd;nd;nd;nd;nd;nd;nd;nd;nd;nd;nd;nd;nd
96;VVPP;ADJD;handhaben;17;NZZ_1996_03_16_a80_seg12_s7;16;Full|Psp;Es versteht sich von selbst, dass Schutzklauseln enger oder weiter gefasst, restriktiv oder grosszügig gehandhabt werden können .;prozess;agensorientiert;done;unknown;;frei;+;nd;+;nd;+;nd;nd;nd;nd;nd;nd;nd;nd;nd;nd;nd;nd;nd;nd;nd;nd;nd
97;VVPP;ADJD;unterbringen;11;NZZ_1999_10_19_a197_seg4_s5;6;Full|Psp;Zumindest Fahrer und Beifahrer sind grosszügig auf vielfach verstellbaren Sportsitzen untergebracht, die guten Seitenhalt bieten .;prozess;agensorientiert;done;unknown;;frei;+;nd;+;nd;+;nd;nd;nd;nd;nd;nd;nd;nd;nd;nd;nd;nd;nd;nd;nd;nd;nd
98;VVFIN;ADJD;delegieren;27;NZZ_1999_04_27_a81_seg7_s3;23;Full|3|Pl|Past|Ind;Aber Entwicklung ist von Konflikten besessen, und zwar nicht zuletzt, weil die wirtschaftlichen Ressourcen begrenzt sind und weil selbst die grosszügig an den IMF delegierten makroökonomische Rahmenbedingungen für die Arbeit der Weltbank relevant sind .;prozess;agensorientiert;done;unknown;ambig degree;frei;+;nd;+;nd;+;nd;nd;nd;nd;nd;nd;nd;nd;nd;nd;nd;nd;nd;nd;nd;nd;nd
99;VVFIN;ADJD;entgegenkommen;21;NZZ_1995_11_16_a192_seg4_s5;20;Full|3|Sg|Past|Ind;Das ist den Engländern gelungen, wobei ihnen der Gegner mit einem starken Leistungsabbau in den zweiten 45 Minuten grosszügig entgegenkam .;prozess;agensorientiert;done;anim;;frei;+;nd;+;nd;+;nd;nd;nd;nd;nd;nd;nd;nd;nd;nd;nd;nd;nd;nd;nd;nd;nd
100;VVFIN;ADJD;übergehen;19;NZZ_1998_01_23_a216_seg2_s1;20;Full|3|Sg|Pres|Subj;Max Lutz wirft Christoph Blocher in seinem Brief ( NZZ vom 30. 12. 97 ) vor, er übergehe grosszügig die negativen Folgen des Neins zum EWR : « Was nicht in sein Weltbild passt, ignoriert er . »;prozess;agensorientiert;done;anim;;frei;+;nd;+;nd;+;nd;nd;nd;nd;nd;nd;nd;nd;nd;nd;nd;nd;nd;nd;nd;nd;nd
101;VVFIN;ADJD;zeigen;3;NZZ_1995_07_11_a18_seg2_s14;6;Full|3|Pl|Past|Ind;Die Behörden zeigten sich erstaunlich grosszügig .;prozess;agensorientiert;done;anim_like;;notwendig;+;nd;+;nd;+;nd;nd;nd;nd;nd;nd;nd;nd;nd;nd;nd;nd;nd;nd;nd;nd;nd
102;VVPP;ADJD;bemessen;27;NZZ_1999_05_11_a170_seg7_s4;26;Full|-2;"Zwei Meter breit hat Keller die Gassen zwischen den Rebreihen angelegt ; auch der Abstand von Rebe zu Rebe ist mit einem Meter zwanzig eher grosszügig bemessen .";nd;nd;not of interest;;ModPräd;;nd;nd;nd;nd;nd;nd;nd;nd;nd;nd;nd;nd;nd;nd;nd;nd;nd;nd;nd;nd;nd;nd
103;VVFIN;ADJD;ausklammern;22;NZZ_1995_03_14_a30_seg2_s23;20;Full|3|Sg|Pres|Ind;Vermutlich ist den SP-Sicherheitsfachleuten jedoch entgangen, dass ihr Experte Lutz Unterseher Führungs- und Übermittlungssyteme in seiner Studie « grosszügig » ausklammert ... Lz.;prozess;agensorientiert;done;anim;;frei;+;nd;+;nd;+;nd;nd;nd;nd;nd;nd;nd;nd;nd;nd;nd;nd;nd;nd;nd;nd;nd
104;VVFIN;ADJD;zeigen;3;NZZ_1995_03_13_a173_seg3_s17;2;Full|3|Sg|Past|Ind;Überraschend grosszügig zeigte sich Gobbi gegenüber Biels Kanadier Alston, der nach einer Keilerei vor der ersten Drittelspause keine Spieldauerdisziplinarstrafe zugesprochen erhielt .;prozess;agensorientiert;done;anim;;notwendig;+;nd;+;nd;+;nd;nd;nd;nd;nd;nd;nd;nd;nd;nd;nd;nd;nd;nd;nd;nd;nd
105;VVPP;ADJD;bewirten;19;NZZ_1998_03_12_a131_seg4_s4;18;Full|Psp;Der Beamte soll unter anderem von der Industrial Bank of Japan sowie den Banken Sanwa und Sumitomo grosszügig bewirtet und zum Golfspiel eingeladen worden sein .;prozess;agensorientiert;done;anim_like;;frei;+;nd;+;nd;+;nd;nd;nd;nd;nd;nd;nd;nd;nd;nd;nd;nd;nd;nd;nd;nd;nd
106;VVPP;ADJD;verteilen;59;NZZ_1996_04_20_a121_seg4_s4;58;Full|Psp;Und neben den öffentlichen Verkaufsstellen gibt es einen privaten Nachschub von Lebensmitteln, der das ganze Jahr hindurch zwischen Verwandten und Bekannten funktioniert : feines apulisches Hartweizenmehl, kräftiges Olivenöl, eingemachte Auberginen, frische grüne oder getrocknete Fave und ausgereifte Kaktusfeigen werden von Vätern, Grossvätern, Onkeln und Schwägern in Taschen und Koffern angeschleppt und grosszügig verteilt, so dass der gastronomische Kontakt zur Heimat nie abreisst .;prozess;agensorientiert;done;anim;;frei;+;nd;+;nd;+;nd;nd;nd;nd;nd;nd;nd;nd;nd;nd;nd;nd;nd;nd;nd;nd;nd
107;VVPP;ADJD;unterstützen;16;NZZ_1999_12_29_a22_seg13_s9;15;Full|Psp;Die Wirtschaftskriminellen hätten die Wahlkampagnen der Parteien - auch diejenige des MLPC Patassés - grosszügig unterstützt .;prozess;agensorientiert;done;anim;;frei;+;nd;+;nd;+;nd;nd;nd;nd;nd;nd;nd;nd;nd;nd;nd;nd;nd;nd;nd;nd;nd
108;VVPP;ADJD;aufstocken;12;NZZ_1998_01_26_a105_seg6_s23;11;Full|Psp;Um diese Protagonisten ganzjährig zu binden, müsste unser Budget grosszügig aufgestockt werden .;prozess;agensorientiert;done;unknown;ambig degree;frei;+;nd;+;nd;+;nd;nd;nd;nd;nd;nd;nd;nd;nd;nd;nd;nd;nd;nd;nd;nd;nd
109;VVPP;ADJD;verlängern;43;NZZ_1996_04_18_a22_seg5_s1;42;Full|Psp;Der bewaffnete Arm der Cuncolta, der FLNC-Canal-historique, hatte im Januar mit über fünfhundert Bewaffneten einen Tag vor der Ankunft von Innenminister Debré auf der Insel an einer Pressekonferenz einen Waffenstillstand von drei Monaten angekündigt und diesen vor fünf Tagen grosszügig verlängert .;prozess;agensorientiert;done;anim_like;;frei;+;nd;+;nd;+;nd;nd;nd;nd;nd;nd;nd;nd;nd;nd;nd;nd;nd;nd;nd;nd;nd
110;VVPP;ADJD;umgehen;17;NZZ_1998_01_09_a180_seg3_s11;16;Full|Psp;5.50 ), bei dem man im Hinblick auf die Fleischportion für einmal nicht sehr grosszügig umgegangen war .;prozess;agensorientiert;done;anim;ambig degree;notwendig;+;nd;+;nd;+;nd;nd;nd;nd;nd;nd;nd;nd;nd;nd;nd;nd;nd;nd;nd;nd;nd
111;VVPP;ADJD;ausgeben;14;NZZ_1995_12_09_a156_seg5_s5;13;Full|Psp;Diese Abbaumassnahmen verärgerten das Personal, zumal daneben das Geld immer noch grosszügig ausgegeben werde, nämlich dann, wenn es « den Freunden in der Privatwirtschaft nützt » .;prozess;agensorientiert;done;unknown;ambig degree;frei;+;nd;+;nd;+;nd;nd;nd;nd;nd;nd;nd;nd;nd;nd;nd;nd;nd;nd;nd;nd;nd
112;VVFIN;ADJD;propagieren;10;NZZ_1996_11_18_a26_seg11_s14;6;Full|3|Pl|Pres|Ind;Künftige Mehrwertsteuererhöhungen, die sie grosszügig für verschiedenste Anliegen propagieren, müssen laut SP für die Sozialversicherungen reserviert sein .;prozess;agensorientiert;done;anim;ambig degree;frei;+;nd;+;nd;+;nd;nd;nd;nd;nd;nd;nd;nd;nd;nd;nd;nd;nd;nd;nd;nd;nd
113;VVPP;ADJD;auftischen;11;NZZ_1996_02_26_a79_seg9_s8;10;Full|Psp;Was der Gastgeber zu bieten hat, ist uns grosszügig aufgetischt worden : mehrere Schachteln mit grossen Zuckerstücken, geöffnete Dosen mit gezuckerter Milch, ein pechschwarzer, zäher Brotaufstrich, ranzige Butter und ein Karton mit geschmacksneutralen Hartbiskuits .;prozess;agensorientiert;done;unknown;;frei;+;nd;+;nd;+;nd;nd;nd;nd;nd;nd;nd;nd;nd;nd;nd;nd;nd;nd;nd;nd;nd
114;VVINF;ADJD;auslegen;9;NZZ_1999_09_02_a50_seg14_s4;8;Full|-2;Diese Bestimmung scheint der Vorsitzende Hans Wiprächtiger grosszügig auslegen zu wollen, sieht er doch angesichts der vermutlich sehr langen Dauer des Verfahrens bereits jetzt eine zweitägige und eine ganzwöchige Unterbrechung vor ( die genauen Verhandlungsdaten finden sich auf Internet * ) .;prozess;agensorientiert;done;anim;ambig rein;notwendig;+;nd;+;nd;+;nd;nd;nd;nd;nd;nd;nd;nd;nd;nd;nd;nd;nd;nd;nd;nd;nd
115;VVPP;ADJD;bemessen;20;NZZ_1998_07_22_a37_seg13_s7;19;Full|-2;Früher hätten viele die freiwillige « Drei-Prozent-Steuer » für die Parallelstruktur der nicht anerkannten « Republik Kosovo » grosszügig bemessen und darüber hinaus regelmässig Geld nach Hause geschickt .;prozess;agensorientiert;done;anim;ambig degree;notwendig;+;nd;+;nd;+;nd;nd;nd;nd;nd;nd;nd;nd;nd;nd;nd;nd;nd;nd;nd;nd;nd
116;VVFIN;ADJD;unterstützen;3;NZZ_1999_03_01_a23_seg8_s3;7;Full|3|Sg|Past|Ind;Der Staat unterstützte angehende Bauern sehr grosszügig beim Bohren tiefer Brunnen und bei der Anschaffung von Bewässerungsanlagen .;prozess;agensorientiert;done;anim_like;;frei;+;nd;+;nd;+;nd;nd;nd;nd;nd;nd;nd;nd;nd;nd;nd;nd;nd;nd;nd;nd;nd
117;VVFIN;ADJD;zeigen;7;NZZ_1998_08_25_a186_seg4_s5;12;Full|3|Pl|Past|Ind;Auch bei der Architektur des Interieurs zeigten sich die französischen Techniker grosszügig und bewiesen viel Gespür für das Detail .;prozess;agensorientiert;done;anim;;frei;+;nd;+;nd;+;nd;nd;nd;nd;nd;nd;nd;nd;nd;nd;nd;nd;nd;nd;nd;nd;nd
118;VVINF;ADJD;stellen;75;NZZ_1994_04_12_a88_seg11_s6;71;Full|-2;Und auch falls alles mit rechten Dingen zugegangen ist, gibt es zahllose Beispiele dafür, dass ganze Fundkomplexe für Jahre oder Jahrzehnte in Magazinen und Depots verschwinden, wo sie, je nach Land und Ort, unter jämmerlichen Bedingungen und mit wenig Aussicht auf Publikation oder Ausstellung dahindämmern, wogegen - jedenfalls in der Vergangenheit - die bekannten und grossen Sammler ihre Kostbarkeiten der Forschung in aller Regel grosszügig zur Verfügung zu stellen pflegten und nicht selten Museen durch grosszügige Legate beschenkt haben .;prozess;agensorientiert;done;anim;;frei;+;nd;+;nd;+;nd;nd;nd;nd;nd;nd;nd;nd;nd;nd;nd;nd;nd;nd;nd;nd;nd
119;VVINF;ADJD;berücksichtigen;13;NZZ_1995_03_21_a9_seg3_s2;11;Full|-2;Ministerpräsident Dini erklärte sich bereit, eventuelle Abänderungsanträge des Parlaments grosszügig zu berücksichtigen und zu einer ausgewogenen Lösung Hand zu bieten .;prozess;agensorientiert;done;anim;;frei;+;nd;+;nd;+;nd;nd;nd;nd;nd;nd;nd;nd;nd;nd;nd;nd;nd;nd;nd;nd;nd
120;VVINF;ADJD;beitragen;10;NZZ_1997_02_12_a70_seg11_s3;4;Full|-2;Der Konzern will grosszügig zum vorgesehenen Fonds für Nazi-Opfer beitragen .;prozess;agensorientiert;done;anim_like;;frei;+;nd;+;nd;+;nd;nd;nd;nd;nd;nd;nd;nd;nd;nd;nd;nd;nd;nd;nd;nd;nd
121;VVPP;ADJD;ausbauen;27;NZZ_1997_12_23_a29_seg13_s5;26;Full|Psp;Geht man freilich von einer Arbeitslosigkeit von, Prozent aus, kann bei einem unveränderten Leistungsspektrum bei der ALV im Bereich von AHV/IV/BV nicht so grosszügig ausgebaut werden und muss in der Krankenversicherung mehr gespart werden .;prozess;agensorientiert;done;unknown;ambig degree;frei;+;nd;+;nd;+;nd;nd;nd;nd;nd;nd;nd;nd;nd;nd;nd;nd;nd;nd;nd;nd;nd
122;VVFIN;ADJD;zeigen;3;NZZ_1996_01_24_a33_seg3_s4;5;Full|3|Sg|Pres|Ind;Das Unternehmen zeigt sich grosszügig gegenüber Mitarbeitern und Aktionären und macht ausserordentliche Vergabungen an gemeinnützige Organisationen .;prozess;agensorientiert;done;anim_like;;notwendig;+;nd;+;nd;+;nd;nd;nd;nd;nd;nd;nd;nd;nd;nd;nd;nd;nd;nd;nd;nd;nd
123;VVFIN;ADJD;schließen;11;NZZ_1996_10_07_a81_seg7_s27;9;Full|3|Sg|Pres|Ind;Oder : dass vor Feiertagen eine Pathologie so grosszügig vorab schliesst, dass der befürchtete Befund erst nach unnötig langer Angst entkräftet wird .;nd;nd;not of interest;;ModADV;;nd;nd;nd;nd;nd;nd;nd;nd;nd;nd;nd;nd;nd;nd;nd;nd;nd;nd;nd;nd;nd;nd
124;VVPP;ADJD;stimmen;7;NZZ_1995_01_17_a93_seg8_s6;6;Full|Psp;Die Märkte sind nun aber grosszügig gestimmt .;prozess;agensorientiert;done;anim_like;;notwendig;+;nd;+;nd;+;nd;nd;nd;nd;nd;nd;nd;nd;nd;nd;nd;nd;nd;nd;nd;nd;nd
125;VVPP;ADJD;aufbauen;24;NZZ_1996_05_03_a185_seg9_s11;23;Full|Psp;Mochten aus Geldmangel Kindergärten, Schulen und Spitäler geschlossen werden, zwischen Leazes Park Road und Strawberry Place wurde weiter abgerissen und grosszügig aufgebaut .;prozess;agensorientiert;done;unknown;;frei;+;nd;+;nd;+;nd;nd;nd;nd;nd;nd;nd;nd;nd;nd;nd;nd;nd;nd;nd;nd;nd
126;VVPP;ADJD;gewähren|währen;26;NZZ_1994_01_14_a85_seg3_s8;24;Full|Psp;Das Eidgenössische Justiz- und Polizeidepartement ( EJPD ) hat darauf festgehalten, wenn im Einzelfall konkrete Hinweise auf eine Gefährdung vorlägen, werde grosszügig Asyl gewährt oder die vorläufige Aufnahme angeordnet .;prozess;agensorientiert;done;unknown;;frei;+;nd;+;nd;+;nd;nd;nd;nd;nd;nd;nd;nd;nd;nd;nd;nd;nd;nd;nd;nd;nd
127;VVINF;ADJD;einladen;16;NZZ_1996_03_21_a138_seg4_s10;15;Full|-2;Und weil die Pro Helvetia in Zürich bleibt, konnte Direktor Frauchiger die Gästeschar grosszügig einladen, in einem Jahr wieder dabeizusein und unter dem jungen Lindenbaum zusammenzukommen .;prozess;agensorientiert;done;anim;;frei;+;nd;+;nd;+;nd;nd;nd;nd;nd;nd;nd;nd;nd;nd;nd;nd;nd;nd;nd;nd;nd
128;VVPP;ADJD;decken;25;NZZ_1997_12_27_a88_seg7_s7;24;Full|Psp;- Insgesamt ist somit die Aussage zulässig, dass in der betrachteten Zeitperiode eine vergleichsweise hohe Kapitalnachfrage bestanden hat und diese vom Bankensystem grosszügig gedeckt worden ist .;prozess;agensorientiert;done;inanim;ambig degree;frei;+;nd;+;nd;+;nd;nd;nd;nd;nd;nd;nd;nd;nd;nd;nd;nd;nd;nd;nd;nd;nd
129;VVPP;ADJD;bemessen;34;NZZ_1996_11_05_a157_seg44_s5;33;Full|-2;Die Prämienverbilligungsbeiträge für Kinder seien mit 660 Fr. bzw. 480 Fr. pro Kind und Jahr in der Stadt Zürich und 600 Fr. bzw. 420 Fr. pro Kind und Jahr im übrigen Kantonsgebiet grosszügig bemessen .;prozess;Gradadverbial;done;inanim;ambig agent;frei;+;nd;+;nd;nd;nd;+;nd;nd;nd;nd;nd;nd;nd;nd;nd;nd;nd;nd;nd;nd;nd
130;VVFIN;ADJD;tragen;3;NZZ_1995_03_20_a123_seg2_s20;7;Full|3|Pl|Past|Ind;Die Zuschauer trugen folglich nicht nur grosszügig zur Stimmung, sondern auch zur Deckung des Budgets bei .;prozess;agensorientiert;done;anim;ambig degree;frei;+;nd;+;nd;+;nd;nd;nd;nd;nd;nd;nd;nd;nd;nd;nd;nd;nd;nd;nd;nd;nd
131;VVFIN;ADJD;schöpfen;33;NZZ_1998_12_10_a143_seg2_s4;34;Full|3|Sg|Pres|Ind;Später fühlt man sich an die Stones der frühen siebziger Jahre erinnert, man erkennt einige Zauberstücke aus Jimi Hendrix ' Trickkiste und Anleihen bei Cream : Die Jon Spencer Blues Explosion schöpft grosszügig aus dem riesigen Fundus des elektrischen Blues .;prozess;Gradadverbial;done;anim_like;ambig agent;frei;+;nd;+;nd;nd;nd;+;nd;nd;nd;nd;nd;nd;nd;nd;nd;nd;nd;nd;nd;nd;nd
132;VVPP;ADJD;dimensionieren;10;NZZ_1998_04_07_a203_seg7_s4;9;Full|Psp;Die vorderen Sitze sind nach schwedischer Art recht grosszügig dimensioniert, stützen den Gesäss- und Rückenbereich gut und sind selbstverständlich heizbar .;nd;nd;not of interest;;ModPräd;;nd;nd;nd;nd;nd;nd;nd;nd;nd;nd;nd;nd;nd;nd;nd;nd;nd;nd;nd;nd;nd;nd
133;VVFIN;ADJD;überhören;10;NZZ_1995_08_19_a181_seg3_s19;12;Full|1|Sg|Pres|Ind;Den rollenden Verkehr, vielleicht 25 000 Fahrzeuge, überhöre ich grosszügig .;prozess;agensorientiert;done;anim;;frei;+;nd;+;nd;+;nd;nd;nd;nd;nd;nd;nd;nd;nd;nd;nd;nd;nd;nd;nd;nd;nd
134;VVINF;ADJD;machen;31;NZZ_1994_06_27_a10_seg6_s9;28;Full|-2;Egal wer an der Spitze Europas stehe - für Major gebe es künftig nichts anderes, schliesst der Kommentator, als auch in Sachfragen vom britischen Veto grosszügig Gebrauch zu machen .;prozess;Gradadverbial;done;anim_like;ambig agent;frei;+;nd;+;nd;nd;nd;+;nd;nd;nd;nd;nd;nd;nd;nd;nd;nd;nd;nd;nd;nd;nd
135;VVFIN;ADJD;regeln;3;NZZ_1996_10_19_a68_seg7_s1;20;Full|3|Sg|Pres|Ind;In Deutschland regelt das zwingende Gesetzesrecht die Vertragsfreiheit auf den Arbeitsmärkten etwa mit Blick auf Arbeitszeiten oder Zuschläge verhältnismässig grosszügig .;prozess;rein;done;inanim;ambig agent;frei;+;nd;+;+;nd;nd;nd;nd;nd;nd;nd;nd;nd;nd;nd;nd;nd;nd;nd;nd;nd;nd
136;VVFIN;ADJD;zeigen;11;NZZ_1995_03_09_a31_seg14_s11;15;Full|3|Sg|Pres|Ind;Geht es dagegen um die Förderung der samischen Kultur, zeigt sich Vattenfall ausgesprochen grosszügig .;prozess;agensorientiert;done;anim_like;;notwendig;+;nd;+;nd;+;nd;nd;nd;nd;nd;nd;nd;nd;nd;nd;nd;nd;nd;nd;nd;nd;nd
137;VVPP;ADJD;versorgen;26;NZZ_1994_02_02_a62_seg2_s2;23;Full|Psp;"Zuerst habe es nach einem ganz gewöhnlichen Januar-Ultimo ausgesehen, hiess es am Markt ; die Schweizerische Nationalbank habe den Markt recht grosszügig mit Liquidität versorgt .";prozess;agensorientiert;done;anim_like;;frei;+;nd;+;nd;+;nd;nd;nd;nd;nd;nd;nd;nd;nd;nd;nd;nd;nd;nd;nd;nd;nd
138;VVFIN;ADJD;gruppieren;33;NZZ_1997_04_01_a101_seg3_s10;32;Full|3|Sg|Pres|Ind;Plötzlich findet man sich in einem langen dunklen Saal wieder, in dessen Tiefe, als schwebten sie im Raum, sich die von oben ins Licht getauchten Seelenhäuser staffeln, grosszügig gruppiert auf einfachen Eisentischen, deren Anordnung einen Parcours vorzeichnet und ihm seinen Rhythmus verleiht .;nd;nd;not of interest;;ModSekPräd;;nd;nd;nd;nd;nd;nd;nd;nd;nd;nd;nd;nd;nd;nd;nd;nd;nd;nd;nd;nd;nd;nd
139;VVINF;ADJD;versorgen;32;NZZ_1997_01_03_a84_seg5_s1;28;Full|-2;Die rezessive Schweizer Wirtschaft und die Höherbewertung des Frankens in der ersten Jahreshälfte haben die Schweizerische Nationalbank dazu bewogen, ihren geldpolitischen Spielraum auszunützen und den Kapitalmarkt grosszügig mit Liquidität zu versorgen .;prozess;agensorientiert;done;anim_like;ambig degree;frei;+;nd;+;nd;+;nd;nd;nd;nd;nd;nd;nd;nd;nd;nd;nd;nd;nd;nd;nd;nd;nd
140;VVPP;ADJD;verzeihen;19;NZZ_1996_06_11_a201_seg2_s3;18;Full|Psp;Die FPS hat ihn nicht ausgeschlossen und statt dessen Toleranz geübt, sie hat ihm einen Fehltritt grosszügig verziehen .;prozess;agensorientiert;done;anim_like;;frei;+;nd;+;nd;+;nd;nd;nd;nd;nd;nd;nd;nd;nd;nd;nd;nd;nd;nd;nd;nd;nd
141;VVFIN;ADJD;gehen;3;NZZ_1997_11_24_a24_seg3_s9;5;Full|3|Sg|Pres|Ind;Wie immer geht Mandela grosszügig mit den Einzelheiten der südafrikanischen Vergangenheit um .;prozess;agensorientiert;done;anim;;notwendig;+;nd;+;nd;+;nd;nd;nd;nd;nd;nd;nd;nd;nd;nd;nd;nd;nd;nd;nd;nd;nd
142;VVINF;ADJD;behandeln;23;NZZ_1993_12_07_a55_seg15_s8;22;Full|-2;- Es stimmt nicht, dass die kantonalen Polizeibehörden bei ihren Kontrollen ( Einhaltung der 28-Tonnen-Limite ) Transportunternehmer aus der EU grosszügig behandeln ( Frage Giezendanner, aps., Aargau ) .;prozess;agensorientiert;done;anim_like;;notwendig;+;nd;+;nd;+;nd;nd;nd;nd;nd;nd;nd;nd;nd;nd;nd;nd;nd;nd;nd;nd;nd
143;VVFIN;ADJD;stellen;4;NZZ_1996_09_07_a169_seg3_s2;5;Full|3|Sg|Pres|Ind;Das neue Einrichtungskonzept stellt grosszügig bemessene, elegante Präsentationsflächen in den Vordergrund .;nd;nd;not of interest;;ModADJ;;nd;nd;nd;nd;nd;nd;nd;nd;nd;nd;nd;nd;nd;nd;nd;nd;nd;nd;nd;nd;nd;nd
144;VVPP;ADJD;bezeichnen;14;NZZ_1999_07_24_a157_seg11_s9;13;Full|Psp;Gesundheitsorganisationen und Umweltverbände hingegen haben die Richtlinien als nach wie vor zu grosszügig bezeichnet und warnen vor den Folgen des Elektrosmogs .;nd;nd;not of interest;;vergleich;;nd;nd;nd;nd;nd;nd;nd;nd;nd;nd;nd;nd;nd;nd;nd;nd;nd;nd;nd;nd;nd;nd
145;VVPP;ADJD;schätzen;6;NZZ_1999_02_08_a189_seg3_s8;5;Full|Psp;Zur Freude der - grosszügig geschätzt - 12 000 Zuschauer verbesserte dafür die Stabhochspringerin Melissa Mueller den US-Landesrekord um einen Zentimeter auf, m .;nd;nd;not of interest;;parenthese;;nd;nd;nd;nd;nd;nd;nd;nd;nd;nd;nd;nd;nd;nd;nd;nd;nd;nd;nd;nd;nd;nd
146;VVFIN;ADJD;zeigen;14;NZZ_1998_08_21_a31_seg8_s6;13;Full|3|Pl|Past|Ind;Dies gefällt jenen Gemeinden nicht, die sich ihrem Lehrpersonal gegenüber wenig grosszügig zeigten .;prozess;agensorientiert;not of interest;anim_like;;notwendig;+;nd;+;nd;+;nd;nd;nd;nd;nd;nd;nd;nd;nd;nd;nd;nd;nd;nd;nd;nd;nd
147;VVPP;ADJD;bemessen;8;NZZ_1996_06_04_a187_seg5_s9;7;Full|Psp;Die kuhlenförmige Sitzbank ist für beide grosszügig bemessen und in idealer Härte gepolstert .;nd;nd;not of interest;;ModPräd;;nd;nd;nd;nd;nd;nd;nd;nd;nd;nd;nd;nd;nd;nd;nd;nd;nd;nd;nd;nd;nd;nd
148;VVFIN;ADJD;preisgeben;7;NZZ_1994_03_31_a222_seg11_s1;6;Full|3|Pl|Past|Ind;Obwohl die Portugiesen das Mittelfeld grosszügig preisgaben und das Platzteam gewähren liessen, hatten sie nicht mehr zu befürchten als klare ( optische ) gegnerische Dominanz ohne Ergebnis .;prozess;agensorientiert;done;anim;;frei;+;nd;+;nd;+;nd;nd;nd;nd;nd;nd;nd;nd;nd;nd;nd;nd;nd;nd;nd;nd;nd
149;VVPP;ADJD;dimensionieren;17;NZZ_1996_07_15_a63_seg4_s2;16;Full|Psp;Die auf Kosten einer allerdings bereits jetzt als lästig empfundenen Neuverschuldung verabschiedeten Impulspakete waren ja grosszügig dimensioniert, und sie wurden prozyklisch durch einen expansiven Kurs der Bank of Japan gestützt .;nd;nd;not of interest;;ModPräd;;nd;nd;nd;nd;nd;nd;nd;nd;nd;nd;nd;nd;nd;nd;nd;nd;nd;nd;nd;nd;nd;nd
150;VVFIN;ADJD;garantieren;79;NZZ_1995_09_23_a165_seg2_s5;72;Full|3|Sg|Past|Ind;Biel ( gegen fünf Millionen Franken Schulden, dafür mit Igor Boldin bereits wieder mit einem dritten Ausländer ) und das alljährlich totgesagte Chur (, Millionen Franken ) retteten sich nur mit juristischen Winkelzügen und sogenannten Auffangvereinen vor dem Konkurs oder einem freiwilligen Abstieg, in Olten ist der Nachlassvertrag noch nicht zustande gekommen, in Genf droht ein frühzeitiger Kollaps des Neulings, der dem kanadischen Stürmer Andrew McKim grosszügig eine Gage von 200 000 Dollar garantierte .;prozess;agensorientiert;done;anim;;frei;+;nd;+;nd;+;nd;nd;nd;nd;nd;nd;nd;nd;nd;nd;nd;nd;nd;nd;nd;nd;nd
151;VVPP;ADJD;tolerieren;9;NZZ_1999_10_15_a241_seg7_s2;8;Full|Psp;Nachdem man die frühere Leitung zu lange grosszügig toleriert hat, befremden nun die kaum zu erfüllenden Auflagen an das leistungswillige Team um so mehr .;prozess;agensorientiert;done;anim;;frei;+;nd;+;nd;+;nd;nd;nd;nd;nd;nd;nd;nd;nd;nd;nd;nd;nd;nd;nd;nd;nd
152;VVINF;ADJD;passieren;19;NZZ_1994_12_10_a92_seg3_s8;17;Full|-2;Als « raison d ' être » des Hauses lassen diese attraktiven Damen ihre graziösen Körper grosszügig Revue passieren, wobei sie auch von männlichen Tänzern unterstützt werden .;prozess;agensorientiert;done;anim;;frei;+;nd;+;nd;+;nd;nd;nd;nd;nd;nd;nd;nd;nd;nd;nd;nd;nd;nd;nd;nd;nd
153;VVFIN;ADJD;leisten;5;NZZ_1999_03_10_a13_seg3_s6;8;Full|3|Pl|Past|Ind;Unmittelbar nach der Naturkatastrophe leisteten die USA grosszügig Hilfe und entsandten Truppenkontingente für Rettungseinsätze und den Wiederaufbau in die Region .;prozess;agensorientiert;done;anim_like;;frei;+;nd;+;nd;+;nd;nd;nd;nd;nd;nd;nd;nd;nd;nd;nd;nd;nd;nd;nd;nd;nd
154;VVPP;ADJD;bewirten;35;NZZ_1997_10_31_a89_seg3_s2;34;Full|Psp;Vor einiger Zeit wurden vier Manager des Autokonzerns verhaftet, da sie im dringenden Verdacht stehen, Erpressern - sogenannte Sokaiya - in Verletzung einschlägiger Gesetze Geld für suspekte Gegenleistungen bezahlt und sie grosszügig bewirtet zu haben .;prozess;agensorientiert;done;anim;;frei;+;nd;+;nd;+;nd;nd;nd;nd;nd;nd;nd;nd;nd;nd;nd;nd;nd;nd;nd;nd;nd
155;VVPP;ADJD;übergehen;42;NZZ_1995_06_22_a72_seg8_s9;40;Full|Psp;Die Ärzte, die in den letzten Tagen 340 der 2000 Alitalia-Piloten krankgeschrieben haben, müssen nun, falls es sich um Gefälligkeitsatteste gehandelt hat, ebenfalls mit Strafverfolgung rechnen - ein selbstverständliches Anliegen, das bisher jedoch « grosszügig » übergangen worden ist und zu entsprechenden Missbräuchen veranlasst hat .;prozess;agensorientiert;done;unknown;;frei;+;nd;+;nd;+;nd;nd;nd;nd;nd;nd;nd;nd;nd;nd;nd;nd;nd;nd;nd;nd;nd
156;VVINF;ADJD;alimentieren;32;NZZ_1998_06_05_a28_seg11_s11;31;Full|-2;Mit dem Innenministerium und dem Ministerium für Arbeit und Soziales besetzt Shas Schlüsselstellen, was das Verteilen von Staatsgeldern betrifft, und kann so die eigenen Institutionen auf legale Weise grosszügig alimentieren .;prozess;agensorientiert;done;anim_like;ambig degree;frei;+;nd;+;nd;+;nd;nd;nd;nd;nd;nd;nd;nd;nd;nd;nd;nd;nd;nd;nd;nd;nd
157;VVPP;ADJD;dimensionieren;6;NZZ_1999_03_25_a271_seg8_s13;5;Full|Psp;Das Kellergeschoss ist so grosszügig dimensioniert, dass selbst 40-Tonnen-LKW problemlos ein- und ausfahren können .;nd;nd;not of interest;;ModPräd;;nd;nd;nd;nd;nd;nd;nd;nd;nd;nd;nd;nd;nd;nd;nd;nd;nd;nd;nd;nd;nd;nd
158;VVPP;ADJD;versorgen;16;NZZ_1996_10_16_a12_seg7_s10;12;Full|Psp;Militärlager im Umkreis der Stadt zeigen, dass General Dostom weiterhin grosszügig mit russischem Material versorgt wird .;prozess;agensorientiert;done;unknown;ambig degree;frei;+;nd;+;nd;+;nd;nd;nd;nd;nd;nd;nd;nd;nd;nd;nd;nd;nd;nd;nd;nd;nd
159;VVFIN;ADJD;scheinen;11;NZZ_1999_04_21_a227_seg5_s1;15;Full|3|Sg|Pres|Ind;Ein Viertel mehr Freizeit bei maximal 10 Prozent weniger Lohn scheint mir aber recht grosszügig ...;prozess;agensorientiert;done;anim;;frei;+;nd;+;nd;+;nd;nd;nd;nd;nd;nd;nd;nd;nd;nd;nd;nd;nd;nd;nd;nd;nd
160;VVPP;ADJD;unterstützen;15;NZZ_1998_10_16_a43_seg3_s16;14;Full|Psp;Sponsoren werden also gesucht, und da in Basel « Kultur » traditionell grosszügig unterstützt wird, geht die Regierung davon aus, dass die erhofften Beiträge fristgerecht zusammenkommen .;prozess;agensorientiert;done;unknown;ambig degree;frei;+;nd;+;nd;+;nd;nd;nd;nd;nd;nd;nd;nd;nd;nd;nd;nd;nd;nd;nd;nd;nd
161;VVFIN;ADJD;sitzen;2;NZZ_1998_10_21_a216_seg4_s8;37;Full|1|Pl|Pres|Ind;Wir sitzen in Michel Aguets lichtdurchflutetem Arbeitszimmer, hoch über Lausanne, mit grossartigen Ausblicken auf ein Panorama, das die Schweiz für einmal nicht kleinräumig, nicht gekammert zeigt, sondern offen, zugänglich, grosszügig .;prozess;rein;problem;inanim;;frei;+;nd;+;+;nd;nd;nd;nd;nd;nd;nd;nd;nd;nd;nd;nd;nd;nd;nd;nd;nd;nd
162;VVFIN;ADJD;anwenden;39;NZZ_1995_10_13_a45_seg28_s9;38;Full|-2;Es fällt immerhin auf, dass die Autoren jetzt in den Schlussfolgerungen, wo sich ihre Studie der Tagespolitik nähert und zur politischen Instrumentalisierung einlädt, den zu Beginn von ihnen zurückhaltend gebrauchten Begriff des Rechts extremismus grosszügig anwenden .;prozess;agensorientiert;done;anim;ambig degree;frei;+;nd;+;nd;+;nd;nd;nd;nd;nd;nd;nd;nd;nd;nd;nd;nd;nd;nd;nd;nd;nd
163;VVPP;ADJD;versorgen;17;NZZ_1997_02_18_a127_seg7_s15;14;Full|Psp;Die als Grossraum oder als Zellenbüros nutzbare Fläche wird von der Hofseite her grosszügig mit Licht versorgt .;prozess;Gradadverbial;done;unknown;ambig agent;frei;+;nd;+;nd;nd;nd;+;nd;nd;nd;nd;nd;nd;nd;nd;nd;nd;nd;nd;nd;nd;nd
164;VVINF;ADJD;gewähren;53;NZZ_1996_09_02_a115_seg8_s13;52;Full|3|Pl|Pres|Ind;Mit Ausnahme von Türkyilmaz, der vorerst seine übliche Aggressivität an den Tag legte ( bevor er sich Mitte zweiter Halbzeit in den Schmollwinkel zurückzog ), oder Comisetti, der bis zur Pause immerhin einige Impulse gab, liessen sämtliche Schweizer in Mittelfeld und Sturm ihre offensichtlich zu geringgeschätzten Gegenspieler grosszügig gewähren - Berührungsangst als eine Form von Arroganz ?;prozess;agensorientiert;done;anim;;frei;+;nd;+;nd;+;nd;nd;nd;nd;nd;nd;nd;nd;nd;nd;nd;nd;nd;nd;nd;nd;nd
165;VVINF;ADJD;skizzieren;28;NZZ_1995_01_30_a63_seg3_s6;22;Full|-2;Pudrige Pastells und mit Blumen und Blättern übersäte Mousseline, Goldbänder, die Träger sind und dann bis zum Saum hin grosszügig ein Muster auf das Kleid skizzieren, und Oberteile, die eigentlich nur phantastische Büstenhalter sind, warten auf warme Tage .;prozess;rein;done;inanim;;frei;+;nd;+;+;nd;nd;nd;nd;nd;nd;nd;nd;nd;nd;nd;nd;nd;nd;nd;nd;nd;nd
166;VVPP;ADJD;bewilligen;5;NZZ_1998_07_01_a33_seg9_s3;4;Full|Psp;Die Sabbaticals würden grosszügig bewilligt, gibt Helen Lüchinger von der Abteilung Human Resources von Hewlett Packard Auskunft .;prozess;agensorientiert;done;unknown;;frei;+;nd;+;nd;+;nd;nd;nd;nd;nd;nd;nd;nd;nd;nd;nd;nd;nd;nd;nd;nd;nd
167;VVPP;ADJD;einzeichnen;11;NZZ_1998_10_29_a234_seg10_s6;5;Full|Psp;Obwohl auf der Karte grosszügig Taucher, Surfer und Wasserskifahrer eingezeichnet sind, dominieren meist Leere und Einsamkeit .;nd;nd;not of interest;;ModPräd;;nd;nd;nd;nd;nd;nd;nd;nd;nd;nd;nd;nd;nd;nd;nd;nd;nd;nd;nd;nd;nd;nd
168;VVFIN;ADJD;bauen;7;NZZ_1998_07_28_a139_seg4_s2;9;Full|3|Sg|Pres|Ind;Blickt in die grossartige Landschaft und baut entsprechend grosszügig und klar . »;prozess;rein;done;unknown;;frei;+;nd;+;+;nd;nd;nd;nd;nd;nd;nd;nd;nd;nd;nd;nd;nd;nd;nd;nd;nd;nd
169;VVFIN;ADJD;ausnehmen;25;;24;Full|3|Sg|Pres|Ind;, Zürich ) begründete diesen Antrag im wesentlichen damit, dass sich die vorgesehene Besoldung der Sozialversicherungsrichter im interkantonalen Vergleich immer noch sehr grosszügig ausnimmt und dass Oberrichter kompliziertere Rechtsfälle zu beurteilen haben .;prozess;agensorientiert;done;inanim;;frei;+;nd;+;nd;+;nd;nd;nd;nd;nd;nd;nd;nd;nd;nd;nd;nd;nd;nd;nd;nd;nd
170;VVPP;ADJD;behandeln;21;NZZ_1998_09_23_a53_seg32_s12;20;Full|Psp;Die Schweiz konnte sich formell zum vorliegenden Eurek-Entwurf äussern, während sie in andern Gebieten von der EU weniger grosszügig behandelt wird .;prozess;agensorientiert;done;unknown;;notwendig;+;nd;+;nd;+;nd;nd;nd;nd;nd;nd;nd;nd;nd;nd;nd;nd;nd;nd;nd;nd;nd
171;VVPP;ADJD;verrechnen;6;NZZ_1994_06_24_a109_seg2_s9;5;Full|Psp;Ausserdem werden die Spesen grosszügig verrechnet .;prozess;agensorientiert;done;unknown;;frei;+;nd;+;nd;+;nd;nd;nd;nd;nd;nd;nd;nd;nd;nd;nd;nd;nd;nd;nd;nd;nd
172;VVINF;ADJD;verlauten;8;NZZ_1997_04_11_a21_seg1_s5;7;Full|-2;Wenn Teheran durch seinen Aussenminister nun grosszügig verlauten lässt, die Deutschen in Iran hätten nichts zu befürchten, dann mag das nach dem Zittern der Bonner Amtsstellen in den letzten Wochen recht tröstlich sein .;prozess;agensorientiert;done;anim_like;;frei;+;nd;+;nd;+;nd;nd;nd;nd;nd;nd;nd;nd;nd;nd;nd;nd;nd;nd;nd;nd;nd
173;VVPP;ADJD;aufrunden;12;NZZ_1999_09_24_a84_seg4_s5;11;Full|Psp;Irgendwie und irgendwann kommt man doch an, dann wird grosszügig aufgerundet, weil das Kleingeld zuvor verteilt worden ist und das Ganze letztlich ja doch fast nichts kostet .;prozess;agensorientiert;done;unknown;;frei;+;nd;+;nd;+;nd;nd;nd;nd;nd;nd;nd;nd;nd;nd;nd;nd;nd;nd;nd;nd;nd
174;VVINF;ADJD;anpassen;8;NZZ_1996_12_14_a77_seg6_s5;7;Full|-2;Die Nationalbank will aber ihr Geldangebot grosszügig anpassen, was zur Folge hat, dass auch 1997 das Wachstum des Aggregates über dem mittelfristigen Zielpfad von 1% liegen wird .;prozess;agensorientiert;done;anim_like;ambig degree;frei;+;nd;+;nd;+;nd;nd;nd;nd;nd;nd;nd;nd;nd;nd;nd;nd;nd;nd;nd;nd;nd
175;VVPP;ADJD;anlegen;33;NZZ_1995_11_06_a67_seg6_s3;32;Full|Psp;An Anregungen dazu hat es gewiss nicht gemangelt, zumal die Übungsanlage mit den drei Konferenzschwerpunkten « Emerging Markets », « Moderne Finanzinstrumente » und « Weltwirtschaftliche Perspektiven » enorm grosszügig angelegt war .;prozess;agensorientiert;done;unknown;;frei;+;nd;+;nd;+;nd;nd;nd;nd;nd;nd;nd;nd;nd;nd;nd;nd;nd;nd;nd;nd;nd
176;VVPP;ADJD;erfüllen;8;NZZ_1994_11_10_a195_seg6_s12;7;Full|Psp;Kulinarische Wünsche werden à la carte grosszügig erfüllt .;prozess;agensorientiert;done;unknown;;frei;+;nd;+;nd;+;nd;nd;nd;nd;nd;nd;nd;nd;nd;nd;nd;nd;nd;nd;nd;nd;nd
177;VVPP;ADJD;abgelten;45;NZZ_1999_03_05_a237_seg6_s4;44;Full|Psp;Und dies kann nur gelingen, wenn die grossen Namen der Leichtathletik auch unter Dach zugegen sind, die sich wiederum nur dann gerne in ihrer Vorbereitung auf die in jeglicher Hinsicht wichtigeren Freiluft-WM in Sevilla stören lassen, wenn die lange Anreise grosszügig abgegolten wird .;prozess;agensorientiert;done;unknown;;frei;+;nd;+;nd;+;nd;nd;nd;nd;nd;nd;nd;nd;nd;nd;nd;nd;nd;nd;nd;nd;nd
178;VVPP;ADJD;einräumen;33;NZZ_1995_12_04_a27_seg1_s9;32;Full|Psp;Doch man kann es drehen und wenden, wie man will : Selbst mit der Kompetenz für ein zusätzliches Prozent der Mehrwertsteuer, die der Souverän 1994 bei deren Einführung bereits grosszügig eingeräumt hat, bleibt zur Absicherung der bestehenden AHV ein Loch von rund, Mehrwertsteuerprozenten, was jährlich, Milliarden Franken entspricht .;prozess;agensorientiert;done;anim;;frei;+;nd;+;nd;+;nd;nd;nd;nd;nd;nd;nd;nd;nd;nd;nd;nd;nd;nd;nd;nd;nd
179;VVINF;ADJD;umgehen;17;NZZ_1999_08_17_a52_seg3_s1;11;Full|-2;Interlaken, 13. Aug. ( sda ) Redaktionen sollten möglichst grosszügig mit Reaktionen auf eigene Medienberichte umgehen, selbst wenn sie darin scharf kritisiert werden .;prozess;agensorientiert;done;anim_like;;möglich;+;nd;+;nd;+;nd;nd;nd;nd;nd;nd;nd;nd;nd;nd;nd;nd;nd;nd;nd;nd;nd
180;VVPP;ADJD;unterstützen;24;NZZ_1997_03_25_a152_seg9_s15;23;Full|Psp;Den Akt der Entsolidarisierung können wir nicht mittragen, während gleichzeitig Grossprojekte einflussreicher Kreise - Zoo, Opernhaus, Schloss Kyburg - grosszügig unterstützt werden .;prozess;agensorientiert;done;unknown;ambig degree;frei;+;nd;+;nd;+;nd;nd;nd;nd;nd;nd;nd;nd;nd;nd;nd;nd;nd;nd;nd;nd;nd
181;VVPP;ADJD;reagieren;36;NZZ_1994_09_17_a9_seg8_s9;32;Full|Psp;"Zustimmend reagierten Exponenten der gemässigt-nationalistischen SDLP ; ein Sprecher Sinn Feins kritisierte, dass mit der Aufhebung viel zu lange zugewartet worden sei und dass die Briten nicht genügend spontan und grosszügig auf den Waffenstillstand reagiert hätten .";prozess;agensorientiert;done;anim;;notwendig;+;nd;+;nd;+;nd;nd;nd;nd;nd;nd;nd;nd;nd;nd;nd;nd;nd;nd;nd;nd;nd
182;VVFIN;ADJD;zeigen;16;NZZ_1994_08_23_a68_seg6_s8;15;Full|3|Sg|Past|Ind;Das Eis war gebrochen, als sich der Kanton Tessin in finanzieller Hinsicht äusserst grosszügig zeigte und versprach, an die Gesamtkosten in der Höhe von 2 Mio. Fr. Eigenleistungen von etwa einer halben Mio. Fr. zu erbringen .;prozess;agensorientiert;done;anim_like;;notwendig;+;nd;+;nd;+;nd;nd;nd;nd;nd;nd;nd;nd;nd;nd;nd;nd;nd;nd;nd;nd;nd
183;VVFIN;ADJD;gewähren;21;NZZ_1999_06_15_a38_seg9_s3;19;Full|3|Sg|Pres|Subj;Er machte sich stark für den Mittelweg der « luziden Grosszügigkeit », welche zwar Menschen in Not grosszügig Schutz gewähre, vor allem aber Hilfe in Kosovo und den Erstasylländern leiste .;prozess;rein;done;inanim;;frei;+;nd;+;+;nd;nd;nd;nd;nd;nd;nd;nd;nd;nd;nd;nd;nd;nd;nd;nd;nd;nd
184;VVPP;ADJD;anbieten|angebieten;20;NZZ_1998_08_20_a47_seg9_s5;18;Full|Psp;Ihnen und all jenen neu ankommenden Flüchtlingen wurde von den Behörden ohne grosse Formalitäten Aufnahme gewährt und grosszügig Asyl angeboten .;prozess;agensorientiert;done;unknown;;frei;+;nd;+;nd;+;nd;nd;nd;nd;nd;nd;nd;nd;nd;nd;nd;nd;nd;nd;nd;nd;nd
185;VVPP;ADJD;abrechnen;16;NZZ_1996_01_08_a82_seg3_s23;15;Full|Psp;Zum einen lässt sich die ungeordnete oder schlecht geordnete Existenz Verlaines, historische Voraussetzungen grosszügig abgerechnet, mit dem abenteuerlichen Leben François Villons vergleichen, und daraus ergibt sich das « zeitlose » Bild des Poeten, für den die bürgerlichen Gesetzlichkeiten nicht gelten, den seine Kunst dazu legitimiert oder zwingt, « etwas anderes » zu sein als gewöhnliche Menschen .;nd;nd;not of interest;;ModSekPräd;;nd;nd;nd;nd;nd;nd;nd;nd;nd;nd;nd;nd;nd;nd;nd;nd;nd;nd;nd;nd;nd;nd
186;VVFIN;ADJD;erweisen;4;NZZ_1995_09_15_a179_seg3_s2;7;Full|3|Sg|Past|Ind;Doch der Franzose erwies sich als grosszügig und überliess dem « Helden des Tages », der 199 km alleine vorausgefahren war, quasi als Anerkennung für das Geleistete den Etappensieg .;nd;nd;not of interest;;vergleich;;nd;nd;nd;nd;nd;nd;nd;nd;nd;nd;nd;nd;nd;nd;nd;nd;nd;nd;nd;nd;nd;nd
187;VVINF;ADJD;ausfallen;13;NZZ_1996_01_27_a90_seg6_s3;12;Full|-2;Nach Ansicht des Weissen Hauses muss die Aufstockung des Kreditrahmens so grosszügig ausfallen, dass das Thema in diesem Wahljahr endgültig vom Tisch ist .;prozess;rein;done;inanim;;notwendig;+;nd;+;+;nd;nd;nd;nd;nd;nd;nd;nd;nd;nd;nd;nd;nd;nd;nd;nd;nd;nd
188;VVFIN;ADJD;stellen;9;NZZ_1995_11_13_a130_seg4_s1;4;Full|3|Sg|Pres|Ind;Dass Tignes dermassen grosszügig seine Infrastruktur zur Verfügung stellt, ist alles andere als selbstverständlich .;prozess;agensorientiert;done;anim_like;;frei;+;nd;+;nd;+;nd;nd;nd;nd;nd;nd;nd;nd;nd;nd;nd;nd;nd;nd;nd;nd;nd
189;VVFIN;ADJD;versorgen;20;NZZ_1997_03_13_a115_seg2_s7;17;Full|3|Sg|Pres|Subj;Am Markt wird ausserdem die Vermutung geäussert, dass die Nationalbank den Geldmarkt nicht mehr so grosszügig mit Liquidität versorge .;prozess;agensorientiert;done;anim_like;ambig degree;frei;+;nd;+;nd;+;nd;nd;nd;nd;nd;nd;nd;nd;nd;nd;nd;nd;nd;nd;nd;nd;nd
190;VVIZU;ADJD;ausbauen;13;NZZ_1994_06_14_a84_seg2_s10;12;Full|zu;Für deren Anreise wird geplant, auch das Strassennetz um Budapest grosszügig auszubauen .;prozess;agensorientiert;done;unknown;ambig degree;frei;+;nd;+;nd;+;nd;nd;nd;nd;nd;nd;nd;nd;nd;nd;nd;nd;nd;nd;nd;nd;nd
191;VVPP;ADJD;anlegen;6;NZZ_1998_04_28_a279_seg4_s23;5;Full|Psp;Seine langen Löcher sind grosszügig angelegt, obwohl der zweite Schlag immer ein Risiko für den Spieler bedeutet und Brillanz erfordert .;nd;nd;not of interest;;ModPräd;;nd;nd;nd;nd;nd;nd;nd;nd;nd;nd;nd;nd;nd;nd;nd;nd;nd;nd;nd;nd;nd;nd
192;VMFIN;ADJD;können;31;NZZ_1996_04_20_a17_seg9_s3;21;Mod|3|Sg|Past|Ind;Im Siebentagekrieg Israels von 1993 gewann die Partei zahlreiche Sympathien in den zerstörten Dörfern, weil sie dank iranischer Finanzhilfe grosszügig Zement und Armierungseisen für den Wiederaufbau der Wohnhäuser verteilen konnte .;prozess;agensorientiert;done;anim_like;;frei;+;nd;+;nd;+;nd;nd;nd;nd;nd;nd;nd;nd;nd;nd;nd;nd;nd;nd;nd;nd;nd
193;VVFIN;ADJD;entgegenkommen;17;NZZ_1999_10_05_a82_seg8_s2;16;Full|3|Sg|Past|Ind;Dazu kommt, dass ihnen ihr chinesischer Partnerbetrieb mit dem Plazet der Regierung anfangs auch grosszügig entgegenkam, was die gutgläubigen westlichen Firmen natürlich ermutigte .;prozess;agensorientiert;done;anim_like;;frei;+;nd;+;nd;+;nd;nd;nd;nd;nd;nd;nd;nd;nd;nd;nd;nd;nd;nd;nd;nd;nd
194;VVPP;ADJD;vergessen;23;NZZ_1995_10_24_a99_seg7_s5;22;Full|-2;Mehr und mehr wollen Sortimentsbuchhändler deshalb keine Vertreter mehr empfangen, weil sie den Zeitaufwand der persönlichen Information scheuen und dabei grosszügig vergessen, dass der Verleger seine Lesezeit für neue Manuskripte auch nicht durch die Lagerdrehzahl dividieren kann .;prozess;agensorientiert;done;anim;;frei;+;nd;+;nd;+;nd;nd;nd;nd;nd;nd;nd;nd;nd;nd;nd;nd;nd;nd;nd;nd;nd
195;VVPP;ADJD;bemessen;14;NZZ_1994_06_07_a212_seg8_s6;13;Full|-2;Der Kofferraum ist dank dem langen hinteren Überhang und der raumsparenden Hinterachse grosszügig bemessen ( etwa 500 l ) und zudem vielfältig variierbar .;nd;nd;not of interest;;ModPräd;;nd;nd;nd;nd;nd;nd;nd;nd;nd;nd;nd;nd;nd;nd;nd;nd;nd;nd;nd;nd;nd;nd
196;VVPP;ADJD;einrichten;8;NZZ_1993_04_01_a132_seg2_s6;7;Full|Psp;Die komfortablen Zimmer mit Balkon sind grosszügig eingerichtet mit Parkettböden aus Eukalyptusholz, geschnitzten Kassettentüren, Marmorbad und modernen Bildern .;nd;nd;not of interest;;ModPräd;;nd;nd;nd;nd;nd;nd;nd;nd;nd;nd;nd;nd;nd;nd;nd;nd;nd;nd;nd;nd;nd;nd
197;VVPP;ADJD;übersehen;30;NZZ_1993_04_02_a39_seg2_s3;29;Full|Psp;Dass wir bei unserer eigenen Entwicklung ökologisch auch nicht gerade zimperlich waren und auf welch schwindelerregend hohem Ressourcenniveau wir uns nach wie vor bewegen, wird immer wieder grosszügig übersehen .;prozess;agensorientiert;done;unknown;;frei;+;nd;+;nd;+;nd;nd;nd;nd;nd;nd;nd;nd;nd;nd;nd;nd;nd;nd;nd;nd;nd
198;VVPP;ADJD;unterstützen;18;NZZ_1993_04_14_a1_seg8_s9;17;Full|Psp;Man glaubt hier zu wissen, dass Milosevic die linkskonservativen und nationalpatriotischen Gegner des russischen Präsidenten grosszügig unterstützt, und weist auf eine nicht abreissende Kette von Besuchen russischer Delegationen aus jenem Lager in Belgrad hin .;prozess;agensorientiert;done;anim;;frei;+;nd;+;nd;+;nd;nd;nd;nd;nd;nd;nd;nd;nd;nd;nd;nd;nd;nd;nd;nd;nd
199;VVFIN;ADJD;nehmen;10;NZZ_1993_04_16_a158_seg1_s2;12;Full|3|Sg|Pres|Ind;"Die Finanzhilfe an Russland von rund 18 Mrd. $ nimmt sich grosszügig aus ; bei näherem Hinsehen sind es an wirklich neuen Mitteln aber nur 3 Mrd. $ .";prozess;rein;done;inanim;"sd; ambig degree";notwendig;+;nd;+;+;nd;nd;nd;nd;nd;nd;nd;nd;nd;nd;nd;nd;nd;nd;nd;nd;nd;nd
200;VVFIN;ADJD;übergehen;2;NZZ_1993_04_23_a53_seg2_s4;4;Full|3|Sg|Pres|Ind;Auch übergeht man grosszügig die Tatsache, dass sich der Süden mit der Reformation effektiv vom katholisch gebliebenen Norden gelöst hatte .;prozess;agensorientiert;done;anim;;;+;nd;+;nd;+;nd;nd;nd;nd;nd;nd;nd;nd;nd;nd;nd;nd;nd;nd;nd;nd;nd
