﻿Interne-ID;Function-Head;Funktion-Hit;Head;ID-Head;ID-NZZ;ID-Token;Meta-Kopf;sentence;Oberkategorie;Unterkategorie;Status;Agens;Kommentar;externe Funktion;prozess;pFREQ;AuW;pure;agent;method;degree;proposition;KONJ;FRAME;SADV;extern;KAUS;TEMP;FREQ;BU;LOC;intern;INST;KOM;SH;iLOC
1;VVFIN;ADJD;reagieren;6;NZZ_1999_11_25_a14_seg6_s7;17;Full|3|Sg|Past|Ind;Vor allem die Europäische Union reagierte über den Kommissar für Fragen der Erweiterung, Verheugen, vehement .;prozess;agensorientiert;done;anim_like;;frei;+;nd;+;nd;+;nd;nd;nd;nd;nd;nd;nd;nd;nd;nd;nd;nd;nd;nd;nd;nd;nd
2;VVFIN;ADJD;lehnen;14;NZZ_1998_02_05_a19_seg9_s7;17;Full|3|Pl|Past|Ind;Die mit Unterstützung des Präsidenten in die Regierung aufgenommenen Kräfte aus der Enklave lehnten diesen Kurs vehement ab .;prozess;agensorientiert;done;anim;;frei;+;nd;+;nd;+;nd;nd;nd;nd;nd;nd;nd;nd;nd;nd;nd;nd;nd;nd;nd;nd;nd
3;VVPP;ADJD;wenden;20;NZZ_1998_09_10_a13_seg4_s1;18;Full|Psp;B. A. Pörtschach, 9. September Die Freiheitliche Partei Österreichs ( FPÖ ) hat sich am Mittwoch vehement dagegen gewandt, die Europäische Union ( EU ) nach Osten zu erweitern .;prozess;agensorientiert;done;anim_like;;frei;+;nd;+;nd;+;nd;nd;nd;nd;nd;nd;nd;nd;nd;nd;nd;nd;nd;nd;nd;nd;nd
4;VVPP;ADJD;bestreiten;44;NZZ_1998_11_28_a215_seg3_s1;43;Full|Psp;( si ) Die medizinischen Analysen der Haar- und Blutproben der neun Festina-Fahrer während der Tour de France haben ergeben, dass alle Dopingprodukte zu sich nahmen, also auch die Franzosen Richard Virenque und Pascal Hervé, welche die Dopingvergehen bisher vehement bestritten haben .;prozess;agensorientiert;done;anim;;frei;+;nd;+;nd;+;nd;nd;nd;nd;nd;nd;nd;nd;nd;nd;nd;nd;nd;nd;nd;nd;nd
5;VVPP;ADJD;äußern;16;NZZ_1997_10_10_a161_seg6_s12;15;Full|Psp;"Das Gegenteil ist natürlich der Fall : Selten hat sich der Moralist Kieslowski so vehement geäussert wie in dieser ganz freien Paraphrase der zehn Gebote ; selten auch hat im Kino ein moralischer Impetus zu formal derart beeindruckenden Darstellungen existentieller religiöser Fragestellungen gefunden .";prozess;agensorientiert;done;anim;;frei;+;nd;+;nd;+;nd;nd;nd;nd;nd;nd;nd;nd;nd;nd;nd;nd;nd;nd;nd;nd;nd
6;VVFIN;ADJD;sprechen;2;NZZ_1998_10_02_a1_seg4_s3;8;Full|3|Sg|Pres|Ind;Da spricht sich zum Beispiel ein Politiker vehement gegen eine lange Untersuchung aus, « die teuerste, die ein Präsident oder überhaupt ein Mensch » je habe erdulden müssen, und fährt fort : « Kann jemand all diese Untersuchungen überstehen, ohne dass ein Hinweis auf eine fragwürdige Erklärung oder sogar einige Fehler ans Tageslicht kommen ? »;prozess;agensorientiert;done;anim;;frei;+;nd;+;nd;+;nd;nd;nd;nd;nd;nd;nd;nd;nd;nd;nd;nd;nd;nd;nd;nd;nd
7;VVFIN;ADJD;vertreten;6;NZZ_1997_02_08_a215_seg23_s11;3;Full|3|Sg|Past|Ind;Während es vehement die Minderheitenrechte vertrat, übersah es das Verschwinden der stärksten jugoslawischen Minderheit : der national Nichtdefinierten, mehr noch, das Verschwinden der Minderheiten ganz allgemein .;prozess;agensorientiert;done;unknown;;frei;+;nd;+;nd;+;nd;nd;nd;nd;nd;nd;nd;nd;nd;nd;nd;nd;nd;nd;nd;nd;nd
8;VVFIN;ADJD;fühlen;4;NZZ_1994_05_14_a30_seg14_s2;6;Full|3|Pl|Pres|Ind;Die meisten aber fühlen sich vehement als Simbabwer .;prozess;agensorientiert;done;anim;;frei;+;nd;+;nd;+;nd;nd;nd;nd;nd;nd;nd;nd;nd;nd;nd;nd;nd;nd;nd;nd;nd
9;VVPP;ADJD;wehren;12;NZZ_1996_09_10_a80_seg3_s13;5;Full|Psp;Die Gewerkschaften hatten sich vehement gegen das neue 3-Stufen-Modell für Lohnverhandlungen gewehrt, das sie erst auf der 2 .;prozess;agensorientiert;done;anim_like;;frei;+;nd;+;nd;+;nd;nd;nd;nd;nd;nd;nd;nd;nd;nd;nd;nd;nd;nd;nd;nd;nd
10;VVFIN;ADJD;ablehnen;41;NZZ_1993_08_24_a9_seg8_s10;40;Full|-2;Zu dieser Unentschlossenheit trägt gewiss der Umstand bei, dass alle Nachbarstaaten des Nordiraks - die Türkei, Iran und Syrien - aus Angst vor Autonomiebestrebungen der eigenen kurdischen Minderheiten auch den Gedanken einer Autonomie für die irakischen Kurden vehement ablehnen .;prozess;agensorientiert;done;anim_like;;frei;+;nd;+;nd;+;nd;nd;nd;nd;nd;nd;nd;nd;nd;nd;nd;nd;nd;nd;nd;nd;nd
11;VVPP;ADJD;führen;7;NZZ_1997_08_23_a211_seg4_s11;6;Full|Psp;Sie wird nicht deshalb so vehement geführt, weil es um einen wissenschaftlich interessanten Gegensatz ginge, sondern weil es um die existentielle Frage nach jüdischer Identität im Zeitalter der Krise - nicht nur des Zionismus selbst, sondern der westlichen Gesellschaft insgesamt - geht .;prozess;agensorientiert;done;unknown;;frei;+;nd;+;nd;+;nd;nd;nd;nd;nd;nd;nd;nd;nd;nd;nd;nd;nd;nd;nd;nd;nd
12;VVFIN;ADJD;wehren;29;NZZ_1998_09_17_a40_seg9_s6;24;Full|3|Sg|Pres|Ind;Diese pauschale Abgabe hat marktwirtschaftlich total falsche Signale gesetzt und wurde nur eingesetzt, weil sich die Lastwagenlobby seit mehr als 15 Jahren vehement gegen die leistungsabhängige Abgabe wehrt .;prozess;agensorientiert;done;anim_like;;frei;+;nd;+;nd;+;nd;nd;nd;nd;nd;nd;nd;nd;nd;nd;nd;nd;nd;nd;nd;nd;nd
13;VVPP;ADJD;bekämpfen;9;NZZ_1995_03_07_a59_seg18_s8;8;Full|Psp;Wer heute « Bahn 2000 » so vehement bekämpft, müsste sich die Frage gefallen lassen, wie er es mit der sechsspurigen Autobahn Bern-Zürich hält .;prozess;agensorientiert;done;anim;;frei;+;nd;+;nd;+;nd;nd;nd;nd;nd;nd;nd;nd;nd;nd;nd;nd;nd;nd;nd;nd;nd
14;VVPP;ADJD;fordern;37;NZZ_1996_04_03_a17_seg7_s1;36;Full|Psp;Auffällig an der Erklärung der Regierung jetzt ist vor allem der Umstand, dass darin mit keinem Wort auf die umstrittene Frage des Nato-Beitritts eingegangen wird, der von der Opposition und von Präsident Scheljew vehement gefordert wird .;prozess;agensorientiert;done;clash of coordination;anim+anim_like;frei;+;nd;+;nd;+;nd;nd;nd;nd;nd;nd;nd;nd;nd;nd;nd;nd;nd;nd;nd;nd;nd
15;VVPP;ADJD;zurückweisen;39;NZZ_1997_11_19_a69_seg4_s1;38;Full|Psp;Mit seinem Übernahmeangebot an die französische Versicherungsgruppe Assurances Générales de France ( AGF ) hat der deutsche Allianz-Konzern vor allem auf die zuvor von der italienischen Generali an die AGF ergangene unfreundliche Kaufofferte reagiert, welche letztere vehement zurückgewiesen hatte .;prozess;agensorientiert;done;anim_like;;frei;+;nd;+;nd;+;nd;nd;nd;nd;nd;nd;nd;nd;nd;nd;nd;nd;nd;nd;nd;nd;nd
16;VVFIN;ADJD;plädieren;6;NZZ_1997_09_09_a194_seg3_s1;15;Full|1|Sg|Past|Ind;Bereits vor rund 20 Jahren plädierte ich als Sicherheits-Fachjournalist in verschiedenen Funktionen und Organen vehement für eine konsequente Risikoseparation als generelle Risk-Management-Strategie zur Vermeidung sogenannter Klumpenrisiken .;prozess;agensorientiert;done;anim;;frei;+;nd;+;nd;+;nd;nd;nd;nd;nd;nd;nd;nd;nd;nd;nd;nd;nd;nd;nd;nd;nd
17;VVINF;ADJD;bekämpfen;16;NZZ_1997_05_28_a41_seg3_s15;15;Full|-2;Die Minderheit, darunter das Gros der SP-Vertreter, will die Verfassungsgerichtsbarkeit im Plenum vehement bekämpfen .;prozess;agensorientiert;done;anim_like;;frei;+;nd;+;nd;+;nd;nd;nd;nd;nd;nd;nd;nd;nd;nd;nd;nd;nd;nd;nd;nd;nd
18;VVFIN;ADJD;bestreiten;4;NZZ_1993_12_13_a22_seg6_s8;10;Full|3|Pl|Pres|Ind;Bewohner des Pamir bestreiten die Existenz eines umfangreichen Drogenhandels vehement .;prozess;agensorientiert;done;anim;;frei;+;nd;+;nd;+;nd;nd;nd;nd;nd;nd;nd;nd;nd;nd;nd;nd;nd;nd;nd;nd;nd
19;VVFIN;ADJD;ablehnen;25;NZZ_1997_07_05_a25_seg8_s3;24;Full|3|Sg|Pres|Ind;Schwartz ist ein führender Vertreter der amerikanischen Sektion der Neturei Karta, einer orthodox-jüdischen Bewegung, die den Staat Israel und den Zionismus vehement ablehnt .;prozess;agensorientiert;done;anim_like;;frei;+;nd;+;nd;+;nd;nd;nd;nd;nd;nd;nd;nd;nd;nd;nd;nd;nd;nd;nd;nd;nd
20;VVINF;ADJD;jagen;11;NZZ_1995_03_24_a198_seg4_s29;7;Full|-2;« Wenn ich Goldlights nicht mehr vehement über die Hindernisse jagen muss, wird er flach und begeht Fehler » .;prozess;agensorientiert;done;anim;;frei;+;nd;+;nd;+;nd;nd;nd;nd;nd;nd;nd;nd;nd;nd;nd;nd;nd;nd;nd;nd;nd
21;VVFIN;ADJD;lehnen;4;NZZ_1993_04_17_a161_seg1_s11;10;Full|3|Sg|Pres|Ind;Auch die Belegschaft lehnt eine allfällige Fusion ihrer Gesellschaft vehement ab und droht mit Kampfmassnahmen .;prozess;agensorientiert;done;anim_like;;frei;+;nd;+;nd;+;nd;nd;nd;nd;nd;nd;nd;nd;nd;nd;nd;nd;nd;nd;nd;nd;nd
22;VVFIN;ADJD;sperren;28;NZZ_1994_08_05_a23_seg4_s5;20;Full|3|Pl|Past|Ind;Das erstaunt insofern wenig, als Kutschma schon während seiner Zeit als Ministerpräsident zu jenen gehörte, die sich vehement gegen eine rasche und umfassende nukleare Abrüstung sperrten .;prozess;agensorientiert;done;anim;;frei;+;nd;+;nd;+;nd;nd;nd;nd;nd;nd;nd;nd;nd;nd;nd;nd;nd;nd;nd;nd;nd
23;VVPP;ADJD;verändern;9;NZZ_1996_05_22_a125_seg6_s2;8;Full|Psp;Ihre Inhalte haben sich seit der Frauenbewegung vehement verändert, doch das Klischee der Trivialität ist ihnen geblieben .;prozess;rein;done;inanim;ambig degree;frei;+;nd;+;+;nd;nd;nd;nd;nd;nd;nd;nd;nd;nd;nd;nd;nd;nd;nd;nd;nd;nd
24;VVFIN;ADJD;bestreiten;19;NZZ_1999_10_07_a39_seg6_s6;24;Full|3|Sg|Pres|Ind;Die Behauptung jedoch, das Institut habe bis vor kurzem auch nicht zwischen Wählern und Nicht-Wählern unterschieden, bestreitet der Geschäftsführer Matthias Kappeler vehement : « Seit 1996 ist dieses Kriterium ein fester Bestandteil unserer Umfragen . »;prozess;agensorientiert;done;anim;;frei;+;nd;+;nd;+;nd;nd;nd;nd;nd;nd;nd;nd;nd;nd;nd;nd;nd;nd;nd;nd;nd
25;VVFIN;ADJD;kritisieren;5;NZZ_1996_07_26_a26_seg3_s6;7;Full|3|Sg|Past|Ind;Im Namen der Delegation kritisierte Jacques vehement die Straffreiheit bei derartigen Delikten - nicht anders als während der Diktaturzeit herrsche sie nun auch in der Demokratie vor .;prozess;agensorientiert;done;anim;;frei;+;nd;+;nd;+;nd;nd;nd;nd;nd;nd;nd;nd;nd;nd;nd;nd;nd;nd;nd;nd;nd
26;VVFIN;ADJD;kämpfen;2;NZZ_1999_12_14_a45_seg3_s16;8;Full|3|Sg|Past|Ind;Er kämpfte in den fünfziger Jahren auch vehement gegen die Atombewaffnung der Schweizer Armee .;prozess;agensorientiert;done;anim;;frei;+;nd;+;nd;+;nd;nd;nd;nd;nd;nd;nd;nd;nd;nd;nd;nd;nd;nd;nd;nd;nd
27;VVFIN;ADJD;setzen;3;NZZ_1999_10_14_a206_seg11_s20;6;Full|3|Sg|Past|Ind;Gleichzeitig aber setzte er sich vehement gegen die liberale Demokratie und den Parlamentarismus ein, den er als Erzübel betrachtete .;prozess;agensorientiert;done;anim;;frei;+;nd;+;nd;+;nd;nd;nd;nd;nd;nd;nd;nd;nd;nd;nd;nd;nd;nd;nd;nd;nd
28;VVPP;ADJD;bekämpfen;21;NZZ_1994_11_23_a22_seg7_s1;20;Full|Psp;Dieser seit den siebziger Jahren von der Provinzregierung vorangetriebene Ausbau der Wasserkraft war von den dort beheimateten Cree- Indianern vehement bekämpft worden .;prozess;agensorientiert;done;anim;;frei;+;nd;+;nd;+;nd;nd;nd;nd;nd;nd;nd;nd;nd;nd;nd;nd;nd;nd;nd;nd;nd
29;VVPP;ADJD;protestieren;44;NZZ_1993_04_14_a47_seg7_s4;43;Full|Psp;Während indessen Lothringen die auf anderthalb Stunden halbierten Reisezeiten von Metz und Nancy nach Paris einstweilen genügen, hat das Elsass ( das Unterelsass zumindest ) gegen die Beschränkung auf die Etappe bis vor die Vogesen ( die Fortsetzung blieb unerwähnt ) vehement protestiert .;prozess;agensorientiert;done;anim_like;;frei;+;nd;+;nd;+;nd;nd;nd;nd;nd;nd;nd;nd;nd;nd;nd;nd;nd;nd;nd;nd;nd
30;VVFIN;ADJD;sträuben;19;NZZ_1997_06_28_a112_seg5_s3;21;Full|3|Pl|Past|Subj;Andere hingegen, wie etwa Günter Behnisch, der dort den Neubau der Akademie der Künste plant, sträubten sich vehement gegen die hier verlangte « steinerne » Architektur .;prozess;agensorientiert;done;anim;;frei;+;nd;+;nd;+;nd;nd;nd;nd;nd;nd;nd;nd;nd;nd;nd;nd;nd;nd;nd;nd;nd
31;VVPP;ADJD;ablehnen;27;NZZ_1996_04_27_a108_seg22_s8;26;Full|Psp;"Die Noranda-Generalversammlung vom Donnerstag stand vorab im Zeichen eines umstrittenen Goldminenprojektes in der Nähe des amerikanischen Yellowstone-Parks ; dieses wird von Umweltschützern und den Anwohnern vehement abgelehnt, wogegen Noranda davon überzeugt ist, bis zum Jahresende im Besitz der notwendigen Bewilligungen zu sein .";prozess;agensorientiert;done;anim;;frei;+;nd;+;nd;+;nd;nd;nd;nd;nd;nd;nd;nd;nd;nd;nd;nd;nd;nd;nd;nd;nd
32;VVFIN;ADJD;sprechen;2;NZZ_1993_04_10_a202_seg11_s3;9;Full|3|Sg|Past|Ind;Balladur sprach sich deshalb auch am Donnerstag wieder vehement für die Aufrechterhaltung einer fixen D-Mark-Franc-Wechselkursrelation und gegen eine Abwertung der französischen Valuta aus .;prozess;agensorientiert;done;anim;;frei;+;nd;+;nd;+;nd;nd;nd;nd;nd;nd;nd;nd;nd;nd;nd;nd;nd;nd;nd;nd;nd
33;VVPP;ADJD;vorantreiben;7;NZZ_1997_12_22_a145_seg3_s15;6;Full|Psp;Die Entwicklung eines Riesenslalomski sei vehement vorangetrieben worden, sagt Toni Schutti, Rennsportleiter bei Atomic, zur Strategie des Unternehmens .;prozess;agensorientiert;done;unknown;;frei;+;nd;+;nd;+;nd;nd;nd;nd;nd;nd;nd;nd;nd;nd;nd;nd;nd;nd;nd;nd;nd
34;VVFIN;ADJD;wehren;5;NZZ_1996_03_13_a27_seg11_s2;7;Full|3|Sg|Pres|Ind;Die Historikerin Elisabeth Joris wehrt sich vehement gegen das « eindimensionale machtstrategische Denken » Bodenmanns und Daguets, das sich im Manko an Sensibilität für grundlegende geschlechterspezifische Differenzierungen und in der gleichzeitig äusserst lehrerhaften Attitüde zeige .;prozess;agensorientiert;done;anim;;frei;+;nd;+;nd;+;nd;nd;nd;nd;nd;nd;nd;nd;nd;nd;nd;nd;nd;nd;nd;nd;nd
35;VVPP;ADJD;bestreiten;26;NZZ_1999_10_11_a35_seg6_s5;25;Full|Psp;Zudem sei die Bausubstanz der Bettentrakte in Baar gut, während in Zug bestehende Bettentrakte und Infrastruktur abgebrochen werden müssten, was in Zug vehement bestritten wird .;prozess;agensorientiert;done;unknown;;frei;+;nd;+;nd;+;nd;nd;nd;nd;nd;nd;nd;nd;nd;nd;nd;nd;nd;nd;nd;nd;nd
36;VVPP;ADJD;kritisieren;9;NZZ_1999_10_22_a85_seg3_s6;8;Full|Psp;September, die von Max Gerster so vehement kritisiert worden ist, bezog sich nicht auf die Reform als Ganzes, sondern vor allem auf die vorgesehene Erschwerung der Gründung .;prozess;agensorientiert;done;anim;;frei;+;nd;+;nd;+;nd;nd;nd;nd;nd;nd;nd;nd;nd;nd;nd;nd;nd;nd;nd;nd;nd
37;VVFIN;ADJD;weisen;36;NZZ_1997_09_09_a190_seg15_s8;33;Full|3|Sg|Pres|Ind;Anderseits wäre eine bessere Auslastung des Smart-Werks wohl auch durch eine Parallelproduktion der ebenfalls sehr kompakten (, m ), aber fünfplätzigen A-Klasse denkbar - eine Möglichkeit, die MCC-Tomforde allerdings vehement von sich weist ...;prozess;agensorientiert;done;anim_like;;frei;+;nd;+;nd;+;nd;nd;nd;nd;nd;nd;nd;nd;nd;nd;nd;nd;nd;nd;nd;nd;nd
38;VVFIN;ADJD;setzen;18;NZZ_1999_09_25_a234_seg7_s12;24;Full|3|Sg|Past|Ind;Schliesslich avancierte Spada zum mächtigen Verwalter der architektonischen Projekte der Päpste Innozenz X. und Alexander VII. und setzte sich in seinem neuen Amt vehement für Borrominis Sache ein .;prozess;agensorientiert;done;anim;;frei;+;nd;+;nd;+;nd;nd;nd;nd;nd;nd;nd;nd;nd;nd;nd;nd;nd;nd;nd;nd;nd
39;VVFIN;ADJD;wenden;2;NZZ_1996_12_13_a227_seg5_s5;4;Full|3|Sg|Pres|Ind;Er wendet sich vehement gegen jede Art des Schlussstriches : « Ohne die Öffnung der Akten wären die Lügen derer, die damals verantwortlich waren, weitaus grösser, wäre auch in grossen Teilen der Bevölkerung der Grad der nachträglichen Selbsttäuschung weitaus höher, hätten wir als Medikamente gegen die Nostalgie nur unsere begrenzten Erinnerungen und nicht auch umfangreiche schriftliche Quellen . »;prozess;agensorientiert;done;anim;;frei;+;nd;+;nd;+;nd;nd;nd;nd;nd;nd;nd;nd;nd;nd;nd;nd;nd;nd;nd;nd;nd
40;VVFIN;ADJD;opponieren;3;NZZ_1998_09_28_a24_seg6_s5;4;Full|3|Pl|Past|Ind;Die Liberalen opponierten vehement gegen allfällige Pläne, die Unternehmen fiskalisch weiter zu drangsalieren, das Zentrum verwahrte sich gegen den Versuch, die Sozialleistungen zurückzubinden, und die Christlichdemokraten wollten sicherstellen, dass das Kindergeld - wie anlässlich der Wahlen vor einem Jahr versprochen - auf jeden Fall erhöht wird .;prozess;agensorientiert;done;anim_like;;frei;+;nd;+;nd;+;nd;nd;nd;nd;nd;nd;nd;nd;nd;nd;nd;nd;nd;nd;nd;nd;nd
41;VVPP;ADJD;stellen;22;NZZ_1996_02_17_a230_seg5_s5;19;Full|Psp;Die gern und oft behauptete « Verbürgerlichung » des Hoftheaters und der Kunstentwicklung an den Fürstenhöfen überhaupt wird vehement in Frage gestellt .;prozess;agensorientiert;done;unknown;;frei;+;nd;+;nd;+;nd;nd;nd;nd;nd;nd;nd;nd;nd;nd;nd;nd;nd;nd;nd;nd;nd
42;VVPP;ADJD;widersprechen;8;NZZ_1994_09_09_a133_seg3_s14;7;Full|Psp;Dieser Darstellung wurde auf der Gegenseite vehement widersprochen .;prozess;agensorientiert;done;unknown;;frei;+;nd;+;nd;+;nd;nd;nd;nd;nd;nd;nd;nd;nd;nd;nd;nd;nd;nd;nd;nd;nd
43;VVPP;ADJD;bestreiten;8;NZZ_1996_09_13_a59_seg3_s5;7;Full|Psp;Der Handwerker hatte diese Aussage immer vehement bestritten .;prozess;agensorientiert;done;anim;;frei;+;nd;+;nd;+;nd;nd;nd;nd;nd;nd;nd;nd;nd;nd;nd;nd;nd;nd;nd;nd;nd
44;VVFIN;ADJD;attackieren;3;NZZ_1997_01_24_a213_seg3_s19;4;Full|3|Pl|Pres|Ind;Die Autoren attackieren vehement gängige Tabus und liefern zahlreiche, mitunter provozierende Vorschläge für eine freiheitliche und offene Gesellschaftsordnung .;prozess;agensorientiert;done;anim;;frei;+;nd;+;nd;+;nd;nd;nd;nd;nd;nd;nd;nd;nd;nd;nd;nd;nd;nd;nd;nd;nd
45;VVFIN;ADJD;kritisieren;21;NZZ_1996_07_19_a9_seg8_s6;22;Full|3|Sg|Past|Ind;Saudiarabien schliesslich, das im Namen von einem guten Dutzend Staaten - zur Hauptsache Erdölförderländer einschliesslich Russlands - sprach, kritisierte vehement das allgemeine Vorgehen der Konferenz, dem jegliche Transparenz fehle .;prozess;agensorientiert;done;anim_like;;frei;+;nd;+;nd;+;nd;nd;nd;nd;nd;nd;nd;nd;nd;nd;nd;nd;nd;nd;nd;nd;nd
46;VVPP;ADJD;warnen;11;NZZ_1995_10_02_a13_seg3_s4;5;Full|Psp;Die polnischen Bischöfe haben vehement vor den Kandidaten der Linken gewarnt .;prozess;agensorientiert;done;anim;;frei;+;nd;+;nd;+;nd;nd;nd;nd;nd;nd;nd;nd;nd;nd;nd;nd;nd;nd;nd;nd;nd
47;VVFIN;ADJD;stellen;2;NZZ_1996_03_25_a152_seg6_s15;6;Full|3|Sg|Past|Ind;Agassi stellte in Key Biscayne vehement Zitate in Abrede, er habe gesagt, der Sandwühler Muster sei der ersten Rankingposition nicht würdig .;prozess;agensorientiert;done;anim;;frei;+;nd;+;nd;+;nd;nd;nd;nd;nd;nd;nd;nd;nd;nd;nd;nd;nd;nd;nd;nd;nd
48;VVFIN;ADJD;lehnen;10;NZZ_1998_10_19_a21_seg12_s1;12;Full|3|Sg|Pres|Ind;Die ideologischen Ziele der Islamisten wie auch deren Mittel lehnt er vehement ab .;prozess;agensorientiert;done;anim;;frei;+;nd;+;nd;+;nd;nd;nd;nd;nd;nd;nd;nd;nd;nd;nd;nd;nd;nd;nd;nd;nd
49;VVFIN;ADJD;widersprechen;5;NZZ_1996_04_06_a188_seg4_s13;19;Full|3|Sg|Past|Ind;Vor dem Bezirksgericht Meilen widersprach der Angeklagte dieser Darstellung, auf der die Anklage des Bezirksanwalts fusst, vehement .;prozess;agensorientiert;done;anim;;frei;+;nd;+;nd;+;nd;nd;nd;nd;nd;nd;nd;nd;nd;nd;nd;nd;nd;nd;nd;nd;nd
50;VVFIN;ADJD;unterstützen;18;NZZ_1998_01_29_a140_seg8_s9;17;Full|3|Pl|Pres|Ind;Die amerikanische Variante des Kapitalismus, den die fundamentalistischen Christen und die republikanischen Verfolger Clintons so vehement unterstützen, rechnet nicht mit dem guten, sondern mit dem durch und durch egoistischen Menschen, der zunächst für sich und allenfalls für seine Nächsten arbeitet .;prozess;agensorientiert;done;anim;;frei;+;nd;+;nd;+;nd;nd;nd;nd;nd;nd;nd;nd;nd;nd;nd;nd;nd;nd;nd;nd;nd
51;VVFIN;ADJD;entgegenstemmen;21;NZZ_1998_09_19_a99_seg8_s7;20;Full|3|Pl|Past|Ind;Eine solche Lösung scheiterte indessen am Widerstand der Gewerkschaften, die sich dem massiven Abbau von Leistungen und Arbeitsplätzen vehement entgegenstemmten .;prozess;agensorientiert;done;anim_like;;frei;+;nd;+;nd;+;nd;nd;nd;nd;nd;nd;nd;nd;nd;nd;nd;nd;nd;nd;nd;nd;nd
52;VVPP;ADJD;antreten;19;NZZ_1996_07_05_a157_seg2_s12;13;Full|Psp;( Es war allerdings die gleiche SP, die vor drei Jahren vehement gegen einen Ausbau der Bahnhofunterführung angetreten ist, die den an den Rollstuhl gefesselten Mitmenschen und auch Müttern mit Kinderwagen eine spürbare Erleichterung gebracht hätte . );prozess;agensorientiert;done;anim_like;;frei;+;nd;+;nd;+;nd;nd;nd;nd;nd;nd;nd;nd;nd;nd;nd;nd;nd;nd;nd;nd;nd
53;VVFIN;ADJD;fordern;2;NZZ_1995_10_20_a20_seg6_s12;3;Full|3|Sg|Pres|Ind;Karadzic fordert vehement die Rückgabe der in den letzten Wochen von den Bosnjaken und den Kroaten eroberten Gebiete .;prozess;agensorientiert;done;anim;;frei;+;nd;+;nd;+;nd;nd;nd;nd;nd;nd;nd;nd;nd;nd;nd;nd;nd;nd;nd;nd;nd
54;VVPP;ADJD;verteidigen;18;NZZ_1994_06_30_a149_seg9_s7;14;Full|Psp;Die « Angeklagten » waren an der Generalversammlung abwesend, doch sie wurden vehement von Stoppers Frau verteidigt, die erklärte, ohne die zurückgetretenen Fachleute sei die Genossenschaft gar nicht fähig, das Projekt Lokomotivremise zu Ende zu führen .;prozess;agensorientiert;done;anim;;frei;+;nd;+;nd;+;nd;nd;nd;nd;nd;nd;nd;nd;nd;nd;nd;nd;nd;nd;nd;nd;nd
55;VVPP;ADJD;einsetzen;18;NZZ_1999_09_06_a18_seg3_s3;12;Full|Psp;Doch Stoiber selbst gerät zunehmend unter Druck, da er sich vehement für umstrittene Projekte in Ostdeutschland eingesetzt haben soll .;prozess;agensorientiert;done;anim;;frei;+;nd;+;nd;+;nd;nd;nd;nd;nd;nd;nd;nd;nd;nd;nd;nd;nd;nd;nd;nd;nd
56;VVFIN;ADJD;setzen;4;;6;Full|3|Sg|Pres|Ind;, Tessin ) setzt sich vehement für den Minderheitsantrag seines Fraktionskollegen Jutzet und damit für Festhalten am ursprünglichen Vorschlag des Bundesrats ein .;prozess;agensorientiert;done;anim;unvollständig;frei;+;nd;+;nd;+;nd;nd;nd;nd;nd;nd;nd;nd;nd;nd;nd;nd;nd;nd;nd;nd;nd
57;VVFIN;ADJD;wehren;3;NZZ_1994_09_05_a83_seg3_s19;7;Full|3|Pl|Pres|Ind;Und zudem wehren sich die Bürgerlichen vehement gegen die von der Linken auf dem Planungsweg angestrebte « kalte Enteignung » .;prozess;agensorientiert;done;anim_like;;frei;+;nd;+;nd;+;nd;nd;nd;nd;nd;nd;nd;nd;nd;nd;nd;nd;nd;nd;nd;nd;nd
58;VVPP;ADJD;melden;20;NZZ_1996_06_25_a51_seg3_s1;19;Full|Psp;hd. Am vergangenen Wochenende hat sich, wenn auch mit etwa zehntägiger Verspätung, die berüchtigte Schafskälte recht vehement gemeldet .;prozess;rein;done;inanim;;frei;+;nd;+;+;nd;nd;nd;nd;nd;nd;nd;nd;nd;nd;nd;nd;nd;nd;nd;nd;nd;nd
59;VVPP;ADJD;ablehnen;25;NZZ_1994_02_08_a79_seg11_s1;24;Full|Psp;Eine kürzlich zum Vorschein gekommene Porträtphotographie, die « mit grosser Wahrscheinlichkeit » Charlotte Brontë zeigt, wird von den Verehrern der Schriftstellerin vehement abgelehnt : das unscheinbare Gesicht ist weder mit dem Image der Autorin noch mit der beliebten Porträtzeichnung von George Richmond zur Deckung zu bringen .;prozess;agensorientiert;done;anim;;frei;+;nd;+;nd;+;nd;nd;nd;nd;nd;nd;nd;nd;nd;nd;nd;nd;nd;nd;nd;nd;nd
60;VVFIN;ADJD;kritisieren;22;NZZ_1998_12_10_a51_seg16_s9;23;Full|3|Sg|Pres|Ind;Jetzt kommt der erste Kunst-Banause, leitet René Moser ( fps., Aargau ) sein Votum gegen die Vorlage ein und kritisiert vehement das Architektenhonorar .;prozess;agensorientiert;done;anim;;frei;+;nd;+;nd;+;nd;nd;nd;nd;nd;nd;nd;nd;nd;nd;nd;nd;nd;nd;nd;nd;nd
61;VVFIN;ADJD;wehren;7;NZZ_1998_05_13_a169_seg4_s2;10;Full|3|Sg|Past|Ind;Der Vater der angeklagten Exfreundin Osterwalders wehrte sich dabei vehement gegen die psychiatrischen Gutachten, wonach er ein dominanter Vater gewesen sei .;prozess;agensorientiert;done;anim;;frei;+;nd;+;nd;+;nd;nd;nd;nd;nd;nd;nd;nd;nd;nd;nd;nd;nd;nd;nd;nd;nd
62;VVFIN;ADJD;protestieren;3;NZZ_1999_11_27_a268_seg14_s2;7;Full|3|Pl|Past|Ind;Anfang September protestierten die gemässigten Linksintellektuellen vehement gegen das « niederträchtige Manöver » der « Freiheit » .;prozess;agensorientiert;done;anim;;frei;+;nd;+;nd;+;nd;nd;nd;nd;nd;nd;nd;nd;nd;nd;nd;nd;nd;nd;nd;nd;nd
63;VVFIN;ADJD;lehnen;2;NZZ_1997_01_08_a22_seg6_s1;12;Full|3|Sg|Past|Ind;Erwartungsgemäss lehnte ein Sprecher Aidids den Beschluss zur Gründung des Heilsrats vehement ab, auch wenn dieser Aussenstehenden als extrem unverbindlich erscheinen mag .;prozess;agensorientiert;done;anim;;frei;+;nd;+;nd;+;nd;nd;nd;nd;nd;nd;nd;nd;nd;nd;nd;nd;nd;nd;nd;nd;nd
64;VVPP;ADJD;werben;15;NZZ_1995_12_22_a18_seg6_s7;9;Full|Psp;Aussenminister Schenk, der zu Beginn der Verhandlungen vehement für die Ratifikation des Vertrags geworben und die Forderungen der Nationalpartei als extrem bezeichnet hatte, äusserte jedoch Zweifel daran, ob solche Konsultationen möglich und nützlich wären .;prozess;agensorientiert;done;anim;;frei;+;nd;+;nd;+;nd;nd;nd;nd;nd;nd;nd;nd;nd;nd;nd;nd;nd;nd;nd;nd;nd
65;VVINF;ADJD;aufbrechen;34;NZZ_1995_05_12_a17_seg1_s19;33;Full|-2;Das Problem stellt sich, wie auch in Zukunft die horizontale Weiterverbreitung der Atomwaffen verhindert werden kann - in einer Welt, in der nach dem Ende des kalten Krieges regionale Konflikte vehement aufbrechen und die Verwendung von Spaltmaterial zur friedlichen Nutzung der Kernenergie ebenso wie das Know-how dazu in vielen Drittweltländern verbreitet ist .;prozess;rein;done;inanim;;frei;+;nd;+;+;nd;nd;nd;nd;nd;nd;nd;nd;nd;nd;nd;nd;nd;nd;nd;nd;nd;nd
66;VVFIN;ADJD;stellen;24;NZZ_1994_02_08_a3_seg9_s1;30;Full|3|Sg|Past|Ind;Während die britische Delegation am Montag ein militärisches Eingreifen nicht mehr kategorisch ausschliessen wollte - was sie ohnehin nie getan hat -, stellte sich der EG-Vermittler Lord Owen vehement gegen jede Gewaltanwendung von aussen .;prozess;agensorientiert;done;anim;;frei;+;nd;+;nd;+;nd;nd;nd;nd;nd;nd;nd;nd;nd;nd;nd;nd;nd;nd;nd;nd;nd
67;VVFIN;ADJD;rennen;4;NZZ_1995_01_11_a156_seg3_s17;8;Full|3|Pl|Past|Ind;Wie gehabt, rannten die Zürcher danach vehement an, teils kopflos und im Abschluss keine Spur besser als vorher .;prozess;agensorientiert;done;anim;;frei;+;nd;+;nd;+;nd;nd;nd;nd;nd;nd;nd;nd;nd;nd;nd;nd;nd;nd;nd;nd;nd
68;VVFIN;ADJD;wenden;19;NZZ_1995_02_02_a190_seg8_s14;12;Full|3|Sg|Pres|Ind;Das Besondere an diesem Buch ist, dass der Autor sich vehement gegen einen Brauch seiner eigenen Gesellschaft wendet .;prozess;agensorientiert;done;anim;;frei;+;nd;+;nd;+;nd;nd;nd;nd;nd;nd;nd;nd;nd;nd;nd;nd;nd;nd;nd;nd;nd
69;VVFIN;ADJD;lehnen;13;NZZ_1995_09_29_a121_seg12_s3;17;Full|3|Pl|Pres|Ind;Die einen halten ihn für das neue Jazz-Genie schlechthin, die anderen lehnen ihn als Epigonen vehement ab .;prozess;agensorientiert;done;anim;;frei;+;nd;+;nd;+;nd;nd;nd;nd;nd;nd;nd;nd;nd;nd;nd;nd;nd;nd;nd;nd;nd
70;VVPP;ADJD;ablehnen;25;NZZ_1998_11_25_a204_seg3_s25;24;Full|Psp;Vielmehr handle es sich um Artefakte, die bei der Probenpräparation entstanden seien - eine Interpretation, die von Azmi aus naheliegenden Gründen vehement abgelehnt wird .;prozess;agensorientiert;done;anim;;frei;+;nd;+;nd;+;nd;nd;nd;nd;nd;nd;nd;nd;nd;nd;nd;nd;nd;nd;nd;nd;nd
71;VVPP;ADJD;bestreiten;32;NZZ_1999_03_23_a32_seg10_s9;31;Full|Psp;Ob das dem Kanton auch die erwarteten finanziellen Vorteile bringt, wird indessen von Oensingen, das seinen Standpunkt bereits frühzeitig mit einem Rechtsgutachten untermauerte, und den benachbarten Gemeinden vehement bestritten .;prozess;agensorientiert;done;anim_like;;frei;+;nd;+;nd;+;nd;nd;nd;nd;nd;nd;nd;nd;nd;nd;nd;nd;nd;nd;nd;nd;nd
73;VVFIN;ADJD;auflehnen;20;NZZ_1999_11_17_a32_seg8_s12;10;Full|3|Sg|Past|Ind;Die Tatsache, dass sich Brunschwig Graf schliesslich noch vehement gegen das Microsoft-Monopol und die dadurch massiv erhöhten Lizenzgebühren auflehnte, zeichnet sie als kämpferische und kostenbewusste Genfer Erziehungsdirektorin aus .;prozess;agensorientiert;done;anim;;frei;+;nd;+;nd;+;nd;nd;nd;nd;nd;nd;nd;nd;nd;nd;nd;nd;nd;nd;nd;nd;nd
74;VVFIN;ADJD;engagieren;12;NZZ_1996_03_22_a117_seg3_s10;5;Full|Psp;Dieser Verlag hat sich vehement für Ré Soupault als eigenständige Künstlerin engagiert und sie in den letzten Jahren als Photographin entdeckt .;prozess;agensorientiert;done;anim;;frei;+;nd;+;nd;+;nd;nd;nd;nd;nd;nd;nd;nd;nd;nd;nd;nd;nd;nd;nd;nd;nd
75;VVFIN;ADJD;versuchen;17;NZZ_1996_03_30_a28_seg6_s14;5;Full|3|Sg|Past|Ind;Deshalb plädierte er 1992 vehement für die Bildung der Gemeinschaft Unabhängiger Staaten ( GUS ), versuchte aber zugleich, einen möglichst grossen Spielraum zu wahren .;prozess;agensorientiert;done;anim;;frei;+;nd;+;nd;+;nd;nd;nd;nd;nd;nd;nd;nd;nd;nd;nd;nd;nd;nd;nd;nd;nd
76;VVFIN;ADJD;verteidigen;2;NZZ_1995_09_25_a270_seg10_s4;6;Full|1|Sg|Pres|Ind;Trotzdem verteidige ich das Milizsystem vehement .;prozess;agensorientiert;done;anim;;frei;+;nd;+;nd;+;nd;nd;nd;nd;nd;nd;nd;nd;nd;nd;nd;nd;nd;nd;nd;nd;nd
77;VVPP;ADJD;beteuern;49;NZZ_1996_09_03_a117_seg3_s18;48;Full|Psp;Er sei Jude, wurde ihm gesagt, ob er das denn nicht wüsste, und da er aus tiefer Überzeugung verneinte, dafür schallend geohrfeigt wurde, wieder einmal ein schon so grosser Junge, hatte er laut aufgeheult, vom Selbstmitleid erfüllt, und so vehement beteuert, dass er es nicht gewusst habe, dass ihm doch Glaube geschenkt wurde .;prozess;agensorientiert;done;anim;;frei;+;nd;+;nd;+;nd;nd;nd;nd;nd;nd;nd;nd;nd;nd;nd;nd;nd;nd;nd;nd;nd
78;VVFIN;ADJD;fordern;4;NZZ_1999_01_25_a33_seg3_s8;5;Full|3|Sg|Past|Ind;Die satirische Zeitschrift forderte vehement die Abrechnung mit den namentlich bekannten Frontisten und « Anpassern », wachte aber gleichzeitig darüber, dass die Linke deren bürgerliche Provenienz nicht instrumentalisiere .;prozess;agensorientiert;done;anim_like;;frei;+;nd;+;nd;+;nd;nd;nd;nd;nd;nd;nd;nd;nd;nd;nd;nd;nd;nd;nd;nd;nd
79;VVFIN;ADJD;setzen;14;NZZ_1996_05_10_a143_seg3_s18;16;Full|3|Sg|Past|Ind;Auch der Sportwart des Deutschen Leichtathletik-Verbandes ( DLV ), Rüdiger Nickel, setzte sich vehement für ein Dopingverbot unter Berufssportlern ein und wies darauf hin, dass der deutsche Sport eines der effizientesten Dopingkontrollsysteme kenne .;prozess;agensorientiert;done;anim;;frei;+;nd;+;nd;+;nd;nd;nd;nd;nd;nd;nd;nd;nd;nd;nd;nd;nd;nd;nd;nd;nd
80;VVPP;ADJD;bestreiten;10;NZZ_1999_09_07_a30_seg4_s3;9;Full|Psp;Der Vorwurf der Bestechung wird von den Angeklagten vehement bestritten .;prozess;agensorientiert;done;anim;;frei;+;nd;+;nd;+;nd;nd;nd;nd;nd;nd;nd;nd;nd;nd;nd;nd;nd;nd;nd;nd;nd
81;VVPP;ADJD;stellen;35;NZZ_1996_09_03_a112_seg6_s1;32;Full|Psp;Nur, woran liegt es, dass Jacques Derrida trotz seiner eindeutig philosophischen Herkunft innerhalb der Zunft als Grenzgänger und Aussenseiter galt und gilt, dessen Zugehörigkeit zur Philosophie immer wieder vehement in Frage gestellt wird ?;prozess;agensorientiert;done;unknown;;frei;+;nd;+;nd;+;nd;nd;nd;nd;nd;nd;nd;nd;nd;nd;nd;nd;nd;nd;nd;nd;nd
82;VVFIN;ADJD;sprechen;20;NZZ_1996_08_03_a177_seg12_s5;22;Full|3|Sg|Past|Ind;Nach Hodgsons Abgang machte sich der « Tages Anzeiger » für einen Neubeginn stark, der « Blick » sprach sich vehement für die Doppellösung aus .;prozess;agensorientiert;done;anim_like;;frei;+;nd;+;nd;+;nd;nd;nd;nd;nd;nd;nd;nd;nd;nd;nd;nd;nd;nd;nd;nd;nd
83;VVPP;ADJD;angreifen;27;NZZ_1999_03_15_a24_seg11_s3;26;Full|Psp;Gemeint waren damit Reden wie diejenige des Linkssozialisten Léon Nicole, der im Genfer Grossen Rat die Einberufung des Völkerbunds verlangt und dabei Aussenminister Motta vehement angegriffen hatte .;prozess;agensorientiert;done;anim;;frei;+;nd;+;nd;+;nd;nd;nd;nd;nd;nd;nd;nd;nd;nd;nd;nd;nd;nd;nd;nd;nd
84;VVFIN;ADJD;befürworten;11;NZZ_1995_05_20_a6_seg3_s10;10;Full|Psp;Chen Xitong hatte 1989 den Armee-Einsatz gegen die Bevölkerung vehement befürwortet .;prozess;agensorientiert;done;anim;;frei;+;nd;+;nd;+;nd;nd;nd;nd;nd;nd;nd;nd;nd;nd;nd;nd;nd;nd;nd;nd;nd
85;VVFIN;ADJD;wehren;27;NZZ_1996_07_30_a163_seg3_s7;29;Full|3|Sg|Past|Ind;Shearer hatte zwar in seinem Vertrag eine Klausel, die ihm nach vier Jahren bei den Rovers einen Wechsel erlauben würde - doch Rovers-Eigentümer Jack Walker wehrte sich vehement gegen einen Transfer zum Meister, der in Blackburn alles andere denn beliebt ist .;prozess;agensorientiert;done;anim;;frei;+;nd;+;nd;+;nd;nd;nd;nd;nd;nd;nd;nd;nd;nd;nd;nd;nd;nd;nd;nd;nd
86;VVFIN;ADJD;bestreiten;2;NZZ_1997_09_11_a12_seg8_s6;6;Full|3|Sg|Pres|Ind;Dies bestreitet der Präsident jedoch vehement .;prozess;agensorientiert;done;anim;;frei;+;nd;+;nd;+;nd;nd;nd;nd;nd;nd;nd;nd;nd;nd;nd;nd;nd;nd;nd;nd;nd
87;VVFIN;ADJD;auftreten;39;NZZ_1998_10_21_a27_seg10_s1;35;Full|3|Sg|Pres|Ind;Die Fraktion der oppositionellen Bauernpartei votierte denn auch mehrheitlich gegen den Regierungsrücktritt, ebenso wie die Progressive Sozialistische Partei ( PSPU ), die die anderen linken Parteien als heuchlerisch und bourgeois bezeichnet und vehement gegen jegliche Reformen auftritt, da diese ihrer Ansicht nach zur Verarmung der Ukraine beitragen .;prozess;agensorientiert;done;anim_like;;frei;+;nd;+;nd;+;nd;nd;nd;nd;nd;nd;nd;nd;nd;nd;nd;nd;nd;nd;nd;nd;nd
88;VVFIN;ADJD;weisen;3;NZZ_1995_01_30_a117_seg12_s12;7;Full|3|Pl|Pres|Ind;Die Delegierten weisen den Vorwurf indessen vehement zurück und betonen, « wie ernst uns die Mitarbeit aller Mitglieder bei unserer Interessenvertretung ist » .;prozess;agensorientiert;done;anim;;frei;+;nd;+;nd;+;nd;nd;nd;nd;nd;nd;nd;nd;nd;nd;nd;nd;nd;nd;nd;nd;nd
89;VVINF;ADJD;einsetzen;11;NZZ_1995_03_07_a57_seg1_s3;9;Full|-2;Die Jusos wollen sich nach einer Annahme aber vehement dafür einsetzen, dass die Rentenaltererhöhung rückgängig gemacht wird .;prozess;agensorientiert;done;anim;;frei;+;nd;+;nd;+;nd;nd;nd;nd;nd;nd;nd;nd;nd;nd;nd;nd;nd;nd;nd;nd;nd
90;VVFIN;ADJD;bestreiten;4;NZZ_1996_08_27_a146_seg5_s31;7;Full|3|Sg|Pres|Ind;Den neuen Vorwurf bestreitet er aber vehement .;prozess;agensorientiert;done;anim;;frei;+;nd;+;nd;+;nd;nd;nd;nd;nd;nd;nd;nd;nd;nd;nd;nd;nd;nd;nd;nd;nd
91;VVFIN;ADJD;erklären;13;NZZ_1994_03_04_a135_seg3_s9;14;Full|3|Sg|Pres|Ind;Dass « die Stadt » gar nicht eindeutig zu bestimmen sei, erklärt vehement Jean Nouvel, einer der Stararchitekten, die am Ende der Ausstellungen mit « Nouvelles de la mégapole » am Bildschirm aufwarten .;prozess;agensorientiert;done;anim;;frei;+;nd;+;nd;+;nd;nd;nd;nd;nd;nd;nd;nd;nd;nd;nd;nd;nd;nd;nd;nd;nd
92;VVFIN;ADJD;kritisieren;22;NZZ_1998_03_13_a75_seg7_s2;23;Full|3|Sg|Past|Ind;An dem in letzter Zeit in Deutschland auf wachsendes Interesse stossenden « Schweizer Modell » liess Lintner keinen guten Faden und kritisierte vehement die deutsche Bundesärztekammer, da diese sich kürzlich wie gemeldet zum erstenmal für die Übernahme des « Schweizer Modells » ausgesprochen hatte .;prozess;agensorientiert;done;anim;;frei;+;nd;+;nd;+;nd;nd;nd;nd;nd;nd;nd;nd;nd;nd;nd;nd;nd;nd;nd;nd;nd
93;VVFIN;ADJD;greifen;4;NZZ_1998_07_18_a199_seg1_s10;6;Full|3|Sg|Past|Ind;Die französische Justiz griff so vehement zu, dass es den samtenen Instanzen des Radsports die Luft abschnitt .;prozess;agensorientiert;done;anim_like;;frei;+;nd;+;nd;+;nd;nd;nd;nd;nd;nd;nd;nd;nd;nd;nd;nd;nd;nd;nd;nd;nd
94;VVINF;ADJD;rufen;13;NZZ_1994_04_12_a19_seg8_s13;9;Full|-2;Vermutlich wird sich Moskau darauf versteifen, nun vehement nach Verhandlungen zu rufen .;prozess;agensorientiert;done;anim_like;;frei;+;nd;+;nd;+;nd;nd;nd;nd;nd;nd;nd;nd;nd;nd;nd;nd;nd;nd;nd;nd;nd
95;VVINF;ADJD;ablehnen;17;NZZ_1994_09_16_a121_seg4_s7;16;Full|-2;Ganz sicher ist dagegen, dass die betroffene Quartierbevölkerung ein Gassenzimmer-Projekt in ihrer Nähe mehrheitlich vehement ablehnen würde .;prozess;agensorientiert;done;anim;;frei;+;nd;+;nd;+;nd;nd;nd;nd;nd;nd;nd;nd;nd;nd;nd;nd;nd;nd;nd;nd;nd
96;VVFIN;ADJD;plädieren;32;NZZ_1994_11_09_a101_seg3_s9;29;Full|3|Sg|Pres|Ind;"Doch die Entwicklung zum Ehemann und praktizierenden Vater muss gegen den geballten Widerstand aller involvierten Frauen durchgesetzt werden : der eigenen Mutter ( Catherine Samie ), die vehement für Abtreibung plädiert, weil sie doch, als Autorin von « La vie qui tue », einen Kreuzzug gegen die Übervölkerung der Erde führt und in ihrer bereits leergeräumten Villa nur noch eine letzte Ming-Vase « für die nächste Dürre in Äthiopien » hat ; der geschiedenen Ehefrau und Möchtegern-Mutter ( Sabine Haudepin ), die alles daransetzt, die neue Liaison zu hintertreiben ; und besonders der Mutter des Kindes ( Isabelle Townsend ), das er irgendwie gezeugt hat, und die nichts von einem Mann wissen will, den sie ja gar nicht kennt ... Wenn der Film mit wohlwollender Ironie den Reifeprozess des Helden beobachtet und zuletzt zum unverstellten Plädoyer für Ehe und Familie geworden sein wird, so hat er zuvor doch gekonnt die Dinge auf die Spitze getrieben, lässt die Figuren - von denen einige eine heimliche Liebe zu Katzen nähren - in ihrem beruflichen Umfeld zur grotesken Hundemeute mutieren .";prozess;agensorientiert;done;anim;;frei;+;nd;+;nd;+;nd;nd;nd;nd;nd;nd;nd;nd;nd;nd;nd;nd;nd;nd;nd;nd;nd
97;VVFIN;ADJD;wenden;5;NZZ_1996_04_03_a138_seg3_s20;8;Full|3|Sg|Past|Ind;Angesichts der zunehmenden Kriegsgefahr wandte sich Kraus vehement gegen eine Mystifizierung des Krieges und deckte auf, wie der Historiker Heinrich Friedjung auf Anstiftung der österreichischen Regierung die Meinung der Öffentlichkeit kriegstreiberisch zu manipulieren versuchte .;prozess;agensorientiert;done;anim;;frei;+;nd;+;nd;+;nd;nd;nd;nd;nd;nd;nd;nd;nd;nd;nd;nd;nd;nd;nd;nd;nd
98;VVPP;ADJD;führen;39;NZZ_1999_07_14_a129_seg6_s11;12;Full|Psp;Was die Rolle der deutschen Regierung anbelangt, wendet er sich vehement gegen die von Fritz Fischer in den sechziger Jahren vertretene These, dass Deutschland bereits 1914 einen auf die Erringung globaler Vorherrschaft gerichteten Präventiv- und Eroberungskrieg geführt habe, ähnlich dem von 1939 .;prozess;agensorientiert;done;anim;;frei;+;nd;+;nd;+;nd;nd;nd;nd;nd;nd;nd;nd;nd;nd;nd;nd;nd;nd;nd;nd;nd
99;VVFIN;ADJD;verwehren;2;NZZ_1998_10_14_a26_seg8_s10;4;Full|3|Sg|Pres|Ind;Shaath verwehrt sich vehement gegen diese in Ostjerusalem weitherum gehegte Vermutung .;prozess;agensorientiert;done;anim;;frei;+;nd;+;nd;+;nd;nd;nd;nd;nd;nd;nd;nd;nd;nd;nd;nd;nd;nd;nd;nd;nd
100;VVPP;ADJD;vertreten;24;NZZ_1999_11_13_a18_seg5_s1;23;Full|Psp;Howard ist in all den Jahren nie von seiner Meinung abgewichen, und er hat seinen Anspruch auch während des Referendumskampfs immer vehement vertreten .;prozess;agensorientiert;done;anim;;frei;+;nd;+;nd;+;nd;nd;nd;nd;nd;nd;nd;nd;nd;nd;nd;nd;nd;nd;nd;nd;nd
101;VVFIN;ADJD;eintreten;12;NZZ_1995_09_06_a3_seg10_s6;6;Full|3|Sg|Past|Ind;Die bosnische Regierung, die vehement für eine Fortführung der Angriffe eintrat, erklärte nach der Lancierung der Offensive dagegen, dass ihrer Teilnahme am Verhandlungsprozess in Genf nun nichts mehr im Weg stehe .;prozess;agensorientiert;done;anim_like;;frei;+;nd;+;nd;+;nd;nd;nd;nd;nd;nd;nd;nd;nd;nd;nd;nd;nd;nd;nd;nd;nd
102;VVPP;ADJD;eintreten;19;NZZ_1999_03_27_a36_seg3_s4;14;Full|Psp;Tschornowil war nach Abschluss seines Journalismus-Studiums an der Kiewer Universität im Jahr 1960 vehement für eine demokratische Ukraine eingetreten .;prozess;agensorientiert;done;anim;;frei;+;nd;+;nd;+;nd;nd;nd;nd;nd;nd;nd;nd;nd;nd;nd;nd;nd;nd;nd;nd;nd
103;VVFIN;ADJD;sagen;17;NZZ_1997_12_03_a193_seg6_s17;20;Full|3|Sg|Pres|Ind;« 1991 war mein erfreulichstes Jahr, schliesslich kam da mein Sohn zur Welt », sagt der Glarner vehement .;prozess;agensorientiert;done;anim;;frei;+;nd;+;nd;+;nd;nd;nd;nd;nd;nd;nd;nd;nd;nd;nd;nd;nd;nd;nd;nd;nd
104;VVPP;ADJD;kritisieren;20;NZZ_1997_07_17_a5_seg3_s4;19;Full|Psp;Diese Teile des Gesetzes, die internationales Recht verletzen, waren von der Europäischen Union und den Kanadiern vehement kritisiert worden .;prozess;agensorientiert;done;clash of coordination;anim+anim_like;frei;+;nd;+;nd;+;nd;nd;nd;nd;nd;nd;nd;nd;nd;nd;nd;nd;nd;nd;nd;nd;nd
105;VVPP;ADJD;widersprechen;15;NZZ_1995_07_29_a92_seg5_s5;14;Full|Psp;All dem haben die Vertreter der amtlichen und freien Makler in der Hauptversammlung vehement widersprochen .;prozess;agensorientiert;done;anim;;frei;+;nd;+;nd;+;nd;nd;nd;nd;nd;nd;nd;nd;nd;nd;nd;nd;nd;nd;nd;nd;nd
106;VVFIN;ADJD;weisen;2;NZZ_1999_03_30_a22_seg6_s12;6;Full|3|Sg|Pres|Ind;Clinton weist den Vorschlag regelmässig vehement von sich, und am Montag morgen versuchte sein Sicherheitsberater Samuel Berger in verschiedenen Talkshows den Eindruck zu erwecken, die Regierung habe in dieser Angelegenheit bereits definitiv entschieden .;prozess;agensorientiert;done;anim;;frei;+;nd;+;nd;+;nd;nd;nd;nd;nd;nd;nd;nd;nd;nd;nd;nd;nd;nd;nd;nd;nd
107;VVFIN;ADJD;kritisieren;4;;5;Full|3|Sg|Pres|Ind;, Winterthur ) kritisiert vehement ihren Vorredner, der nichts begriffen hat und sogar von Mut zu Repression spricht !;prozess;agensorientiert;done;anim;unvollständig;frei;+;nd;+;nd;+;nd;nd;nd;nd;nd;nd;nd;nd;nd;nd;nd;nd;nd;nd;nd;nd;nd
108;VVFIN;ADJD;wenden;10;NZZ_1994_01_22_a30_seg3_s19;12;Full|3|Pl|Past|Ind;Die bürgerlichen Oppositionsparteien Fine Gael und die Progressiven Demokraten wandten sich vehement gegen den Liberalisierungsentscheid, angeblich weil sie darin zum gegenwärtigen Zeitpunkt eine Konzession an die IRA sehen .;prozess;agensorientiert;done;anim_like;;frei;+;nd;+;nd;+;nd;nd;nd;nd;nd;nd;nd;nd;nd;nd;nd;nd;nd;nd;nd;nd;nd
109;VVFIN;ADJD;wehren;3;NZZ_1999_01_06_a32_seg6_s10;5;Full|3|Sg|Pres|Ind;Der Gewerbeverband wehrt sich vehement gegen die vorgeschlagene Erhöhung des Beitragssatzes für Selbständigerwerbende ( von, auf höchstens, ) .;prozess;agensorientiert;done;anim_like;;frei;+;nd;+;nd;+;nd;nd;nd;nd;nd;nd;nd;nd;nd;nd;nd;nd;nd;nd;nd;nd;nd
110;VVFIN;ADJD;lehnen;2;NZZ_1996_07_31_a35_seg10_s19;6;Full|1|Pl|Pres|Ind;Viele lehnen den Begriff äusserst vehement ab und erklären, dass sie ihn nie verwenden würden .;prozess;agensorientiert;done;anim;;frei;+;nd;+;nd;+;nd;nd;nd;nd;nd;nd;nd;nd;nd;nd;nd;nd;nd;nd;nd;nd;nd
111;VVFIN;ADJD;treten;9;NZZ_1994_11_04_a19_seg6_s2;10;Full|3|Sg|Past|Ind;Er widersetzte sich jeder Form des Sozialismus und trat vehement für die freie Marktwirtschaft und die « vergessenen Leute » ein .;prozess;agensorientiert;done;anim;;frei;+;nd;+;nd;+;nd;nd;nd;nd;nd;nd;nd;nd;nd;nd;nd;nd;nd;nd;nd;nd;nd
112;VVFIN;ADJD;ablehnen;15;NZZ_1995_01_30_a161_seg7_s6;14;Full|3|Sg|Pres|Ind;Obschon er Sozialismus, « der durch Gewalt erreicht wird », stets vehement ablehnt, finden sich in seinen Tagebüchern Zeugnisse einer naiven Bewunderung der Sowjetunion, die zur sonstigen Klarheit seines Urteils in merkwürdigem Kontrast stehen .;prozess;agensorientiert;done;anim;;frei;+;nd;+;nd;+;nd;nd;nd;nd;nd;nd;nd;nd;nd;nd;nd;nd;nd;nd;nd;nd;nd
113;VVPP;ADJD;opponieren;11;NZZ_1993_12_21_a122_seg8_s7;10;Full|3|Sg|Pres|Ind;Dass die Administration in Washington gegen eine restriktivere Geldpolitik vehement opponiert, ist spätestens seit letzter Woche kein Geheimnis mehr .;prozess;rein;done;inanim;;frei;+;nd;+;+;nd;nd;nd;nd;nd;nd;nd;nd;nd;nd;nd;nd;nd;nd;nd;nd;nd;nd
114;VVINF;ADJD;entgegentreten;27;NZZ_1998_02_16_a50_seg15_s2;26;Full|-2;Allen Bemühungen, welche darauf abzielen, Privatspitäler, private Chirurgenpraxen und Belegärzte aus unserem Gesundheitswesen zu verbannen, müssen FMH und auch chirurgische Fachgesellschaften vehement entgegentreten .;prozess;agensorientiert;done;anim_like;;frei;+;nd;+;nd;+;nd;nd;nd;nd;nd;nd;nd;nd;nd;nd;nd;nd;nd;nd;nd;nd;nd
115;VVFIN;ADJD;stoßen;2;NZZ_1994_12_19_a115_seg6_s3;8;Full|3|Sg|Pres|Ind;"Vielleicht stösst der Nachwuchs heute darum so vehement nach ; Franz, Eberharter und Schifferer wollen es dem jungen Draufgänger namens Strobl nachmachen, dem das Meisterstück gelang, auch in der zweiten Abfahrt aufs Podest zu steigen ( 3 . )";prozess;agensorientiert;done;anim;;frei;+;nd;+;nd;+;nd;nd;nd;nd;nd;nd;nd;nd;nd;nd;nd;nd;nd;nd;nd;nd;nd
116;VVFIN;ADJD;bekämpfen;6;NZZ_1997_05_02_a142_seg3_s2;9;Full|3|Pl|Pres|Ind;Der Arbeitgeberverband und die SVP bekämpfen die Vorlage vehement .;prozess;agensorientiert;done;anim_like;;frei;+;nd;+;nd;+;nd;nd;nd;nd;nd;nd;nd;nd;nd;nd;nd;nd;nd;nd;nd;nd;nd
117;VVPP;ADJD;pochen;16;NZZ_1995_11_24_a192_seg10_s13;7;Full|Psp;Warum hat das BAL nicht ebenso vehement auf seriöse Prüfung und allenfalls Importverbot dieser Futtermittel gepocht, wie es das während Jahrzehnten z .;prozess;agensorientiert;done;anim_like;;frei;+;nd;+;nd;+;nd;nd;nd;nd;nd;nd;nd;nd;nd;nd;nd;nd;nd;nd;nd;nd;nd
118;VVFIN;ADJD;setzen;2;NZZ_1998_12_14_a26_seg9_s2;5;Full|3|Sg|Pres|Ind;Washington setzt sich allerdings vehement für den Bau einer leistungsfähigeren Pipeline ein, die von Baku zum türkischen Mittelmeerhafen Ceyhan führen soll .;prozess;agensorientiert;done;anim_like;;frei;+;nd;+;nd;+;nd;nd;nd;nd;nd;nd;nd;nd;nd;nd;nd;nd;nd;nd;nd;nd;nd
119;VVPP;ADJD;wehren;19;NZZ_1999_05_27_a220_seg3_s26;9;Full|Psp;Noch in den achtziger Jahren hatten sich Verbandsfunktionäre vehement gegen den vereinnahmenden Zugriff der Politik auf den Sport gewehrt - und die Auseinandersetzung derart klar für sich entschieden, dass nun Sportler bei Politikern den Schutz vor der Willkür ihrer Verbandsoberen fordern .;prozess;agensorientiert;done;anim;;frei;+;nd;+;nd;+;nd;nd;nd;nd;nd;nd;nd;nd;nd;nd;nd;nd;nd;nd;nd;nd;nd
120;VVPP;ADJD;wenden;32;;21;Full|Psp;, die David Marc Hoffmann zusammengestellt hat über die neuhumanistische Bewegung um Burckhardt, Bachofen und Nietzsche, die sich vehement gegen eine falsche Idealisierung und rein bildungsbürgerliche Rezeption der Antike gewandt hatten .;prozess;agensorientiert;done;anim;unvollständig;frei;+;nd;+;nd;+;nd;nd;nd;nd;nd;nd;nd;nd;nd;nd;nd;nd;nd;nd;nd;nd;nd
121;VAFIN;ADJD;haben;25;NZZ_1995_02_16_a24_seg6_s14;19;Haben|3|Pl|Past|Ind;Das ständige Gezänk hat dazu geführt, dass sogar Anhänger der Opposition, die noch vor wenigen Jahren vehement den Sturz der Sozialisten gefordert hatten, nun zur Einsicht gelangt sind, dass Milosevic doch das kleinere Übel sei .;prozess;agensorientiert;done;anim;;frei;+;nd;+;nd;+;nd;nd;nd;nd;nd;nd;nd;nd;nd;nd;nd;nd;nd;nd;nd;nd;nd
122;VVFIN;ADJD;wenden;10;NZZ_1993_08_07_a73_seg15_s4;5;Full|3|Sg|Past|Ind;Wenn er sich also vehement etwa gegen Lavaters Gesichtslektüre wandte, hiess das nicht, dass er an der physiognomischen Lesbarkeit des menschlichen Gesichts überhaupt gezweifelt hätte .;prozess;agensorientiert;done;anim;;frei;+;nd;+;nd;+;nd;nd;nd;nd;nd;nd;nd;nd;nd;nd;nd;nd;nd;nd;nd;nd;nd
123;VVFIN;ADJD;setzen;2;NZZ_1999_03_03_a3_seg8_s2;5;Full|3|Sg|Pres|Ind;Peking setzt sich verbal vehement gegen dieses Projekt zur Wehr, weil dieses taiwanischen Unabhängigkeitsbestrebungen Auftrieb geben könnte und weil es darin einen Bruch des sino-amerikanischen Abkommens über die Reduzierung amerikanischer Waffenlieferungen an Taiwan sieht .;prozess;agensorientiert;done;anim_like;;frei;+;nd;+;nd;+;nd;nd;nd;nd;nd;nd;nd;nd;nd;nd;nd;nd;nd;nd;nd;nd;nd
124;VVFIN;ADJD;antreten;17;NZZ_1993_12_17_a55_seg1_s4;14;Full|3|Sg|Pres|Ind;Gross ( sp., Zürich ) wundert sich, weshalb Frau Spoerry so vehement gegen Jux-Listen antritt .;prozess;agensorientiert;done;anim;;frei;+;nd;+;nd;+;nd;nd;nd;nd;nd;nd;nd;nd;nd;nd;nd;nd;nd;nd;nd;nd;nd
125;VVPP;ADJD;zurückweisen;20;NZZ_1994_11_25_a109_seg7_s16;19;Full|Psp;Statt dessen erarbeitete die grossrätliche Appio-Kommission ein alternatives « Gemeindemodell », das jedoch von der Regierung ebenso vehement zurückgewiesen wurde und nun in der parlamentarischen Endausmarchung deutlich durchfiel .;prozess;agensorientiert;done;anim_like;;frei;+;nd;+;nd;+;nd;nd;nd;nd;nd;nd;nd;nd;nd;nd;nd;nd;nd;nd;nd;nd;nd
126;VVPP;ADJD;bestreiten;26;NZZ_1999_12_18_a52_seg3_s19;25;Full|Psp;Deutschland hat jedoch im Jahre 1999 drei CIA-Agenten wegen angeblicher Wirtschaftsspionage zum Verlassen des Landes veranlasst, ein Vorwurf, der von Washington jedoch vehement bestritten wurde .;prozess;agensorientiert;done;anim_like;;frei;+;nd;+;nd;+;nd;nd;nd;nd;nd;nd;nd;nd;nd;nd;nd;nd;nd;nd;nd;nd;nd
127;VVFIN;ADJD;distanzieren;2;NZZ_1996_01_10_a159_seg6_s15;5;Full|3|Sg|Pres|Ind;Meister distanziert sich zwar vehement vom Etikett, ein « Kandidat » für das SRB-Präsidium zu sein .;prozess;agensorientiert;done;anim;;frei;+;nd;+;nd;+;nd;nd;nd;nd;nd;nd;nd;nd;nd;nd;nd;nd;nd;nd;nd;nd;nd
128;VVFIN;ADJD;wehren;5;NZZ_1996_01_30_a174_seg10_s2;8;Full|3|Pl|Past|Ind;Die « Alten » wehrten sich immer vehement gegen Vereinnahmung, egal von welcher Verbandsseite .;prozess;agensorientiert;done;anim;;frei;+;nd;+;nd;+;nd;nd;nd;nd;nd;nd;nd;nd;nd;nd;nd;nd;nd;nd;nd;nd;nd
129;VVPP;ADJD;ablehnen;27;NZZ_1998_06_29_a42_seg17_s13;26;Full|Psp;Ja die Annäherung an Europa hat eine geradezu unglaubliche Anhänglichkeit ausgerechnet jener Konservativen gegenüber diesem Bundesstaat zutage treten lassen, deren Vorfahren denselben Bundesstaat noch vehement abgelehnt hatten .;prozess;agensorientiert;done;anim;;frei;+;nd;+;nd;+;nd;nd;nd;nd;nd;nd;nd;nd;nd;nd;nd;nd;nd;nd;nd;nd;nd
130;VVPP;ADJD;debattieren;6;NZZ_1997_03_25_a146_seg3_s3;5;Full|Psp;Es wurde denn auch vehement debattiert, was das Veranstalterkollektiv durch die provokative Programmierung auch angestrebt hatte .;prozess;agensorientiert;done;unknown;;frei;+;nd;+;nd;+;nd;nd;nd;nd;nd;nd;nd;nd;nd;nd;nd;nd;nd;nd;nd;nd;nd
131;VVFIN;ADJD;winken;3;NZZ_1996_02_21_a188_seg6_s16;6;Full|3|Sg|Pres|Ind;Doch hier winkt Joseph Meiner vehement ab .;prozess;agensorientiert;done;anim;;frei;+;nd;+;nd;+;nd;nd;nd;nd;nd;nd;nd;nd;nd;nd;nd;nd;nd;nd;nd;nd;nd
132;VVFIN;ADJD;protestieren;24;NZZ_1999_08_11_a3_seg5_s24;11;Full|3|Pl|Past|Ind;Vor drei Jahren waren es die Palästinenser gewesen, die vehement gegen die Öffnung eines Tunnels durch die Israeli in der Via Dolorosa protestierten .;prozess;agensorientiert;done;anim;;frei;+;nd;+;nd;+;nd;nd;nd;nd;nd;nd;nd;nd;nd;nd;nd;nd;nd;nd;nd;nd;nd
133;VVPP;ADJD;attackieren;13;NZZ_1995_10_17_a107_seg7_s12;12;Full|Psp;Vielleicht werden die Achtundsechziger deshalb heute von den nachfolgenden Jugendgenerationen so vehement attackiert : weil man weiss, dass die Früchte, die man erntet, nur Fallobst vom Baum der Geschichte sind, der mit jeder Generation neu gepflanzt werden muss .;prozess;agensorientiert;done;anim;;frei;+;nd;+;nd;+;nd;nd;nd;nd;nd;nd;nd;nd;nd;nd;nd;nd;nd;nd;nd;nd;nd
134;VVFIN;ADJD;setzen;7;NZZ_1998_11_14_a189_seg3_s8;9;Full|3|Sg|Past|Ind;ZPG-Präsident Kurt Fenner ( Dübendorf ) setzte sich vehement für die Planungspositionen ein .;prozess;agensorientiert;done;anim;;frei;+;nd;+;nd;+;nd;nd;nd;nd;nd;nd;nd;nd;nd;nd;nd;nd;nd;nd;nd;nd;nd
135;VVPP;ADJD;bestreiten;35;NZZ_1997_05_10_a22_seg5_s6;34;Full|Psp;Dahlan hat laut den Israeli die Behauptung in Umlauf gesetzt, dass zwei versuchte Selbstmordattentate im Gazastreifen vor zwei Monaten als Provokationsakt vom israelischen Geheimdienst angezettelt worden seien, was von den Israeli vehement bestritten und als Affront betrachtet wird .;prozess;agensorientiert;done;anim;;frei;+;nd;+;nd;+;nd;nd;nd;nd;nd;nd;nd;nd;nd;nd;nd;nd;nd;nd;nd;nd;nd
136;VVFIN;ADJD;steigen;2;NZZ_1996_06_14_a148_seg8_s11;4;Full|3|Pl|Pres|Ind;Sie steigen weniger vehement in eine Berufskarriere ein, weil irgendwo im Hinterkopf der Gedanke an eine Familie ist und das Wissen, dass sie die Berufstätigkeit dann aufgeben oder reduzieren müssen .;prozess;agensorientiert;done;anim;;frei;+;nd;+;nd;+;nd;nd;nd;nd;nd;nd;nd;nd;nd;nd;nd;nd;nd;nd;nd;nd;nd
137;VVPP;ADJD;einsetzen;23;NZZ_1996_10_26_a212_seg7_s7;19;Full|Psp;Vor wenigen Monaten hat der Präsident der DFG, der Germanist Wolfgang Frühwald, sich in der Presse vehement für dieses Konzept eingesetzt .;prozess;agensorientiert;done;anim;;frei;+;nd;+;nd;+;nd;nd;nd;nd;nd;nd;nd;nd;nd;nd;nd;nd;nd;nd;nd;nd;nd
138;VVFIN;ADJD;drängen;2;NZZ_1993_12_13_a62_seg5_s7;4;Full|3|Sg|Past|Ind;Nun drängte es vehement Luzern in die Defensive, doch ausser dem Anschlusstor Romanos ( 64 . );prozess;agensorientiert;done;anim_like;unvollständig;frei;+;nd;+;nd;+;nd;nd;nd;nd;nd;nd;nd;nd;nd;nd;nd;nd;nd;nd;nd;nd;nd
139;VVFIN;ADJD;lehnen;6;NZZ_1995_02_22_a17_seg3_s2;11;Full|3|Pl|Pres|Ind;Die beiden grossen unionistischen Parteien lehnen das gemeinsame anglo-irische Papier vehement ab und haben Gegenvorschläge präsentiert .;prozess;agensorientiert;done;anim_like;;frei;+;nd;+;nd;+;nd;nd;nd;nd;nd;nd;nd;nd;nd;nd;nd;nd;nd;nd;nd;nd;nd
140;VVPP;ADJD;verteidigen;18;NZZ_1998_01_26_a71_seg7_s18;17;Full|Psp;Und ausserdem wird dieses Paket - anders als früher - von der britischen Präsidentschaft und Kinnock vehement verteidigt werden .;prozess;agensorientiert;done;clash of coordination;anim+anim_like;frei;+;nd;+;nd;+;nd;nd;nd;nd;nd;nd;nd;nd;nd;nd;nd;nd;nd;nd;nd;nd;nd
141;VVFIN;ADJD;reagieren;21;NZZ_1998_08_18_a42_seg14_s9;20;Full|-2;Sie handeln ebenso verantwortungslos wie jene, die den Wandel überschätzen und auf das mit ihm verbundene Risiko zu vehement reagieren . »;prozess;agensorientiert;done;anim;;frei;+;nd;+;nd;+;nd;nd;nd;nd;nd;nd;nd;nd;nd;nd;nd;nd;nd;nd;nd;nd;nd
142;VVFIN;ADJD;distanzieren;3;NZZ_1997_06_20_a75_seg6_s1;7;Full|3|Sg|Past|Ind;Darüber hinaus distanzierte er sich auch vehement von dem von den Regierungen Balladur und Juppé in die Wege geleiteten Privatisierungsprogramm - ohne allerdings bereits explizit dessen Ende zu verkünden .;prozess;agensorientiert;done;anim;;frei;+;nd;+;nd;+;nd;nd;nd;nd;nd;nd;nd;nd;nd;nd;nd;nd;nd;nd;nd;nd;nd
143;VVFIN;ADJD;widersprechen;9;NZZ_1997_08_16_a24_seg5_s18;8;Full|3|Sg|Past|Ind;Ein Vorwurf, dem Nationalrat Peter Tschopp vehement widersprach .;prozess;agensorientiert;done;anim;;frei;+;nd;+;nd;+;nd;nd;nd;nd;nd;nd;nd;nd;nd;nd;nd;nd;nd;nd;nd;nd;nd
144;VVINF;ADJD;befürworten;14;NZZ_1996_09_20_a192_seg3_s30;12;Full|-2;Allein, aus einer altruistischen Optik ist der Start von Mattawan vehement zu befürworten .;prozess;agensorientiert;done;anim_like;syntaktisch ambig;frei;+;nd;+;nd;+;nd;nd;nd;nd;nd;nd;nd;nd;nd;nd;nd;nd;nd;nd;nd;nd;nd
145;VVFIN;ADJD;anstreben;6;NZZ_1998_09_08_a180_seg3_s16;2;Full|3|Sg|Past|Ind;Wie vehement Jalabert die Gesamtführung anstrebte, verdeutlichte die Aussage Zbergs : « Beim ersten Bergpreis nach etwa 110 km wurde ich von einem Sturz überrascht, der von einem Zuschauer verursacht wurde .;prozess;agensorientiert;done;anim;;frei;+;nd;+;nd;+;nd;nd;nd;nd;nd;nd;nd;nd;nd;nd;nd;nd;nd;nd;nd;nd;nd
146;VVFIN;ADJD;streben;2;NZZ_1994_04_15_a157_seg6_s14;4;Full|3|Pl|Past|Ind;Sie strebten es vehement an - mit Klinsmann als einziger Sturmspitze .;prozess;agensorientiert;done;anim;;frei;+;nd;+;nd;+;nd;nd;nd;nd;nd;nd;nd;nd;nd;nd;nd;nd;nd;nd;nd;nd;nd
147;VVPP;ADJD;wehren;19;NZZ_1996_06_07_a38_seg8_s6;14;Full|Psp;In einer ersten Konsultation interessierter Kreise durch den Bundesrat haben sich die Arbeitgeber vehement gegen weitere gesetzliche Massnahmen gewehrt .;prozess;agensorientiert;done;anim;;frei;+;nd;+;nd;+;nd;nd;nd;nd;nd;nd;nd;nd;nd;nd;nd;nd;nd;nd;nd;nd;nd
148;VVFIN;ADJD;wehren;16;NZZ_1996_02_20_a29_seg3_s1;18;Full|3|Sg|Pres|Ind;Der Computerunternehmer Gustav Furrer, dem im Zuge der Affäre Nyffenegger Bestechung vorgeworfen wird, wehrt sich vehement gegen das Vorgehen von Bundesanwältin Carla del Ponte .;prozess;agensorientiert;done;anim;;frei;+;nd;+;nd;+;nd;nd;nd;nd;nd;nd;nd;nd;nd;nd;nd;nd;nd;nd;nd;nd;nd
149;VVPP;ADJD;setzen;29;NZZ_1999_02_12_a67_seg5_s10;20;Full|Psp;Auch diese Übung wurde noch vor ihrer Vollendung wieder abgebrochen, nicht zuletzt weil sich die Angehörigen der Opfer vehement gegen eine solche Art von Bestattung zur Wehr gesetzt hatten .;prozess;agensorientiert;done;anim;;frei;+;nd;+;nd;+;nd;nd;nd;nd;nd;nd;nd;nd;nd;nd;nd;nd;nd;nd;nd;nd;nd
150;VVFIN;ADJD;setzen;2;NZZ_1999_09_03_a75_seg8_s2;8;Full|3|Sg|Pres|Ind;Dabei setzt sich Moore allerdings schon heute vehement gegen die in Kreisen der WTO-Gegner weitverbreitete Meinung zu Wehr, die WTO und deren Regelwerk seien eine massgebliche Ursache für die auf der Welt anzutreffenden wirtschaftlichen Übel und Ungerechtigkeiten .;prozess;agensorientiert;done;anim;;frei;+;nd;+;nd;+;nd;nd;nd;nd;nd;nd;nd;nd;nd;nd;nd;nd;nd;nd;nd;nd;nd
151;VVFIN;ADJD;lehnen;4;NZZ_1999_05_18_a13_seg8_s4;6;Full|3|Pl|Pres|Ind;CDU und CSU lehnen ebenso vehement eine Ausdehnung des bisher geringen Bundeswehr-Engagements ab, obwohl sie in den letzten Jahren mit zäher Beharrlichkeit die Voraussetzungen für Out-of-area-Einsätze deutscher Truppen geschaffen haben .;prozess;agensorientiert;done;anim_like;;frei;+;nd;+;nd;+;nd;nd;nd;nd;nd;nd;nd;nd;nd;nd;nd;nd;nd;nd;nd;nd;nd
152;VVFIN;ADJD;wehren;14;NZZ_1998_10_29_a46_seg10_s9;19;Full|3|Pl|Past|Ind;Einzelne Ratsmitglieder aus den Reihen der FDP, der SVP und der Ökoliberalen wehrten sich aus ordnungspolitischen Gründen vehement gegen solche Elemente einer « staatlich gelenkten » oder - in Anspielung auf einen aktuellen Fall - einer « Leukerbadisierung » der Wirtschaft .;prozess;agensorientiert;done;anim;;frei;+;nd;+;nd;+;nd;nd;nd;nd;nd;nd;nd;nd;nd;nd;nd;nd;nd;nd;nd;nd;nd
153;VVFIN;ADJD;werben;32;NZZ_1998_11_02_a27_seg6_s8;24;Full|3|Sg|Past|Ind;"Indiz dieser neuen Konstellation ist auch der Umstand, dass der Generalsekretär von Rafsanjanis Partei der Dienstleistenden ( Kargozaran ), Karbasji, vehement für die Teilnahme an den gezinkten Expertenwahlen warb, während das Präsidium eher die Abstinenz predigte ; vor seiner Absetzung als Bürgermeister Teherans hatte er noch nach Kräften Khatamis Wahl zum Staatsoberhaupt betrieben .";prozess;agensorientiert;done;anim;;frei;+;nd;+;nd;+;nd;nd;nd;nd;nd;nd;nd;nd;nd;nd;nd;nd;nd;nd;nd;nd;nd
154;VVPP;ADJD;ablehnen;13;NZZ_1997_11_07_a213_seg2_s1;12;Full|Psp;Beim CDU-Jungmitgliedertag in Magdeburg hat der deutsche Bundeskanzler Kohl die Doppelbürgerschaft vehement abgelehnt - mit der Begründung, dadurch werde die Zahl der in Deutschland lebenden zwei Millionen Türken um bis zu vier Millionen zunehmen .;prozess;agensorientiert;done;anim;;frei;+;nd;+;nd;+;nd;nd;nd;nd;nd;nd;nd;nd;nd;nd;nd;nd;nd;nd;nd;nd;nd
155;VVFIN;ADJD;wehren;27;NZZ_1998_01_17_a43_seg7_s1;22;Full|3|Sg|Past|Ind;Die Automobilbranche hat auch im Umweltbereich den Primat des Handelns an sich gerissen - vorbei die Zeiten, als man sich vehement gegen Abgas- und Lärmvorschriften wehrte .;prozess;agensorientiert;done;anim;;frei;+;nd;+;nd;+;nd;nd;nd;nd;nd;nd;nd;nd;nd;nd;nd;nd;nd;nd;nd;nd;nd
156;VVPP;ADJD;protestieren;21;NZZ_1993_02_26_a213_seg3_s2;15;Full|Psp;Die EG handelte auf Antrag Frankreichs, wo aufgebrachte Fischer in den letzten Tagen vehement gegen die Einfuhr billigen Fischs protestiert hatten .;prozess;agensorientiert;done;anim;;frei;+;nd;+;nd;+;nd;nd;nd;nd;nd;nd;nd;nd;nd;nd;nd;nd;nd;nd;nd;nd;nd
157;VVFIN;ADJD;widersprechen;31;NZZ_1995_04_11_a67_seg16_s1;34;Full|3|Sg|Pres|Ind;Einwänden von Kritikern, die Daten seien noch zu schwach, um die Bodenverschlechterung als gefährlich einzustufen, die knappen Entwicklungsgelder sollten deshalb auch nicht zur Erosionsbekämpfung ausgegeben werden, widerspricht der Bericht vehement .;prozess;rein;done;inanim;;frei;+;nd;+;+;nd;nd;nd;nd;nd;nd;nd;nd;nd;nd;nd;nd;nd;nd;nd;nd;nd;nd
158;VVPP;ADJD;bestreiten;12;NZZ_1999_09_04_a14_seg4_s1;11;Full|Psp;Der Chef der Tessiner Baufirma Mabetex, Pacolli, hat vehement bestritten, in die russische Schmiergeldaffäre verwickelt zu sein .;prozess;agensorientiert;done;anim;;frei;+;nd;+;nd;+;nd;nd;nd;nd;nd;nd;nd;nd;nd;nd;nd;nd;nd;nd;nd;nd;nd
159;VVPP;ADJD;behaupten;26;NZZ_1998_03_23_a162_seg4_s6;25;Full|Psp;Der Gastklub gewann - wohl nicht zuletzt auf Grund dieser Vorkommnisse - 2 : 1, und was zuvor der Verein vom Letzigrund so vehement behauptet hatte, nämlich von den Schiedsrichtern nach Strich und Faden benachteiligt zu werden, war nun zum Tenor der Lausanner geworden .;prozess;agensorientiert;done;anim_like;;frei;+;nd;+;nd;+;nd;nd;nd;nd;nd;nd;nd;nd;nd;nd;nd;nd;nd;nd;nd;nd;nd
160;VVPP;ADJD;ablehnen;36;NZZ_1995_03_31_a11_seg5_s14;35;Full|Psp;Bisher hat sich die Türkei stets geweigert, ihren Krieg gegen die Kurden im eignen Land als einen internen Konflikt gemäss internationalem Recht zu qualifizieren, und hat eine Präsenz von IKRK-Delegierten in Südostanatolien vehement abgelehnt .;prozess;agensorientiert;done;anim_like;;frei;+;nd;+;nd;+;nd;nd;nd;nd;nd;nd;nd;nd;nd;nd;nd;nd;nd;nd;nd;nd;nd
161;VVFIN;ADJD;reden;11;NZZ_1998_11_19_a179_seg3_s14;12;Full|3|Sg|Past|Ind;Kantonsrat Jeker bezweifelte einen Zusammenhang zwischen Steuerbelastung und Arbeitsplätzen und redete vehement einer Verbesserung der Infrastruktur als Mittel zur Hebung der Standortgunst das Wort : Vollendung des Autobahnnetzes im Oberland, Inangriffnahme der 5 .;nd;nd;not of interest;;sd;;nd;nd;nd;nd;nd;nd;nd;nd;nd;nd;nd;nd;nd;nd;nd;nd;nd;nd;nd;nd;nd;nd
162;VVFIN;ADJD;treten;3;NZZ_1996_04_15_a102_seg5_s5;6;Full|3|Sg|Pres|Ind;Der Bankexperte tritt seit Jahren vehement für die Interessen der Kleinaktionäre ein, auch an der SBG-Generalversammlung .;prozess;agensorientiert;done;anim;;frei;+;nd;+;nd;+;nd;nd;nd;nd;nd;nd;nd;nd;nd;nd;nd;nd;nd;nd;nd;nd;nd
163;VVFIN;ADJD;widersprechen;21;NZZ_1994_01_26_a199_seg13_s1;20;Full|3|Sg|Past|Ind;Schon um die Mitte des 19. Jahrhunderts hatte sich eine Gegenposition abgezeichnet, die der Furcht der technikfeindlichen Skeptiker vehement widersprach und im Fin de siècle voll zum Tragen kam .;prozess;rein;done;inanim;;frei;+;nd;+;+;nd;nd;nd;nd;nd;nd;nd;nd;nd;nd;nd;nd;nd;nd;nd;nd;nd;nd
164;VVFIN;ADJD;lehnen;3;NZZ_1998_07_02_a28_seg15_s2;6;Full|3|Pl|Pres|Ind;Andere allerdings lehnen solche Ideen vehement ab, denn ihrer Meinung nach beginnt die Vergangenheitsbewältigung und damit auch die Versöhnung in den Schulen .;prozess;agensorientiert;done;anim;;frei;+;nd;+;nd;+;nd;nd;nd;nd;nd;nd;nd;nd;nd;nd;nd;nd;nd;nd;nd;nd;nd
165;VVFIN;ADJD;jagen;25;NZZ_1996_04_20_a204_seg2_s22;21;Full|3|Sg|Past|Ind;In das Rennen um die beste Zeit konnte der ebenfalls fehlerlose Calvaro nicht eingreifen, auch wenn Melliger den Schimmel vehement durch den Parcours jagte .;prozess;agensorientiert;done;anim;;frei;+;nd;+;nd;+;nd;nd;nd;nd;nd;nd;nd;nd;nd;nd;nd;nd;nd;nd;nd;nd;nd
166;VVFIN;ADJD;engagieren;7;NZZ_1996_07_30_a58_seg3_s9;10;Full|3|Sg|Past|Ind;( Der Ceap-Präsident Ivanir dos Santos engagierte sich auch vehement für jenen 24jährigen Schwarzen Wagner dos Santos, der das Strassenkindermassaker an der Candelaria-Kathedrale Rios von 1993 schwer verwundet überlebte und nach monatelanger Verfolgung durch Militärpolizisten schliesslich Schutz und Asyl in Zürich fand . );prozess;agensorientiert;done;anim;;frei;+;nd;+;nd;+;nd;nd;nd;nd;nd;nd;nd;nd;nd;nd;nd;nd;nd;nd;nd;nd;nd
167;VVFIN;ADJD;angreifen;42;NZZ_1993_12_29_a18_seg6_s9;41;Full|3|Pl|Past|Ind;Jelzin ist aber immerhin zugute zu halten, dass er kurz nach der Oktoberrevolte seinen ersten Reflex - er führte kurz die Zensur ein und verbot zeitweise 13 oppositionelle Blätter - überwand und die Zeitungen, auch wenn sie ihn vehement angriffen, weitgehend gewähren liess .;prozess;agensorientiert;done;anim_like;;frei;+;nd;+;nd;+;nd;nd;nd;nd;nd;nd;nd;nd;nd;nd;nd;nd;nd;nd;nd;nd;nd
168;VVPP;ADJD;aussprechen;13;NZZ_1997_12_18_a27_seg6_s11;9;Full|Psp;Infrastrukturminister Sharon hatte sich in der nächtlichen Sitzung vehement gegen eine Landkarte ausgesprochen, die Verteidigungsminister Mordechai dem Kabinett vorlegte und die etwas weniger Gebiete als Sicherheitsstreifen bei Israel belassen würde, als er selber vorschlug .;prozess;agensorientiert;done;anim;;frei;+;nd;+;nd;+;nd;nd;nd;nd;nd;nd;nd;nd;nd;nd;nd;nd;nd;nd;nd;nd;nd
169;VVFIN;ADJD;weisen;11;NZZ_1994_03_01_a21_seg6_s13;14;Full|3|Sg|Pres|Ind;In der Moldau kolportierte Berichte über Behinderungen durch die Behörden weist Frau Efimowa vehement als « Lügen » zurück .;prozess;agensorientiert;done;anim;;frei;+;nd;+;nd;+;nd;nd;nd;nd;nd;nd;nd;nd;nd;nd;nd;nd;nd;nd;nd;nd;nd
170;VVPP;ADJD;angreifen;25;NZZ_1993_08_12_a1_seg4_s1;24;Full|Psp;Am Mittwoch hat die Pekinger « Volkszeitung », das Sprachrohr der chinesischen KP, zum zweitenmal in vier Tagen die amerikanische Regierung vehement angegriffen und des Hegemoniestrebens bezichtigt .;prozess;agensorientiert;done;anim_like;;frei;+;nd;+;nd;+;nd;nd;nd;nd;nd;nd;nd;nd;nd;nd;nd;nd;nd;nd;nd;nd;nd
171;VVFIN;ADJD;stemmen;21;NZZ_1994_01_06_a137_seg5_s2;14;Full|3|Pl|Pres|Ind;Von den drei Vereinen Davos, Zürcher SC und Biel, die sich vehement gegen eine Position unterhalb des Klassierungsstrichs stemmen, haben zwei während der Festtage neues Führungspersonal verpflichtet : Der ZSC den Schweden Lars-Erik Lundström als Co-Trainer neben Ueli Hofmann und Biel den Tschechen Jiri Kochta ( anstelle Jakob Köllikers ) .;prozess;agensorientiert;done;anim_like;;frei;+;nd;+;nd;+;nd;nd;nd;nd;nd;nd;nd;nd;nd;nd;nd;nd;nd;nd;nd;nd;nd
172;VVFIN;ADJD;wehren;7;NZZ_1997_04_17_a163_seg26_s4;9;Full|3|Sg|Pres|Ind;Gewerkschaftsvertreter Heinz Jacobi ( sp. ) wehrt sich vehement gegen eine Kürzung der Zulagen .;prozess;agensorientiert;done;anim;;frei;+;nd;+;nd;+;nd;nd;nd;nd;nd;nd;nd;nd;nd;nd;nd;nd;nd;nd;nd;nd;nd
173;VVFIN;ADJD;reagieren;6;NZZ_1998_02_19_a38_seg4_s6;8;Full|3|Sg|Past|Ind;Vor allem auf letzteren Vorwurf reagierte Frey vehement und mit dem Hinweis auf seine seinerzeitige Unterstützung des EWR .;prozess;agensorientiert;done;anim;;frei;+;nd;+;nd;+;nd;nd;nd;nd;nd;nd;nd;nd;nd;nd;nd;nd;nd;nd;nd;nd;nd
174;VVPP;ADJD;durchsetzen;10;NZZ_1994_01_27_a199_seg6_s11;9;Full|Psp;Die Position der Erwachsenen soll jedoch nicht zu vehement durchgesetzt werden, da die Knaben sonst den Freiraum verlieren, wo sie ihren Aufstand in Sicherheit proben können .;prozess;agensorientiert;done;anim;;frei;+;nd;+;nd;+;nd;nd;nd;nd;nd;nd;nd;nd;nd;nd;nd;nd;nd;nd;nd;nd;nd
175;VVFIN;ADJD;wehren;8;NZZ_1997_06_19_a54_seg41_s1;10;Full|3|Sg|Pres|Ind;Flavio Maspoli ( lega, Tessin ) wehrt sich vehement gegen die ATA, die Warentransporte aus dem Tessin massiv belasten und somit die Südschweiz erneut diskriminieren würde .;prozess;agensorientiert;done;anim;;frei;+;nd;+;nd;+;nd;nd;nd;nd;nd;nd;nd;nd;nd;nd;nd;nd;nd;nd;nd;nd;nd
176;VVFIN;ADJD;wehren;38;NZZ_1998_04_20_a86_seg4_s9;34;Full|3|Pl|Past|Ind;Von der bewusst unkonventionellen Konzeption der « Villa dall ' Ava », einer Auftragsarbeit aus den achtziger Jahren, zeugt nicht zuletzt die Tatsache, dass sich die Besitzer der umliegenden Villen vehement gegen ihre Errichtung wehrten .;prozess;agensorientiert;done;anim;;frei;+;nd;+;nd;+;nd;nd;nd;nd;nd;nd;nd;nd;nd;nd;nd;nd;nd;nd;nd;nd;nd
177;VVFIN;ADJD;wehren;13;NZZ_1999_12_14_a168_seg3_s7;20;Full|3|Pl|Past|Ind;Ein Gebäude an der Langstrasse hatte die Stadt bereits gemietet, doch wehrten sich die Anwohner wegen der Lage vehement dagegen .;prozess;agensorientiert;done;anim;;frei;+;nd;+;nd;+;nd;nd;nd;nd;nd;nd;nd;nd;nd;nd;nd;nd;nd;nd;nd;nd;nd
178;VVPP;ADJD;aussprechen;31;NZZ_1999_01_04_a17_seg3_s1;25;Full|Psp;ber. Kairo, 3. Januar In einem grossaufgemachten Interview in der halbamtlichen Tageszeitung « Al-Ahram » hat der ägyptische Präsident Mubarak sich am Freitag vehement gegen die Politik Saddam Husseins ausgesprochen .;prozess;agensorientiert;done;anim;;frei;+;nd;+;nd;+;nd;nd;nd;nd;nd;nd;nd;nd;nd;nd;nd;nd;nd;nd;nd;nd;nd
179;VVFIN;ADJD;setzen;3;NZZ_1996_11_26_a73_seg12_s4;8;Full|3|Sg|Pres|Ind;Das ILO setzt sich mit anderen Worten vehement dafür ein, dass sich nicht nur die Wirtschaft mit Effizienzsteigerungen dem Wettbewerb stellt und Wachstum erzeugt, sondern dass auch allfällige Massnahmen der Beschäftigungspolitik nach einschlägigen Kosten-Nutzen-Kriterien ausgewählt werden .;prozess;agensorientiert;done;anim_like;;frei;+;nd;+;nd;+;nd;nd;nd;nd;nd;nd;nd;nd;nd;nd;nd;nd;nd;nd;nd;nd;nd
180;VVPP;ADJD;werben;8;NZZ_1998_05_18_a19_seg3_s4;4;Full|Psp;Die Parteispitze hatte vehement für das Modell geworben .;prozess;agensorientiert;done;anim;;frei;+;nd;+;nd;+;nd;nd;nd;nd;nd;nd;nd;nd;nd;nd;nd;nd;nd;nd;nd;nd;nd
181;VVFIN;ADJD;wehren;5;NZZ_1998_03_02_a94_seg3_s15;11;Full|3|Sg|Pres|Ind;50mal erfolgreich operiert, wehrt sie sich auch innerlich weiter vehement gegen das Sterben .;prozess;agensorientiert;done;anim;;frei;+;nd;+;nd;+;nd;nd;nd;nd;nd;nd;nd;nd;nd;nd;nd;nd;nd;nd;nd;nd;nd
182;VVFIN;ADJD;setzen;2;NZZ_1995_05_23_a157_seg8_s3;5;Full|1|Sg|Past|Ind;Ich setzte mich sogar vehement dafür ein, dass das von der Verfassung garantierte Recht auf freie Meinungsäusserung ( « free speech » ) auf Internet gewahrt bleibt und die dort vorhandene Kreativität nicht durch irgendwelche Verbote oder exorbitante Benutzergebühren abgebaut wird .;prozess;agensorientiert;done;anim;;frei;+;nd;+;nd;+;nd;nd;nd;nd;nd;nd;nd;nd;nd;nd;nd;nd;nd;nd;nd;nd;nd
183;VVFIN;ADJD;weisen;3;NZZ_1995_10_26_a5_seg7_s3;6;Full|3|Pl|Pres|Ind;Die PTT weisen die Vorwürfe vehement zurück .;prozess;agensorientiert;done;anim_like;;frei;+;nd;+;nd;+;nd;nd;nd;nd;nd;nd;nd;nd;nd;nd;nd;nd;nd;nd;nd;nd;nd
184;VVFIN;ADJD;treten;6;NZZ_1997_03_19_a28_seg5_s1;11;Full|3|Sg|Past|Ind;Aus der Sicht des Unternehmers trat Nationalrat Christoph Blocher interessanterweise vehement dafür ein, dass die Armee sich auf ihre eigentlichen Führungsstärken und Führungseigenheiten, ohne jedwede Anpasserei an den zivilen Führungsstil, besinnen müsse .;prozess;agensorientiert;done;anim;;frei;+;nd;+;nd;+;nd;nd;nd;nd;nd;nd;nd;nd;nd;nd;nd;nd;nd;nd;nd;nd;nd
185;VVFIN;ADJD;einsetzen;14;NZZ_1998_10_07_a24_seg6_s18;11;Full|3|Sg|Pres|Ind;John Conyers, Mitglied des Black Caucus, der sich vehement für Clinton einsetzt, heute rangältestes Mitglied der demokratischen Minderheit in der Justizkommission, der das Belastungsmaterial des unabhängigen Sonderanwalts Kenneth W. Starr vorliegt, hatte am 9 .;prozess;agensorientiert;done;anim;unvollständig;frei;+;nd;+;nd;+;nd;nd;nd;nd;nd;nd;nd;nd;nd;nd;nd;nd;nd;nd;nd;nd;nd
186;VVFIN;ADJD;setzen;10;NZZ_1999_03_12_a175_seg3_s1;12;Full|3|Sg|Pres|Ind;Die Bündner SVP-Nationalrätin vertritt offen ihre eigene Meinung und setzt sich vehement ein für ihre Anliegen : Brigitta Gadient, 39 Jahre alt, Juristin und begeisterte Leserin - nicht nur von Aktenbergen .;prozess;agensorientiert;done;anim;;frei;+;nd;+;nd;+;nd;nd;nd;nd;nd;nd;nd;nd;nd;nd;nd;nd;nd;nd;nd;nd;nd
187;VVPP;ADJD;leisten;21;NZZ_1998_04_16_a12_seg3_s4;19;Full|Psp;Seitens der auf russischer Seite direkt betroffenen Provinz Sachalin wird demgegenüber betont, einer Revision der Grenzziehung werde vehement Widerstand geleistet werden .;prozess;agensorientiert;done;unknown;;frei;+;nd;+;nd;+;nd;nd;nd;nd;nd;nd;nd;nd;nd;nd;nd;nd;nd;nd;nd;nd;nd
188;VVFIN;ADJD;einsetzen;44;NZZ_1993_08_02_a62_seg3_s3;40;Full|3|Sg|Past|Ind;Nachdem sich Dublin als Kandidat kurzfristig zurückgezogen hatte und die Vertreter von Hickstead sowie Rom gar nicht erschienen waren, stiegen die Schweizer « Aktien » nicht zuletzt auch noch durch ein Votum von David Broome, der sich vehement für St. Gallen einsetzte .;prozess;agensorientiert;done;anim;;frei;+;nd;+;nd;+;nd;nd;nd;nd;nd;nd;nd;nd;nd;nd;nd;nd;nd;nd;nd;nd;nd
189;VVFIN;ADJD;lehnen;3;NZZ_1996_06_15_a177_seg6_s12;7;Full|3|Pl|Pres|Ind;"Zürichs Revolutionäre lehnen alle anderen Organisationen vehement ab ; « wer also einen reformistischen Weg einschlägt », findet sich « im Gegensatz » zum Ziel des RAZ : dem « systematischen Aufbau proletarischer Gegenmacht in den imperialistischen Metropolen » .";prozess;agensorientiert;done;anim;;frei;+;nd;+;nd;+;nd;nd;nd;nd;nd;nd;nd;nd;nd;nd;nd;nd;nd;nd;nd;nd;nd
190;VVFIN;ADJD;setzen;4;NZZ_1999_06_17_a26_seg3_s6;7;Full|3|Pl|Past|Ind;Insbesondere Séguins Anhänger setzten sich indes vehement gegen den Plan eines solchen Verstosses gegen die Parteisatzung zur Wehr .;prozess;agensorientiert;done;anim;;frei;+;nd;+;nd;+;nd;nd;nd;nd;nd;nd;nd;nd;nd;nd;nd;nd;nd;nd;nd;nd;nd
191;VVPP;ADJD;insistieren;18;NZZ_1994_12_15_a147_seg11_s2;17;Full|Psp;Nun wurde auch im Mittelfeld, zuvor - gezwungenermassen - fast den Schweizern kampflos preisgegeben, vehement insistiert .;prozess;agensorientiert;done;unknown;;frei;+;nd;+;nd;+;nd;nd;nd;nd;nd;nd;nd;nd;nd;nd;nd;nd;nd;nd;nd;nd;nd
192;VVFIN;ADJD;weisen;15;NZZ_1995_09_28_a131_seg3_s27;24;Full|3|Pl|Pres|Ind;Obwohl die Gruppe AC/DC von Kritikern konsequent immer wieder dem Heavy-Metal zugeordnet wird, weisen Angus Young und Brian Johnson eine derartige Klassifizierung vehement zurück .;prozess;agensorientiert;done;anim;;frei;+;nd;+;nd;+;nd;nd;nd;nd;nd;nd;nd;nd;nd;nd;nd;nd;nd;nd;nd;nd;nd
193;VVPP;ADJD;stellen;32;NZZ_1999_11_25_a194_seg9_s7;28;Full|Psp;Gemäss den Ausführungen des Verteidigers gehe es Rozsa wahrscheinlich nicht um seinen Ruf, sondern vielmehr darum, sich an dem Mann zu rächen, der sich vehement gegen seine Einbürgerung gestellt habe .;prozess;agensorientiert;done;anim;;frei;+;nd;+;nd;+;nd;nd;nd;nd;nd;nd;nd;nd;nd;nd;nd;nd;nd;nd;nd;nd;nd
194;VVFIN;ADJD;verteidigen;2;NZZ_1997_05_16_a91_seg7_s7;5;Full|3|Sg|Past|Ind;Dürr verteidigte im übrigen vehement das nunmehr vom Aufsichtsrat abgesegnete Projekt Magnetschnellbahn Hamburg- Berlin ( Transrapid ) und betonte, der Bundesrechnungshof erkläre, die Risiken des jetzigen Kooperationsmodells seien angemessen verteilt .;prozess;agensorientiert;done;anim;;frei;+;nd;+;nd;+;nd;nd;nd;nd;nd;nd;nd;nd;nd;nd;nd;nd;nd;nd;nd;nd;nd
195;VVFIN;ADJD;verteidigen;9;NZZ_1999_04_13_a2_seg8_s5;10;Full|3|Sg|Past|Ind;Der Kanzler ging darauf nicht ein, sondern verteidigte vehement die Einsätze der deutschen Tornado-Jets .;prozess;agensorientiert;done;anim;;frei;+;nd;+;nd;+;nd;nd;nd;nd;nd;nd;nd;nd;nd;nd;nd;nd;nd;nd;nd;nd;nd
196;VVFIN;ADJD;gehen;7;NZZ_1997_05_02_a144_seg3_s3;10;Full|3|Sg|Past|Ind;Gegen die Teilnehmer der unbewilligten Nachdemonstration ging die Polizei vehement und taktisch geschickt vor .;prozess;agensorientiert;done;anim_like;;frei;+;nd;+;nd;+;nd;nd;nd;nd;nd;nd;nd;nd;nd;nd;nd;nd;nd;nd;nd;nd;nd
197;VVFIN;ADJD;lehnen;9;NZZ_1996_01_19_a89_seg10_s6;17;Full|3|Pl|Pres|Ind;Die Arbeitgeber stimmen solchen Dreisatzrechnungen nicht zu und lehnen zwingende Eingriffe in die Personalplanung der Betriebe vehement ab .;prozess;agensorientiert;done;anim;;frei;+;nd;+;nd;+;nd;nd;nd;nd;nd;nd;nd;nd;nd;nd;nd;nd;nd;nd;nd;nd;nd
198;VVPP;ADJD;wehren;8;NZZ_1995_03_14_a154_seg2_s8;7;Full|Psp;Dagegen hatte sich die Lehrerschaft zunächst vehement gewehrt .;prozess;agensorientiert;done;anim;;frei;+;nd;+;nd;+;nd;nd;nd;nd;nd;nd;nd;nd;nd;nd;nd;nd;nd;nd;nd;nd;nd
199;VVFIN;ADJD;lehnen;11;NZZ_1997_08_14_a18_seg19_s1;16;Full|3|Sg|Past|Ind;Als Mountbatten jedoch den indischen Politikern seinen Teilungsplan präsentierte, lehnte ihn Nehru noch einmal vehement ab .;prozess;agensorientiert;done;anim;;frei;+;nd;+;nd;+;nd;nd;nd;nd;nd;nd;nd;nd;nd;nd;nd;nd;nd;nd;nd;nd;nd
200;VVFIN;ADJD;sperren;3;NZZ_1997_02_06_a138_seg3_s17;5;Full|3|Sg|Past|Ind;Luise Rinser sperrte sich vehement dagegen, an das Böse an sich zu glauben .;prozess;agensorientiert;done;anim;;frei;+;nd;+;nd;+;nd;nd;nd;nd;nd;nd;nd;nd;nd;nd;nd;nd;nd;nd;nd;nd;nd
